customerId,totalAmount12m,salesGrowthPct,revenue_2025_07,revenue_2025_08,revenue_2025_09,revenue_2025_10,revenue_2025_11,revenue_2025_12,revenue_2026_01,revenue_2026_02,revenue_2026_03,revenue_2026_04,revenue_2026_05,revenue_2026_06
CUST00001,220000,-100.0,24000,32000,30000,26000,24000,22000,21000,24000,17000,0,0,0
CUST00002,570000,-30.9,43000,45000,54000,54000,61000,56000,44000,54000,54000,52000,53000,0
CUST00003,89000,0.0,16000,18000,20000,21000,14000,0,0,0,0,0,0,0
CUST00004,641000,-33.1,63000,65000,47000,69000,55000,50000,52000,58000,65000,48000,69000,0
CUST00005,3161000,9.7,207000,286000,227000,235000,239000,277000,232000,326000,248000,306000,258000,320000
CUST00006,0,0.0,0,0,0,0,0,0,0,0,0,0,0,0
CUST00007,71000,-100.0,12000,12000,11000,10000,6000,7000,7000,6000,0,0,0,0
CUST00008,22000,-100.0,3000,3000,3000,3000,2000,2000,2000,2000,2000,0,0,0
CUST00009,1885000,17.8,109000,118000,154000,138000,97000,156000,127000,193000,191000,178000,205000,219000
CUST00010,1748000,-17.7,136000,113000,135000,166000,138000,176000,139000,190000,156000,190000,209000,0
CUST00011,262000,18.9,27000,20000,30000,21000,23000,25000,22000,17000,14000,19000,19000,25000
CUST00012,90000,-66.7,14000,10000,10000,11000,10000,7000,7000,9000,5000,7000,0,0
CUST00013,399000,-58.7,33000,44000,34000,47000,32000,31000,37000,37000,52000,52000,0,0
CUST00014,65000,0.0,15000,14000,13000,14000,9000,0,0,0,0,0,0,0
CUST00015,813000,-27.6,75000,54000,50000,85000,79000,82000,67000,83000,75000,72000,91000,0
CUST00016,642000,-37.0,60000,61000,58000,59000,65000,57000,47000,68000,58000,61000,48000,0
CUST00017,1094000,-13.8,75000,107000,103000,91000,93000,87000,101000,94000,94000,70000,105000,74000
CUST00018,7929000,3.2,448000,576000,753000,663000,422000,604000,667000,759000,770000,585000,921000,761000
CUST00019,122000,-67.6,16000,11000,14000,11000,12000,13000,10000,11000,13000,11000,0,0
CUST00020,222000,-100.0,26000,24000,18000,29000,23000,28000,28000,21000,25000,0,0,0
CUST00021,65000,-70.6,9000,6000,7000,8000,7000,6000,6000,7000,4000,5000,0,0
CUST00022,289000,-100.0,33000,38000,29000,45000,26000,28000,30000,33000,27000,0,0,0
CUST00023,15000,-100.0,2000,2000,2000,2000,2000,2000,2000,1000,0,0,0,0
CUST00024,372000,-100.0,44000,41000,48000,36000,46000,41000,27000,39000,50000,0,0,0
CUST00025,5000,0.0,1000,1000,1000,1000,1000,0,0,0,0,0,0,0
CUST00026,1004000,-0.8,57000,93000,88000,78000,86000,86000,82000,92000,85000,81000,93000,83000
CUST00027,293000,-66.3,24000,35000,25000,25000,27000,30000,36000,32000,27000,32000,0,0
CUST00028,2865000,17.5,200000,173000,185000,249000,219000,208000,226000,286000,238000,252000,358000,271000
CUST00029,627000,-24.6,51000,50000,45000,73000,50000,58000,59000,53000,59000,55000,74000,0
CUST00030,549000,-51.0,39000,39000,48000,69000,57000,63000,53000,56000,48000,77000,0,0
CUST00031,12000,0.0,2000,2000,2000,2000,2000,2000,0,0,0,0,0,0
CUST00032,20000,-80.0,3000,2000,3000,2000,2000,2000,2000,1000,2000,1000,0,0
CUST00033,451000,-33.6,45000,46000,36000,38000,45000,58000,32000,36000,42000,36000,37000,0
CUST00034,517000,-33.8,38000,48000,37000,39000,41000,48000,67000,50000,43000,63000,43000,0
CUST00035,199000,-20.4,16000,14000,20000,16000,17000,19000,15000,20000,19000,24000,19000,0
CUST00036,500000,-38.9,46000,47000,37000,41000,37000,39000,51000,39000,67000,51000,45000,0
CUST00037,6503000,7.1,321000,439000,332000,359000,508000,485000,585000,618000,757000,647000,648000,804000
CUST00038,344000,-40.4,31000,30000,34000,25000,32000,34000,31000,39000,29000,27000,32000,0
CUST00039,750000,-22.6,63000,54000,58000,57000,78000,64000,76000,69000,67000,84000,80000,0
CUST00040,662000,-31.1,52000,64000,49000,70000,60000,63000,73000,43000,64000,63000,61000,0
CUST00041,554000,-27.5,43000,50000,49000,56000,44000,55000,50000,48000,51000,64000,44000,0
CUST00042,35000,-100.0,6000,5000,6000,5000,4000,4000,5000,0,0,0,0,0
CUST00043,42000,0.0,9000,9000,7000,8000,9000,0,0,0,0,0,0,0
CUST00044,142000,-5.7,11000,13000,14000,12000,12000,12000,14000,10000,11000,14000,9000,10000
CUST00045,267000,-100.0,39000,49000,32000,31000,32000,40000,23000,21000,0,0,0,0
CUST00046,114000,0.0,17000,22000,23000,22000,30000,0,0,0,0,0,0,0
CUST00047,2144000,-25.9,170000,186000,162000,220000,196000,103000,194000,223000,219000,298000,173000,0
CUST00048,916000,4.4,87000,54000,64000,61000,62000,79000,70000,75000,104000,100000,68000,92000
CUST00049,191000,-36.5,24000,13000,16000,18000,18000,17000,18000,19000,15000,13000,20000,0
CUST00050,999000,14.3,65000,82000,85000,68000,94000,67000,83000,80000,88000,96000,98000,93000
CUST00051,1339000,-31.3,157000,99000,111000,90000,116000,108000,145000,87000,158000,135000,133000,0
CUST00052,3687000,10.9,231000,245000,218000,287000,427000,244000,269000,298000,398000,295000,416000,359000
CUST00053,21000,-100.0,3000,4000,3000,3000,2000,2000,2000,2000,0,0,0,0
CUST00054,620000,-35.2,54000,60000,51000,56000,53000,56000,49000,62000,65000,54000,60000,0
CUST00055,65000,-100.0,8000,8000,9000,9000,7000,7000,8000,9000,0,0,0,0
CUST00056,3000,0.0,1000,1000,1000,0,0,0,0,0,0,0,0,0
CUST00057,809000,-9.4,64000,86000,64000,73000,54000,62000,69000,76000,68000,60000,66000,67000
CUST00058,1364000,-1.5,91000,93000,97000,99000,93000,121000,107000,124000,157000,143000,123000,116000
CUST00059,11546000,14.7,824000,1032000,831000,833000,872000,1007000,959000,814000,1090000,966000,1136000,1182000
CUST00060,8797000,12.9,300000,401000,461000,507000,585000,707000,777000,662000,1302000,720000,1049000,1326000
CUST00061,135000,-63.4,11000,12000,17000,13000,12000,14000,13000,16000,12000,15000,0,0
CUST00062,79000,-29.2,5000,6000,6000,6000,7000,8000,8000,7000,9000,7000,10000,0
CUST00063,358000,-68.6,33000,32000,37000,26000,33000,38000,37000,43000,41000,38000,0,0
CUST00064,33000,-100.0,6000,4000,4000,4000,5000,5000,5000,0,0,0,0,0
CUST00065,1030000,4.0,87000,74000,93000,99000,81000,86000,73000,86000,91000,84000,98000,78000
CUST00066,594000,-34.7,45000,43000,47000,53000,42000,73000,68000,58000,50000,49000,66000,0
CUST00067,486000,-24.6,41000,48000,46000,37000,53000,47000,40000,48000,34000,43000,49000,0
CUST00068,95000,21.7,8000,7000,6000,9000,7000,7000,7000,9000,7000,9000,9000,10000
CUST00069,2386000,24.6,135000,157000,140000,184000,183000,188000,206000,244000,173000,272000,228000,276000
CUST00070,193000,-63.3,20000,18000,19000,18000,17000,19000,24000,16000,20000,22000,0,0
CUST00071,210000,14.3,16000,16000,17000,14000,27000,15000,17000,16000,16000,20000,16000,20000
CUST00072,1129000,-16.5,86000,100000,85000,101000,116000,85000,91000,118000,94000,80000,86000,87000
CUST00073,22000,0.0,5000,4000,5000,4000,4000,0,0,0,0,0,0,0
CUST00074,186000,-32.1,14000,18000,16000,11000,17000,16000,25000,17000,14000,20000,18000,0
CUST00075,1856000,14.7,138000,131000,167000,121000,158000,175000,137000,146000,167000,181000,155000,180000
CUST00076,1892000,-9.2,204000,144000,121000,133000,115000,156000,151000,174000,209000,138000,184000,163000
CUST00077,1650000,-48.0,106000,166000,103000,168000,146000,128000,150000,211000,187000,130000,155000,0
CUST00078,221000,-70.5,21000,25000,27000,24000,22000,23000,21000,17000,23000,18000,0,0
CUST00079,541000,-35.4,41000,55000,39000,36000,54000,56000,51000,55000,52000,49000,53000,0
CUST00080,7000,-100.0,1000,1000,1000,1000,1000,1000,1000,0,0,0,0,0
CUST00081,643000,-18.2,52000,60000,56000,74000,51000,50000,48000,58000,59000,72000,63000,0
CUST00082,445000,-42.3,37000,48000,32000,32000,34000,38000,49000,44000,49000,43000,39000,0
CUST00083,45000,-100.0,5000,7000,5000,6000,4000,6000,4000,4000,4000,0,0,0
CUST00084,318000,-68.2,34000,34000,30000,30000,34000,40000,31000,31000,26000,28000,0,0
CUST00085,5937000,21.7,369000,437000,429000,442000,533000,475000,443000,493000,531000,545000,594000,646000
CUST00086,1695000,64.3,80000,85000,111000,86000,98000,146000,118000,128000,166000,198000,267000,212000
CUST00087,474000,-100.0,68000,52000,53000,49000,52000,47000,55000,44000,54000,0,0,0
CUST00088,604000,-30.7,48000,51000,54000,54000,64000,79000,56000,50000,44000,50000,54000,0
CUST00089,248000,-26.5,20000,19000,25000,20000,23000,23000,25000,20000,23000,26000,24000,0
CUST00090,158000,-42.2,15000,15000,17000,18000,11000,11000,15000,16000,14000,12000,14000,0
CUST00091,71000,-35.0,6000,5000,6000,7000,8000,6000,7000,7000,6000,7000,6000,0
CUST00092,242000,-17.5,22000,22000,19000,19000,23000,22000,19000,25000,19000,26000,26000,0
CUST00093,518000,-39.9,62000,49000,48000,42000,38000,42000,45000,57000,46000,46000,43000,0
CUST00094,386000,-70.6,34000,45000,35000,39000,32000,38000,40000,48000,38000,37000,0,0
CUST00095,42000,0.0,3000,3000,3000,3000,3000,3000,4000,3000,5000,4000,4000,4000
CUST00096,570000,-45.0,66000,61000,54000,50000,51000,57000,44000,52000,53000,33000,49000,0
CUST00097,156000,-50.0,16000,15000,16000,19000,20000,13000,13000,13000,12000,19000,0,0
CUST00098,9732000,20.5,368000,503000,495000,586000,705000,710000,885000,786000,1215000,1060000,1138000,1281000
CUST00099,16198000,39.3,548000,728000,763000,844000,1034000,1429000,1355000,1260000,1920000,2171000,1763000,2383000
CUST00100,164000,-100.0,22000,23000,19000,18000,24000,19000,16000,23000,0,0,0,0
CUST00101,14000,0.0,3000,2000,3000,2000,2000,2000,0,0,0,0,0,0
CUST00102,645000,-36.9,65000,60000,54000,74000,84000,52000,49000,58000,50000,49000,50000,0
CUST00103,87000,-44.0,8000,9000,8000,8000,8000,7000,8000,10000,7000,7000,7000,0
CUST00104,48000,-100.0,6000,7000,8000,5000,7000,5000,6000,4000,0,0,0,0
CUST00105,11000,0.0,3000,3000,2000,2000,1000,0,0,0,0,0,0,0
CUST00106,104000,-100.0,16000,16000,18000,15000,14000,16000,9000,0,0,0,0,0
CUST00107,2589000,-28.9,215000,222000,190000,179000,195000,231000,253000,300000,240000,282000,282000,0
CUST00108,743000,-36.0,62000,61000,68000,64000,68000,69000,81000,58000,75000,79000,58000,0
CUST00109,6785000,1.0,471000,372000,394000,440000,566000,521000,613000,715000,672000,690000,622000,709000
CUST00110,229000,0.0,27000,39000,45000,46000,40000,32000,0,0,0,0,0,0
CUST00111,1559000,15.0,143000,83000,113000,129000,159000,130000,143000,109000,121000,131000,144000,154000
CUST00112,143000,-22.5,10000,12000,12000,10000,14000,14000,10000,15000,15000,14000,17000,0
CUST00113,623000,22.3,64000,59000,53000,50000,54000,54000,40000,48000,42000,52000,49000,58000
CUST00114,258000,1.4,18000,15000,18000,19000,23000,20000,22000,23000,27000,27000,21000,25000
CUST00115,932000,-41.0,77000,70000,105000,90000,81000,94000,89000,101000,71000,75000,79000,0
CUST00116,7000,-100.0,1000,1000,1000,1000,1000,1000,0,1000,0,0,0,0
CUST00117,28000,0.0,8000,8000,6000,6000,0,0,0,0,0,0,0,0
CUST00118,0,0.0,0,0,0,0,0,0,0,0,0,0,0,0
CUST00119,209000,10.0,16000,21000,15000,15000,21000,16000,22000,12000,16000,21000,20000,14000
CUST00120,1167000,-32.6,73000,84000,128000,107000,119000,75000,121000,106000,120000,109000,125000,0
CUST00121,475000,-43.8,44000,58000,50000,42000,41000,37000,39000,46000,45000,42000,31000,0
CUST00122,271000,-31.4,18000,18000,22000,23000,23000,22000,32000,23000,31000,28000,31000,0
CUST00123,2278000,11.7,99000,153000,121000,138000,194000,184000,233000,210000,213000,191000,253000,289000
CUST00124,25000,-100.0,4000,3000,3000,3000,3000,2000,3000,2000,2000,0,0,0
CUST00125,1459000,-14.2,131000,86000,117000,111000,109000,106000,132000,119000,179000,132000,138000,99000
CUST00126,654000,-19.1,54000,44000,37000,49000,47000,54000,68000,79000,57000,92000,73000,0
CUST00127,424000,-27.7,48000,44000,25000,43000,33000,57000,47000,31000,23000,35000,38000,0
CUST00128,2328000,21.6,172000,213000,183000,154000,201000,257000,129000,218000,171000,203000,243000,184000
CUST00129,3706000,24.6,221000,153000,256000,231000,354000,252000,329000,327000,341000,346000,466000,430000
CUST00130,2612000,-16.6,165000,240000,173000,243000,179000,297000,229000,254000,234000,275000,323000,0
CUST00131,2109000,54.4,176000,139000,162000,178000,109000,162000,165000,133000,167000,277000,173000,268000
CUST00132,132000,0.0,24000,33000,30000,23000,22000,0,0,0,0,0,0,0
CUST00133,430000,-76.2,41000,52000,34000,45000,37000,44000,41000,48000,54000,34000,0,0
CUST00134,623000,-33.9,62000,37000,53000,73000,57000,52000,62000,52000,60000,50000,65000,0
CUST00135,276000,-26.2,28000,26000,22000,21000,21000,19000,25000,28000,27000,33000,26000,0
CUST00136,8494000,4.4,627000,479000,559000,533000,733000,474000,751000,701000,1038000,803000,864000,932000
CUST00137,72000,0.0,11000,14000,13000,11000,10000,13000,0,0,0,0,0,0
CUST00138,829000,-37.0,87000,81000,72000,71000,78000,70000,62000,89000,76000,71000,72000,0
CUST00139,76000,0.0,12000,13000,18000,10000,14000,9000,0,0,0,0,0,0
CUST00140,4802000,-5.2,307000,358000,378000,324000,349000,396000,437000,532000,412000,452000,368000,489000
CUST00141,283000,-59.8,27000,23000,26000,30000,25000,23000,30000,38000,24000,37000,0,0
CUST00142,132000,-30.0,12000,8000,11000,11000,12000,10000,15000,11000,14000,15000,13000,0
CUST00143,42000,-11.1,4000,5000,4000,4000,4000,4000,4000,2000,3000,3000,3000,2000
CUST00144,159000,-63.8,11000,15000,18000,13000,17000,21000,14000,17000,16000,17000,0,0
CUST00145,705000,-8.0,56000,68000,46000,66000,60000,50000,63000,66000,58000,73000,99000,0
CUST00146,202000,-22.0,13000,18000,17000,14000,19000,16000,20000,18000,21000,15000,31000,0
CUST00147,424000,24.8,32000,30000,25000,33000,33000,35000,30000,34000,41000,35000,42000,54000
CUST00148,1235000,9.4,89000,84000,88000,102000,95000,107000,113000,117000,90000,100000,153000,97000
CUST00149,241000,-67.4,19000,23000,21000,19000,22000,23000,31000,24000,31000,28000,0,0
CUST00150,2680000,4.5,206000,206000,166000,186000,237000,209000,229000,212000,278000,227000,249000,275000
CUST00151,6000,0.0,1000,1000,1000,1000,1000,1000,0,0,0,0,0,0
CUST00152,19000,-100.0,3000,3000,2000,2000,2000,2000,1000,2000,2000,0,0,0
CUST00153,5624000,-17.1,402000,297000,385000,367000,326000,549000,471000,629000,703000,385000,557000,553000
CUST00154,413000,-43.8,36000,28000,25000,31000,39000,40000,42000,54000,41000,32000,45000,0
CUST00155,4492000,19.5,301000,249000,297000,304000,292000,325000,371000,430000,440000,525000,466000,492000
CUST00156,359000,-29.0,29000,35000,37000,40000,32000,27000,33000,33000,27000,31000,35000,0
CUST00157,275000,-31.6,18000,22000,26000,20000,26000,30000,22000,30000,27000,25000,29000,0
CUST00158,2299000,4.6,220000,205000,177000,172000,155000,161000,205000,180000,206000,215000,136000,267000
CUST00159,100000,0.0,17000,20000,15000,16000,15000,17000,0,0,0,0,0,0
CUST00160,289000,-1.6,26000,24000,20000,29000,38000,27000,25000,19000,19000,24000,20000,18000
CUST00161,14488000,23.1,559000,623000,830000,843000,1086000,1352000,1270000,1387000,1465000,1631000,1913000,1529000
CUST00162,46000,0.0,9000,7000,8000,8000,9000,5000,0,0,0,0,0,0
CUST00163,388000,-70.1,43000,42000,36000,39000,34000,42000,45000,33000,39000,35000,0,0
CUST00164,6325000,6.7,589000,460000,504000,381000,530000,587000,435000,495000,654000,615000,430000,645000
CUST00165,1213000,6.3,88000,97000,118000,83000,86000,91000,126000,91000,98000,113000,110000,112000
CUST00166,477000,-65.6,50000,40000,48000,46000,49000,41000,50000,48000,53000,52000,0,0
CUST00167,338000,-48.9,29000,32000,27000,41000,38000,32000,31000,31000,30000,24000,23000,0
CUST00168,23000,0.0,5000,5000,4000,5000,4000,0,0,0,0,0,0,0
CUST00169,792000,-8.7,57000,50000,73000,70000,69000,75000,77000,71000,60000,100000,90000,0
CUST00170,15000,0.0,3000,3000,3000,2000,2000,2000,0,0,0,0,0,0
CUST00171,415000,-64.2,35000,32000,32000,43000,43000,44000,51000,38000,48000,49000,0,0
CUST00172,3647000,-25.8,246000,253000,241000,301000,354000,353000,412000,358000,320000,368000,441000,0
CUST00173,35000,-22.2,3000,3000,3000,3000,4000,3000,3000,3000,3000,3000,4000,0
CUST00174,27000,-71.4,3000,3000,3000,3000,3000,3000,3000,2000,2000,2000,0,0
CUST00175,1616000,16.1,117000,112000,126000,179000,141000,124000,113000,161000,104000,142000,125000,172000
CUST00176,18035000,-9.5,1239000,1313000,1309000,1061000,1594000,1377000,1693000,2000000,1631000,1428000,1568000,1822000
CUST00177,358000,-29.2,27000,26000,18000,30000,34000,30000,34000,40000,39000,33000,47000,0
CUST00178,36000,-37.5,4000,5000,4000,4000,3000,3000,3000,3000,2000,2000,3000,0
CUST00179,64000,0.0,18000,13000,11000,11000,11000,0,0,0,0,0,0,0
CUST00180,30000,-100.0,4000,4000,4000,4000,3000,3000,3000,3000,2000,0,0,0
CUST00181,39000,-100.0,7000,5000,4000,5000,6000,4000,4000,4000,0,0,0,0
CUST00182,165000,-100.0,16000,27000,21000,24000,15000,18000,15000,18000,11000,0,0,0
CUST00183,224000,-66.7,20000,18000,24000,31000,21000,22000,23000,26000,17000,22000,0,0
CUST00184,825000,-43.3,69000,52000,70000,70000,75000,94000,92000,73000,87000,72000,71000,0
CUST00185,164000,-100.0,24000,24000,27000,29000,18000,18000,24000,0,0,0,0,0
CUST00186,420000,-38.9,44000,40000,40000,39000,49000,34000,36000,44000,28000,38000,28000,0
CUST00187,349000,-29.8,23000,33000,33000,23000,46000,31000,27000,29000,38000,30000,36000,0
CUST00188,12285000,36.1,751000,797000,713000,797000,909000,825000,1184000,1009000,980000,1096000,1279000,1945000
CUST00189,218000,-100.0,32000,26000,33000,30000,29000,21000,22000,25000,0,0,0,0
CUST00190,148000,-20.6,16000,17000,12000,17000,12000,13000,12000,13000,9000,15000,12000,0
CUST00191,25000,0.0,5000,4000,4000,4000,4000,4000,0,0,0,0,0,0
CUST00192,473000,-52.1,54000,53000,54000,32000,31000,42000,47000,51000,42000,34000,33000,0
CUST00193,2833000,14.9,146000,147000,205000,185000,191000,197000,247000,218000,355000,269000,339000,334000
CUST00194,93000,-100.0,16000,15000,11000,11000,11000,8000,8000,6000,7000,0,0,0
CUST00195,513000,12.4,39000,64000,40000,37000,35000,41000,43000,37000,41000,53000,47000,36000
CUST00196,630000,-11.3,42000,38000,42000,50000,55000,52000,70000,63000,53000,92000,73000,0
CUST00197,913000,-7.7,81000,83000,73000,95000,85000,71000,83000,71000,67000,77000,65000,62000
CUST00198,20000,0.0,5000,4000,2000,3000,3000,3000,0,0,0,0,0,0
CUST00199,229000,-25.9,22000,27000,24000,22000,20000,20000,18000,19000,17000,19000,21000,0
CUST00200,1103000,-30.1,88000,106000,89000,89000,106000,117000,111000,111000,77000,101000,108000,0
CUST00201,65000,-33.3,8000,8000,9000,5000,5000,5000,5000,5000,5000,5000,5000,0
CUST00202,139000,-100.0,27000,19000,16000,17000,13000,17000,14000,7000,9000,0,0,0
CUST00203,428000,-36.9,45000,40000,36000,34000,34000,40000,41000,33000,48000,42000,35000,0
CUST00204,4879000,58.6,328000,239000,326000,319000,346000,303000,401000,389000,377000,772000,482000,597000
CUST00205,2173000,1.2,162000,150000,244000,128000,136000,178000,230000,157000,197000,174000,218000,199000
CUST00206,497000,-19.7,42000,46000,35000,42000,36000,40000,44000,50000,48000,55000,59000,0
CUST00207,2734000,13.0,215000,191000,163000,184000,167000,227000,248000,267000,230000,294000,247000,301000
CUST00208,479000,19.3,40000,41000,37000,37000,39000,35000,39000,42000,33000,36000,52000,48000
CUST00209,2236000,28.8,150000,111000,130000,153000,141000,151000,196000,192000,224000,259000,290000,239000
CUST00210,915000,-26.5,78000,77000,78000,78000,63000,83000,91000,79000,94000,86000,108000,0
CUST00211,376000,-59.0,31000,31000,38000,41000,32000,38000,36000,37000,44000,48000,0,0
CUST00212,880000,8.3,53000,58000,73000,62000,58000,51000,77000,78000,97000,85000,91000,97000
CUST00213,64000,-26.7,5000,7000,6000,7000,6000,7000,5000,5000,5000,6000,5000,0
CUST00214,120000,-100.0,20000,21000,21000,17000,13000,15000,13000,0,0,0,0,0
CUST00215,7000,-100.0,1000,1000,1000,1000,1000,1000,1000,0,0,0,0,0
CUST00216,137000,0.0,36000,29000,37000,35000,0,0,0,0,0,0,0,0
CUST00217,2647000,-2.6,166000,166000,188000,182000,230000,215000,235000,290000,235000,219000,275000,246000
CUST00218,694000,5.7,36000,35000,44000,45000,64000,73000,55000,56000,82000,61000,68000,75000
CUST00219,16000,0.0,4000,4000,3000,5000,0,0,0,0,0,0,0,0
CUST00220,404000,4.7,31000,27000,32000,28000,32000,35000,32000,33000,42000,29000,48000,35000
CUST00221,964000,-30.9,78000,87000,75000,93000,100000,83000,86000,80000,99000,87000,96000,0
CUST00222,2202000,7.9,141000,174000,174000,192000,173000,188000,208000,198000,152000,161000,159000,282000
CUST00223,717000,-26.3,77000,73000,69000,58000,56000,73000,66000,50000,63000,70000,62000,0
CUST00224,68000,-100.0,8000,8000,11000,9000,8000,7000,9000,8000,0,0,0,0
CUST00225,529000,-33.1,44000,43000,47000,43000,36000,64000,43000,48000,60000,53000,48000,0
CUST00226,102000,-100.0,11000,17000,9000,14000,12000,12000,10000,9000,8000,0,0,0
CUST00227,2592000,8.2,185000,241000,170000,188000,207000,210000,239000,202000,227000,225000,209000,289000
CUST00228,293000,-69.9,38000,34000,32000,29000,32000,20000,29000,31000,23000,25000,0,0
CUST00229,500000,-39.0,38000,45000,39000,44000,43000,43000,51000,54000,49000,39000,55000,0
CUST00230,2059000,-1.3,212000,180000,189000,154000,218000,220000,148000,126000,172000,132000,183000,125000
CUST00231,2488000,11.6,158000,110000,137000,213000,168000,212000,245000,202000,257000,256000,243000,287000
CUST00232,38000,-41.7,3000,3000,2000,3000,4000,4000,5000,3000,4000,3000,4000,0
CUST00233,65000,0.0,13000,10000,9000,13000,10000,10000,0,0,0,0,0,0
CUST00234,1296000,30.4,84000,74000,115000,77000,118000,100000,124000,107000,85000,111000,152000,149000
CUST00235,22000,-100.0,3000,3000,4000,3000,2000,3000,2000,2000,0,0,0,0
CUST00236,27000,-100.0,4000,4000,4000,4000,4000,4000,3000,0,0,0,0,0
CUST00237,90000,-33.3,10000,8000,8000,7000,9000,8000,6000,8000,10000,7000,9000,0
CUST00238,73000,-100.0,10000,10000,8000,10000,9000,8000,9000,9000,0,0,0,0
CUST00239,3043000,16.4,115000,158000,213000,206000,171000,250000,244000,275000,373000,309000,365000,364000
CUST00240,2776000,15.7,246000,181000,176000,233000,201000,227000,199000,249000,253000,249000,274000,288000
CUST00241,10000,0.0,2000,2000,2000,1000,1000,2000,0,0,0,0,0,0
CUST00242,22000,-100.0,3000,3000,2000,2000,3000,3000,2000,2000,2000,0,0,0
CUST00243,1025000,-70.4,106000,114000,100000,112000,102000,93000,99000,110000,98000,91000,0,0
CUST00244,900000,-68.3,93000,77000,87000,76000,73000,112000,90000,115000,85000,92000,0,0
CUST00245,111000,0.0,13000,10000,9000,9000,10000,10000,10000,7000,8000,7000,10000,8000
CUST00246,3000,0.0,1000,1000,1000,0,0,0,0,0,0,0,0,0
CUST00247,517000,-38.0,46000,49000,43000,51000,59000,60000,41000,49000,39000,48000,32000,0
CUST00248,215000,-15.7,23000,22000,15000,21000,18000,22000,15000,19000,17000,21000,22000,0
CUST00249,471000,-44.2,33000,50000,44000,40000,38000,51000,46000,46000,46000,36000,41000,0
CUST00250,568000,-42.4,39000,44000,57000,55000,46000,37000,52000,66000,66000,54000,52000,0
CUST00251,792000,3.2,77000,60000,56000,74000,71000,74000,76000,54000,57000,70000,54000,69000
CUST00252,28000,-33.4,3000,4000,3000,3000,3000,2000,2000,2000,2000,2000,2000,0
CUST00253,471000,3.5,43000,39000,37000,33000,48000,41000,40000,32000,41000,44000,32000,41000
CUST00254,570000,-37.0,64000,46000,47000,48000,70000,57000,59000,38000,49000,49000,43000,0
CUST00255,267000,-15.3,22000,21000,20000,22000,25000,24000,18000,26000,28000,19000,20000,22000
CUST00256,24000,-100.0,3000,3000,3000,3000,2000,3000,3000,2000,2000,0,0,0
CUST00257,28000,-100.0,3000,3000,4000,4000,3000,3000,3000,3000,2000,0,0,0
CUST00258,8271000,8.4,440000,450000,616000,558000,599000,612000,630000,784000,983000,914000,740000,945000
CUST00259,14997000,52.5,881000,712000,1039000,927000,1075000,1508000,984000,1387000,1136000,1852000,1536000,1960000
CUST00260,232000,-51.7,28000,22000,24000,24000,23000,25000,16000,19000,23000,28000,0,0
CUST00261,3967000,2.4,194000,237000,267000,253000,281000,310000,347000,440000,411000,271000,409000,547000
CUST00262,8000,-100.0,1000,1000,1000,1000,1000,1000,1000,1000,0,0,0,0
CUST00263,176000,-48.0,22000,14000,22000,14000,14000,14000,17000,16000,17000,12000,14000,0
CUST00264,5041000,-11.1,318000,325000,381000,395000,334000,509000,430000,611000,430000,376000,450000,482000
CUST00265,20000,0.0,6000,5000,4000,5000,0,0,0,0,0,0,0,0
CUST00266,262000,-73.5,18000,21000,28000,31000,33000,26000,31000,25000,27000,22000,0,0
CUST00267,267000,-36.8,27000,22000,19000,27000,25000,23000,23000,26000,27000,24000,24000,0
CUST00268,468000,-71.2,49000,40000,48000,52000,50000,50000,41000,54000,44000,40000,0,0
CUST00269,1425000,16.2,141000,125000,87000,95000,156000,101000,111000,99000,123000,110000,115000,162000
CUST00270,4205000,33.3,234000,222000,304000,270000,256000,341000,349000,430000,326000,526000,444000,503000
CUST00271,1989000,11.5,161000,123000,139000,174000,184000,123000,166000,174000,173000,182000,188000,202000
CUST00272,1013000,-56.2,112000,99000,91000,72000,106000,103000,112000,96000,91000,62000,69000,0
CUST00273,5398000,22.6,308000,337000,390000,387000,415000,443000,409000,496000,496000,531000,506000,680000
CUST00274,959000,13.6,49000,50000,64000,73000,65000,77000,82000,85000,105000,92000,99000,118000
CUST00275,539000,10.7,33000,43000,49000,48000,46000,44000,44000,44000,43000,56000,48000,41000
CUST00276,450000,-16.7,35000,39000,49000,27000,59000,43000,36000,38000,34000,52000,38000,0
CUST00277,90000,-100.0,10000,10000,12000,11000,11000,9000,9000,9000,9000,0,0,0
CUST00278,272000,-32.4,30000,22000,26000,20000,21000,29000,31000,22000,21000,20000,30000,0
CUST00279,42000,-100.0,5000,5000,8000,6000,6000,6000,6000,0,0,0,0,0
CUST00280,40000,0.0,21000,19000,0,0,0,0,0,0,0,0,0,0
CUST00281,1892000,-8.0,115000,134000,138000,159000,176000,168000,167000,201000,154000,182000,160000,138000
CUST00282,149000,-35.7,13000,18000,14000,10000,12000,13000,12000,14000,16000,10000,17000,0
CUST00283,605000,-38.6,52000,68000,42000,47000,61000,38000,65000,68000,51000,57000,56000,0
CUST00284,692000,-42.3,56000,56000,64000,63000,55000,62000,70000,75000,68000,59000,64000,0
CUST00285,97000,-30.8,8000,11000,9000,9000,7000,9000,9000,8000,9000,9000,9000,0
CUST00286,971000,12.6,62000,57000,81000,72000,70000,72000,85000,86000,91000,71000,78000,146000
CUST00287,1828000,44.8,129000,113000,143000,143000,130000,164000,131000,139000,141000,223000,177000,195000
CUST00288,176000,-36.7,16000,17000,15000,16000,14000,18000,18000,19000,12000,16000,15000,0
CUST00289,191000,-45.5,12000,14000,17000,13000,14000,19000,16000,27000,23000,18000,18000,0
CUST00290,857000,-13.9,70000,57000,78000,70000,64000,51000,84000,78000,89000,64000,67000,85000
CUST00291,63000,0.0,12000,14000,11000,10000,8000,8000,0,0,0,0,0,0
CUST00292,1002000,-11.7,89000,73000,68000,83000,80000,61000,107000,84000,100000,90000,66000,101000
CUST00293,31000,-100.0,4000,5000,5000,4000,3000,3000,4000,3000,0,0,0,0
CUST00294,6631000,7.7,559000,497000,333000,501000,442000,700000,729000,476000,528000,737000,595000,534000
CUST00295,12000,-100.0,2000,2000,1000,2000,1000,2000,1000,1000,0,0,0,0
CUST00296,40000,-100.0,8000,4000,5000,5000,5000,3000,3000,3000,4000,0,0,0
CUST00297,56000,-100.0,9000,11000,8000,9000,7000,6000,6000,0,0,0,0,0
CUST00298,28000,-71.4,3000,3000,3000,3000,3000,4000,2000,2000,3000,2000,0,0
CUST00299,9000,0.0,2000,2000,2000,2000,1000,0,0,0,0,0,0,0
CUST00300,1408000,-36.9,113000,127000,109000,134000,103000,96000,162000,135000,148000,137000,144000,0
CUST00301,7000,-100.0,1000,1000,1000,1000,1000,1000,1000,0,0,0,0,0
CUST00302,1537000,24.5,101000,115000,87000,125000,119000,164000,105000,127000,136000,172000,130000,156000
CUST00303,619000,-27.5,46000,57000,51000,45000,41000,53000,58000,60000,71000,67000,70000,0
CUST00304,871000,7.4,68000,70000,60000,60000,73000,92000,73000,70000,73000,83000,77000,72000
CUST00305,378000,-69.1,57000,46000,40000,39000,37000,36000,27000,36000,31000,29000,0,0
CUST00306,421000,-70.4,35000,48000,36000,30000,32000,56000,40000,58000,44000,42000,0,0
CUST00307,371000,-65.1,28000,25000,32000,32000,45000,35000,39000,44000,46000,45000,0,0
CUST00308,510000,-44.9,50000,48000,37000,49000,37000,47000,65000,47000,44000,44000,42000,0
CUST00309,675000,8.3,65000,52000,64000,68000,64000,60000,56000,45000,44000,67000,51000,39000
CUST00310,5637000,6.7,324000,274000,337000,372000,359000,401000,549000,724000,454000,655000,589000,599000
CUST00311,2403000,-31.2,201000,181000,214000,236000,175000,201000,238000,241000,229000,257000,230000,0
CUST00312,739000,-67.4,58000,61000,71000,77000,76000,75000,85000,79000,78000,79000,0,0
CUST00313,951000,4.6,90000,74000,73000,70000,61000,96000,68000,86000,84000,73000,88000,88000
CUST00314,32000,-33.3,3000,2000,3000,3000,4000,2000,3000,3000,3000,3000,3000,0
CUST00315,611000,-35.4,49000,67000,72000,50000,63000,45000,56000,59000,46000,49000,55000,0
CUST00316,1373000,-9.1,110000,102000,88000,103000,107000,147000,111000,123000,141000,129000,99000,113000
CUST00317,62000,-72.2,5000,7000,8000,6000,7000,6000,6000,6000,6000,5000,0,0
CUST00318,749000,-4.7,47000,47000,66000,53000,67000,55000,70000,69000,73000,75000,127000,0
CUST00319,1368000,-8.1,127000,98000,108000,134000,103000,138000,113000,113000,118000,140000,176000,0
CUST00320,43000,0.0,15000,13000,15000,0,0,0,0,0,0,0,0,0
CUST00321,9000,0.0,2000,2000,3000,2000,0,0,0,0,0,0,0,0
CUST00322,321000,-10.8,27000,30000,25000,27000,29000,26000,20000,33000,30000,25000,24000,25000
CUST00323,2229000,-3.4,163000,142000,171000,193000,170000,173000,221000,228000,170000,198000,208000,192000
CUST00324,644000,-34.7,55000,62000,53000,53000,57000,45000,80000,42000,71000,58000,68000,0
CUST00325,3000,0.0,1000,1000,1000,0,0,0,0,0,0,0,0,0
CUST00326,1440000,-12.7,122000,125000,137000,114000,126000,140000,121000,118000,122000,115000,200000,0
CUST00327,42000,0.0,8000,8000,6000,6000,7000,7000,0,0,0,0,0,0
CUST00328,915000,-52.6,80000,89000,79000,100000,70000,77000,108000,80000,97000,62000,73000,0
CUST00329,609000,-24.9,37000,53000,50000,53000,53000,46000,57000,51000,73000,70000,66000,0
CUST00330,2030000,-42.2,151000,201000,190000,215000,145000,159000,147000,214000,253000,160000,195000,0
CUST00331,31000,0.0,7000,5000,6000,6000,4000,3000,0,0,0,0,0,0
CUST00332,234000,-69.4,21000,23000,23000,21000,28000,24000,26000,19000,27000,22000,0,0
CUST00333,1630000,-34.9,101000,107000,132000,154000,134000,160000,186000,139000,185000,180000,152000,0
CUST00334,127000,-100.0,19000,16000,17000,13000,13000,17000,17000,15000,0,0,0,0
CUST00335,1342000,7.9,87000,101000,119000,104000,115000,130000,109000,106000,115000,114000,133000,109000
CUST00336,892000,-41.7,66000,51000,86000,77000,74000,90000,85000,96000,102000,88000,77000,0
CUST00337,9711000,54.5,658000,542000,681000,687000,693000,744000,649000,701000,892000,991000,1248000,1225000
CUST00338,17000,-100.0,3000,2000,2000,2000,2000,2000,2000,2000,0,0,0,0
CUST00339,856000,-1.6,58000,55000,58000,63000,72000,68000,67000,81000,95000,79000,74000,86000
CUST00340,256000,-35.3,28000,28000,20000,24000,24000,20000,28000,20000,20000,16000,15000,13000
CUST00341,12916000,44.3,568000,668000,863000,1023000,1033000,1087000,960000,942000,1239000,1897000,1252000,1384000
CUST00342,149000,-62.5,19000,16000,14000,16000,17000,12000,15000,14000,11000,15000,0,0
CUST00343,15000,0.0,3000,3000,3000,2000,2000,2000,0,0,0,0,0,0
CUST00344,430000,-47.6,35000,39000,33000,40000,32000,30000,41000,53000,51000,42000,34000,0
CUST00345,33000,-100.0,5000,7000,4000,3000,4000,4000,3000,3000,0,0,0,0
CUST00346,14000,0.0,4000,3000,3000,2000,2000,0,0,0,0,0,0,0
CUST00347,62000,0.0,35000,27000,0,0,0,0,0,0,0,0,0,0
CUST00348,24000,-66.6,3000,3000,3000,3000,2000,2000,2000,2000,2000,2000,0,0
CUST00349,478000,-29.5,47000,38000,38000,41000,53000,41000,52000,44000,33000,47000,44000,0
CUST00350,6660000,4.5,494000,451000,428000,499000,523000,428000,582000,530000,764000,626000,734000,601000
CUST00351,33000,-44.4,3000,4000,3000,3000,3000,3000,3000,3000,3000,2000,3000,0
CUST00352,296000,-9.5,23000,20000,21000,23000,22000,27000,25000,32000,27000,27000,22000,27000
CUST00353,580000,-11.8,38000,43000,60000,50000,56000,45000,41000,47000,65000,58000,77000,0
CUST00354,756000,-20.7,61000,74000,70000,61000,95000,65000,50000,77000,57000,65000,81000,0
CUST00355,749000,-2.0,53000,47000,68000,61000,61000,53000,68000,55000,82000,63000,65000,73000
CUST00356,1347000,23.3,76000,81000,112000,108000,123000,110000,114000,107000,109000,104000,149000,154000
CUST00357,120000,-100.0,18000,19000,19000,16000,17000,18000,13000,0,0,0,0,0
CUST00358,1000,0.0,0,0,0,0,0,1000,0,0,0,0,0,0
CUST00359,475000,-18.3,37000,33000,41000,40000,46000,49000,37000,34000,55000,56000,47000,0
CUST00360,1700000,2.7,126000,168000,130000,123000,135000,118000,146000,178000,120000,144000,165000,147000
CUST00361,178000,-100.0,27000,19000,28000,22000,21000,22000,20000,19000,0,0,0,0
CUST00362,7785000,19.5,573000,428000,704000,432000,584000,680000,737000,477000,783000,809000,812000,766000
CUST00363,3842000,54.3,249000,274000,246000,268000,301000,195000,314000,320000,274000,454000,495000,452000
CUST00364,12342000,38.9,855000,824000,793000,774000,987000,996000,1187000,918000,873000,1140000,1244000,1751000
CUST00365,181000,-10.6,12000,15000,15000,16000,18000,16000,15000,17000,15000,21000,21000,0
CUST00366,314000,10.3,29000,21000,22000,24000,19000,35000,23000,28000,27000,26000,29000,31000
CUST00367,61000,-100.0,9000,8000,7000,7000,7000,8000,8000,7000,0,0,0,0
CUST00368,583000,-20.6,57000,40000,53000,41000,56000,58000,55000,47000,53000,54000,69000,0
CUST00369,164000,-100.0,14000,18000,19000,15000,17000,18000,17000,23000,23000,0,0,0
CUST00370,37000,-100.0,7000,4000,5000,5000,3000,4000,3000,4000,2000,0,0,0
CUST00371,10000,-100.0,1000,2000,1000,2000,1000,1000,1000,1000,0,0,0,0
CUST00372,141000,-100.0,17000,20000,21000,19000,21000,22000,21000,0,0,0,0,0
CUST00373,247000,-18.2,25000,17000,16000,22000,20000,27000,20000,21000,25000,23000,31000,0
CUST00374,200000,-50.8,16000,20000,19000,19000,15000,17000,22000,18000,23000,17000,14000,0
CUST00375,4408000,-8.5,366000,433000,307000,373000,319000,289000,355000,438000,419000,382000,336000,391000
CUST00376,946000,44.7,48000,62000,55000,61000,61000,84000,71000,76000,88000,126000,125000,89000
CUST00377,23000,0.0,5000,5000,4000,4000,5000,0,0,0,0,0,0,0
CUST00378,592000,24.8,54000,39000,40000,48000,49000,36000,46000,46000,53000,74000,57000,50000
CUST00379,1310000,-30.9,120000,89000,146000,100000,122000,148000,134000,100000,112000,132000,107000,0
CUST00380,13000,-100.0,2000,1000,1000,2000,2000,1000,1000,1000,2000,0,0,0
CUST00381,1081000,-72.5,82000,89000,101000,89000,123000,129000,112000,116000,139000,101000,0,0
CUST00382,387000,0.0,30000,25000,37000,29000,45000,33000,28000,30000,36000,26000,34000,34000
CUST00383,44000,-100.0,8000,6000,6000,7000,6000,7000,4000,0,0,0,0,0
CUST00384,741000,-20.7,67000,54000,63000,72000,65000,74000,64000,65000,64000,75000,78000,0
CUST00385,1177000,27.6,81000,76000,87000,84000,111000,103000,88000,86000,105000,137000,122000,97000
CUST00386,38000,-100.0,5000,6000,5000,5000,5000,6000,6000,0,0,0,0,0
CUST00387,0,0.0,0,0,0,0,0,0,0,0,0,0,0,0
CUST00388,31000,-100.0,4000,6000,4000,4000,3000,4000,3000,3000,0,0,0,0
CUST00389,13730000,22.6,817000,698000,947000,799000,1054000,1266000,1080000,1074000,1507000,925000,1686000,1877000
CUST00390,200000,-100.0,24000,30000,26000,26000,23000,21000,28000,22000,0,0,0,0
CUST00391,661000,-39.1,63000,66000,61000,64000,57000,62000,61000,61000,57000,52000,57000,0
CUST00392,3225000,17.3,243000,249000,246000,196000,282000,264000,229000,283000,291000,284000,303000,355000
CUST00393,470000,-6.6,45000,47000,36000,38000,37000,33000,38000,41000,42000,60000,53000,0
CUST00394,1349000,-21.6,90000,76000,116000,137000,85000,126000,135000,171000,97000,155000,161000,0
CUST00395,11859000,39.8,643000,639000,725000,779000,919000,960000,867000,1108000,1025000,1571000,1183000,1440000
CUST00396,676000,-23.2,50000,47000,54000,70000,55000,57000,56000,80000,58000,74000,75000,0
CUST00397,140000,-63.9,12000,13000,19000,16000,14000,17000,12000,14000,10000,13000,0,0
CUST00398,1488000,15.6,94000,92000,111000,111000,136000,99000,117000,110000,165000,139000,138000,176000
CUST00399,2124000,-33.7,213000,171000,153000,164000,167000,213000,238000,207000,182000,201000,215000,0
CUST00400,1178000,-58.8,100000,91000,134000,90000,113000,95000,103000,117000,173000,162000,0,0
CUST00401,37000,-100.0,4000,4000,4000,4000,4000,5000,5000,3000,4000,0,0,0
CUST00402,16000,-100.0,2000,2000,3000,2000,3000,2000,2000,0,0,0,0,0
CUST00403,19000,0.0,4000,3000,2000,3000,3000,4000,0,0,0,0,0,0
CUST00404,3296000,15.9,210000,178000,203000,219000,213000,287000,312000,306000,302000,312000,315000,439000
CUST00405,105000,-100.0,13000,11000,12000,16000,8000,13000,9000,11000,12000,0,0,0
CUST00406,157000,-100.0,21000,32000,22000,27000,21000,17000,17000,0,0,0,0,0
CUST00407,220000,-75.0,26000,21000,22000,23000,24000,24000,21000,21000,22000,16000,0,0
CUST00408,20000,0.0,4000,3000,4000,3000,3000,3000,0,0,0,0,0,0
CUST00409,11451000,33.6,588000,642000,653000,762000,817000,652000,1023000,846000,1272000,1219000,1685000,1292000
CUST00410,138000,-100.0,21000,17000,18000,15000,15000,21000,17000,14000,0,0,0,0
CUST00411,409000,-30.0,33000,43000,39000,31000,47000,29000,32000,43000,35000,42000,35000,0
CUST00412,878000,2.2,88000,77000,113000,83000,62000,89000,48000,69000,64000,53000,72000,60000
CUST00413,3321000,37.4,180000,245000,307000,211000,251000,242000,195000,312000,287000,285000,398000,408000
CUST00414,7000,0.0,2000,2000,2000,1000,0,0,0,0,0,0,0,0
CUST00415,11082000,20.3,505000,600000,743000,629000,759000,945000,1161000,792000,1180000,1454000,1149000,1165000
CUST00416,485000,-67.1,45000,47000,35000,43000,50000,51000,50000,55000,56000,53000,0,0
CUST00417,9627000,26.2,464000,568000,441000,554000,715000,709000,979000,721000,1030000,716000,1244000,1486000
CUST00418,154000,-100.0,17000,20000,18000,15000,19000,15000,15000,18000,17000,0,0,0
CUST00419,1334000,1.2,113000,110000,101000,98000,119000,113000,124000,138000,76000,118000,136000,88000
CUST00420,28000,-100.0,4000,4000,4000,4000,3000,3000,3000,3000,0,0,0,0
CUST00421,311000,-68.7,38000,41000,40000,33000,29000,42000,24000,24000,19000,21000,0,0
CUST00422,4691000,17.4,252000,231000,245000,232000,341000,266000,390000,633000,414000,511000,515000,661000
CUST00423,493000,18.2,36000,30000,32000,31000,36000,40000,44000,52000,36000,51000,53000,52000
CUST00424,8624000,30.6,435000,742000,708000,503000,687000,737000,712000,640000,735000,730000,860000,1135000
CUST00425,459000,9.5,33000,33000,27000,31000,39000,32000,47000,42000,37000,51000,44000,43000
CUST00426,138000,0.0,31000,29000,26000,25000,27000,0,0,0,0,0,0,0
CUST00427,782000,10.5,45000,51000,46000,58000,49000,74000,77000,66000,75000,84000,75000,82000
CUST00428,63000,0.0,16000,21000,14000,12000,0,0,0,0,0,0,0,0
CUST00429,9129000,25.7,615000,533000,554000,747000,672000,679000,770000,784000,807000,1141000,864000,963000
CUST00430,70000,-100.0,9000,12000,9000,10000,7000,8000,5000,5000,5000,0,0,0
CUST00431,13000,-100.0,2000,2000,2000,1000,2000,2000,2000,0,0,0,0,0
CUST00432,1000,0.0,0,0,1000,0,0,0,0,0,0,0,0,0
CUST00433,158000,-35.6,13000,16000,15000,10000,14000,16000,15000,17000,13000,12000,17000,0
CUST00434,31000,-25.0,3000,3000,3000,3000,3000,2000,3000,2000,3000,2000,2000,2000
CUST00435,1724000,0.6,109000,106000,103000,136000,126000,153000,171000,147000,176000,184000,151000,162000
CUST00436,323000,-100.0,47000,36000,36000,35000,28000,38000,35000,32000,36000,0,0,0
CUST00437,1608000,17.0,91000,136000,83000,98000,107000,149000,140000,129000,166000,184000,185000,140000
CUST00438,51000,-57.1,6000,5000,4000,6000,5000,5000,5000,4000,5000,6000,0,0
CUST00439,5000,0.0,1000,1000,1000,1000,1000,0,0,0,0,0,0,0
CUST00440,452000,-100.0,54000,57000,49000,52000,40000,48000,50000,52000,50000,0,0,0
CUST00441,99000,0.0,24000,27000,29000,19000,0,0,0,0,0,0,0,0
CUST00442,640000,-35.0,65000,65000,54000,58000,55000,46000,66000,56000,58000,50000,67000,0
CUST00443,72000,-100.0,11000,11000,11000,9000,8000,9000,6000,7000,0,0,0,0
CUST00444,318000,10.7,23000,33000,30000,21000,25000,28000,25000,28000,22000,26000,26000,31000
CUST00445,173000,-30.0,13000,16000,15000,14000,14000,16000,15000,22000,13000,22000,13000,0
CUST00446,34000,0.0,7000,7000,5000,7000,4000,4000,0,0,0,0,0,0
CUST00447,214000,-100.0,29000,38000,31000,36000,30000,26000,24000,0,0,0,0,0
CUST00448,86000,-18.2,8000,9000,7000,8000,7000,7000,8000,7000,7000,9000,9000,0
CUST00449,1351000,16.7,107000,98000,92000,121000,144000,87000,102000,97000,125000,108000,123000,147000
CUST00450,1086000,-41.6,103000,96000,88000,98000,98000,101000,114000,107000,96000,73000,112000,0
CUST00451,2209000,28.7,130000,138000,170000,204000,149000,238000,180000,169000,167000,244000,220000,200000
CUST00452,77000,-100.0,10000,15000,11000,10000,9000,12000,10000,0,0,0,0,0
CUST00453,37000,-100.0,6000,4000,4000,4000,4000,4000,4000,3000,4000,0,0,0
CUST00454,67000,-72.2,9000,8000,6000,6000,8000,7000,6000,6000,6000,5000,0,0
CUST00455,286000,14.1,23000,18000,22000,20000,17000,19000,18000,36000,24000,29000,25000,35000
CUST00456,189000,-100.0,15000,21000,21000,21000,21000,14000,25000,31000,20000,0,0,0
CUST00457,31000,-62.5,3000,3000,3000,5000,3000,3000,3000,3000,2000,3000,0,0
CUST00458,463000,-45.7,35000,50000,47000,39000,34000,42000,46000,51000,43000,46000,30000,0
CUST00459,216000,-100.0,40000,28000,26000,19000,26000,22000,14000,22000,19000,0,0,0
CUST00460,1978000,42.2,104000,135000,158000,176000,128000,153000,156000,145000,163000,168000,173000,319000
CUST00461,232000,18.3,15000,19000,14000,18000,17000,18000,19000,22000,19000,17000,30000,24000
CUST00462,1456000,25.6,74000,124000,103000,131000,103000,127000,126000,100000,126000,160000,125000,157000
CUST00463,18000,0.0,4000,4000,3000,3000,2000,2000,0,0,0,0,0,0
CUST00464,1601000,-6.3,139000,124000,169000,181000,112000,136000,121000,144000,117000,129000,133000,96000
CUST00465,90000,-23.8,10000,8000,8000,8000,12000,7000,6000,7000,8000,8000,8000,0
CUST00466,192000,-71.4,19000,25000,16000,19000,15000,26000,17000,21000,18000,16000,0,0
CUST00467,1949000,16.4,114000,117000,122000,154000,179000,183000,161000,151000,187000,197000,168000,216000
CUST00468,85000,-100.0,12000,14000,9000,8000,9000,8000,9000,8000,8000,0,0,0
CUST00469,2617000,12.8,162000,195000,214000,176000,245000,193000,224000,221000,228000,244000,232000,283000
CUST00470,658000,-38.2,58000,67000,52000,47000,74000,72000,54000,63000,61000,56000,54000,0
CUST00471,803000,-32.1,53000,70000,67000,73000,56000,81000,84000,97000,59000,88000,75000,0
CUST00472,1197000,-27.7,104000,88000,108000,100000,100000,106000,94000,134000,115000,117000,131000,0
CUST00473,6352000,9.6,426000,378000,350000,294000,526000,448000,744000,588000,543000,520000,751000,784000
CUST00474,2134000,49.0,103000,165000,143000,133000,149000,146000,165000,169000,186000,286000,242000,247000
CUST00475,3283000,27.3,172000,185000,269000,259000,225000,309000,244000,297000,279000,262000,393000,389000
CUST00476,131000,-72.2,16000,18000,13000,14000,12000,12000,12000,14000,10000,10000,0,0
CUST00477,303000,-23.3,20000,34000,25000,33000,35000,27000,22000,23000,28000,26000,30000,0
CUST00478,100000,17.4,7000,8000,8000,9000,9000,9000,8000,8000,7000,9000,9000,9000
CUST00479,372000,-6.1,28000,36000,26000,30000,31000,29000,34000,31000,34000,31000,32000,30000
CUST00480,655000,-18.9,42000,65000,54000,52000,60000,47000,69000,63000,53000,67000,83000,0
CUST00481,670000,-100.0,75000,91000,68000,88000,57000,82000,66000,67000,76000,0,0,0
CUST00482,402000,-60.5,48000,29000,41000,35000,50000,40000,38000,37000,39000,45000,0,0
CUST00483,172000,-48.9,21000,21000,13000,17000,13000,19000,16000,16000,13000,23000,0,0
CUST00484,526000,-37.1,32000,40000,42000,46000,51000,43000,52000,51000,64000,47000,58000,0
CUST00485,1658000,18.7,110000,116000,122000,111000,125000,103000,122000,128000,194000,157000,183000,187000
CUST00486,853000,-59.6,54000,76000,68000,67000,94000,84000,109000,99000,84000,118000,0,0
CUST00487,780000,19.4,68000,67000,57000,67000,59000,67000,66000,44000,70000,62000,89000,64000
CUST00488,676000,-21.7,54000,74000,60000,72000,51000,53000,54000,66000,55000,75000,62000,0
CUST00489,595000,37.9,41000,37000,31000,39000,54000,48000,41000,60000,44000,67000,56000,77000
CUST00490,1964000,-2.1,143000,185000,97000,135000,224000,149000,202000,179000,140000,185000,151000,174000
CUST00491,136000,-100.0,20000,17000,15000,15000,15000,11000,15000,15000,13000,0,0,0
CUST00492,585000,-62.7,54000,53000,56000,59000,74000,46000,60000,58000,59000,66000,0,0
CUST00493,1445000,-47.9,132000,126000,128000,163000,123000,125000,139000,157000,130000,122000,100000,0
CUST00494,574000,12.0,48000,53000,43000,49000,40000,40000,47000,45000,50000,48000,48000,63000
CUST00495,35000,-100.0,5000,4000,5000,3000,5000,4000,4000,5000,0,0,0,0
CUST00496,193000,-20.4,13000,16000,16000,20000,16000,15000,14000,17000,23000,25000,18000,0
CUST00497,152000,-30.9,13000,9000,15000,13000,15000,16000,11000,18000,13000,14000,15000,0
CUST00498,128000,5.9,9000,7000,14000,10000,10000,8000,12000,11000,11000,10000,12000,14000
CUST00499,62000,-64.7,7000,5000,6000,7000,7000,7000,6000,5000,6000,6000,0,0
CUST00500,331000,2.4,24000,23000,27000,35000,27000,23000,25000,21000,39000,35000,26000,26000
CUST00501,335000,-72.3,32000,45000,30000,37000,35000,36000,35000,29000,30000,26000,0,0
CUST00502,34000,-100.0,7000,5000,5000,5000,4000,4000,4000,0,0,0,0,0
CUST00503,79000,0.0,24000,19000,19000,17000,0,0,0,0,0,0,0,0
CUST00504,125000,-33.3,15000,11000,11000,12000,13000,13000,10000,9000,11000,12000,8000,0
CUST00505,265000,-33.8,28000,24000,22000,29000,22000,22000,20000,23000,28000,24000,23000,0
CUST00506,16000,-100.0,3000,3000,2000,1000,2000,2000,1000,2000,0,0,0,0
CUST00507,557000,-37.3,40000,55000,51000,48000,55000,46000,48000,63000,50000,55000,46000,0
CUST00508,3000,0.0,1000,1000,0,1000,0,0,0,0,0,0,0,0
CUST00509,239000,-42.9,18000,22000,15000,27000,17000,19000,27000,23000,27000,24000,20000,0
CUST00510,4864000,-7.3,443000,364000,401000,497000,357000,370000,403000,449000,410000,328000,479000,363000
CUST00511,2010000,46.4,92000,87000,114000,136000,158000,154000,168000,138000,209000,176000,257000,321000
CUST00512,213000,-100.0,41000,39000,35000,32000,26000,21000,19000,0,0,0,0,0
CUST00513,8566000,24.9,316000,398000,435000,599000,484000,738000,696000,1052000,740000,984000,1031000,1093000
CUST00514,1305000,-31.9,148000,90000,95000,113000,121000,143000,113000,124000,117000,131000,110000,0
CUST00515,1322000,-33.2,86000,119000,106000,129000,147000,111000,108000,145000,121000,93000,157000,0
CUST00516,866000,-45.3,69000,95000,53000,67000,72000,80000,102000,62000,114000,69000,83000,0
CUST00517,525000,-22.8,43000,54000,38000,37000,35000,61000,43000,51000,51000,38000,39000,35000
CUST00518,27000,-100.0,4000,3000,4000,4000,3000,3000,3000,3000,0,0,0,0
CUST00519,5741000,15.4,342000,364000,329000,428000,422000,407000,573000,539000,489000,574000,566000,708000
CUST00520,21000,0.0,4000,4000,3000,4000,3000,3000,0,0,0,0,0,0
CUST00521,399000,-100.0,54000,45000,45000,53000,51000,41000,43000,38000,29000,0,0,0
CUST00522,10000,-66.7,1000,1000,1000,1000,1000,1000,1000,1000,1000,1000,0,0
CUST00523,145000,-19.4,12000,13000,10000,16000,13000,16000,11000,12000,13000,15000,14000,0
CUST00524,1425000,-47.2,151000,126000,150000,157000,118000,101000,161000,142000,104000,106000,109000,0
CUST00525,2778000,-1.8,250000,214000,226000,266000,184000,294000,257000,180000,241000,194000,222000,250000
CUST00526,474000,-12.1,32000,35000,33000,32000,39000,40000,49000,46000,45000,35000,39000,49000
CUST00527,39000,-12.5,5000,4000,4000,4000,3000,4000,4000,2000,2000,2000,3000,2000
CUST00528,61000,0.0,12000,10000,13000,11000,15000,0,0,0,0,0,0,0
CUST00529,26000,0.0,12000,8000,6000,0,0,0,0,0,0,0,0,0
CUST00530,747000,-35.3,73000,53000,72000,90000,79000,67000,58000,69000,63000,56000,67000,0
CUST00531,1158000,15.1,63000,84000,105000,71000,86000,108000,77000,106000,115000,116000,127000,100000
CUST00532,16000,-100.0,3000,2000,1000,2000,2000,2000,2000,2000,0,0,0,0
CUST00533,1429000,6.3,112000,130000,143000,97000,94000,137000,98000,125000,124000,106000,142000,121000
CUST00534,457000,32.2,26000,22000,37000,30000,40000,35000,37000,40000,38000,46000,47000,59000
CUST00535,581000,6.2,57000,50000,38000,43000,37000,59000,44000,50000,50000,49000,53000,51000
CUST00536,1334000,-25.2,115000,99000,123000,133000,120000,148000,124000,128000,89000,105000,150000,0
CUST00537,555000,-20.5,46000,55000,49000,36000,43000,55000,54000,44000,53000,48000,45000,27000
CUST00538,114000,-47.1,12000,10000,10000,8000,13000,9000,9000,10000,15000,10000,8000,0
CUST00539,256000,-1.6,24000,18000,29000,21000,23000,20000,22000,19000,20000,23000,18000,19000
CUST00540,23000,0.0,5000,4000,4000,3000,4000,3000,0,0,0,0,0,0
CUST00541,142000,-23.7,13000,13000,12000,11000,12000,14000,13000,11000,14000,13000,16000,0
CUST00542,514000,-42.4,45000,65000,51000,45000,52000,37000,41000,52000,46000,42000,38000,0
CUST00543,6000,0.0,2000,2000,2000,0,0,0,0,0,0,0,0,0
CUST00544,39000,-100.0,6000,6000,7000,6000,6000,5000,3000,0,0,0,0,0
CUST00545,4472000,11.4,183000,200000,239000,284000,441000,281000,296000,461000,588000,366000,602000,531000
CUST00546,414000,-28.3,26000,31000,34000,36000,32000,37000,43000,41000,43000,49000,42000,0
CUST00547,2166000,-34.6,157000,129000,189000,223000,173000,190000,237000,214000,217000,249000,188000,0
CUST00548,11090000,11.7,596000,602000,664000,881000,937000,667000,1124000,996000,1065000,1328000,1032000,1198000
CUST00549,18000,-100.0,2000,2000,2000,2000,2000,2000,2000,2000,2000,0,0,0
CUST00550,299000,-24.7,15000,22000,27000,22000,29000,28000,27000,26000,36000,29000,38000,0
CUST00551,730000,-27.5,59000,80000,66000,68000,56000,56000,58000,71000,71000,71000,74000,0
CUST00552,1005000,-23.8,87000,90000,77000,75000,107000,88000,95000,89000,89000,117000,91000,0
CUST00553,996000,-27.2,86000,105000,109000,103000,87000,105000,79000,81000,72000,85000,84000,0
CUST00554,160000,-100.0,23000,20000,14000,27000,21000,18000,18000,19000,0,0,0,0
CUST00555,2965000,25.0,129000,137000,140000,195000,194000,217000,253000,262000,353000,439000,324000,322000
CUST00556,531000,-28.4,46000,57000,53000,55000,40000,50000,44000,43000,47000,53000,43000,0
CUST00557,1740000,31.2,113000,113000,116000,112000,176000,109000,143000,157000,133000,207000,168000,193000
CUST00558,474000,-20.5,41000,44000,45000,40000,44000,50000,41000,42000,34000,46000,47000,0
CUST00559,656000,-26.3,51000,48000,62000,52000,54000,59000,60000,68000,62000,65000,75000,0
CUST00560,787000,-34.0,73000,53000,103000,76000,73000,87000,75000,61000,58000,68000,60000,0
CUST00561,896000,23.5,49000,57000,60000,52000,65000,70000,83000,92000,68000,94000,105000,101000
CUST00562,502000,-28.1,44000,34000,38000,35000,45000,43000,50000,53000,50000,50000,60000,0
CUST00563,103000,-100.0,11000,10000,12000,14000,10000,11000,13000,10000,12000,0,0,0
CUST00564,854000,-69.9,76000,84000,76000,72000,84000,112000,86000,89000,94000,81000,0,0
CUST00565,152000,-7.0,10000,9000,15000,11000,13000,11000,17000,15000,11000,14000,13000,13000
CUST00566,463000,15.6,34000,43000,34000,38000,39000,40000,38000,30000,41000,41000,42000,43000
CUST00567,220000,-72.4,29000,25000,27000,25000,23000,17000,20000,18000,20000,16000,0,0
CUST00568,2152000,71.1,108000,119000,126000,157000,132000,195000,134000,176000,175000,252000,293000,285000
CUST00569,35000,-37.5,4000,4000,4000,3000,4000,3000,3000,2000,3000,2000,3000,0
CUST00570,649000,10.1,48000,39000,55000,49000,62000,41000,57000,47000,65000,62000,54000,70000
CUST00571,186000,-46.2,21000,15000,16000,19000,18000,17000,17000,18000,17000,13000,15000,0
CUST00572,191000,-58.3,22000,22000,24000,16000,18000,21000,20000,16000,12000,20000,0,0
CUST00573,880000,-30.2,70000,64000,84000,75000,77000,82000,83000,94000,75000,86000,90000,0
CUST00574,47000,0.0,9000,8000,6000,8000,9000,7000,0,0,0,0,0,0
CUST00575,105000,0.0,23000,23000,16000,18000,25000,0,0,0,0,0,0,0
CUST00576,1207000,-14.4,83000,101000,81000,116000,87000,119000,93000,128000,113000,130000,156000,0
CUST00577,103000,-100.0,16000,12000,15000,14000,16000,14000,16000,0,0,0,0,0
CUST00578,737000,-57.1,57000,75000,83000,85000,68000,86000,70000,65000,63000,85000,0,0
CUST00579,147000,-100.0,25000,27000,20000,16000,15000,17000,16000,11000,0,0,0,0
CUST00580,310000,-32.5,35000,31000,27000,20000,32000,26000,26000,28000,29000,27000,29000,0
CUST00581,195000,-69.1,20000,24000,20000,18000,21000,20000,21000,17000,17000,17000,0,0
CUST00582,586000,-30.4,48000,47000,63000,55000,48000,57000,47000,55000,56000,53000,57000,0
CUST00583,1062000,-2.6,76000,78000,102000,89000,92000,96000,88000,112000,68000,75000,85000,101000
CUST00584,581000,-69.1,44000,59000,53000,57000,67000,47000,60000,69000,65000,60000,0,0
CUST00585,19000,0.0,3000,4000,3000,3000,3000,3000,0,0,0,0,0,0
CUST00586,435000,-7.7,33000,46000,29000,31000,32000,39000,41000,38000,38000,41000,38000,29000
CUST00587,572000,-31.0,46000,52000,40000,77000,43000,47000,60000,51000,47000,48000,61000,0
CUST00588,1117000,-30.6,84000,105000,100000,93000,105000,105000,90000,120000,100000,110000,105000,0
CUST00589,852000,-30.1,72000,70000,78000,69000,62000,83000,89000,72000,85000,76000,96000,0
CUST00590,1590000,16.6,116000,104000,120000,173000,99000,103000,126000,132000,146000,144000,147000,180000
CUST00591,20000,-80.0,3000,3000,2000,2000,2000,2000,2000,2000,1000,1000,0,0
CUST00592,689000,-41.6,66000,59000,57000,58000,54000,64000,45000,89000,75000,60000,62000,0
CUST00593,1492000,-17.6,79000,161000,96000,106000,99000,163000,150000,137000,145000,181000,175000,0
CUST00594,99000,-71.9,11000,12000,9000,8000,8000,10000,11000,11000,10000,9000,0,0
CUST00595,2494000,39.0,152000,166000,173000,204000,143000,246000,179000,175000,236000,248000,259000,313000
CUST00596,150000,-37.5,16000,15000,13000,14000,14000,13000,15000,14000,11000,13000,12000,0
CUST00597,274000,-67.1,32000,37000,24000,25000,24000,27000,24000,27000,28000,26000,0,0
CUST00598,121000,-25.8,11000,14000,10000,15000,9000,8000,9000,12000,10000,11000,12000,0
CUST00599,4000,0.0,1000,1000,1000,1000,0,0,0,0,0,0,0,0
CUST00600,780000,-35.2,66000,49000,67000,82000,66000,66000,89000,67000,77000,78000,73000,0
CUST00601,4347000,36.5,327000,323000,304000,389000,334000,319000,318000,323000,353000,469000,460000,428000
CUST00602,0,0.0,0,0,0,0,0,0,0,0,0,0,0,0
CUST00603,98000,-100.0,14000,13000,11000,14000,11000,10000,12000,13000,0,0,0,0
CUST00604,394000,-100.0,70000,65000,51000,58000,31000,41000,36000,42000,0,0,0,0
CUST00605,17000,-100.0,2000,2000,2000,2000,2000,2000,2000,2000,1000,0,0,0
CUST00606,110000,0.0,22000,20000,15000,21000,14000,18000,0,0,0,0,0,0
CUST00607,536000,-60.1,48000,51000,61000,49000,57000,63000,51000,56000,41000,59000,0,0
CUST00608,2924000,14.9,142000,150000,169000,250000,182000,237000,214000,356000,265000,257000,400000,302000
CUST00609,760000,3.6,82000,84000,77000,65000,66000,50000,60000,58000,47000,52000,60000,59000
CUST00610,74000,-31.8,5000,6000,6000,8000,6000,6000,7000,9000,6000,8000,7000,0
CUST00611,165000,-68.8,15000,17000,17000,18000,15000,20000,17000,16000,15000,15000,0,0
CUST00612,620000,3.2,44000,38000,73000,53000,38000,53000,47000,51000,60000,47000,52000,64000
CUST00613,72000,0.0,25000,18000,17000,12000,0,0,0,0,0,0,0,0
CUST00614,10000,0.0,2000,2000,2000,2000,1000,1000,0,0,0,0,0,0
CUST00615,1285000,-25.7,73000,100000,110000,92000,114000,104000,137000,108000,152000,136000,159000,0
CUST00616,244000,-100.0,41000,30000,28000,37000,36000,24000,28000,20000,0,0,0,0
CUST00617,77000,-100.0,11000,10000,12000,11000,9000,9000,7000,8000,0,0,0,0
CUST00618,1319000,7.7,125000,106000,100000,105000,126000,86000,112000,109000,102000,136000,107000,105000
CUST00619,7495000,19.6,543000,659000,514000,519000,447000,592000,621000,635000,666000,837000,831000,631000
CUST00620,3608000,34.3,123000,181000,212000,228000,264000,294000,283000,469000,232000,517000,378000,427000
CUST00621,12000,-100.0,1000,2000,2000,1000,1000,2000,1000,1000,1000,0,0,0
CUST00622,583000,-65.4,57000,55000,58000,67000,53000,52000,60000,50000,69000,62000,0,0
CUST00623,21000,-100.0,3000,3000,3000,3000,2000,3000,2000,2000,0,0,0,0
CUST00624,1077000,4.5,89000,103000,88000,107000,89000,106000,91000,81000,70000,98000,77000,78000
CUST00625,463000,-100.0,74000,60000,42000,54000,60000,43000,49000,34000,47000,0,0,0
CUST00626,188000,-2.2,15000,15000,19000,21000,15000,14000,15000,15000,15000,15000,15000,14000
CUST00627,410000,-100.0,41000,51000,54000,43000,39000,45000,39000,50000,48000,0,0,0
CUST00628,1969000,16.8,106000,96000,184000,142000,123000,130000,142000,176000,230000,207000,215000,218000
CUST00629,1076000,-61.7,70000,76000,98000,115000,98000,113000,106000,115000,145000,140000,0,0
CUST00630,68000,0.0,13000,14000,15000,13000,13000,0,0,0,0,0,0,0
CUST00631,80000,-100.0,11000,13000,10000,9000,7000,9000,10000,11000,0,0,0,0
CUST00632,16000,-100.0,3000,3000,2000,1000,2000,2000,1000,2000,0,0,0,0
CUST00633,7507000,29.2,286000,330000,464000,429000,566000,663000,651000,719000,711000,705000,1006000,977000
CUST00634,743000,-26.5,62000,53000,60000,60000,65000,63000,64000,85000,70000,90000,71000,0
CUST00635,4697000,46.5,174000,203000,265000,385000,326000,354000,355000,416000,442000,449000,633000,695000
CUST00636,2452000,41.9,155000,202000,132000,183000,172000,188000,200000,231000,156000,246000,253000,334000
CUST00637,374000,18.7,27000,26000,31000,34000,27000,30000,32000,22000,37000,37000,32000,39000
CUST00638,122000,-100.0,14000,15000,13000,18000,14000,13000,15000,20000,0,0,0,0
CUST00639,66000,-100.0,9000,10000,8000,9000,7000,8000,7000,8000,0,0,0,0
CUST00640,50000,-100.0,7000,7000,7000,4000,6000,6000,5000,5000,3000,0,0,0
CUST00641,8000,-100.0,1000,1000,1000,1000,1000,1000,1000,1000,0,0,0,0
CUST00642,8000,-100.0,1000,1000,1000,1000,1000,1000,1000,1000,0,0,0,0
CUST00643,2146000,-0.5,124000,112000,150000,155000,143000,149000,201000,181000,276000,200000,273000,182000
CUST00644,161000,-34.9,14000,13000,20000,14000,15000,14000,14000,16000,13000,16000,12000,0
CUST00645,662000,6.6,54000,46000,46000,47000,46000,49000,57000,65000,59000,58000,70000,65000
CUST00646,29000,0.0,5000,6000,7000,4000,3000,4000,0,0,0,0,0,0
CUST00647,786000,7.9,59000,40000,47000,69000,54000,72000,55000,74000,85000,76000,73000,82000
CUST00648,994000,-43.5,105000,101000,72000,95000,93000,93000,102000,97000,79000,84000,73000,0
CUST00649,303000,14.6,22000,23000,26000,20000,19000,17000,36000,23000,23000,39000,24000,31000
CUST00650,1862000,34.0,106000,143000,134000,224000,178000,155000,112000,148000,134000,144000,183000,201000
CUST00651,89000,-9.5,11000,8000,7000,8000,6000,9000,8000,6000,7000,7000,6000,6000
CUST00652,99000,-100.0,16000,14000,13000,11000,11000,10000,8000,9000,7000,0,0,0
CUST00653,112000,-30.0,8000,10000,9000,11000,10000,13000,12000,10000,8000,10000,11000,0
CUST00654,851000,8.7,81000,78000,75000,68000,60000,80000,61000,77000,58000,71000,61000,81000
CUST00655,250000,-100.0,41000,37000,26000,32000,24000,21000,24000,20000,25000,0,0,0
CUST00656,260000,-39.2,21000,24000,29000,26000,20000,21000,27000,22000,25000,24000,21000,0
CUST00657,116000,-100.0,13000,16000,14000,14000,13000,12000,12000,10000,12000,0,0,0
CUST00658,251000,-68.1,31000,19000,26000,29000,26000,25000,28000,24000,20000,23000,0,0
CUST00659,354000,-18.7,32000,33000,33000,35000,24000,32000,32000,29000,30000,26000,24000,24000
CUST00660,204000,-26.9,23000,22000,22000,17000,14000,16000,17000,15000,20000,16000,22000,0
CUST00661,774000,8.1,64000,73000,60000,64000,74000,54000,58000,61000,66000,72000,69000,59000
CUST00662,19000,0.0,3000,3000,4000,3000,3000,3000,0,0,0,0,0,0
CUST00663,2165000,-34.6,196000,195000,162000,168000,185000,207000,253000,167000,216000,201000,215000,0
CUST00664,4177000,25.2,311000,256000,293000,276000,297000,370000,314000,353000,387000,388000,519000,413000
CUST00665,527000,18.7,38000,44000,35000,39000,38000,40000,48000,30000,56000,43000,60000,56000
CUST00666,26000,0.0,5000,4000,4000,5000,5000,3000,0,0,0,0,0,0
CUST00667,12000,0.0,3000,4000,3000,2000,0,0,0,0,0,0,0,0
CUST00668,201000,-69.3,19000,18000,15000,17000,15000,19000,22000,24000,29000,23000,0,0
CUST00669,11000,-33.3,1000,1000,1000,1000,1000,1000,1000,1000,1000,1000,1000,0
CUST00670,2419000,-31.0,207000,195000,209000,220000,182000,238000,232000,231000,228000,237000,240000,0
CUST00671,2998000,4.4,261000,207000,225000,195000,210000,269000,191000,261000,346000,322000,267000,244000
CUST00672,750000,-5.4,59000,69000,58000,60000,77000,67000,69000,51000,65000,64000,59000,52000
CUST00673,97000,0.0,20000,16000,20000,14000,12000,15000,0,0,0,0,0,0
CUST00674,4000,0.0,1000,1000,1000,1000,0,0,0,0,0,0,0,0
CUST00675,104000,43.5,10000,8000,8000,6000,9000,7000,7000,7000,9000,10000,12000,11000
CUST00676,763000,-42.7,55000,60000,61000,60000,57000,72000,71000,98000,84000,69000,76000,0
CUST00677,14000,-100.0,3000,1000,2000,2000,2000,1000,1000,2000,0,0,0,0
CUST00678,319000,-22.0,28000,23000,23000,37000,33000,29000,25000,32000,25000,35000,29000,0
CUST00679,325000,8.0,18000,26000,19000,18000,28000,35000,21000,39000,27000,32000,29000,33000
CUST00680,1475000,14.2,131000,97000,92000,139000,135000,95000,125000,101000,141000,131000,121000,167000
CUST00681,21905000,34.8,990000,806000,1154000,1314000,1744000,1809000,1724000,1728000,2548000,2512000,2634000,2942000
CUST00682,1586000,-29.7,125000,115000,141000,127000,122000,130000,144000,179000,162000,196000,145000,0
CUST00683,5252000,50.0,208000,295000,331000,376000,488000,334000,418000,388000,482000,777000,499000,656000
CUST00684,1349000,-23.0,128000,103000,133000,132000,95000,110000,127000,134000,105000,144000,138000,0
CUST00685,878000,-63.0,69000,103000,52000,86000,83000,85000,92000,87000,113000,108000,0,0
CUST00686,228000,-44.4,15000,16000,17000,21000,19000,28000,25000,28000,19000,18000,22000,0
CUST00687,659000,-46.8,71000,64000,56000,45000,73000,65000,56000,71000,59000,53000,46000,0
CUST00688,13000,0.0,13000,0,0,0,0,0,0,0,0,0,0,0
CUST00689,40000,0.0,8000,8000,5000,7000,7000,5000,0,0,0,0,0,0
CUST00690,1231000,-34.6,93000,123000,129000,95000,122000,95000,120000,124000,103000,135000,92000,0
CUST00691,123000,-65.9,10000,13000,13000,11000,10000,11000,11000,16000,14000,14000,0,0
CUST00692,132000,-100.0,16000,16000,14000,13000,13000,17000,14000,14000,15000,0,0,0
CUST00693,606000,-17.6,48000,35000,65000,39000,64000,45000,67000,46000,57000,53000,42000,45000
CUST00694,555000,-16.0,35000,46000,34000,58000,63000,54000,43000,55000,46000,53000,68000,0
CUST00695,297000,-72.3,37000,33000,26000,34000,30000,31000,25000,34000,24000,23000,0,0
CUST00696,409000,-100.0,49000,56000,45000,45000,41000,47000,46000,38000,42000,0,0,0
CUST00697,17000,-100.0,2000,3000,3000,3000,2000,2000,2000,0,0,0,0,0
CUST00698,969000,14.5,63000,68000,69000,57000,92000,86000,100000,67000,82000,94000,93000,98000
CUST00699,252000,-59.7,21000,28000,21000,22000,28000,24000,23000,25000,29000,31000,0,0
CUST00700,1977000,-70.5,239000,225000,234000,184000,187000,218000,192000,159000,182000,157000,0,0
CUST00701,173000,5.1,15000,14000,17000,14000,14000,19000,15000,13000,11000,17000,10000,14000
CUST00702,736000,-61.1,74000,79000,63000,68000,72000,73000,61000,71000,89000,86000,0,0
CUST00703,1163000,-41.9,97000,83000,90000,111000,127000,97000,105000,131000,117000,102000,103000,0
CUST00704,12000,-33.3,1000,1000,1000,2000,1000,1000,1000,1000,1000,1000,1000,0
CUST00705,726000,28.7,49000,49000,52000,55000,53000,61000,60000,61000,57000,80000,63000,86000
CUST00706,315000,-33.3,36000,28000,26000,31000,34000,25000,28000,28000,25000,22000,32000,0
CUST00707,0,0.0,0,0,0,0,0,0,0,0,0,0,0,0
CUST00708,24000,-100.0,5000,3000,5000,3000,3000,3000,2000,0,0,0,0,0
CUST00709,1247000,-24.9,97000,128000,125000,123000,136000,125000,106000,94000,93000,111000,109000,0
CUST00710,123000,13.8,10000,10000,9000,11000,11000,10000,8000,9000,12000,11000,13000,9000
CUST00711,130000,0.0,29000,22000,16000,22000,22000,19000,0,0,0,0,0,0
CUST00712,636000,-21.7,49000,50000,51000,60000,65000,49000,58000,62000,55000,67000,70000,0
CUST00713,22000,0.0,5000,5000,5000,3000,4000,0,0,0,0,0,0,0
CUST00714,19000,0.0,3000,3000,4000,3000,4000,2000,0,0,0,0,0,0
CUST00715,36000,-100.0,5000,5000,4000,5000,6000,4000,3000,4000,0,0,0,0
CUST00716,1600000,-1.6,140000,118000,101000,113000,118000,149000,162000,139000,133000,107000,181000,139000
CUST00717,336000,13.3,21000,23000,29000,31000,29000,26000,32000,26000,25000,34000,28000,32000
CUST00718,2323000,4.5,154000,147000,182000,213000,198000,202000,195000,190000,215000,187000,217000,223000
CUST00719,158000,-27.9,12000,14000,17000,14000,12000,15000,13000,15000,15000,17000,14000,0
CUST00720,136000,0.0,31000,21000,22000,20000,24000,18000,0,0,0,0,0,0
CUST00721,647000,-4.0,47000,45000,51000,55000,44000,58000,55000,57000,65000,48000,54000,68000
CUST00722,622000,-24.0,46000,50000,50000,47000,57000,64000,49000,68000,58000,70000,63000,0
CUST00723,3368000,11.2,248000,204000,202000,222000,260000,278000,276000,303000,346000,377000,320000,332000
CUST00724,39000,-100.0,6000,7000,5000,5000,4000,4000,4000,4000,0,0,0,0
CUST00725,2737000,18.7,126000,135000,157000,202000,209000,233000,232000,230000,304000,225000,369000,315000
CUST00726,9880000,19.1,543000,526000,817000,615000,744000,578000,930000,957000,878000,974000,725000,1593000
CUST00727,265000,-22.2,25000,25000,16000,24000,21000,26000,30000,22000,20000,30000,26000,0
CUST00728,5971000,23.0,308000,326000,343000,570000,359000,482000,505000,587000,515000,527000,558000,891000
CUST00729,215000,9.1,15000,15000,19000,13000,18000,20000,15000,21000,19000,16000,22000,22000
CUST00730,418000,-43.1,49000,39000,45000,44000,39000,31000,36000,41000,32000,35000,27000,0
CUST00731,440000,-44.1,37000,60000,34000,31000,40000,40000,45000,40000,42000,39000,32000,0
CUST00732,1291000,-4.1,70000,67000,98000,96000,78000,108000,114000,151000,130000,132000,124000,123000
CUST00733,7250000,4.1,347000,402000,420000,451000,622000,508000,756000,724000,725000,709000,651000,935000
CUST00734,501000,-25.6,38000,47000,50000,37000,42000,55000,37000,47000,49000,45000,54000,0
CUST00735,1058000,27.2,82000,73000,70000,81000,83000,92000,87000,87000,80000,121000,98000,104000
CUST00736,139000,-74.4,18000,18000,14000,12000,14000,14000,13000,11000,15000,10000,0,0
CUST00737,73000,-16.7,6000,8000,6000,7000,7000,6000,7000,5000,6000,5000,5000,5000
CUST00738,219000,-8.2,14000,19000,16000,21000,15000,17000,20000,20000,21000,18000,21000,17000
CUST00739,475000,7.8,35000,35000,42000,30000,32000,35000,43000,43000,42000,51000,45000,42000
CUST00740,1700000,-7.3,142000,143000,154000,107000,151000,155000,163000,149000,128000,162000,246000,0
CUST00741,17739000,51.4,918000,806000,694000,930000,1380000,1077000,1227000,1327000,2193000,2257000,2243000,2687000
CUST00742,6369000,20.9,287000,390000,366000,493000,474000,558000,458000,640000,623000,749000,644000,687000
CUST00743,22000,0.0,6000,5000,6000,5000,0,0,0,0,0,0,0,0
CUST00744,6987000,64.9,310000,320000,397000,423000,535000,559000,526000,486000,665000,939000,1062000,765000
CUST00745,200000,-30.0,16000,15000,16000,14000,18000,19000,17000,22000,21000,24000,18000,0
CUST00746,690000,-26.6,49000,50000,67000,54000,60000,58000,72000,63000,68000,75000,74000,0
CUST00747,965000,-16.6,76000,78000,110000,74000,91000,72000,82000,91000,80000,68000,79000,64000
CUST00748,316000,-45.7,30000,32000,25000,25000,28000,34000,32000,29000,31000,24000,26000,0
CUST00749,24000,-100.0,3000,3000,2000,3000,3000,3000,2000,3000,2000,0,0,0
CUST00750,116000,-76.5,15000,11000,12000,12000,12000,12000,11000,10000,13000,8000,0,0
CUST00751,602000,-57.7,49000,51000,44000,57000,50000,72000,59000,63000,74000,83000,0,0
CUST00752,1505000,-1.8,129000,90000,119000,91000,127000,158000,111000,136000,152000,145000,126000,121000
CUST00753,114000,-72.7,15000,13000,10000,14000,11000,9000,12000,10000,11000,9000,0,0
CUST00754,1220000,3.1,122000,95000,124000,89000,94000,115000,111000,90000,85000,112000,93000,90000
CUST00755,601000,-24.9,42000,53000,43000,63000,61000,43000,58000,58000,53000,61000,66000,0
CUST00756,463000,-67.2,56000,41000,46000,53000,40000,45000,44000,46000,47000,45000,0,0
CUST00757,289000,-18.3,22000,21000,24000,27000,24000,22000,32000,23000,27000,33000,34000,0
CUST00758,20000,0.0,5000,4000,3000,4000,4000,0,0,0,0,0,0,0
CUST00759,63000,12.5,4000,4000,5000,4000,5000,7000,4000,6000,6000,7000,5000,6000
CUST00760,489000,-21.2,44000,46000,46000,49000,26000,42000,44000,49000,39000,52000,52000,0
CUST00761,47000,-100.0,5000,6000,7000,4000,6000,4000,5000,5000,5000,0,0,0
CUST00762,932000,-7.3,90000,90000,78000,77000,82000,64000,71000,78000,85000,78000,68000,71000
CUST00763,17378000,52.3,881000,836000,1152000,1320000,1418000,1179000,1427000,1398000,1374000,1636000,1864000,2893000
CUST00764,10266000,60.6,472000,479000,686000,556000,743000,522000,817000,685000,1110000,1155000,1464000,1577000
CUST00765,56000,-100.0,8000,7000,7000,6000,5000,6000,6000,6000,5000,0,0,0
CUST00766,4932000,30.1,272000,367000,387000,263000,322000,406000,391000,477000,399000,485000,578000,585000
CUST00767,1692000,43.4,120000,121000,101000,102000,138000,122000,132000,110000,164000,187000,209000,186000
CUST00768,2379000,16.6,170000,164000,148000,186000,190000,206000,191000,193000,223000,247000,182000,279000
CUST00769,2487000,13.3,172000,184000,237000,154000,181000,215000,206000,202000,222000,218000,191000,305000
CUST00770,649000,-32.5,72000,66000,61000,74000,51000,67000,52000,47000,55000,55000,49000,0
CUST00771,113000,-39.3,11000,13000,10000,12000,11000,11000,10000,8000,10000,9000,8000,0
CUST00772,586000,-70.8,74000,74000,52000,59000,61000,49000,56000,55000,57000,49000,0,0
CUST00773,264000,1.5,24000,19000,21000,23000,21000,25000,21000,20000,24000,17000,24000,25000
CUST00774,21000,-100.0,4000,3000,3000,3000,2000,2000,2000,2000,0,0,0,0
CUST00775,709000,17.0,62000,58000,55000,55000,52000,69000,52000,53000,60000,83000,61000,49000
CUST00776,178000,-100.0,27000,27000,32000,24000,23000,25000,20000,0,0,0,0,0
CUST00777,116000,-75.0,13000,11000,11000,12000,12000,12000,13000,14000,9000,9000,0,0
CUST00778,942000,18.0,62000,67000,70000,67000,79000,89000,71000,88000,74000,92000,88000,95000
CUST00779,35000,-100.0,5000,4000,5000,5000,4000,3000,5000,4000,0,0,0,0
CUST00780,5000,0.0,1000,1000,1000,1000,1000,0,0,0,0,0,0,0
CUST00781,58000,-70.6,7000,6000,6000,7000,6000,4000,5000,7000,5000,5000,0,0
CUST00782,45000,-100.0,6000,5000,9000,7000,4000,6000,4000,4000,0,0,0,0
CUST00783,1187000,-24.3,137000,90000,117000,104000,98000,142000,98000,81000,105000,105000,110000,0
CUST00784,1095000,-29.2,90000,83000,112000,133000,85000,100000,103000,87000,98000,100000,104000,0
CUST00785,40000,10.0,4000,4000,3000,3000,2000,3000,3000,3000,4000,4000,3000,4000
CUST00786,81000,-28.6,7000,7000,8000,6000,10000,7000,6000,7000,8000,7000,8000,0
CUST00787,38000,-100.0,5000,6000,5000,5000,4000,5000,5000,3000,0,0,0,0
CUST00788,534000,-41.2,55000,49000,50000,41000,57000,39000,49000,67000,37000,40000,50000,0
CUST00789,85000,0.0,22000,17000,15000,16000,15000,0,0,0,0,0,0,0
CUST00790,739000,-41.2,61000,63000,63000,59000,84000,74000,78000,72000,61000,58000,66000,0
CUST00791,575000,16.0,38000,32000,45000,45000,36000,55000,48000,47000,55000,51000,64000,59000
CUST00792,1823000,-24.8,156000,163000,182000,143000,203000,128000,139000,182000,163000,206000,158000,0
CUST00793,1630000,58.0,135000,88000,99000,152000,103000,137000,121000,105000,129000,165000,216000,180000
CUST00794,10909000,20.6,447000,472000,668000,938000,812000,882000,871000,1065000,1097000,1140000,1096000,1421000
CUST00795,5568000,27.2,351000,283000,327000,428000,365000,486000,524000,416000,525000,680000,706000,477000
CUST00796,126000,-60.5,10000,13000,13000,10000,14000,13000,11000,13000,14000,15000,0,0
CUST00797,9295000,25.9,894000,596000,687000,635000,799000,690000,715000,760000,736000,1109000,671000,1003000
CUST00798,258000,-100.0,35000,26000,25000,27000,19000,41000,23000,25000,37000,0,0,0
CUST00799,32000,-100.0,6000,3000,3000,4000,3000,4000,3000,3000,3000,0,0,0
CUST00800,219000,-100.0,24000,20000,28000,24000,29000,20000,25000,26000,23000,0,0,0
CUST00801,10000,0.0,2000,2000,2000,2000,1000,1000,0,0,0,0,0,0
CUST00802,981000,-31.2,93000,99000,87000,99000,86000,100000,75000,90000,82000,103000,67000,0
CUST00803,27000,0.0,5000,4000,5000,5000,4000,4000,0,0,0,0,0,0
CUST00804,1387000,-20.6,101000,131000,135000,143000,104000,111000,146000,118000,105000,148000,145000,0
CUST00805,1246000,23.9,49000,50000,74000,101000,102000,120000,73000,121000,141000,142000,122000,151000
CUST00806,8473000,16.8,384000,391000,609000,406000,525000,750000,798000,898000,798000,807000,1257000,850000
CUST00807,178000,-64.3,23000,16000,16000,12000,18000,17000,16000,23000,17000,20000,0,0
CUST00808,1223000,-40.3,98000,89000,103000,114000,121000,107000,112000,141000,117000,133000,88000,0
CUST00809,1141000,-63.9,85000,128000,102000,125000,114000,82000,111000,145000,115000,134000,0,0
CUST00810,91000,-100.0,14000,11000,16000,12000,11000,10000,10000,7000,0,0,0,0
CUST00811,3852000,-2.8,270000,281000,311000,366000,305000,239000,319000,395000,341000,311000,358000,356000
CUST00812,1592000,8.3,142000,132000,109000,149000,121000,114000,154000,145000,97000,147000,152000,130000
CUST00813,11000,0.0,3000,2000,2000,2000,2000,0,0,0,0,0,0,0
CUST00814,1867000,-24.6,175000,160000,176000,173000,162000,195000,150000,155000,166000,169000,186000,0
CUST00815,8671000,32.9,447000,476000,549000,541000,553000,647000,628000,916000,799000,1211000,916000,988000
CUST00816,67000,-100.0,10000,11000,9000,10000,9000,10000,8000,0,0,0,0,0
CUST00817,256000,-47.5,39000,28000,32000,24000,25000,18000,17000,17000,25000,17000,14000,0
CUST00818,94000,-34.8,10000,10000,9000,8000,9000,10000,8000,8000,7000,8000,7000,0
CUST00819,1093000,-29.5,107000,86000,102000,75000,103000,95000,115000,78000,115000,127000,90000,0
CUST00820,413000,-26.5,30000,33000,45000,38000,38000,33000,44000,37000,32000,35000,48000,0
CUST00821,8105000,13.3,422000,516000,508000,463000,675000,622000,716000,709000,872000,766000,860000,976000
CUST00822,1378000,-30.3,88000,95000,82000,106000,107000,155000,133000,132000,174000,143000,163000,0
CUST00823,517000,-67.5,39000,52000,50000,56000,70000,46000,49000,59000,46000,50000,0,0
CUST00824,2035000,-17.3,140000,208000,157000,180000,211000,189000,186000,166000,168000,205000,225000,0
CUST00825,0,0.0,0,0,0,0,0,0,0,0,0,0,0,0
CUST00826,10009000,61.1,624000,603000,669000,754000,740000,718000,696000,912000,652000,1122000,1219000,1300000
CUST00827,65000,-31.6,6000,6000,5000,5000,5000,6000,6000,6000,7000,6000,7000,0
CUST00828,148000,16.7,15000,9000,12000,13000,8000,13000,14000,11000,11000,13000,13000,16000
CUST00829,7000,-100.0,1000,1000,1000,1000,0,1000,0,1000,1000,0,0,0
CUST00830,2265000,24.0,202000,158000,171000,165000,188000,187000,183000,178000,172000,179000,227000,255000
CUST00831,620000,-4.6,44000,46000,39000,52000,59000,42000,58000,63000,52000,62000,50000,53000
CUST00832,67000,-15.8,6000,6000,5000,4000,6000,5000,7000,7000,5000,9000,7000,0
CUST00833,593000,-35.5,50000,51000,53000,52000,49000,60000,51000,66000,52000,54000,55000,0
CUST00834,359000,-18.6,31000,27000,35000,28000,34000,28000,35000,32000,30000,44000,35000,0
CUST00835,44000,-100.0,6000,7000,8000,6000,4000,6000,7000,0,0,0,0,0
CUST00836,92000,8.7,7000,8000,6000,7000,8000,8000,8000,8000,7000,8000,9000,8000
CUST00837,122000,-78.6,19000,16000,14000,14000,14000,11000,8000,11000,9000,6000,0,0
CUST00838,121000,0.0,21000,20000,19000,18000,22000,21000,0,0,0,0,0,0
CUST00839,631000,-34.5,49000,63000,49000,72000,61000,49000,48000,67000,59000,49000,65000,0
CUST00840,800000,-30.4,64000,57000,59000,55000,70000,71000,93000,67000,90000,70000,104000,0
CUST00841,6762000,-4.8,454000,527000,417000,510000,556000,536000,761000,555000,611000,535000,682000,618000
CUST00842,13000,-100.0,2000,2000,2000,1000,2000,2000,2000,0,0,0,0,0
CUST00843,414000,-30.8,37000,33000,38000,45000,43000,37000,33000,34000,40000,37000,37000,0
CUST00844,954000,-36.2,66000,93000,111000,95000,87000,76000,96000,89000,75000,103000,63000,0
CUST00845,587000,23.0,37000,43000,44000,39000,44000,41000,48000,51000,53000,55000,57000,75000
CUST00846,72000,-100.0,10000,8000,10000,9000,7000,7000,9000,7000,5000,0,0,0
CUST00847,558000,-21.2,37000,41000,39000,59000,53000,43000,47000,64000,49000,54000,72000,0
CUST00848,466000,-43.0,27000,36000,45000,37000,42000,45000,43000,58000,48000,41000,44000,0
CUST00849,2470000,18.1,167000,177000,169000,181000,175000,166000,250000,226000,182000,247000,303000,227000
CUST00850,72000,-66.7,11000,7000,8000,8000,7000,7000,6000,6000,6000,6000,0,0
CUST00851,208000,28.9,14000,14000,18000,15000,23000,21000,13000,17000,15000,17000,19000,22000
CUST00852,420000,-15.9,34000,37000,32000,39000,41000,40000,36000,38000,33000,30000,36000,24000
CUST00853,13000,0.0,3000,4000,3000,3000,0,0,0,0,0,0,0,0
CUST00854,50000,-8.3,5000,4000,4000,5000,5000,4000,4000,4000,4000,4000,3000,4000
CUST00855,57000,-100.0,6000,4000,8000,6000,7000,7000,5000,8000,6000,0,0,0
CUST00856,171000,-38.3,15000,17000,13000,16000,14000,20000,16000,18000,13000,15000,14000,0
CUST00857,49000,-41.7,6000,4000,5000,5000,6000,4000,5000,3000,4000,3000,4000,0
CUST00858,53000,-73.3,7000,6000,5000,6000,6000,4000,6000,5000,4000,4000,0,0
CUST00859,554000,-38.9,73000,57000,42000,52000,57000,41000,54000,49000,41000,39000,49000,0
CUST00860,84000,-24.0,5000,9000,5000,8000,7000,6000,9000,7000,9000,7000,5000,7000
CUST00861,41000,-100.0,8000,6000,6000,6000,5000,5000,5000,0,0,0,0,0
CUST00862,38000,-100.0,7000,7000,5000,4000,5000,6000,4000,0,0,0,0,0
CUST00863,332000,-100.0,40000,51000,37000,43000,48000,37000,35000,41000,0,0,0,0
CUST00864,1330000,-28.0,111000,101000,81000,120000,103000,114000,141000,149000,117000,123000,170000,0
CUST00865,3616000,32.9,182000,177000,263000,250000,259000,345000,230000,359000,330000,323000,389000,509000
CUST00866,7000,0.0,7000,0,0,0,0,0,0,0,0,0,0,0
CUST00867,25000,-100.0,4000,4000,2000,3000,3000,3000,2000,2000,2000,0,0,0
CUST00868,139000,-73.2,17000,13000,16000,17000,12000,12000,18000,12000,11000,11000,0,0
CUST00869,1589000,5.9,84000,108000,107000,117000,109000,150000,153000,118000,173000,135000,181000,154000
CUST00870,1899000,-28.1,120000,150000,143000,173000,130000,167000,174000,179000,238000,206000,219000,0
CUST00871,72000,-100.0,12000,12000,10000,9000,8000,7000,8000,6000,0,0,0,0
CUST00872,3515000,44.1,177000,190000,152000,172000,269000,202000,285000,339000,340000,419000,371000,599000
CUST00873,87000,-65.4,8000,11000,9000,7000,8000,9000,9000,9000,8000,9000,0,0
CUST00874,110000,-100.0,13000,12000,12000,11000,11000,11000,11000,16000,13000,0,0,0
CUST00875,140000,-100.0,18000,24000,20000,16000,16000,18000,17000,11000,0,0,0,0
CUST00876,23000,0.0,4000,4000,4000,4000,4000,3000,0,0,0,0,0,0
CUST00877,298000,-37.1,23000,29000,26000,31000,24000,20000,30000,26000,33000,31000,25000,0
CUST00878,2045000,0.2,102000,154000,119000,175000,164000,186000,144000,202000,226000,220000,188000,165000
CUST00879,17000,-66.6,1000,2000,1000,2000,2000,1000,2000,2000,2000,2000,0,0
CUST00880,597000,-28.4,63000,50000,60000,43000,42000,49000,49000,50000,70000,57000,64000,0
CUST00881,682000,-72.9,45000,78000,69000,60000,70000,97000,69000,67000,71000,56000,0,0
CUST00882,2451000,1.5,139000,175000,187000,240000,186000,182000,189000,236000,241000,193000,279000,204000
CUST00883,67000,-100.0,8000,9000,9000,7000,9000,9000,9000,7000,0,0,0,0
CUST00884,1466000,-25.6,102000,130000,130000,134000,120000,109000,130000,153000,142000,198000,118000,0
CUST00885,448000,-10.9,31000,37000,35000,37000,44000,39000,42000,43000,34000,33000,34000,39000
CUST00886,749000,8.0,51000,67000,63000,56000,57000,66000,64000,50000,73000,62000,77000,63000
CUST00887,448000,-22.2,41000,42000,40000,38000,49000,30000,46000,35000,36000,46000,45000,0
CUST00888,11725000,58.6,628000,619000,682000,882000,1046000,736000,903000,737000,1118000,1043000,1523000,1808000
CUST00889,200000,-50.0,19000,18000,16000,13000,17000,21000,22000,21000,21000,16000,16000,0
CUST00890,247000,-4.8,23000,18000,24000,21000,21000,19000,18000,18000,26000,19000,21000,19000
CUST00891,662000,-49.3,44000,57000,63000,42000,60000,60000,61000,81000,81000,60000,53000,0
CUST00892,37000,-100.0,5000,4000,4000,4000,4000,5000,4000,3000,4000,0,0,0
CUST00893,576000,-65.4,62000,62000,49000,59000,39000,64000,58000,69000,52000,62000,0,0
CUST00894,6915000,-6.9,365000,475000,420000,546000,338000,514000,757000,636000,812000,647000,695000,710000
CUST00895,214000,-100.0,33000,24000,28000,26000,24000,22000,22000,17000,18000,0,0,0
CUST00896,21000,0.0,4000,4000,3000,3000,4000,3000,0,0,0,0,0,0
CUST00897,2497000,-18.3,208000,226000,186000,212000,215000,202000,183000,206000,298000,327000,234000,0
CUST00898,1150000,-25.6,93000,111000,98000,120000,103000,88000,104000,97000,107000,125000,104000,0
CUST00899,330000,-44.9,26000,39000,29000,29000,29000,26000,36000,33000,29000,29000,25000,0
CUST00900,98000,-32.1,7000,8000,9000,6000,9000,12000,9000,10000,9000,11000,8000,0
CUST00901,482000,-39.0,39000,39000,34000,45000,50000,40000,46000,45000,55000,43000,46000,0
CUST00902,378000,-62.8,34000,32000,40000,45000,36000,25000,45000,36000,40000,45000,0,0
CUST00903,1150000,29.4,94000,73000,71000,85000,99000,88000,89000,96000,94000,109000,107000,145000
CUST00904,454000,-73.2,59000,39000,45000,42000,45000,35000,61000,48000,40000,40000,0,0
CUST00905,29000,-42.9,4000,3000,2000,3000,3000,3000,2000,3000,2000,2000,2000,0
CUST00906,464000,-71.1,52000,49000,55000,45000,55000,43000,45000,49000,34000,37000,0,0
CUST00907,267000,40.4,20000,17000,23000,18000,22000,30000,17000,18000,22000,27000,24000,29000
CUST00908,4767000,27.9,283000,275000,260000,305000,349000,401000,435000,451000,384000,539000,511000,574000
CUST00909,766000,-18.7,56000,76000,70000,77000,78000,50000,73000,66000,59000,77000,84000,0
CUST00910,929000,-1.7,94000,80000,86000,77000,54000,64000,77000,78000,84000,88000,79000,68000
CUST00911,12000,0.0,2000,2000,2000,2000,2000,2000,0,0,0,0,0,0
CUST00912,28000,-100.0,3000,3000,3000,3000,3000,3000,4000,3000,3000,0,0,0
CUST00913,55000,-100.0,9000,6000,8000,9000,6000,9000,8000,0,0,0,0,0
CUST00914,115000,-100.0,15000,19000,14000,14000,15000,17000,21000,0,0,0,0,0
CUST00915,57000,-100.0,8000,7000,9000,6000,6000,6000,6000,4000,5000,0,0,0
CUST00916,6000,0.0,1000,1000,1000,1000,1000,1000,0,0,0,0,0,0
CUST00917,3258000,41.5,129000,199000,214000,237000,257000,251000,297000,233000,286000,303000,434000,418000
CUST00918,3755000,24.4,217000,217000,282000,353000,253000,310000,280000,339000,327000,345000,407000,425000
CUST00919,131000,-59.4,13000,15000,16000,17000,12000,13000,11000,11000,10000,13000,0,0
CUST00920,1038000,-25.2,97000,90000,85000,89000,81000,96000,92000,87000,107000,112000,102000,0
CUST00921,2538000,12.8,143000,188000,216000,151000,221000,176000,272000,204000,202000,266000,181000,318000
CUST00922,13000,0.0,2000,2000,3000,2000,2000,2000,0,0,0,0,0,0
CUST00923,94000,-20.8,8000,9000,8000,8000,9000,9000,9000,8000,7000,6000,7000,6000
CUST00924,181000,-24.4,21000,20000,20000,16000,16000,16000,15000,10000,16000,15000,16000,0
CUST00925,386000,-29.9,44000,35000,29000,39000,37000,37000,34000,24000,39000,34000,34000,0
CUST00926,652000,-34.6,47000,59000,56000,68000,65000,51000,53000,66000,66000,56000,65000,0
CUST00927,690000,-2.6,44000,51000,48000,56000,56000,58000,68000,66000,57000,54000,66000,66000
CUST00928,145000,-100.0,22000,20000,18000,20000,18000,22000,25000,0,0,0,0,0
CUST00929,1177000,-62.0,112000,100000,88000,92000,142000,127000,130000,121000,123000,142000,0,0
CUST00930,65000,-100.0,15000,8000,12000,9000,8000,7000,6000,0,0,0,0,0
CUST00931,1142000,34.5,72000,73000,100000,90000,85000,56000,99000,101000,84000,113000,119000,150000
CUST00932,171000,-32.6,16000,14000,17000,16000,13000,18000,16000,16000,14000,17000,14000,0
CUST00933,894000,-34.1,78000,98000,77000,80000,101000,95000,83000,67000,70000,65000,80000,0
CUST00934,10000,0.0,2000,1000,2000,2000,2000,1000,0,0,0,0,0,0
CUST00935,45000,-100.0,7000,6000,5000,7000,7000,6000,7000,0,0,0,0,0
CUST00936,94000,-46.2,10000,9000,6000,9000,11000,9000,8000,9000,9000,7000,7000,0
CUST00937,5000,0.0,1000,1000,1000,1000,1000,0,0,0,0,0,0,0
CUST00938,5462000,-1.5,448000,394000,433000,363000,509000,538000,483000,452000,464000,433000,448000,497000
CUST00939,16000,-100.0,3000,2000,2000,3000,2000,2000,2000,0,0,0,0,0
CUST00940,3072000,37.1,183000,146000,197000,230000,226000,222000,255000,311000,222000,245000,406000,429000
CUST00941,124000,-29.7,8000,12000,10000,13000,10000,8000,10000,13000,14000,13000,13000,0
CUST00942,41000,-100.0,4000,6000,4000,5000,3000,5000,5000,4000,5000,0,0,0
CUST00943,228000,-30.3,23000,20000,18000,20000,18000,17000,20000,20000,26000,25000,21000,0
CUST00944,353000,-57.6,36000,40000,43000,35000,39000,29000,35000,29000,28000,39000,0,0
CUST00945,300000,-32.9,24000,26000,34000,25000,23000,41000,23000,29000,24000,26000,25000,0
CUST00946,68000,-17.6,5000,5000,6000,6000,9000,6000,5000,6000,6000,8000,6000,0
CUST00947,37000,0.0,8000,9000,8000,5000,7000,0,0,0,0,0,0,0
CUST00948,95000,-100.0,18000,17000,12000,13000,12000,13000,10000,0,0,0,0,0
CUST00949,63000,0.0,16000,13000,12000,22000,0,0,0,0,0,0,0,0
CUST00950,234000,-21.9,23000,21000,23000,17000,22000,14000,22000,19000,23000,21000,29000,0
CUST00951,679000,-37.1,48000,53000,74000,64000,72000,78000,54000,57000,67000,59000,53000,0
CUST00952,999000,-15.1,79000,90000,74000,82000,91000,93000,69000,96000,100000,106000,119000,0
CUST00953,257000,-46.8,25000,23000,18000,25000,22000,26000,29000,22000,26000,21000,20000,0
CUST00954,94000,4.2,7000,7000,7000,10000,7000,7000,8000,7000,9000,8000,9000,8000
CUST00955,312000,-100.0,44000,49000,55000,33000,34000,34000,33000,30000,0,0,0,0
CUST00956,61000,-100.0,10000,9000,11000,8000,8000,7000,8000,0,0,0,0,0
CUST00957,25000,-100.0,4000,4000,3000,3000,4000,3000,4000,0,0,0,0,0
CUST00958,1487000,-69.7,121000,129000,125000,140000,160000,133000,184000,177000,160000,158000,0,0
CUST00959,308000,-100.0,51000,43000,39000,32000,38000,38000,23000,22000,22000,0,0,0
CUST00960,904000,-60.2,56000,82000,98000,82000,75000,86000,92000,122000,90000,121000,0,0
CUST00961,575000,-27.2,38000,40000,40000,51000,54000,53000,54000,53000,66000,50000,76000,0
CUST00962,3534000,3.1,182000,276000,279000,221000,259000,262000,369000,275000,368000,341000,366000,336000
CUST00963,4797000,21.1,276000,291000,316000,280000,317000,388000,341000,417000,567000,566000,568000,470000
CUST00964,3913000,2.3,268000,349000,321000,288000,285000,334000,341000,309000,372000,373000,326000,347000
CUST00965,19000,-100.0,3000,2000,3000,3000,2000,2000,2000,2000,0,0,0,0
CUST00966,78000,-43.5,9000,8000,8000,6000,6000,5000,6000,8000,9000,6000,7000,0
CUST00967,303000,-100.0,34000,52000,36000,33000,30000,34000,30000,27000,27000,0,0,0
CUST00968,67000,17.6,6000,4000,5000,5000,5000,5000,5000,6000,6000,7000,7000,6000
CUST00969,101000,-11.5,9000,7000,7000,9000,10000,10000,9000,9000,8000,12000,11000,0
CUST00970,1653000,-27.2,142000,199000,105000,182000,171000,118000,151000,144000,131000,158000,152000,0
CUST00971,797000,-67.8,54000,82000,64000,84000,91000,73000,94000,78000,92000,85000,0,0
CUST00972,15639000,55.7,1105000,817000,957000,1378000,1029000,856000,1132000,1134000,1448000,2180000,1780000,1823000
CUST00973,5706000,4.1,354000,325000,498000,398000,417000,406000,526000,683000,412000,652000,530000,505000
CUST00974,21000,-100.0,4000,3000,3000,3000,2000,2000,2000,2000,0,0,0,0
CUST00975,321000,-45.6,31000,22000,36000,36000,23000,34000,31000,36000,23000,26000,23000,0
CUST00976,407000,-8.1,48000,37000,34000,29000,26000,43000,28000,39000,32000,40000,51000,0
CUST00977,1860000,36.3,109000,153000,145000,116000,123000,179000,138000,126000,174000,157000,226000,214000
CUST00978,252000,-9.2,22000,23000,18000,19000,22000,24000,21000,25000,19000,29000,30000,0
CUST00979,352000,24.4,31000,19000,18000,35000,27000,29000,24000,30000,32000,39000,36000,32000
CUST00980,1258000,-14.3,96000,123000,93000,113000,89000,96000,106000,99000,144000,108000,97000,94000
CUST00981,0,0.0,0,0,0,0,0,0,0,0,0,0,0,0
CUST00982,83000,-100.0,14000,14000,13000,11000,12000,9000,10000,0,0,0,0,0
CUST00983,21000,-66.6,2000,2000,2000,2000,3000,2000,2000,2000,2000,2000,0,0
CUST00984,544000,-66.2,58000,53000,55000,53000,63000,48000,69000,49000,42000,54000,0,0
CUST00985,314000,-48.3,33000,24000,31000,24000,31000,36000,34000,33000,22000,46000,0,0
CUST00986,141000,-100.0,24000,20000,18000,16000,24000,17000,22000,0,0,0,0,0
CUST00987,628000,-31.9,49000,62000,53000,59000,73000,63000,50000,54000,56000,60000,49000,0
CUST00988,2012000,14.5,113000,181000,142000,106000,139000,147000,219000,209000,124000,185000,201000,246000
CUST00989,1066000,-76.9,99000,119000,94000,108000,95000,109000,112000,129000,118000,83000,0,0
CUST00990,80000,-100.0,12000,8000,10000,9000,11000,9000,9000,6000,6000,0,0,0
CUST00991,1409000,2.4,116000,110000,101000,115000,115000,95000,111000,103000,160000,111000,150000,122000
CUST00992,58000,-100.0,8000,9000,8000,6000,5000,6000,6000,5000,5000,0,0,0
CUST00993,95000,-65.4,9000,11000,8000,13000,10000,9000,10000,9000,7000,9000,0,0
CUST00994,1463000,19.8,90000,75000,109000,106000,94000,136000,139000,120000,129000,166000,138000,161000
CUST00995,127000,0.0,23000,21000,26000,24000,16000,17000,0,0,0,0,0,0
CUST00996,1198000,-68.8,92000,125000,154000,115000,133000,146000,119000,105000,106000,103000,0,0
CUST00997,1739000,32.3,147000,101000,149000,126000,123000,143000,126000,149000,134000,229000,170000,142000
CUST00998,2757000,13.5,209000,150000,165000,157000,160000,189000,215000,316000,278000,292000,254000,372000
CUST00999,8000,-100.0,2000,1000,1000,1000,1000,1000,1000,0,0,0,0,0
CUST01000,211000,-100.0,25000,37000,26000,26000,23000,25000,25000,24000,0,0,0,0
CUST01001,4304000,14.2,266000,258000,254000,239000,363000,306000,375000,342000,505000,476000,442000,478000
CUST01002,164000,12.5,12000,12000,15000,14000,13000,13000,12000,15000,13000,16000,12000,17000
CUST01003,17765000,8.0,1269000,1237000,1471000,1127000,1291000,1456000,1661000,1904000,1202000,1914000,1441000,1792000
CUST01004,572000,-38.1,56000,65000,59000,49000,64000,62000,39000,50000,45000,33000,50000,0
CUST01005,1313000,-26.8,103000,77000,85000,132000,100000,151000,136000,106000,142000,142000,139000,0
CUST01006,82000,-60.9,8000,8000,9000,7000,10000,8000,8000,8000,7000,9000,0,0
CUST01007,8000,-100.0,1000,1000,1000,1000,1000,1000,1000,1000,0,0,0,0
CUST01008,636000,-22.5,45000,52000,45000,59000,63000,72000,71000,52000,46000,75000,56000,0
CUST01009,22000,0.0,7000,8000,7000,0,0,0,0,0,0,0,0,0
CUST01010,638000,-47.8,73000,51000,75000,46000,61000,52000,73000,49000,62000,58000,38000,0
CUST01011,77000,-52.2,6000,7000,8000,7000,8000,7000,9000,8000,6000,11000,0,0
CUST01012,788000,-30.5,52000,60000,70000,57000,78000,76000,63000,83000,87000,82000,80000,0
CUST01013,159000,-37.8,17000,17000,20000,15000,15000,15000,13000,11000,13000,12000,11000,0
CUST01014,330000,-100.0,38000,37000,36000,38000,31000,36000,34000,42000,38000,0,0,0
CUST01015,820000,-22.6,61000,80000,63000,62000,73000,80000,92000,89000,45000,82000,93000,0
CUST01016,2885000,-4.0,188000,231000,212000,344000,266000,188000,262000,252000,229000,282000,211000,220000
CUST01017,165000,-27.7,15000,13000,11000,14000,18000,13000,13000,16000,18000,17000,17000,0
CUST01018,221000,-100.0,25000,27000,31000,27000,23000,26000,25000,23000,14000,0,0,0
CUST01019,1964000,-6.5,132000,149000,154000,112000,143000,119000,169000,201000,227000,172000,198000,188000
CUST01020,970000,10.6,86000,71000,75000,76000,70000,74000,94000,63000,89000,109000,83000,80000
CUST01021,173000,-100.0,20000,26000,25000,25000,28000,29000,20000,0,0,0,0,0
CUST01022,51000,-100.0,9000,7000,5000,5000,6000,5000,5000,5000,4000,0,0,0
CUST01023,21000,0.0,9000,5000,7000,0,0,0,0,0,0,0,0,0
CUST01024,782000,-40.5,72000,75000,68000,71000,64000,70000,66000,83000,78000,67000,68000,0
CUST01025,1325000,9.4,103000,123000,118000,88000,112000,157000,116000,80000,102000,119000,114000,93000
CUST01026,693000,-29.5,59000,46000,62000,56000,60000,81000,57000,70000,66000,64000,72000,0
CUST01027,50000,-100.0,6000,7000,8000,6000,5000,5000,5000,4000,4000,0,0,0
CUST01028,189000,10.4,18000,18000,12000,16000,14000,10000,17000,17000,14000,18000,18000,17000
CUST01029,46000,-100.0,5000,6000,5000,7000,5000,5000,6000,7000,0,0,0,0
CUST01030,179000,-60.0,20000,14000,14000,17000,19000,25000,14000,21000,15000,20000,0,0
CUST01031,562000,-52.3,44000,53000,55000,47000,57000,49000,61000,63000,50000,39000,44000,0
CUST01032,98000,-100.0,19000,13000,10000,15000,13000,8000,11000,9000,0,0,0,0
CUST01033,1106000,-29.3,114000,109000,75000,124000,94000,95000,94000,103000,93000,64000,85000,56000
CUST01034,0,0.0,0,0,0,0,0,0,0,0,0,0,0,0
CUST01035,1822000,-11.4,146000,120000,167000,151000,139000,126000,149000,188000,179000,191000,122000,144000
CUST01036,931000,-71.3,116000,94000,104000,90000,77000,73000,109000,106000,78000,84000,0,0
CUST01037,464000,-20.5,30000,34000,35000,43000,43000,42000,36000,35000,61000,41000,64000,0
CUST01038,399000,-39.3,32000,34000,30000,34000,36000,37000,47000,42000,33000,32000,42000,0
CUST01039,1892000,51.3,79000,119000,146000,110000,185000,160000,164000,124000,147000,203000,234000,221000
CUST01040,9230000,12.3,466000,540000,523000,578000,726000,683000,924000,1034000,734000,923000,1136000,963000
CUST01041,7135000,15.1,420000,334000,583000,566000,566000,605000,566000,734000,588000,660000,659000,854000
CUST01042,392000,-42.0,31000,37000,39000,38000,41000,29000,47000,34000,31000,36000,29000,0
CUST01043,582000,-75.6,63000,42000,44000,66000,60000,52000,65000,77000,63000,50000,0,0
CUST01044,1000000,-1.5,68000,75000,71000,98000,78000,78000,89000,81000,98000,83000,86000,95000
CUST01045,2966000,12.3,260000,217000,265000,226000,238000,238000,221000,223000,273000,240000,305000,260000
CUST01046,173000,2.5,16000,18000,15000,15000,13000,15000,15000,14000,11000,15000,14000,12000
CUST01047,1519000,-39.7,147000,137000,104000,159000,142000,120000,145000,182000,116000,118000,149000,0
CUST01048,108000,-100.0,17000,15000,14000,13000,14000,13000,11000,11000,0,0,0,0
CUST01049,21000,-100.0,4000,4000,3000,2000,2000,3000,3000,0,0,0,0,0
CUST01050,468000,27.9,36000,37000,44000,44000,41000,29000,30000,40000,34000,46000,47000,40000
CUST01051,815000,-45.3,66000,86000,84000,69000,79000,72000,85000,78000,69000,64000,63000,0
CUST01052,1116000,14.5,67000,90000,76000,73000,82000,123000,85000,101000,96000,77000,83000,163000
CUST01053,1131000,-31.6,125000,129000,112000,95000,106000,79000,101000,67000,120000,106000,91000,0
CUST01054,745000,28.5,60000,60000,39000,59000,47000,55000,64000,63000,59000,67000,84000,88000
CUST01055,848000,-32.9,60000,79000,60000,74000,76000,88000,78000,86000,82000,83000,82000,0
CUST01056,1857000,-5.9,142000,146000,186000,138000,162000,157000,126000,198000,153000,172000,136000,141000
CUST01057,173000,-100.0,23000,32000,24000,33000,24000,21000,16000,0,0,0,0,0
CUST01058,646000,-43.5,67000,61000,81000,54000,67000,50000,57000,52000,61000,48000,48000,0
CUST01059,132000,3.3,12000,12000,12000,10000,13000,12000,8000,9000,13000,12000,9000,10000
CUST01060,332000,-100.0,35000,41000,41000,35000,33000,43000,31000,39000,34000,0,0,0
CUST01061,17000,-100.0,3000,3000,3000,2000,2000,2000,2000,0,0,0,0,0
CUST01062,141000,-45.9,18000,17000,11000,13000,13000,12000,12000,13000,12000,10000,10000,0
CUST01063,490000,-0.8,50000,43000,46000,34000,39000,43000,43000,42000,33000,68000,49000,0
CUST01064,621000,-2.4,55000,36000,57000,53000,46000,44000,65000,48000,54000,59000,49000,55000
CUST01065,175000,-61.7,22000,16000,21000,19000,15000,17000,12000,18000,17000,18000,0,0
CUST01066,7000,-100.0,1000,1000,1000,1000,1000,1000,1000,0,0,0,0,0
CUST01067,290000,-30.3,19000,19000,26000,29000,21000,25000,29000,31000,29000,28000,34000,0
CUST01068,957000,-32.6,82000,79000,78000,80000,93000,93000,89000,91000,90000,103000,79000,0
CUST01069,851000,7.6,55000,60000,63000,55000,77000,76000,64000,72000,88000,87000,75000,79000
CUST01070,1887000,11.2,166000,147000,133000,135000,158000,147000,163000,134000,177000,173000,158000,196000
CUST01071,9000,-100.0,1000,1000,1000,1000,1000,1000,1000,1000,1000,0,0,0
CUST01072,1295000,-31.5,109000,109000,109000,109000,89000,123000,148000,113000,123000,148000,115000,0
CUST01073,133000,-35.9,12000,9000,12000,12000,11000,13000,14000,12000,13000,12000,13000,0
CUST01074,35000,-100.0,6000,6000,5000,4000,4000,3000,3000,4000,0,0,0,0
CUST01075,44000,0.0,9000,8000,8000,6000,7000,6000,0,0,0,0,0,0
CUST01076,95000,0.0,8000,6000,8000,7000,8000,6000,8000,7000,11000,7000,9000,10000
CUST01077,962000,-10.1,79000,77000,93000,87000,71000,84000,77000,84000,87000,67000,73000,83000
CUST01078,237000,-37.9,24000,20000,20000,18000,22000,26000,21000,25000,20000,23000,18000,0
CUST01079,353000,-37.2,38000,31000,35000,39000,28000,29000,30000,38000,26000,28000,31000,0
CUST01080,1630000,-40.9,116000,129000,125000,135000,162000,158000,198000,145000,163000,153000,146000,0
CUST01081,661000,-62.8,58000,74000,66000,58000,73000,70000,68000,57000,66000,71000,0,0
CUST01082,7000,-100.0,1000,1000,1000,1000,1000,1000,1000,0,0,0,0,0
CUST01083,20000,-100.0,3000,2000,2000,2000,3000,2000,2000,2000,2000,0,0,0
CUST01084,34000,-100.0,6000,6000,5000,5000,5000,4000,3000,0,0,0,0,0
CUST01085,276000,-100.0,45000,55000,38000,38000,32000,38000,30000,0,0,0,0,0
CUST01086,22000,-33.4,2000,2000,2000,2000,2000,2000,2000,2000,2000,2000,2000,0
CUST01087,50000,-33.3,5000,6000,5000,4000,5000,5000,4000,4000,4000,4000,4000,0
CUST01088,16000,-33.3,2000,2000,2000,2000,1000,2000,1000,1000,1000,2000,0,0
CUST01089,328000,-70.4,23000,26000,37000,34000,31000,37000,34000,38000,36000,32000,0,0
CUST01090,407000,-41.7,35000,35000,33000,40000,35000,39000,34000,35000,51000,28000,42000,0
CUST01091,363000,-49.0,37000,34000,42000,37000,30000,29000,32000,37000,33000,22000,30000,0
CUST01092,164000,-49.1,14000,13000,15000,16000,11000,15000,16000,21000,16000,12000,15000,0
CUST01093,576000,-39.8,32000,49000,55000,44000,57000,49000,72000,65000,44000,44000,65000,0
CUST01094,2002000,11.2,146000,149000,175000,132000,209000,158000,128000,195000,166000,183000,179000,182000
CUST01095,1776000,-9.9,149000,137000,210000,99000,177000,160000,184000,136000,124000,165000,235000,0
CUST01096,415000,-27.5,31000,38000,38000,32000,34000,35000,37000,47000,36000,39000,48000,0
CUST01097,213000,-72.1,24000,20000,19000,26000,20000,26000,18000,23000,20000,17000,0,0
CUST01098,31000,-100.0,5000,5000,6000,3000,5000,4000,3000,0,0,0,0,0
CUST01099,342000,-63.5,47000,48000,37000,37000,34000,23000,33000,24000,28000,31000,0,0
CUST01100,525000,-38.3,30000,44000,61000,51000,58000,53000,48000,44000,49000,39000,48000,0
CUST01101,5351000,-1.1,440000,404000,417000,366000,471000,485000,478000,511000,403000,445000,498000,433000
CUST01102,161000,-32.5,15000,14000,19000,16000,17000,13000,13000,12000,15000,14000,13000,0
CUST01103,17000,-100.0,3000,1000,2000,2000,2000,2000,1000,2000,2000,0,0,0
CUST01104,200000,-64.6,23000,25000,26000,26000,17000,18000,18000,19000,11000,17000,0,0
CUST01105,2292000,-1.1,104000,127000,211000,140000,209000,188000,222000,203000,235000,215000,218000,220000
CUST01106,105000,-100.0,15000,15000,20000,17000,15000,12000,11000,0,0,0,0,0
CUST01107,1389000,23.6,84000,66000,125000,76000,91000,93000,135000,116000,131000,146000,138000,188000
CUST01108,4599000,15.1,326000,342000,371000,407000,311000,457000,395000,335000,379000,432000,359000,485000
CUST01109,62000,0.0,12000,10000,12000,11000,8000,9000,0,0,0,0,0,0
CUST01110,277000,-31.2,26000,19000,27000,27000,25000,23000,27000,29000,21000,26000,27000,0
CUST01111,216000,9.4,18000,17000,17000,15000,18000,20000,23000,16000,14000,25000,20000,13000
CUST01112,339000,-41.0,33000,21000,28000,27000,34000,29000,38000,38000,29000,30000,32000,0
CUST01113,67000,20.0,5000,5000,6000,6000,7000,5000,4000,5000,6000,7000,6000,5000
CUST01114,163000,-100.0,24000,17000,23000,17000,19000,15000,15000,13000,20000,0,0,0
CUST01115,63000,0.0,13000,14000,14000,12000,10000,0,0,0,0,0,0,0
CUST01116,9022000,34.7,398000,414000,495000,685000,666000,766000,877000,716000,792000,819000,1227000,1167000
CUST01117,3364000,30.1,201000,216000,269000,223000,221000,262000,264000,286000,307000,365000,327000,423000
CUST01118,3000,0.0,1000,1000,1000,0,0,0,0,0,0,0,0,0
CUST01119,818000,-1.6,83000,80000,62000,54000,84000,72000,52000,70000,71000,66000,55000,69000
CUST01120,210000,-100.0,29000,19000,32000,24000,21000,21000,17000,27000,20000,0,0,0
CUST01121,695000,-3.8,71000,70000,69000,58000,53000,66000,58000,55000,44000,51000,100000,0
CUST01122,5014000,8.8,479000,406000,438000,378000,414000,316000,419000,342000,476000,420000,417000,509000
CUST01123,10000,0.0,4000,3000,3000,0,0,0,0,0,0,0,0,0
CUST01124,307000,-65.2,25000,33000,32000,33000,29000,31000,30000,31000,31000,32000,0,0
CUST01125,1903000,-32.1,170000,177000,155000,178000,183000,187000,185000,152000,171000,138000,207000,0
CUST01126,1454000,-2.6,112000,119000,117000,115000,94000,143000,132000,110000,140000,136000,116000,120000
CUST01127,264000,-59.7,26000,33000,31000,24000,27000,22000,27000,20000,25000,29000,0,0
CUST01128,143000,-2.6,11000,13000,10000,9000,13000,10000,13000,12000,14000,13000,15000,10000
CUST01129,574000,-32.7,46000,45000,55000,53000,59000,45000,53000,53000,56000,46000,63000,0
CUST01130,11000,0.0,3000,3000,3000,2000,0,0,0,0,0,0,0,0
CUST01131,49000,0.0,8000,9000,9000,7000,9000,7000,0,0,0,0,0,0
CUST01132,39000,0.0,4000,4000,4000,2000,4000,3000,3000,3000,3000,3000,3000,3000
CUST01133,4386000,18.0,333000,376000,315000,332000,277000,434000,308000,411000,345000,444000,393000,418000
CUST01134,59000,-100.0,10000,9000,6000,12000,9000,6000,7000,0,0,0,0,0
CUST01135,161000,-100.0,17000,18000,16000,19000,17000,20000,18000,17000,19000,0,0,0
CUST01136,1519000,-40.7,151000,136000,136000,135000,103000,127000,143000,142000,174000,140000,132000,0
CUST01137,136000,-61.5,16000,11000,14000,13000,13000,15000,12000,13000,14000,15000,0,0
CUST01138,302000,-36.8,27000,23000,22000,23000,26000,26000,29000,32000,34000,34000,26000,0
CUST01139,1404000,17.1,78000,82000,108000,137000,110000,103000,113000,111000,138000,129000,146000,149000
CUST01140,1240000,-35.8,131000,97000,135000,128000,99000,146000,101000,106000,100000,94000,103000,0
CUST01141,72000,-61.1,9000,8000,7000,8000,7000,8000,6000,7000,5000,7000,0,0
CUST01142,39000,-100.0,6000,5000,5000,4000,4000,4000,4000,4000,3000,0,0,0
CUST01143,32000,-75.0,5000,4000,4000,4000,3000,2000,3000,2000,3000,2000,0,0
CUST01144,153000,-100.0,28000,22000,23000,23000,20000,17000,20000,0,0,0,0,0
CUST01145,302000,-1.4,26000,31000,25000,27000,22000,26000,25000,24000,24000,26000,22000,24000
CUST01146,149000,2.9,13000,12000,13000,15000,12000,13000,13000,11000,11000,13000,12000,11000
CUST01147,16000,0.0,3000,3000,3000,3000,2000,2000,0,0,0,0,0,0
CUST01148,40000,0.0,9000,8000,6000,5000,7000,5000,0,0,0,0,0,0
CUST01149,104000,12.0,8000,9000,7000,8000,9000,10000,9000,8000,8000,7000,12000,9000
CUST01150,33000,-100.0,4000,4000,4000,4000,3000,4000,4000,3000,3000,0,0,0
CUST01151,8218000,15.2,437000,589000,549000,462000,616000,586000,757000,743000,814000,890000,760000,1015000
CUST01152,7000,0.0,1000,2000,2000,1000,1000,0,0,0,0,0,0,0
CUST01153,2349000,37.9,101000,135000,113000,143000,216000,202000,155000,238000,212000,253000,248000,333000
CUST01154,107000,-51.6,12000,11000,9000,9000,10000,10000,9000,12000,10000,15000,0,0
CUST01155,428000,-33.6,35000,37000,45000,29000,33000,36000,38000,47000,43000,48000,37000,0
CUST01156,7569000,2.5,364000,461000,496000,622000,499000,602000,897000,639000,699000,785000,696000,809000
CUST01157,4728000,29.3,311000,272000,349000,402000,441000,461000,321000,346000,420000,408000,477000,520000
CUST01158,3983000,47.3,148000,147000,212000,233000,180000,212000,359000,346000,448000,568000,559000,571000
CUST01159,358000,-31.2,36000,30000,36000,39000,28000,32000,35000,31000,27000,37000,27000,0
CUST01160,79000,-100.0,12000,11000,10000,8000,9000,7000,9000,7000,6000,0,0,0
CUST01161,3945000,13.4,187000,246000,254000,239000,287000,346000,326000,374000,418000,396000,412000,460000
CUST01162,819000,-41.7,71000,59000,72000,71000,78000,77000,67000,101000,79000,66000,78000,0
CUST01163,23000,-100.0,3000,3000,3000,4000,2000,3000,3000,2000,0,0,0,0
CUST01164,320000,-35.8,24000,32000,27000,28000,25000,28000,33000,31000,31000,35000,26000,0
CUST01165,2136000,-6.5,189000,163000,164000,135000,189000,193000,208000,188000,174000,148000,185000,200000
CUST01166,81000,-100.0,14000,15000,13000,11000,10000,10000,8000,0,0,0,0,0
CUST01167,14000,0.0,7000,7000,0,0,0,0,0,0,0,0,0,0
CUST01168,726000,-41.2,66000,83000,74000,59000,70000,58000,59000,80000,60000,57000,60000,0
CUST01169,89000,0.0,13000,15000,14000,16000,17000,14000,0,0,0,0,0,0
CUST01170,1796000,35.4,85000,111000,93000,124000,115000,157000,174000,141000,157000,156000,218000,265000
CUST01171,1816000,-30.9,137000,143000,120000,178000,137000,132000,147000,184000,242000,207000,189000,0
CUST01172,284000,-25.3,22000,22000,25000,30000,24000,30000,27000,19000,29000,23000,33000,0
CUST01173,533000,-23.2,40000,33000,38000,54000,52000,49000,58000,47000,46000,45000,71000,0
CUST01174,48000,-100.0,8000,7000,8000,5000,7000,5000,5000,3000,0,0,0,0
CUST01175,954000,-25.1,77000,74000,91000,96000,80000,90000,101000,69000,85000,92000,99000,0
CUST01176,39000,-33.3,4000,4000,3000,5000,4000,4000,3000,4000,2000,3000,3000,0
CUST01177,3572000,-5.4,259000,283000,220000,249000,260000,287000,351000,330000,354000,324000,354000,301000
CUST01178,932000,-26.4,89000,75000,76000,82000,88000,102000,78000,87000,77000,99000,79000,0
CUST01179,90000,-44.0,11000,8000,10000,8000,6000,8000,7000,10000,8000,7000,7000,0
CUST01180,398000,-33.6,40000,31000,38000,29000,28000,34000,39000,39000,41000,44000,35000,0
CUST01181,110000,-100.0,16000,19000,16000,13000,18000,15000,13000,0,0,0,0,0
CUST01182,12403000,36.5,716000,726000,615000,824000,1086000,883000,1082000,1089000,1022000,1448000,1280000,1632000
CUST01183,19800000,35.5,1094000,945000,1044000,1592000,1333000,1753000,1442000,1628000,2042000,2232000,2259000,2436000
CUST01184,1323000,-42.5,114000,119000,101000,126000,100000,155000,118000,106000,162000,110000,112000,0
CUST01185,928000,-35.6,65000,66000,85000,67000,96000,105000,111000,86000,73000,97000,77000,0
CUST01186,76000,0.0,11000,10000,18000,14000,13000,10000,0,0,0,0,0,0
CUST01187,1455000,7.1,73000,95000,84000,123000,128000,130000,122000,132000,143000,125000,138000,162000
CUST01188,70000,-100.0,10000,10000,13000,11000,8000,8000,10000,0,0,0,0,0
CUST01189,11508000,37.3,697000,822000,868000,1014000,702000,993000,712000,942000,1048000,1111000,1268000,1331000
CUST01190,58000,-72.2,5000,6000,5000,8000,5000,6000,6000,6000,6000,5000,0,0
CUST01191,921000,-35.7,76000,89000,84000,79000,77000,92000,74000,67000,117000,68000,98000,0
CUST01192,709000,-26.5,54000,68000,60000,56000,56000,61000,60000,65000,79000,93000,57000,0
CUST01193,56000,-100.0,7000,6000,7000,6000,7000,6000,6000,11000,0,0,0,0
CUST01194,74000,0.0,9000,7000,7000,6000,7000,6000,6000,5000,5000,6000,5000,5000
CUST01195,34000,-57.1,5000,4000,5000,4000,3000,3000,2000,3000,2000,3000,0,0
CUST01196,95000,-40.0,7000,9000,10000,7000,10000,12000,8000,7000,10000,7000,8000,0
CUST01197,487000,-31.0,31000,43000,39000,31000,48000,50000,51000,47000,47000,52000,48000,0
CUST01198,603000,-26.3,40000,48000,40000,49000,72000,57000,62000,51000,58000,55000,71000,0
CUST01199,1345000,-54.4,115000,96000,125000,125000,133000,151000,132000,141000,139000,188000,0,0
CUST01200,82000,-100.0,9000,12000,11000,12000,10000,10000,11000,7000,0,0,0,0
CUST01201,36000,-100.0,5000,5000,4000,3000,4000,4000,4000,4000,3000,0,0,0
CUST01202,1287000,40.4,61000,80000,90000,79000,92000,106000,101000,115000,108000,143000,131000,181000
CUST01203,11000,0.0,2000,2000,2000,2000,2000,1000,0,0,0,0,0,0
CUST01204,6000,0.0,1000,1000,1000,1000,1000,1000,0,0,0,0,0,0
CUST01205,3735000,16.6,249000,291000,219000,248000,278000,282000,358000,351000,292000,325000,542000,300000
CUST01206,5095000,35.8,228000,288000,379000,276000,261000,348000,426000,517000,463000,652000,545000,712000
CUST01207,652000,0.0,53000,49000,54000,57000,58000,47000,73000,50000,44000,48000,69000,50000
CUST01208,1006000,-34.8,85000,70000,93000,81000,71000,89000,102000,104000,107000,108000,96000,0
CUST01209,862000,0.0,59000,77000,69000,73000,96000,70000,67000,77000,65000,68000,73000,68000
CUST01210,619000,-36.7,50000,71000,63000,48000,56000,60000,42000,72000,52000,56000,49000,0
CUST01211,60000,-100.0,11000,8000,9000,10000,6000,8000,8000,0,0,0,0,0
CUST01212,2000,0.0,1000,1000,0,0,0,0,0,0,0,0,0,0
CUST01213,562000,-39.0,31000,47000,44000,47000,43000,57000,50000,58000,74000,67000,44000,0
CUST01214,260000,-66.2,25000,21000,36000,29000,26000,24000,31000,23000,20000,25000,0,0
CUST01215,70000,11.1,5000,6000,5000,5000,5000,6000,6000,6000,6000,5000,6000,9000
CUST01216,573000,-27.1,50000,55000,58000,54000,46000,42000,58000,56000,41000,48000,65000,0
CUST01217,123000,-69.2,14000,10000,11000,12000,14000,11000,12000,12000,15000,12000,0,0
CUST01218,446000,-19.0,39000,36000,47000,34000,36000,35000,43000,34000,44000,48000,50000,0
CUST01219,749000,7.8,49000,55000,56000,50000,51000,60000,75000,73000,58000,64000,68000,90000
CUST01220,3463000,-6.3,165000,258000,188000,214000,258000,286000,397000,277000,407000,313000,340000,360000
CUST01221,794000,7.4,59000,59000,63000,61000,61000,70000,68000,56000,79000,61000,75000,82000
CUST01222,1131000,20.8,73000,82000,69000,80000,78000,102000,91000,112000,90000,119000,96000,139000
CUST01223,92000,-100.0,10000,11000,12000,9000,9000,11000,10000,11000,9000,0,0,0
CUST01224,241000,16.7,16000,21000,19000,19000,20000,16000,20000,18000,22000,17000,31000,22000
CUST01225,578000,-31.3,50000,41000,43000,57000,42000,65000,52000,42000,72000,55000,59000,0
CUST01226,4000,0.0,1000,1000,1000,1000,0,0,0,0,0,0,0,0
CUST01227,153000,-40.9,17000,11000,14000,12000,13000,16000,17000,18000,9000,12000,14000,0
CUST01228,69000,-25.0,6000,5000,6000,6000,6000,5000,7000,6000,7000,7000,8000,0
CUST01229,82000,-63.2,10000,12000,10000,9000,8000,7000,7000,6000,6000,7000,0,0
CUST01230,3710000,13.9,217000,269000,307000,254000,256000,326000,379000,284000,310000,318000,443000,347000
CUST01231,425000,-43.1,46000,50000,48000,34000,41000,35000,35000,41000,33000,34000,28000,0
CUST01232,139000,-22.5,11000,9000,8000,13000,12000,15000,13000,13000,14000,15000,16000,0
CUST01233,202000,-56.3,20000,14000,18000,16000,17000,25000,20000,18000,26000,28000,0,0
CUST01234,333000,-58.6,30000,29000,38000,30000,33000,33000,35000,28000,36000,41000,0,0
CUST01235,258000,-52.9,28000,23000,28000,26000,23000,27000,27000,23000,20000,15000,18000,0
CUST01236,2549000,31.2,129000,181000,148000,207000,177000,218000,214000,243000,187000,241000,256000,348000
CUST01237,1843000,-61.8,185000,178000,158000,205000,169000,163000,180000,164000,224000,217000,0,0
CUST01238,47000,-25.0,4000,3000,5000,4000,6000,4000,4000,4000,4000,3000,3000,3000
CUST01239,197000,7.8,16000,14000,16000,12000,16000,17000,16000,17000,18000,18000,19000,18000
CUST01240,1776000,21.1,86000,91000,91000,139000,99000,158000,131000,203000,169000,169000,204000,236000
CUST01241,30000,-100.0,4000,4000,4000,4000,3000,4000,3000,4000,0,0,0,0
CUST01242,289000,-26.1,22000,25000,25000,20000,22000,22000,31000,30000,27000,31000,34000,0
CUST01243,138000,-63.4,15000,12000,13000,16000,10000,16000,12000,14000,15000,15000,0,0
CUST01244,2095000,39.3,105000,111000,124000,114000,144000,183000,187000,180000,182000,244000,218000,303000
CUST01245,256000,-55.7,29000,35000,26000,22000,28000,15000,27000,23000,20000,14000,17000,0
CUST01246,268000,-7.2,19000,25000,21000,20000,25000,25000,28000,22000,19000,23000,27000,14000
CUST01247,2350000,-37.1,250000,206000,225000,161000,239000,236000,257000,178000,199000,206000,193000,0
CUST01248,240000,-39.7,23000,24000,26000,19000,23000,24000,21000,26000,16000,17000,21000,0
CUST01249,43000,-72.7,5000,7000,4000,5000,4000,4000,4000,3000,4000,3000,0,0
CUST01250,92000,-100.0,10000,10000,10000,9000,7000,11000,11000,12000,12000,0,0,0
CUST01251,1769000,13.1,122000,119000,137000,121000,147000,147000,170000,132000,156000,179000,182000,157000
CUST01252,3626000,34.5,190000,179000,220000,233000,262000,314000,264000,320000,366000,448000,440000,390000
CUST01253,6952000,35.4,322000,406000,409000,449000,551000,439000,516000,647000,696000,928000,675000,914000
CUST01254,449000,5.3,46000,33000,35000,32000,41000,30000,34000,38000,41000,33000,46000,40000
CUST01255,5068000,-1.5,274000,333000,292000,384000,384000,448000,547000,369000,572000,523000,521000,421000
CUST01256,75000,-79.0,10000,7000,11000,9000,8000,7000,5000,7000,7000,4000,0,0
CUST01257,129000,-100.0,18000,21000,17000,20000,18000,17000,18000,0,0,0,0,0
CUST01258,463000,-100.0,71000,45000,56000,59000,49000,46000,47000,49000,41000,0,0,0
CUST01259,471000,9.1,28000,39000,34000,41000,42000,34000,38000,49000,34000,41000,50000,41000
CUST01260,187000,-100.0,28000,29000,23000,20000,27000,17000,18000,16000,9000,0,0,0
CUST01261,11537000,21.5,567000,583000,671000,869000,899000,846000,769000,1173000,1265000,1310000,1119000,1466000
CUST01262,33000,-25.0,4000,2000,3000,3000,3000,4000,3000,3000,2000,3000,3000,0
CUST01263,1699000,-1.9,127000,121000,104000,97000,155000,148000,148000,143000,187000,151000,158000,160000
CUST01264,254000,-65.7,24000,25000,34000,24000,30000,27000,28000,20000,19000,23000,0,0
CUST01265,360000,-11.1,36000,34000,26000,30000,28000,36000,33000,28000,29000,25000,24000,31000
CUST01266,102000,-100.0,11000,12000,13000,12000,9000,10000,11000,11000,13000,0,0,0
CUST01267,120000,-30.3,12000,13000,11000,10000,9000,9000,14000,9000,10000,9000,14000,0
CUST01268,45000,0.0,11000,10000,10000,7000,7000,0,0,0,0,0,0,0
CUST01269,119000,-100.0,20000,14000,11000,13000,12000,13000,13000,13000,10000,0,0,0
CUST01270,97000,-64.5,8000,10000,9000,10000,9000,9000,11000,10000,10000,11000,0,0
CUST01271,54000,-100.0,6000,8000,7000,8000,7000,6000,6000,6000,0,0,0,0
CUST01272,436000,-35.2,31000,35000,44000,48000,34000,33000,40000,46000,42000,48000,35000,0
CUST01273,426000,12.2,33000,39000,32000,35000,41000,38000,33000,29000,36000,35000,39000,36000
CUST01274,43000,-25.0,3000,3000,5000,3000,4000,4000,4000,3000,5000,4000,5000,0
CUST01275,1304000,24.3,58000,96000,109000,73000,91000,119000,109000,113000,116000,129000,121000,170000
CUST01276,390000,-19.8,33000,28000,34000,33000,31000,40000,35000,43000,28000,29000,28000,28000
CUST01277,970000,-60.6,86000,90000,110000,99000,80000,91000,92000,101000,104000,117000,0,0
CUST01278,3377000,25.3,121000,267000,203000,284000,255000,197000,279000,296000,335000,281000,396000,463000
CUST01279,75000,-100.0,10000,12000,10000,11000,6000,9000,9000,8000,0,0,0,0
CUST01280,614000,-33.7,58000,41000,59000,52000,56000,57000,58000,53000,64000,54000,62000,0
CUST01281,1734000,8.3,139000,126000,156000,124000,147000,138000,119000,162000,153000,152000,177000,141000
CUST01282,265000,-43.8,21000,25000,29000,28000,27000,21000,27000,20000,26000,19000,22000,0
CUST01283,821000,-12.4,82000,83000,66000,48000,74000,59000,66000,71000,81000,108000,83000,0
CUST01284,121000,-38.9,11000,9000,10000,10000,12000,11000,13000,14000,9000,12000,10000,0
CUST01285,137000,-100.0,21000,19000,19000,21000,17000,12000,15000,13000,0,0,0,0
CUST01286,52000,-100.0,8000,7000,8000,7000,8000,7000,7000,0,0,0,0,0
CUST01287,175000,-37.7,15000,14000,17000,14000,16000,13000,19000,15000,19000,19000,14000,0
CUST01288,273000,-36.8,33000,21000,30000,24000,23000,18000,25000,22000,29000,26000,22000,0
CUST01289,1194000,-49.6,110000,114000,104000,142000,91000,105000,136000,93000,122000,87000,90000,0
CUST01290,923000,-15.7,79000,73000,72000,84000,78000,78000,83000,86000,80000,103000,107000,0
CUST01291,260000,-41.9,31000,22000,29000,31000,29000,20000,19000,24000,19000,16000,20000,0
CUST01292,641000,-64.9,77000,72000,52000,75000,72000,58000,62000,53000,59000,61000,0,0
CUST01293,402000,-67.8,41000,26000,45000,55000,34000,41000,47000,40000,34000,39000,0,0
CUST01294,352000,-46.2,34000,32000,28000,32000,30000,33000,45000,32000,29000,26000,31000,0
CUST01295,394000,-39.1,32000,28000,31000,33000,34000,30000,45000,39000,44000,37000,41000,0
CUST01296,1213000,-21.8,103000,102000,78000,109000,121000,103000,134000,85000,116000,133000,129000,0
CUST01297,4313000,8.2,319000,393000,265000,265000,444000,320000,350000,301000,457000,513000,330000,356000
CUST01298,188000,-31.2,21000,13000,19000,22000,18000,14000,16000,14000,18000,18000,15000,0
CUST01299,91000,0.0,16000,16000,15000,16000,15000,13000,0,0,0,0,0,0
CUST01300,1182000,-31.2,153000,97000,95000,88000,88000,99000,112000,110000,111000,113000,116000,0
CUST01301,745000,16.2,59000,51000,74000,60000,75000,65000,57000,54000,56000,57000,71000,66000
CUST01302,869000,-35.0,81000,84000,81000,63000,81000,73000,90000,71000,85000,73000,87000,0
CUST01303,508000,-100.0,95000,79000,72000,69000,67000,71000,55000,0,0,0,0,0
CUST01304,439000,-27.9,46000,37000,34000,44000,38000,49000,36000,34000,41000,45000,35000,0
CUST01305,26000,-100.0,5000,3000,5000,3000,4000,3000,3000,0,0,0,0,0
CUST01306,5000,-100.0,1000,0,1000,1000,0,1000,0,1000,0,0,0,0
CUST01307,339000,-18.0,25000,28000,19000,24000,36000,25000,38000,27000,35000,40000,42000,0
CUST01308,682000,15.0,44000,41000,39000,51000,59000,76000,61000,53000,59000,70000,66000,63000
CUST01309,12864000,13.7,756000,935000,867000,848000,854000,888000,859000,1183000,1569000,1174000,1721000,1210000
CUST01310,13000,-66.7,2000,2000,1000,1000,2000,1000,1000,1000,1000,1000,0,0
CUST01311,625000,10.0,53000,49000,58000,50000,50000,50000,45000,55000,50000,59000,62000,44000
CUST01312,8000,0.0,3000,3000,2000,0,0,0,0,0,0,0,0,0
CUST01313,641000,-31.4,66000,47000,66000,41000,68000,41000,48000,73000,64000,61000,66000,0
CUST01314,2035000,20.4,75000,117000,105000,136000,169000,168000,205000,163000,206000,196000,279000,216000
CUST01315,3792000,-2.6,246000,227000,247000,296000,270000,309000,340000,397000,376000,361000,353000,370000
CUST01316,3356000,-32.6,236000,252000,252000,354000,316000,297000,342000,326000,317000,319000,345000,0
CUST01317,417000,-47.0,28000,40000,40000,33000,42000,32000,49000,41000,42000,34000,36000,0
CUST01318,2273000,-4.7,129000,209000,162000,167000,191000,179000,190000,258000,185000,233000,205000,165000
CUST01319,16000,-100.0,2000,2000,2000,3000,2000,2000,2000,1000,0,0,0,0
CUST01320,7000,0.0,2000,1000,2000,1000,1000,0,0,0,0,0,0,0
CUST01321,664000,-12.4,49000,53000,42000,67000,49000,57000,57000,58000,70000,61000,54000,47000
CUST01322,1211000,-33.6,82000,87000,85000,108000,95000,80000,118000,139000,148000,112000,157000,0
CUST01323,2326000,18.7,193000,189000,158000,222000,176000,183000,195000,156000,200000,172000,256000,226000
CUST01324,25000,-100.0,4000,4000,4000,3000,4000,3000,3000,0,0,0,0,0
CUST01325,687000,-19.4,47000,44000,51000,54000,71000,66000,55000,49000,92000,70000,88000,0
CUST01326,75000,-50.0,8000,8000,8000,5000,6000,7000,8000,7000,7000,5000,6000,0
CUST01327,1026000,-63.0,96000,120000,87000,89000,108000,115000,100000,96000,104000,111000,0,0
CUST01328,953000,-12.9,110000,94000,85000,89000,83000,73000,81000,74000,69000,67000,69000,59000
CUST01329,846000,-16.0,47000,48000,61000,78000,74000,67000,83000,79000,94000,123000,92000,0
CUST01330,564000,-42.5,64000,39000,44000,50000,60000,55000,57000,47000,56000,37000,55000,0
CUST01331,49000,-46.2,6000,5000,5000,5000,4000,4000,5000,4000,4000,4000,3000,0
CUST01332,172000,-20.0,13000,17000,11000,12000,14000,15000,15000,20000,15000,20000,20000,0
CUST01333,1139000,-16.9,77000,88000,100000,72000,113000,105000,82000,94000,143000,121000,144000,0
CUST01334,8000,-100.0,1000,1000,1000,2000,1000,1000,1000,0,0,0,0,0
CUST01335,18000,-100.0,2000,2000,3000,3000,2000,2000,2000,2000,0,0,0,0
CUST01336,55000,0.0,15000,15000,13000,12000,0,0,0,0,0,0,0,0
CUST01337,2862000,-32.4,331000,193000,351000,205000,267000,256000,271000,250000,230000,250000,258000,0
CUST01338,107000,-50.0,12000,10000,10000,9000,12000,9000,11000,9000,10000,8000,7000,0
CUST01339,239000,-100.0,26000,25000,26000,25000,26000,22000,31000,32000,26000,0,0,0
CUST01340,496000,-100.0,55000,55000,54000,55000,48000,49000,57000,70000,53000,0,0,0
CUST01341,4359000,-10.8,220000,282000,375000,346000,324000,405000,410000,405000,457000,293000,339000,503000
CUST01342,7000,-100.0,1000,1000,1000,1000,1000,1000,0,1000,0,0,0,0
CUST01343,400000,-44.3,26000,27000,51000,39000,44000,34000,34000,38000,43000,31000,33000,0
CUST01344,918000,-65.4,86000,92000,95000,85000,88000,79000,87000,108000,97000,101000,0,0
CUST01345,25000,-100.0,4000,3000,4000,3000,4000,2000,3000,2000,0,0,0,0
CUST01346,581000,6.0,42000,36000,59000,50000,38000,47000,51000,46000,53000,58000,40000,61000
CUST01347,3028000,-30.2,193000,220000,230000,209000,252000,272000,301000,287000,385000,359000,320000,0
CUST01348,1016000,-19.3,83000,92000,94000,84000,95000,73000,91000,98000,85000,105000,116000,0
CUST01349,509000,9.9,40000,42000,46000,38000,34000,34000,40000,47000,44000,57000,29000,58000
CUST01350,11546000,24.1,655000,641000,566000,747000,1004000,766000,795000,1043000,1360000,1019000,1301000,1649000
CUST01351,6000,0.0,1000,2000,1000,2000,0,0,0,0,0,0,0,0
CUST01352,51000,0.0,13000,12000,11000,7000,8000,0,0,0,0,0,0,0
CUST01353,532000,-15.7,53000,46000,41000,41000,43000,50000,42000,43000,55000,63000,55000,0
CUST01354,781000,-40.5,74000,61000,75000,59000,60000,82000,92000,70000,70000,59000,79000,0
CUST01355,41000,-100.0,7000,5000,6000,6000,6000,6000,5000,0,0,0,0,0
CUST01356,6723000,33.2,319000,329000,435000,355000,398000,533000,604000,678000,585000,858000,725000,904000
CUST01357,1401000,0.5,99000,90000,119000,97000,116000,138000,121000,123000,126000,134000,115000,123000
CUST01358,1021000,-22.0,88000,106000,67000,68000,86000,97000,90000,96000,100000,109000,114000,0
CUST01359,19000,0.0,2000,1000,1000,2000,2000,1000,1000,2000,2000,2000,2000,1000
CUST01360,1331000,14.0,71000,70000,82000,102000,114000,143000,89000,122000,139000,112000,147000,140000
CUST01361,470000,-17.0,39000,43000,41000,53000,45000,44000,38000,35000,39000,44000,49000,0
CUST01362,2347000,-40.4,226000,266000,197000,151000,335000,200000,199000,211000,199000,178000,185000,0
CUST01363,533000,-22.7,35000,43000,52000,38000,45000,54000,40000,53000,57000,58000,58000,0
CUST01364,2774000,26.6,164000,163000,138000,200000,208000,163000,257000,283000,227000,253000,348000,370000
CUST01365,788000,-20.2,63000,65000,67000,91000,73000,73000,70000,58000,70000,75000,83000,0
CUST01366,140000,-71.4,16000,16000,14000,13000,16000,11000,17000,13000,12000,12000,0,0
CUST01367,124000,-40.0,11000,10000,10000,8000,11000,10000,14000,14000,12000,11000,13000,0
CUST01368,3890000,-14.1,342000,308000,286000,306000,348000,287000,422000,304000,357000,314000,267000,349000
CUST01369,1879000,-46.5,150000,168000,172000,152000,232000,139000,195000,184000,185000,172000,130000,0
CUST01370,802000,-9.7,73000,53000,59000,71000,67000,66000,69000,69000,79000,59000,73000,64000
CUST01371,10861000,6.5,874000,624000,712000,1027000,831000,759000,880000,1047000,995000,937000,1175000,1000000
CUST01372,101000,0.0,19000,18000,22000,15000,13000,14000,0,0,0,0,0,0
CUST01373,890000,-25.7,73000,64000,79000,77000,64000,99000,103000,71000,75000,89000,96000,0
CUST01374,57000,0.0,11000,9000,13000,9000,8000,7000,0,0,0,0,0,0
CUST01375,24000,0.0,4000,6000,5000,5000,4000,0,0,0,0,0,0,0
CUST01376,1664000,27.6,58000,65000,87000,102000,96000,175000,142000,183000,150000,202000,148000,256000
CUST01377,132000,-38.5,14000,10000,10000,11000,11000,13000,13000,11000,15000,10000,14000,0
CUST01378,4000,0.0,2000,2000,0,0,0,0,0,0,0,0,0,0
CUST01379,14000,-50.0,2000,1000,2000,1000,1000,1000,1000,1000,2000,2000,0,0
CUST01380,299000,-37.8,31000,23000,29000,23000,22000,25000,25000,34000,31000,28000,28000,0
CUST01381,365000,-34.3,35000,24000,39000,33000,29000,41000,39000,31000,29000,30000,35000,0
CUST01382,5730000,30.7,309000,383000,431000,302000,560000,349000,521000,487000,464000,610000,679000,635000
CUST01383,984000,-18.9,77000,105000,103000,108000,81000,88000,81000,94000,58000,93000,96000,0
CUST01384,20000,0.0,3000,4000,4000,3000,3000,3000,0,0,0,0,0,0
CUST01385,44000,0.0,17000,12000,15000,0,0,0,0,0,0,0,0,0
CUST01386,3406000,26.4,190000,277000,265000,303000,209000,240000,258000,285000,306000,407000,317000,349000
CUST01387,552000,-40.7,53000,78000,46000,54000,40000,50000,49000,40000,56000,45000,41000,0
CUST01388,1712000,-34.1,123000,169000,124000,124000,119000,162000,162000,209000,166000,177000,177000,0
CUST01389,115000,-100.0,17000,16000,18000,13000,13000,13000,10000,15000,0,0,0,0
CUST01390,4779000,3.7,340000,352000,322000,366000,372000,408000,410000,405000,471000,474000,436000,423000
CUST01391,303000,-100.0,47000,44000,37000,40000,40000,38000,29000,28000,0,0,0,0
CUST01392,29000,-28.5,3000,3000,3000,3000,3000,2000,2000,3000,2000,2000,3000,0
CUST01393,1893000,22.9,112000,104000,113000,127000,174000,113000,135000,205000,176000,179000,195000,260000
CUST01394,11529000,11.9,602000,452000,964000,1059000,894000,892000,1082000,1058000,1006000,964000,1059000,1497000
CUST01395,19000,0.0,5000,5000,4000,5000,0,0,0,0,0,0,0,0
CUST01396,411000,7.2,32000,36000,31000,38000,31000,42000,28000,39000,30000,35000,36000,33000
CUST01397,758000,-20.9,95000,63000,92000,58000,67000,66000,56000,59000,62000,79000,61000,0
CUST01398,89000,-100.0,14000,16000,12000,13000,11000,13000,10000,0,0,0,0,0
CUST01399,1152000,-77.0,116000,105000,108000,95000,100000,131000,130000,139000,135000,93000,0,0
CUST01400,661000,-47.3,46000,62000,57000,67000,78000,70000,64000,55000,65000,54000,43000,0
CUST01401,53000,-73.7,7000,3000,4000,5000,4000,6000,5000,10000,4000,5000,0,0
CUST01402,1501000,19.3,113000,107000,136000,130000,169000,109000,105000,122000,109000,133000,133000,135000
CUST01403,11000,-100.0,2000,1000,1000,2000,2000,1000,1000,1000,0,0,0,0
CUST01404,160000,-68.1,16000,12000,18000,20000,16000,16000,12000,15000,20000,15000,0,0
CUST01405,1668000,-29.0,128000,125000,117000,116000,123000,192000,160000,147000,200000,183000,177000,0
CUST01406,712000,-31.5,84000,80000,76000,60000,60000,47000,63000,57000,61000,60000,64000,0
CUST01407,7000,-100.0,1000,1000,1000,1000,1000,1000,1000,0,0,0,0,0
CUST01408,9520000,45.3,688000,762000,626000,562000,882000,793000,584000,783000,756000,1218000,993000,873000
CUST01409,62000,-100.0,13000,9000,9000,9000,9000,7000,6000,0,0,0,0,0
CUST01410,57000,0.0,11000,8000,10000,9000,9000,10000,0,0,0,0,0,0
CUST01411,19000,0.0,4000,4000,3000,3000,3000,2000,0,0,0,0,0,0
CUST01412,76000,-33.3,7000,8000,7000,7000,6000,6000,7000,9000,5000,6000,4000,4000
CUST01413,23000,0.0,10000,13000,0,0,0,0,0,0,0,0,0,0
CUST01414,270000,-100.0,25000,40000,36000,28000,30000,29000,25000,27000,30000,0,0,0
CUST01415,13065000,52.2,618000,689000,1045000,877000,1195000,1088000,670000,1033000,1292000,1552000,1394000,1612000
CUST01416,50000,0.0,11000,11000,11000,8000,9000,0,0,0,0,0,0,0
CUST01417,182000,-56.5,22000,18000,17000,19000,23000,17000,17000,16000,13000,20000,0,0
CUST01418,59000,-31.2,6000,6000,5000,6000,5000,4000,6000,5000,5000,6000,5000,0
CUST01419,28000,-71.4,4000,3000,3000,3000,3000,3000,3000,2000,2000,2000,0,0
CUST01420,76000,-100.0,13000,12000,10000,10000,10000,12000,9000,0,0,0,0,0
CUST01421,11000,-100.0,2000,2000,2000,1000,1000,1000,1000,1000,0,0,0,0
CUST01422,1294000,-36.6,120000,111000,124000,132000,103000,114000,123000,127000,111000,108000,121000,0
CUST01423,550000,-41.9,47000,64000,58000,47000,38000,51000,58000,42000,55000,46000,44000,0
CUST01424,162000,0.0,14000,11000,14000,11000,13000,13000,16000,16000,11000,12000,16000,15000
CUST01425,293000,-34.1,23000,22000,24000,33000,23000,27000,27000,31000,27000,34000,22000,0
CUST01426,92000,-38.5,8000,9000,8000,8000,8000,9000,9000,9000,8000,8000,8000,0
CUST01427,2504000,30.5,183000,142000,129000,141000,199000,191000,236000,168000,255000,253000,328000,279000
CUST01428,3875000,2.9,203000,298000,259000,296000,263000,322000,292000,455000,354000,381000,416000,336000
CUST01429,33000,-42.9,5000,3000,4000,3000,3000,4000,3000,2000,2000,2000,2000,0
CUST01430,973000,-39.9,106000,109000,98000,104000,77000,74000,70000,90000,93000,72000,80000,0
CUST01431,166000,-100.0,18000,22000,19000,20000,27000,19000,24000,17000,0,0,0,0
CUST01432,662000,-29.2,78000,60000,67000,50000,60000,60000,61000,67000,40000,57000,62000,0
CUST01433,1021000,42.0,57000,56000,70000,77000,76000,92000,90000,67000,88000,113000,124000,111000
CUST01434,82000,-64.0,7000,7000,9000,10000,8000,7000,9000,7000,9000,9000,0,0
CUST01435,206000,-100.0,23000,24000,25000,24000,17000,20000,22000,26000,25000,0,0,0
CUST01436,195000,-100.0,31000,32000,20000,24000,20000,19000,18000,15000,16000,0,0,0
CUST01437,420000,-64.3,41000,48000,48000,42000,52000,37000,36000,44000,32000,40000,0,0
CUST01438,513000,-26.1,38000,37000,57000,61000,42000,38000,47000,49000,42000,49000,53000,0
CUST01439,25000,-100.0,5000,3000,3000,4000,3000,4000,3000,0,0,0,0,0
CUST01440,23000,-100.0,3000,4000,3000,3000,3000,3000,4000,0,0,0,0,0
CUST01441,1243000,-19.3,79000,90000,111000,89000,118000,118000,127000,102000,124000,157000,128000,0
CUST01442,3845000,4.1,171000,263000,224000,259000,253000,279000,349000,429000,396000,432000,406000,384000
CUST01443,641000,-57.8,83000,53000,64000,63000,51000,61000,58000,61000,68000,79000,0,0
CUST01444,834000,-0.4,57000,52000,55000,63000,55000,73000,64000,82000,94000,70000,73000,96000
CUST01445,643000,-33.7,61000,45000,55000,41000,71000,49000,55000,75000,63000,63000,65000,0
CUST01446,552000,-66.3,54000,60000,43000,58000,51000,56000,54000,57000,61000,58000,0,0
CUST01447,195000,-71.7,24000,22000,21000,19000,18000,14000,15000,27000,18000,17000,0,0
CUST01448,154000,-54.8,15000,19000,16000,13000,17000,13000,15000,12000,15000,19000,0,0
CUST01449,190000,-37.1,13000,12000,14000,19000,13000,18000,17000,26000,19000,17000,22000,0
CUST01450,155000,-74.4,17000,16000,17000,16000,20000,15000,15000,15000,13000,11000,0,0
CUST01451,166000,-100.0,28000,36000,27000,20000,19000,16000,20000,0,0,0,0,0
CUST01452,1561000,-36.9,139000,147000,120000,135000,131000,129000,100000,214000,152000,142000,152000,0
CUST01453,191000,-27.7,19000,18000,19000,18000,16000,20000,17000,14000,16000,18000,16000,0
CUST01454,461000,-67.5,62000,41000,36000,54000,47000,62000,49000,37000,34000,39000,0,0
CUST01455,658000,-44.1,45000,53000,63000,61000,56000,51000,68000,75000,68000,56000,62000,0
CUST01456,1044000,17.1,82000,76000,94000,75000,78000,68000,74000,98000,91000,88000,118000,102000
CUST01457,96000,-37.0,8000,9000,7000,10000,7000,11000,10000,8000,9000,8000,9000,0
CUST01458,74000,-21.0,7000,6000,6000,7000,7000,7000,6000,6000,7000,7000,8000,0
CUST01459,38000,-100.0,7000,5000,6000,5000,4000,4000,4000,3000,0,0,0,0
CUST01460,143000,-65.1,14000,13000,16000,15000,13000,14000,18000,13000,12000,15000,0,0
CUST01461,23000,0.0,4000,8000,6000,5000,0,0,0,0,0,0,0,0
CUST01462,799000,-38.7,77000,82000,61000,69000,90000,62000,70000,68000,84000,71000,65000,0
CUST01463,1460000,4.8,107000,83000,105000,116000,114000,122000,127000,155000,115000,160000,128000,128000
CUST01464,776000,1.9,52000,52000,59000,73000,64000,58000,68000,72000,67000,67000,74000,70000
CUST01465,1654000,-16.4,145000,148000,124000,105000,132000,150000,194000,147000,122000,136000,120000,131000
CUST01466,350000,-14.1,27000,27000,26000,28000,33000,38000,32000,30000,30000,40000,39000,0
CUST01467,701000,1.8,63000,61000,62000,68000,58000,56000,59000,49000,57000,71000,57000,40000
CUST01468,573000,-46.0,45000,57000,57000,41000,48000,54000,55000,67000,54000,49000,46000,0
CUST01469,46000,-100.0,10000,9000,7000,5000,6000,5000,4000,0,0,0,0,0
CUST01470,547000,-23.1,34000,46000,37000,39000,33000,52000,63000,47000,63000,66000,67000,0
CUST01471,23000,-100.0,4000,3000,3000,3000,3000,3000,4000,0,0,0,0,0
CUST01472,1012000,-36.2,88000,76000,88000,93000,75000,99000,123000,88000,90000,95000,97000,0
CUST01473,5267000,3.7,305000,358000,278000,452000,374000,388000,475000,430000,623000,579000,387000,618000
CUST01474,347000,-9.9,31000,24000,30000,31000,34000,24000,28000,28000,35000,47000,35000,0
CUST01475,1145000,-42.4,99000,111000,120000,93000,101000,93000,97000,91000,147000,115000,78000,0
CUST01476,43000,-64.3,3000,5000,4000,4000,4000,4000,4000,4000,6000,5000,0,0
CUST01477,1290000,-0.6,86000,79000,86000,92000,105000,126000,104000,99000,156000,114000,115000,128000
CUST01478,77000,0.0,17000,15000,18000,15000,12000,0,0,0,0,0,0,0
CUST01479,381000,-48.5,39000,48000,28000,34000,35000,44000,30000,38000,33000,23000,29000,0
CUST01480,252000,-73.3,21000,28000,35000,25000,22000,26000,24000,28000,23000,20000,0,0
CUST01481,189000,-4.4,19000,15000,13000,17000,18000,19000,14000,17000,14000,26000,17000,0
CUST01482,3816000,8.1,263000,194000,237000,236000,231000,293000,323000,401000,411000,412000,350000,465000
CUST01483,3344000,-35.0,261000,250000,233000,324000,303000,257000,366000,389000,285000,300000,376000,0
CUST01484,138000,-19.6,10000,9000,9000,9000,8000,10000,13000,16000,17000,16000,21000,0
CUST01485,661000,-7.7,53000,44000,52000,53000,52000,34000,72000,68000,54000,70000,57000,52000
CUST01486,8070000,74.2,267000,382000,446000,407000,538000,609000,735000,672000,570000,955000,1132000,1357000
CUST01487,359000,-81.0,46000,32000,36000,46000,31000,43000,37000,42000,26000,20000,0,0
CUST01488,275000,-26.9,18000,23000,19000,24000,27000,29000,23000,30000,25000,27000,30000,0
CUST01489,13000,0.0,3000,3000,2000,3000,2000,0,0,0,0,0,0,0
CUST01490,1712000,-30.0,130000,140000,164000,150000,148000,188000,151000,155000,160000,149000,177000,0
CUST01491,5496000,34.4,301000,373000,336000,387000,402000,371000,445000,454000,520000,555000,640000,712000
CUST01492,14000,0.0,3000,2000,2000,2000,3000,2000,0,0,0,0,0,0
CUST01493,354000,-4.2,31000,29000,26000,22000,30000,28000,37000,28000,31000,36000,30000,26000
CUST01494,105000,-100.0,13000,18000,10000,13000,11000,14000,15000,11000,0,0,0,0
CUST01495,467000,-0.8,39000,42000,30000,44000,34000,37000,35000,49000,37000,36000,49000,35000
CUST01496,113000,-67.9,14000,11000,15000,12000,10000,14000,10000,11000,7000,9000,0,0
CUST01497,15000,-100.0,2000,3000,2000,2000,2000,2000,2000,0,0,0,0,0
CUST01498,1181000,-12.2,128000,100000,88000,108000,115000,88000,100000,93000,102000,151000,108000,0
CUST01499,1905000,-17.1,146000,169000,145000,148000,162000,204000,176000,214000,119000,138000,142000,142000
CUST01500,886000,15.9,74000,57000,76000,67000,68000,69000,61000,66000,93000,85000,63000,107000
CUST01501,558000,-70.5,55000,72000,54000,67000,36000,59000,59000,55000,52000,49000,0,0
CUST01502,22000,-100.0,4000,4000,3000,3000,3000,3000,2000,0,0,0,0,0
CUST01503,193000,-100.0,21000,20000,22000,20000,19000,23000,26000,21000,21000,0,0,0
CUST01504,841000,-25.1,76000,71000,68000,67000,84000,64000,80000,82000,73000,74000,102000,0
CUST01505,176000,-76.6,21000,19000,25000,16000,19000,18000,17000,14000,16000,11000,0,0
CUST01506,421000,11.4,40000,32000,33000,32000,28000,34000,38000,33000,34000,39000,42000,36000
CUST01507,18000,0.0,4000,4000,4000,3000,3000,0,0,0,0,0,0,0
CUST01508,393000,-66.0,43000,53000,46000,38000,44000,27000,33000,24000,49000,36000,0,0
CUST01509,198000,-73.8,19000,20000,22000,21000,20000,19000,16000,25000,20000,16000,0,0
CUST01510,115000,-100.0,22000,17000,18000,20000,17000,12000,9000,0,0,0,0,0
CUST01511,14901000,12.1,525000,796000,610000,816000,1124000,1083000,1531000,1704000,1455000,1481000,1701000,2075000
CUST01512,2037000,-5.7,140000,184000,127000,175000,155000,160000,207000,197000,160000,174000,208000,150000
CUST01513,111000,-53.1,15000,10000,13000,9000,8000,9000,11000,10000,11000,9000,6000,0
CUST01514,48000,-100.0,7000,8000,8000,5000,7000,6000,7000,0,0,0,0,0
CUST01515,132000,-100.0,19000,14000,21000,16000,17000,14000,16000,15000,0,0,0,0
CUST01516,178000,23.1,19000,13000,12000,15000,16000,16000,13000,13000,13000,18000,15000,15000
CUST01517,1944000,21.8,121000,115000,113000,168000,143000,155000,188000,154000,167000,204000,206000,210000
CUST01518,38000,-100.0,4000,5000,5000,5000,4000,4000,4000,3000,4000,0,0,0
CUST01519,1033000,-15.1,100000,72000,85000,87000,101000,87000,93000,102000,76000,106000,124000,0
CUST01520,621000,-66.7,79000,79000,76000,51000,65000,55000,52000,57000,53000,54000,0,0
CUST01521,1010000,-46.6,91000,97000,116000,92000,84000,79000,90000,96000,108000,80000,77000,0
CUST01522,75000,-100.0,8000,11000,8000,9000,10000,7000,7000,8000,7000,0,0,0
CUST01523,73000,-100.0,13000,12000,10000,15000,8000,9000,6000,0,0,0,0,0
CUST01524,102000,-100.0,15000,18000,14000,12000,13000,11000,9000,10000,0,0,0,0
CUST01525,67000,-100.0,12000,8000,9000,9000,7000,7000,8000,7000,0,0,0,0
CUST01526,678000,-61.5,60000,68000,62000,72000,74000,58000,67000,71000,67000,79000,0,0
CUST01527,1705000,7.2,126000,116000,171000,148000,162000,174000,124000,151000,115000,116000,152000,150000
CUST01528,290000,-41.9,27000,25000,23000,27000,28000,24000,40000,23000,23000,26000,24000,0
CUST01529,3319000,47.8,145000,138000,200000,164000,227000,217000,261000,298000,340000,469000,394000,466000
CUST01530,718000,-31.4,60000,58000,63000,64000,50000,69000,84000,54000,72000,64000,80000,0
CUST01531,1758000,-28.9,114000,134000,176000,147000,133000,149000,119000,222000,188000,173000,203000,0
CUST01532,26548000,60.5,1556000,1235000,1512000,1953000,2192000,2683000,1599000,2185000,2134000,2422000,2846000,4231000
CUST01533,1166000,-33.1,73000,95000,101000,109000,95000,92000,134000,125000,101000,105000,136000,0
CUST01534,3000,0.0,1000,1000,0,1000,0,0,0,0,0,0,0,0
CUST01535,2127000,31.0,110000,114000,128000,132000,101000,163000,204000,171000,222000,308000,236000,238000
CUST01536,276000,-74.4,36000,31000,26000,28000,26000,26000,28000,29000,25000,21000,0,0
CUST01537,67000,-100.0,10000,13000,12000,9000,9000,8000,6000,0,0,0,0,0
CUST01538,51000,0.0,8000,9000,15000,9000,10000,0,0,0,0,0,0,0
CUST01539,27000,-100.0,3000,3000,3000,3000,3000,3000,3000,2000,4000,0,0,0
CUST01540,390000,-16.7,37000,35000,35000,33000,32000,42000,27000,34000,35000,43000,37000,0
CUST01541,256000,-100.0,41000,37000,35000,39000,40000,30000,34000,0,0,0,0,0
CUST01542,2363000,-17.9,173000,134000,219000,276000,177000,177000,204000,209000,250000,188000,161000,195000
CUST01543,344000,-25.3,36000,47000,31000,31000,28000,33000,25000,27000,27000,28000,31000,0
CUST01544,1384000,-37.0,98000,106000,110000,101000,120000,145000,150000,143000,139000,118000,154000,0
CUST01545,2088000,-22.0,191000,189000,227000,204000,180000,232000,167000,181000,138000,218000,161000,0
CUST01546,41000,-58.3,4000,4000,4000,4000,5000,3000,3000,5000,4000,5000,0,0
CUST01547,216000,9.3,18000,16000,18000,20000,15000,16000,18000,18000,18000,22000,19000,18000
CUST01548,19000,-60.0,2000,2000,2000,2000,2000,2000,2000,2000,1000,2000,0,0
CUST01549,269000,-35.9,21000,28000,26000,25000,21000,20000,30000,23000,25000,23000,27000,0
CUST01550,711000,-14.8,56000,50000,46000,72000,77000,60000,78000,48000,63000,54000,57000,50000
CUST01551,5633000,61.6,215000,250000,280000,341000,539000,320000,358000,485000,567000,762000,706000,810000
CUST01552,1049000,-41.1,108000,103000,105000,96000,108000,84000,95000,93000,92000,83000,82000,0
CUST01553,211000,5.5,13000,18000,14000,20000,19000,14000,22000,14000,19000,19000,16000,23000
CUST01554,570000,-37.6,50000,63000,40000,50000,52000,47000,58000,51000,56000,52000,51000,0
CUST01555,61000,-37.5,6000,5000,7000,7000,6000,4000,5000,5000,6000,5000,5000,0
CUST01556,7000,-100.0,1000,1000,1000,1000,1000,1000,1000,0,0,0,0,0
CUST01557,11000,-100.0,2000,1000,2000,1000,1000,1000,1000,1000,1000,0,0,0
CUST01558,186000,8.2,13000,12000,14000,16000,15000,14000,18000,16000,15000,23000,15000,15000
CUST01559,883000,-19.2,70000,78000,97000,86000,74000,73000,71000,72000,81000,89000,92000,0
CUST01560,23000,-100.0,4000,4000,3000,3000,4000,2000,3000,0,0,0,0,0
CUST01561,38000,0.0,6000,5000,8000,6000,7000,6000,0,0,0,0,0,0
CUST01562,355000,-63.0,34000,27000,27000,31000,42000,31000,37000,46000,36000,44000,0,0
CUST01563,85000,-100.0,15000,13000,12000,8000,8000,8000,7000,7000,7000,0,0,0
CUST01564,147000,-100.0,23000,21000,24000,14000,12000,15000,15000,14000,9000,0,0,0
CUST01565,48000,-100.0,10000,7000,7000,7000,7000,5000,5000,0,0,0,0,0
CUST01566,22000,-33.4,2000,2000,2000,2000,2000,2000,2000,2000,2000,2000,2000,0
CUST01567,2295000,-19.2,156000,154000,168000,176000,200000,186000,214000,221000,259000,187000,182000,192000
CUST01568,1303000,29.0,102000,88000,82000,94000,98000,159000,83000,108000,106000,104000,103000,176000
CUST01569,156000,-18.4,18000,17000,15000,13000,12000,12000,13000,12000,13000,17000,14000,0
CUST01570,126000,-58.8,12000,14000,16000,15000,12000,9000,12000,10000,12000,14000,0,0
CUST01571,1475000,-41.4,122000,153000,136000,158000,127000,121000,128000,155000,132000,133000,110000,0
CUST01572,754000,-35.1,69000,59000,54000,71000,73000,52000,65000,73000,90000,64000,84000,0
CUST01573,22000,-33.4,2000,2000,2000,2000,2000,2000,2000,2000,2000,2000,2000,0
CUST01574,17000,0.0,4000,4000,4000,2000,3000,0,0,0,0,0,0,0
CUST01575,4796000,18.5,279000,285000,296000,413000,368000,365000,423000,374000,480000,405000,499000,609000
CUST01576,786000,-1.9,56000,64000,71000,54000,62000,67000,59000,69000,80000,72000,51000,81000
CUST01577,94000,0.0,17000,19000,18000,14000,13000,13000,0,0,0,0,0,0
CUST01578,138000,0.0,29000,35000,26000,24000,24000,0,0,0,0,0,0,0
CUST01579,77000,0.0,19000,14000,14000,14000,16000,0,0,0,0,0,0,0
CUST01580,214000,0.0,56000,44000,41000,35000,38000,0,0,0,0,0,0,0
CUST01581,16000,0.0,3000,3000,2000,3000,3000,2000,0,0,0,0,0,0
CUST01582,689000,-10.2,40000,53000,57000,49000,57000,80000,63000,63000,60000,73000,94000,0
CUST01583,1661000,-46.3,159000,119000,146000,156000,190000,155000,136000,175000,168000,118000,139000,0
CUST01584,993000,-10.5,67000,86000,76000,86000,87000,85000,89000,74000,104000,83000,71000,85000
CUST01585,109000,-30.3,8000,8000,10000,10000,7000,10000,9000,13000,11000,8000,15000,0
CUST01586,34000,-100.0,5000,5000,5000,5000,5000,4000,5000,0,0,0,0,0
CUST01587,1713000,27.3,104000,113000,100000,152000,108000,136000,146000,135000,159000,160000,163000,237000
CUST01588,601000,-38.1,70000,51000,43000,54000,70000,54000,57000,56000,47000,50000,49000,0
CUST01589,844000,-35.5,81000,68000,68000,94000,58000,67000,89000,41000,118000,80000,80000,0
CUST01590,153000,5.4,10000,14000,14000,13000,10000,16000,11000,14000,12000,14000,13000,12000
CUST01591,640000,-48.9,68000,52000,63000,50000,70000,50000,49000,79000,62000,49000,48000,0
CUST01592,5314000,20.9,247000,300000,252000,301000,490000,454000,398000,485000,597000,497000,647000,646000
CUST01593,129000,-100.0,16000,20000,16000,17000,18000,15000,14000,13000,0,0,0,0
CUST01594,2224000,-37.2,212000,208000,164000,219000,249000,208000,242000,202000,148000,203000,169000,0
CUST01595,19000,0.0,4000,4000,2000,3000,3000,3000,0,0,0,0,0,0
CUST01596,311000,-100.0,23000,25000,42000,33000,37000,41000,36000,43000,31000,0,0,0
CUST01597,301000,-100.0,41000,51000,34000,34000,31000,43000,34000,33000,0,0,0,0
CUST01598,4359000,2.9,269000,247000,318000,410000,392000,345000,500000,325000,347000,364000,382000,460000
CUST01599,77000,-100.0,11000,11000,14000,10000,10000,12000,9000,0,0,0,0,0
CUST01600,4281000,7.1,337000,347000,391000,306000,305000,319000,364000,345000,390000,402000,367000,408000
CUST01601,6000,0.0,1000,1000,1000,1000,1000,1000,0,0,0,0,0,0
CUST01602,1351000,4.8,89000,94000,83000,119000,100000,141000,123000,113000,118000,108000,153000,110000
CUST01603,619000,-28.0,42000,47000,45000,63000,56000,53000,53000,64000,65000,69000,62000,0
CUST01604,9000,-100.0,2000,1000,1000,1000,1000,2000,1000,0,0,0,0,0
CUST01605,224000,-69.7,26000,19000,24000,23000,21000,25000,25000,19000,22000,20000,0,0
CUST01606,3952000,-24.9,351000,339000,323000,274000,332000,353000,375000,429000,327000,518000,331000,0
CUST01607,35000,-100.0,5000,7000,5000,5000,4000,5000,4000,0,0,0,0,0
CUST01608,489000,-35.5,46000,53000,41000,47000,51000,47000,42000,42000,40000,36000,44000,0
CUST01609,343000,-41.5,32000,31000,40000,30000,31000,30000,32000,33000,29000,32000,23000,0
CUST01610,44000,-23.1,3000,4000,4000,3000,3000,4000,4000,4000,5000,5000,5000,0
CUST01611,1028000,-10.4,87000,81000,69000,82000,106000,91000,81000,107000,82000,115000,127000,0
CUST01612,78000,-100.0,8000,10000,7000,9000,12000,10000,14000,8000,0,0,0,0
CUST01613,150000,-81.8,19000,18000,17000,13000,15000,16000,16000,15000,13000,8000,0,0
CUST01614,1193000,-7.4,85000,131000,94000,82000,90000,114000,91000,122000,97000,86000,114000,87000
CUST01615,25000,-100.0,3000,3000,3000,2000,3000,3000,3000,2000,3000,0,0,0
CUST01616,1021000,24.8,66000,70000,90000,89000,72000,108000,69000,73000,92000,106000,79000,107000
CUST01617,11577000,37.9,761000,569000,505000,873000,921000,755000,722000,969000,1332000,1050000,1440000,1680000
CUST01618,1905000,-31.1,148000,137000,145000,246000,154000,136000,154000,221000,181000,171000,212000,0
CUST01619,68000,-100.0,9000,10000,10000,8000,11000,9000,11000,0,0,0,0,0
CUST01620,6560000,33.5,391000,460000,404000,392000,587000,497000,523000,607000,510000,912000,721000,556000
CUST01621,282000,-63.0,27000,27000,25000,23000,38000,31000,30000,26000,25000,30000,0,0
CUST01622,733000,-22.1,54000,69000,58000,53000,74000,46000,62000,66000,85000,79000,87000,0
CUST01623,83000,-33.3,9000,8000,9000,5000,10000,7000,7000,8000,6000,7000,7000,0
CUST01624,8886000,27.6,545000,710000,648000,659000,604000,521000,748000,660000,876000,921000,1055000,939000
CUST01625,705000,-66.8,72000,76000,52000,67000,63000,74000,64000,87000,75000,75000,0,0
CUST01626,10000,0.0,2000,2000,2000,2000,1000,1000,0,0,0,0,0,0
CUST01627,985000,-16.0,68000,77000,87000,84000,91000,94000,86000,83000,94000,122000,99000,0
CUST01628,158000,16.7,11000,11000,17000,12000,13000,16000,10000,13000,13000,16000,16000,10000
CUST01629,609000,-35.0,64000,58000,67000,40000,59000,57000,53000,57000,50000,58000,46000,0
CUST01630,1015000,21.1,86000,97000,80000,67000,86000,97000,72000,71000,84000,82000,97000,96000
CUST01631,993000,3.6,73000,70000,81000,69000,95000,98000,68000,76000,105000,93000,79000,86000
CUST01632,18000,-100.0,3000,3000,2000,2000,2000,2000,2000,2000,0,0,0,0
CUST01633,865000,6.2,63000,57000,79000,67000,73000,58000,72000,80000,75000,80000,92000,69000
CUST01634,2351000,-63.2,258000,251000,217000,244000,216000,280000,216000,219000,212000,238000,0,0
CUST01635,52000,-100.0,11000,8000,6000,6000,6000,5000,5000,5000,0,0,0,0
CUST01636,1085000,-30.6,79000,77000,96000,89000,100000,112000,97000,89000,128000,84000,134000,0
CUST01637,1082000,-13.5,73000,79000,96000,92000,117000,101000,69000,99000,113000,118000,125000,0
CUST01638,213000,-53.7,28000,27000,24000,19000,20000,16000,19000,17000,18000,13000,12000,0
CUST01639,244000,-1.7,26000,19000,21000,23000,22000,16000,25000,17000,17000,17000,18000,23000
CUST01640,41000,0.0,5000,6000,7000,9000,6000,8000,0,0,0,0,0,0
CUST01641,1065000,-27.2,96000,102000,100000,80000,118000,87000,103000,85000,91000,110000,93000,0
CUST01642,3109000,35.2,158000,150000,181000,225000,205000,238000,264000,275000,291000,350000,355000,417000
CUST01643,442000,-59.7,48000,52000,47000,36000,40000,59000,40000,43000,31000,46000,0,0
CUST01644,53000,-30.8,5000,6000,5000,5000,6000,4000,4000,5000,4000,5000,4000,0
CUST01645,423000,-5.1,30000,32000,27000,25000,34000,45000,39000,42000,37000,36000,40000,36000
CUST01646,1118000,12.8,73000,112000,81000,88000,95000,105000,80000,87000,98000,78000,94000,127000
CUST01647,1373000,-30.5,125000,100000,124000,94000,101000,146000,138000,144000,121000,154000,126000,0
CUST01648,13000,0.0,3000,4000,3000,3000,0,0,0,0,0,0,0,0
CUST01649,72000,-100.0,11000,11000,6000,7000,10000,8000,5000,6000,8000,0,0,0
CUST01650,28000,-100.0,3000,5000,5000,4000,5000,3000,3000,0,0,0,0,0
CUST01651,561000,-28.9,44000,44000,53000,50000,47000,39000,51000,55000,60000,64000,54000,0
CUST01652,575000,-50.3,50000,52000,58000,61000,48000,53000,58000,59000,52000,39000,45000,0
CUST01653,524000,-25.9,66000,48000,46000,43000,46000,40000,53000,45000,37000,38000,62000,0
CUST01654,10618000,16.9,477000,643000,789000,869000,674000,739000,946000,1076000,941000,1303000,907000,1254000
CUST01655,52000,-100.0,10000,8000,8000,7000,6000,7000,6000,0,0,0,0,0
CUST01656,1366000,-35.4,136000,140000,85000,128000,108000,94000,137000,144000,129000,137000,128000,0
CUST01657,469000,-70.2,44000,54000,52000,35000,44000,44000,43000,48000,60000,45000,0,0
CUST01658,42000,-100.0,7000,8000,8000,6000,4000,4000,5000,0,0,0,0,0
CUST01659,77000,-74.1,8000,8000,7000,7000,7000,6000,9000,9000,9000,7000,0,0
CUST01660,532000,5.5,46000,40000,39000,47000,50000,49000,38000,46000,43000,46000,51000,37000
CUST01661,953000,9.8,83000,98000,91000,83000,66000,81000,68000,89000,58000,74000,78000,84000
CUST01662,401000,21.3,39000,32000,46000,31000,31000,25000,30000,22000,37000,35000,39000,34000
CUST01663,8000,0.0,2000,2000,2000,2000,0,0,0,0,0,0,0,0
CUST01664,883000,-39.2,89000,74000,68000,85000,90000,51000,94000,104000,67000,70000,91000,0
CUST01665,15000,-100.0,2000,2000,2000,2000,1000,2000,2000,2000,0,0,0,0
CUST01666,18000,-100.0,4000,2000,2000,3000,2000,3000,2000,0,0,0,0,0
CUST01667,10000,0.0,6000,4000,0,0,0,0,0,0,0,0,0,0
CUST01668,1067000,-3.0,85000,81000,85000,95000,101000,92000,112000,77000,79000,85000,90000,85000
CUST01669,17095000,1.8,930000,1030000,1147000,1173000,1314000,1403000,1637000,1538000,1829000,1465000,1664000,1965000
CUST01670,47000,-100.0,7000,6000,7000,6000,7000,5000,4000,5000,0,0,0,0
CUST01671,3084000,-18.3,232000,211000,183000,275000,231000,251000,319000,283000,334000,407000,358000,0
CUST01672,548000,18.1,55000,43000,42000,51000,41000,39000,38000,51000,38000,47000,44000,59000
CUST01673,22000,-66.6,3000,3000,2000,2000,2000,2000,2000,2000,2000,2000,0,0
CUST01674,4568000,15.0,327000,321000,381000,281000,326000,341000,360000,416000,429000,401000,578000,407000
CUST01675,188000,-100.0,29000,18000,27000,26000,20000,19000,17000,19000,13000,0,0,0
CUST01676,81000,-100.0,10000,13000,10000,10000,9000,7000,9000,6000,7000,0,0,0
CUST01677,104000,-68.0,14000,13000,12000,9000,8000,15000,10000,8000,7000,8000,0,0
CUST01678,220000,-3.8,20000,16000,19000,18000,22000,23000,17000,18000,17000,17000,13000,20000
CUST01679,24000,-100.0,4000,3000,3000,3000,3000,3000,3000,2000,0,0,0,0
CUST01680,215000,-26.4,18000,20000,21000,23000,21000,20000,20000,18000,15000,16000,23000,0
CUST01681,94000,0.0,29000,18000,22000,25000,0,0,0,0,0,0,0,0
CUST01682,70000,-100.0,9000,13000,12000,10000,9000,9000,8000,0,0,0,0,0
CUST01683,14000,-100.0,2000,1000,2000,1000,1000,1000,2000,2000,2000,0,0,0
CUST01684,24000,0.0,2000,2000,2000,2000,2000,2000,2000,2000,2000,2000,2000,2000
CUST01685,4355000,4.7,229000,323000,300000,325000,314000,477000,360000,376000,430000,456000,421000,344000
CUST01686,126000,-29.7,8000,10000,14000,10000,11000,10000,11000,13000,13000,14000,12000,0
CUST01687,277000,-37.2,23000,24000,25000,17000,22000,26000,30000,29000,27000,29000,25000,0
CUST01688,697000,-50.2,84000,62000,52000,56000,70000,69000,68000,71000,64000,54000,47000,0
CUST01689,203000,-67.9,19000,20000,23000,24000,23000,20000,19000,19000,18000,18000,0,0
CUST01690,1088000,-65.8,89000,120000,109000,119000,122000,101000,134000,110000,75000,109000,0,0
CUST01691,87000,-100.0,12000,16000,13000,12000,12000,11000,11000,0,0,0,0,0
CUST01692,6000,0.0,1000,1000,1000,1000,1000,1000,0,0,0,0,0,0
CUST01693,568000,-67.8,60000,49000,61000,50000,55000,55000,64000,52000,64000,58000,0,0
CUST01694,27000,0.0,5000,5000,6000,5000,6000,0,0,0,0,0,0,0
CUST01695,357000,-57.4,26000,32000,41000,32000,32000,40000,37000,32000,39000,46000,0,0
CUST01696,786000,-23.1,63000,55000,70000,53000,80000,67000,72000,71000,82000,90000,83000,0
CUST01697,541000,12.3,46000,36000,35000,45000,50000,53000,32000,47000,51000,46000,54000,46000
CUST01698,92000,-100.0,13000,15000,16000,14000,10000,12000,12000,0,0,0,0,0
CUST01699,47000,-36.4,4000,5000,5000,4000,6000,5000,3000,4000,4000,3000,4000,0
CUST01700,6000,0.0,1000,1000,1000,1000,1000,1000,0,0,0,0,0,0
CUST01701,72000,-100.0,8000,9000,15000,9000,9000,10000,12000,0,0,0,0,0
CUST01702,9000,-100.0,1000,1000,1000,1000,1000,1000,1000,1000,1000,0,0,0
CUST01703,590000,-3.0,41000,48000,40000,37000,48000,47000,67000,52000,48000,49000,56000,57000
CUST01704,147000,-62.8,17000,14000,16000,16000,12000,13000,16000,13000,14000,16000,0,0
CUST01705,781000,-36.4,66000,77000,59000,63000,63000,67000,79000,68000,89000,60000,90000,0
CUST01706,15000,-100.0,2000,2000,2000,2000,2000,1000,2000,2000,0,0,0,0
CUST01707,4417000,29.2,247000,297000,246000,260000,352000,297000,374000,347000,465000,395000,556000,581000
CUST01708,1005000,-29.5,85000,74000,78000,92000,81000,87000,90000,97000,111000,99000,111000,0
CUST01709,41000,0.0,9000,7000,6000,7000,6000,6000,0,0,0,0,0,0
CUST01710,387000,-21.2,28000,30000,39000,30000,40000,34000,47000,29000,28000,46000,36000,0
CUST01711,7000,-100.0,1000,1000,1000,1000,1000,1000,1000,0,0,0,0,0
CUST01712,168000,-32.0,14000,13000,15000,15000,13000,14000,21000,15000,14000,16000,18000,0
CUST01713,9000,-100.0,1000,1000,1000,1000,1000,1000,1000,1000,1000,0,0,0
CUST01714,120000,0.0,32000,25000,21000,23000,19000,0,0,0,0,0,0,0
CUST01715,935000,0.8,69000,73000,85000,60000,71000,77000,95000,85000,69000,96000,77000,78000
CUST01716,139000,-100.0,21000,22000,17000,17000,14000,11000,15000,10000,12000,0,0,0
CUST01717,515000,9.3,42000,48000,47000,35000,40000,33000,37000,48000,44000,42000,47000,52000
CUST01718,219000,5.9,18000,17000,17000,18000,19000,25000,18000,17000,16000,17000,16000,21000
CUST01719,539000,-43.5,69000,38000,55000,43000,48000,45000,55000,45000,54000,41000,46000,0
CUST01720,23000,0.0,8000,4000,6000,5000,0,0,0,0,0,0,0,0
CUST01721,21695000,27.5,974000,1447000,1157000,1504000,1703000,1508000,1855000,1776000,2261000,2427000,2795000,2288000
CUST01722,969000,-15.1,99000,74000,101000,93000,81000,68000,97000,72000,76000,89000,52000,67000
CUST01723,53000,0.0,12000,10000,9000,12000,10000,0,0,0,0,0,0,0
CUST01724,503000,-42.3,50000,55000,50000,47000,55000,41000,42000,36000,52000,45000,30000,0
CUST01725,885000,-60.0,97000,86000,82000,72000,83000,80000,95000,94000,86000,110000,0,0
CUST01726,1437000,22.7,71000,111000,90000,83000,92000,108000,130000,147000,119000,174000,173000,139000
CUST01727,1759000,-37.2,134000,177000,159000,142000,134000,168000,114000,194000,211000,175000,151000,0
CUST01728,25000,0.0,4000,4000,5000,4000,4000,4000,0,0,0,0,0,0
CUST01729,1402000,17.3,87000,85000,109000,75000,106000,112000,125000,112000,144000,134000,182000,131000
CUST01730,228000,-68.7,19000,28000,23000,24000,20000,26000,27000,23000,17000,21000,0,0
CUST01731,13000,0.0,3000,2000,2000,2000,2000,2000,0,0,0,0,0,0
CUST01732,3672000,50.7,234000,271000,253000,304000,292000,245000,253000,259000,315000,351000,420000,475000
CUST01733,209000,-100.0,38000,40000,27000,25000,27000,20000,16000,16000,0,0,0,0
CUST01734,1165000,-29.6,73000,71000,75000,90000,113000,99000,139000,127000,112000,129000,137000,0
CUST01735,44000,0.0,8000,6000,9000,7000,6000,8000,0,0,0,0,0,0
CUST01736,23000,0.0,8000,6000,9000,0,0,0,0,0,0,0,0,0
CUST01737,24000,-100.0,4000,3000,3000,4000,3000,3000,4000,0,0,0,0,0
CUST01738,97000,-20.8,11000,8000,9000,8000,9000,9000,7000,8000,9000,9000,10000,0
CUST01739,184000,-39.2,16000,16000,20000,16000,15000,19000,16000,16000,19000,14000,17000,0
CUST01740,85000,-76.2,13000,10000,9000,9000,11000,7000,8000,8000,5000,5000,0,0
CUST01741,34000,-40.0,4000,3000,2000,3000,3000,3000,3000,3000,4000,3000,3000,0
CUST01742,210000,-43.5,19000,19000,17000,25000,19000,14000,19000,18000,25000,15000,20000,0
CUST01743,4790000,-4.6,334000,347000,268000,261000,425000,411000,431000,353000,620000,462000,412000,466000
CUST01744,25000,0.0,5000,7000,4000,5000,4000,0,0,0,0,0,0,0
CUST01745,8000,0.0,2000,2000,1000,2000,1000,0,0,0,0,0,0,0
CUST01746,438000,5.8,40000,33000,40000,35000,29000,47000,33000,36000,35000,37000,34000,39000
CUST01747,96000,-100.0,14000,12000,14000,15000,11000,11000,8000,11000,0,0,0,0
CUST01748,381000,-15.3,26000,22000,33000,35000,28000,32000,32000,35000,44000,29000,32000,33000
CUST01749,2096000,-71.5,240000,181000,218000,235000,234000,209000,181000,220000,205000,173000,0,0
CUST01750,343000,25.0,19000,22000,19000,25000,26000,25000,25000,35000,32000,31000,43000,41000
CUST01751,150000,-54.8,11000,15000,11000,16000,15000,21000,14000,16000,12000,19000,0,0
CUST01752,722000,-12.4,47000,69000,62000,61000,60000,74000,60000,81000,45000,94000,69000,0
CUST01753,194000,-100.0,30000,26000,21000,32000,24000,19000,21000,21000,0,0,0,0
CUST01754,45000,-75.0,6000,6000,5000,5000,5000,3000,4000,3000,5000,3000,0,0
CUST01755,416000,-44.1,46000,36000,37000,39000,37000,37000,43000,33000,42000,34000,32000,0
CUST01756,380000,11.9,26000,23000,30000,27000,30000,30000,36000,28000,37000,29000,31000,53000
CUST01757,7098000,34.3,445000,552000,590000,414000,481000,591000,538000,642000,538000,522000,921000,864000
CUST01758,61000,-100.0,10000,10000,7000,10000,8000,7000,9000,0,0,0,0,0
CUST01759,27000,0.0,7000,5000,5000,5000,5000,0,0,0,0,0,0,0
CUST01760,24000,0.0,7000,7000,10000,0,0,0,0,0,0,0,0,0
CUST01761,407000,-34.9,35000,31000,45000,40000,38000,38000,38000,44000,27000,38000,33000,0
CUST01762,1413000,-33.6,120000,138000,127000,149000,116000,104000,115000,120000,161000,130000,133000,0
CUST01763,1596000,-66.4,146000,155000,124000,144000,159000,180000,142000,216000,157000,173000,0,0
CUST01764,2314000,26.4,133000,154000,160000,142000,177000,176000,213000,212000,181000,247000,237000,282000
CUST01765,479000,24.5,22000,25000,21000,34000,32000,33000,36000,42000,61000,52000,47000,74000
CUST01766,5458000,27.9,284000,317000,319000,391000,369000,551000,503000,412000,501000,556000,559000,696000
CUST01767,33000,-100.0,5000,5000,5000,5000,6000,4000,3000,0,0,0,0,0
CUST01768,6596000,12.4,462000,384000,380000,341000,535000,517000,523000,781000,568000,563000,818000,724000
CUST01769,8564000,30.4,452000,752000,522000,610000,704000,548000,724000,754000,682000,938000,968000,910000
CUST01770,19000,-66.6,2000,2000,2000,1000,2000,2000,2000,2000,2000,2000,0,0
CUST01771,1327000,17.9,79000,102000,94000,119000,107000,120000,99000,122000,103000,114000,122000,146000
CUST01772,224000,0.0,38000,39000,37000,39000,32000,39000,0,0,0,0,0,0
CUST01773,975000,-45.6,57000,82000,97000,89000,98000,78000,100000,109000,98000,83000,84000,0
CUST01774,6000,-100.0,1000,1000,1000,1000,1000,0,1000,0,0,0,0,0
CUST01775,1132000,-43.6,103000,113000,114000,101000,102000,97000,101000,115000,105000,95000,86000,0
CUST01776,246000,-66.7,28000,24000,23000,21000,26000,20000,26000,27000,25000,26000,0,0
CUST01777,40000,-100.0,6000,6000,6000,4000,7000,6000,5000,0,0,0,0,0
CUST01778,4101000,37.1,240000,340000,306000,295000,297000,297000,318000,311000,352000,473000,440000,432000
CUST01779,562000,-58.9,36000,44000,57000,50000,53000,54000,63000,45000,82000,78000,0,0
CUST01780,854000,-41.8,86000,75000,90000,81000,77000,70000,65000,87000,85000,82000,56000,0
CUST01781,665000,-36.7,74000,52000,55000,61000,66000,68000,58000,64000,55000,51000,61000,0
CUST01782,19000,-100.0,3000,2000,2000,2000,2000,2000,2000,2000,2000,0,0,0
CUST01783,2377000,-18.0,176000,173000,194000,246000,234000,198000,240000,215000,180000,215000,306000,0
CUST01784,267000,-80.0,30000,24000,28000,27000,33000,29000,27000,26000,27000,16000,0,0
CUST01785,643000,-66.3,53000,52000,55000,78000,58000,73000,78000,69000,58000,69000,0,0
CUST01786,9000,0.0,3000,3000,3000,0,0,0,0,0,0,0,0,0
CUST01787,762000,-38.4,75000,81000,73000,78000,74000,61000,68000,64000,66000,54000,68000,0
CUST01788,559000,-28.6,44000,52000,57000,57000,41000,56000,42000,52000,53000,49000,56000,0
CUST01789,34000,0.0,6000,10000,5000,3000,5000,5000,0,0,0,0,0,0
CUST01790,11676000,44.3,533000,489000,622000,833000,755000,651000,864000,1229000,1097000,1590000,1280000,1733000
CUST01791,42000,0.0,10000,9000,7000,8000,8000,0,0,0,0,0,0,0
CUST01792,177000,-68.6,21000,13000,27000,15000,15000,19000,17000,17000,17000,16000,0,0
CUST01793,337000,-44.4,32000,31000,30000,29000,44000,31000,34000,30000,26000,23000,27000,0
CUST01794,375000,-45.9,31000,32000,41000,40000,36000,27000,44000,33000,32000,26000,33000,0
CUST01795,232000,-100.0,29000,22000,35000,25000,31000,23000,28000,39000,0,0,0,0
CUST01796,43000,-30.8,4000,4000,3000,3000,4000,3000,4000,4000,5000,5000,4000,0
CUST01797,1175000,1.6,77000,115000,90000,89000,105000,80000,111000,123000,73000,102000,123000,87000
CUST01798,399000,-61.0,47000,39000,41000,34000,34000,33000,32000,42000,49000,48000,0,0
CUST01799,214000,-6.9,18000,15000,16000,15000,24000,14000,16000,16000,26000,19000,18000,17000
CUST01800,946000,10.7,97000,68000,85000,87000,93000,82000,84000,65000,57000,81000,87000,60000
CUST01801,749000,-30.7,74000,73000,67000,46000,72000,70000,76000,61000,68000,52000,90000,0
CUST01802,187000,21.4,17000,14000,18000,17000,17000,11000,16000,12000,14000,16000,17000,18000
CUST01803,1293000,-47.1,90000,80000,129000,89000,117000,152000,121000,150000,145000,100000,120000,0
CUST01804,1092000,-20.2,114000,105000,93000,131000,101000,84000,76000,98000,84000,109000,97000,0
CUST01805,89000,-66.7,10000,10000,7000,9000,8000,9000,10000,8000,9000,9000,0,0
CUST01806,295000,-42.2,21000,22000,38000,31000,23000,29000,35000,23000,25000,24000,24000,0
CUST01807,3305000,23.7,220000,277000,272000,209000,355000,232000,247000,256000,275000,255000,325000,382000
CUST01808,1714000,-27.1,195000,147000,183000,187000,139000,154000,120000,135000,155000,148000,151000,0
CUST01809,1645000,5.1,122000,115000,94000,96000,149000,152000,153000,166000,128000,169000,175000,126000
CUST01810,3489000,18.6,163000,243000,176000,231000,282000,239000,355000,381000,250000,317000,452000,400000
CUST01811,1133000,61.5,69000,68000,76000,66000,81000,114000,60000,102000,90000,99000,149000,159000
CUST01812,268000,-41.0,29000,23000,26000,23000,27000,16000,26000,21000,31000,25000,21000,0
CUST01813,34000,-100.0,4000,4000,5000,5000,4000,4000,4000,4000,0,0,0,0
CUST01814,558000,-34.5,42000,45000,40000,44000,62000,52000,46000,61000,58000,59000,49000,0
CUST01815,169000,-100.0,24000,25000,19000,20000,21000,19000,16000,25000,0,0,0,0
CUST01816,330000,-45.6,25000,21000,31000,30000,32000,32000,30000,41000,32000,26000,30000,0
CUST01817,9000,-100.0,1000,1000,1000,1000,1000,1000,1000,1000,1000,0,0,0
CUST01818,187000,-40.4,19000,21000,15000,17000,15000,17000,16000,15000,21000,16000,15000,0
CUST01819,353000,-42.3,33000,32000,29000,31000,30000,34000,41000,32000,31000,26000,34000,0
CUST01820,449000,-42.6,37000,38000,34000,33000,51000,34000,57000,40000,44000,41000,40000,0
CUST01821,19000,-80.0,3000,3000,2000,2000,1000,2000,2000,2000,1000,1000,0,0
CUST01822,364000,-43.1,35000,32000,36000,39000,31000,31000,29000,41000,32000,29000,29000,0
CUST01823,1198000,-16.8,113000,88000,129000,91000,98000,111000,94000,102000,114000,127000,131000,0
CUST01824,1740000,-9.9,164000,128000,154000,153000,129000,128000,144000,164000,157000,121000,173000,125000
CUST01825,3000,0.0,1000,1000,1000,0,0,0,0,0,0,0,0,0
CUST01826,4224000,4.7,303000,264000,298000,382000,392000,215000,312000,332000,514000,347000,452000,413000
CUST01827,509000,-42.1,70000,56000,51000,73000,42000,37000,37000,46000,31000,36000,30000,0
CUST01828,459000,-65.6,43000,46000,46000,52000,38000,58000,44000,45000,42000,45000,0,0
CUST01829,603000,-100.0,68000,91000,76000,59000,62000,71000,61000,57000,58000,0,0,0
CUST01830,1092000,39.8,51000,72000,82000,91000,82000,76000,83000,81000,102000,129000,120000,123000
CUST01831,147000,-47.5,15000,15000,11000,20000,14000,11000,13000,14000,13000,10000,11000,0
CUST01832,114000,0.0,23000,29000,24000,20000,18000,0,0,0,0,0,0,0
CUST01833,179000,-36.5,13000,17000,15000,19000,15000,15000,15000,21000,16000,15000,18000,0
CUST01834,1067000,-25.7,84000,87000,107000,110000,92000,99000,83000,94000,103000,119000,89000,0
CUST01835,1327000,-49.3,105000,109000,126000,123000,99000,141000,131000,139000,144000,102000,108000,0
CUST01836,621000,16.6,39000,43000,40000,48000,44000,67000,39000,65000,53000,64000,67000,52000
CUST01837,9266000,24.6,474000,690000,649000,562000,725000,675000,579000,764000,1102000,937000,916000,1193000
CUST01838,301000,-36.5,23000,30000,32000,21000,28000,28000,24000,32000,29000,26000,28000,0
CUST01839,75000,-100.0,10000,10000,9000,11000,9000,8000,6000,6000,6000,0,0,0
CUST01840,43000,-18.2,5000,5000,4000,3000,3000,3000,3000,4000,4000,2000,3000,4000
CUST01841,4287000,-6.9,277000,312000,281000,316000,308000,393000,341000,377000,525000,369000,430000,358000
CUST01842,87000,-68.0,10000,8000,8000,9000,10000,9000,9000,8000,8000,8000,0,0
CUST01843,684000,-60.4,65000,57000,65000,63000,63000,82000,65000,69000,73000,82000,0,0
CUST01844,25000,-100.0,2000,3000,3000,3000,3000,2000,3000,3000,3000,0,0,0
CUST01845,798000,-31.7,94000,89000,75000,98000,71000,68000,63000,55000,62000,49000,74000,0
CUST01846,313000,-46.2,20000,25000,32000,28000,22000,23000,41000,36000,29000,29000,28000,0
CUST01847,171000,-45.7,16000,15000,21000,17000,15000,16000,13000,17000,16000,14000,11000,0
CUST01848,952000,-29.2,75000,82000,92000,93000,72000,87000,66000,88000,110000,72000,115000,0
CUST01849,1542000,-31.5,169000,114000,153000,144000,139000,122000,134000,115000,167000,139000,146000,0
CUST01850,137000,0.0,23000,21000,27000,23000,21000,22000,0,0,0,0,0,0
CUST01851,305000,-64.0,29000,45000,29000,27000,24000,30000,28000,33000,28000,32000,0,0
CUST01852,28000,-100.0,5000,4000,4000,4000,4000,3000,4000,0,0,0,0,0
CUST01853,1080000,5.6,77000,83000,89000,83000,97000,67000,88000,85000,111000,94000,116000,90000
CUST01854,11000,-100.0,2000,1000,2000,2000,1000,1000,2000,0,0,0,0,0
CUST01855,88000,0.0,16000,17000,12000,13000,17000,13000,0,0,0,0,0,0
CUST01856,74000,-41.2,12000,9000,7000,6000,6000,7000,5000,6000,6000,4000,6000,0
CUST01857,327000,-20.7,25000,21000,27000,30000,28000,31000,34000,35000,23000,41000,32000,0
CUST01858,108000,-54.5,12000,10000,10000,9000,8000,11000,9000,12000,12000,15000,0,0
CUST01859,220000,-9.4,19000,16000,22000,20000,20000,22000,21000,16000,16000,19000,29000,0
CUST01860,3064000,0.8,205000,181000,244000,216000,243000,266000,235000,276000,340000,304000,293000,261000
CUST01861,444000,-28.3,39000,56000,49000,40000,54000,36000,35000,36000,28000,37000,34000,0
CUST01862,50000,0.0,10000,8000,8000,8000,8000,8000,0,0,0,0,0,0
CUST01863,22000,-100.0,4000,3000,3000,3000,2000,4000,3000,0,0,0,0,0
CUST01864,1100000,-29.6,91000,102000,113000,113000,96000,108000,103000,87000,90000,79000,118000,0
CUST01865,1032000,-13.1,81000,128000,74000,98000,93000,87000,96000,74000,82000,121000,98000,0
CUST01866,71000,-100.0,13000,11000,9000,9000,8000,7000,7000,7000,0,0,0,0
CUST01867,52000,-100.0,7000,5000,6000,5000,4000,5000,7000,7000,6000,0,0,0
CUST01868,759000,-43.2,66000,67000,67000,67000,53000,72000,88000,71000,75000,54000,79000,0
CUST01869,1123000,14.2,76000,91000,87000,79000,92000,81000,98000,80000,110000,87000,126000,116000
CUST01870,138000,-100.0,22000,23000,22000,22000,17000,14000,18000,0,0,0,0,0
CUST01871,406000,-38.0,27000,27000,37000,30000,38000,38000,34000,48000,47000,34000,46000,0
CUST01872,753000,7.8,47000,72000,62000,57000,71000,70000,52000,64000,64000,58000,78000,58000
CUST01873,222000,-100.0,32000,31000,25000,27000,26000,19000,23000,21000,18000,0,0,0
CUST01874,264000,-100.0,35000,33000,36000,28000,36000,39000,29000,28000,0,0,0,0
CUST01875,12000,0.0,3000,3000,2000,2000,2000,0,0,0,0,0,0,0
CUST01876,56000,0.0,18000,18000,20000,0,0,0,0,0,0,0,0,0
CUST01877,1163000,-10.4,80000,89000,81000,99000,109000,83000,129000,100000,99000,144000,150000,0
CUST01878,525000,-27.7,57000,47000,45000,47000,37000,56000,49000,45000,43000,49000,50000,0
CUST01879,149000,-60.5,12000,19000,18000,16000,13000,11000,15000,13000,15000,17000,0,0
CUST01880,1119000,-46.4,94000,103000,119000,110000,84000,79000,114000,100000,131000,103000,82000,0
CUST01881,1043000,-44.4,89000,91000,97000,68000,114000,97000,125000,109000,79000,101000,73000,0
CUST01882,280000,-26.5,23000,23000,24000,24000,22000,20000,25000,32000,26000,31000,30000,0
CUST01883,1366000,-75.9,144000,169000,149000,137000,111000,125000,175000,118000,135000,103000,0,0
CUST01884,9000,0.0,2000,2000,3000,2000,0,0,0,0,0,0,0,0
CUST01885,562000,-48.5,49000,42000,49000,58000,61000,56000,52000,52000,59000,43000,41000,0
CUST01886,444000,-46.3,38000,37000,51000,37000,49000,43000,43000,39000,41000,29000,37000,0
CUST01887,2317000,-11.4,177000,171000,170000,176000,173000,158000,235000,185000,265000,217000,198000,192000
CUST01888,306000,-16.9,27000,22000,26000,23000,27000,29000,25000,29000,29000,35000,34000,0
CUST01889,56000,-100.0,7000,8000,8000,7000,6000,5000,4000,6000,5000,0,0,0
CUST01890,1096000,-3.5,112000,88000,102000,74000,108000,109000,76000,106000,74000,74000,89000,84000
CUST01891,180000,-100.0,19000,27000,27000,16000,15000,20000,17000,19000,20000,0,0,0
CUST01892,71000,-100.0,9000,7000,9000,10000,9000,8000,7000,7000,5000,0,0,0
CUST01893,409000,-27.9,33000,38000,34000,38000,39000,36000,41000,28000,42000,34000,46000,0
CUST01894,930000,18.1,45000,56000,64000,52000,56000,66000,96000,82000,93000,81000,126000,113000
CUST01895,1061000,-35.4,97000,97000,90000,111000,85000,97000,103000,97000,94000,116000,74000,0
CUST01896,1138000,-55.4,94000,89000,88000,84000,118000,146000,121000,106000,132000,160000,0,0
CUST01897,980000,-37.5,106000,88000,86000,88000,105000,86000,85000,101000,73000,97000,65000,0
CUST01898,221000,-100.0,24000,26000,23000,28000,31000,22000,25000,19000,23000,0,0,0
CUST01899,6331000,8.4,322000,552000,463000,519000,492000,449000,595000,506000,595000,616000,559000,663000
CUST01900,2680000,-0.3,259000,173000,197000,130000,244000,215000,233000,237000,262000,226000,283000,221000
CUST01901,9000,-100.0,1000,1000,1000,1000,1000,1000,1000,1000,1000,0,0,0
CUST01902,1753000,28.0,120000,176000,104000,118000,127000,105000,119000,155000,166000,207000,174000,182000
CUST01903,191000,-100.0,21000,23000,25000,29000,22000,22000,22000,27000,0,0,0,0
CUST01904,611000,-63.2,50000,57000,60000,66000,62000,67000,62000,62000,58000,67000,0,0
CUST01905,250000,-70.6,24000,24000,24000,22000,26000,20000,25000,25000,35000,25000,0,0
CUST01906,109000,-75.0,12000,13000,13000,9000,12000,10000,10000,12000,10000,8000,0,0
CUST01907,1570000,-47.6,125000,168000,125000,145000,120000,108000,190000,114000,207000,129000,139000,0
CUST01908,1886000,-2.5,127000,148000,147000,119000,160000,140000,173000,172000,184000,115000,217000,184000
CUST01909,98000,-65.5,8000,10000,9000,10000,13000,9000,10000,10000,9000,10000,0,0
CUST01910,25000,0.0,5000,4000,4000,4000,4000,4000,0,0,0,0,0,0
CUST01911,2023000,31.0,149000,157000,104000,138000,181000,155000,145000,161000,187000,229000,192000,225000
CUST01912,1655000,-34.5,147000,187000,164000,149000,156000,152000,159000,143000,121000,155000,122000,0
CUST01913,57000,-100.0,8000,9000,7000,11000,8000,8000,6000,0,0,0,0,0
CUST01914,439000,-7.0,29000,23000,36000,26000,28000,48000,44000,48000,37000,38000,38000,44000
CUST01915,437000,4.4,28000,44000,30000,31000,33000,38000,42000,37000,35000,43000,43000,33000
CUST01916,113000,-34.5,12000,12000,9000,11000,12000,9000,10000,10000,9000,11000,8000,0
CUST01917,201000,-14.0,15000,18000,22000,16000,21000,16000,17000,18000,15000,20000,23000,0
CUST01918,10000,0.0,3000,3000,4000,0,0,0,0,0,0,0,0,0
CUST01919,250000,-32.4,21000,21000,28000,19000,23000,24000,21000,28000,19000,24000,22000,0
CUST01920,7000,0.0,3000,4000,0,0,0,0,0,0,0,0,0,0
CUST01921,877000,-31.9,63000,71000,67000,80000,87000,77000,80000,73000,104000,85000,90000,0
CUST01922,169000,-73.6,15000,20000,16000,16000,17000,18000,15000,15000,23000,14000,0,0
CUST01923,2365000,-25.3,269000,158000,163000,206000,207000,221000,207000,219000,227000,250000,238000,0
CUST01924,142000,-100.0,17000,16000,15000,18000,18000,13000,15000,15000,15000,0,0,0
CUST01925,1398000,19.4,83000,74000,88000,89000,113000,137000,138000,84000,149000,162000,160000,121000
CUST01926,5451000,6.0,385000,309000,515000,447000,384000,605000,433000,384000,545000,562000,384000,498000
CUST01927,215000,-15.5,18000,14000,15000,13000,24000,24000,17000,20000,21000,25000,24000,0
CUST01928,62000,-73.7,6000,6000,7000,5000,9000,5000,8000,6000,5000,5000,0,0
CUST01929,4456000,7.6,262000,320000,256000,267000,321000,481000,374000,401000,453000,392000,440000,489000
CUST01930,323000,9.5,28000,24000,31000,36000,25000,24000,29000,21000,24000,32000,27000,22000
CUST01931,577000,15.0,37000,31000,43000,50000,47000,40000,45000,52000,56000,44000,73000,59000
CUST01932,576000,-42.4,56000,58000,54000,59000,54000,57000,50000,50000,51000,41000,46000,0
CUST01933,35000,0.0,6000,7000,7000,5000,5000,5000,0,0,0,0,0,0
CUST01934,5000,0.0,1000,1000,1000,1000,1000,0,0,0,0,0,0,0
CUST01935,166000,-100.0,27000,27000,26000,21000,22000,23000,20000,0,0,0,0,0
CUST01936,1280000,55.8,54000,89000,105000,69000,89000,104000,77000,108000,116000,160000,142000,167000
CUST01937,214000,-73.9,22000,24000,21000,20000,21000,19000,22000,23000,24000,18000,0,0
CUST01938,134000,-100.0,17000,14000,13000,15000,15000,17000,18000,13000,12000,0,0,0
CUST01939,79000,-61.9,8000,10000,8000,8000,9000,7000,7000,6000,8000,8000,0,0
CUST01940,10735000,19.8,736000,607000,599000,623000,849000,684000,789000,930000,1300000,1296000,1275000,1047000
CUST01941,188000,-32.7,21000,23000,15000,17000,16000,14000,17000,17000,15000,17000,16000,0
CUST01942,59000,-64.3,7000,7000,6000,8000,6000,6000,6000,4000,4000,5000,0,0
CUST01943,873000,-4.5,71000,67000,65000,62000,60000,69000,76000,85000,84000,77000,60000,97000
CUST01944,194000,2.4,22000,13000,22000,15000,20000,17000,14000,15000,13000,17000,13000,13000
CUST01945,66000,-100.0,12000,9000,10000,10000,9000,9000,7000,0,0,0,0,0
CUST01946,72000,-100.0,10000,10000,9000,9000,8000,10000,7000,9000,0,0,0,0
CUST01947,256000,-36.5,21000,17000,20000,29000,27000,21000,25000,23000,26000,24000,23000,0
CUST01948,55000,0.0,14000,12000,12000,10000,7000,0,0,0,0,0,0,0
CUST01949,7083000,27.7,273000,416000,594000,452000,470000,695000,409000,804000,624000,987000,703000,656000
CUST01950,27000,0.0,5000,5000,6000,4000,3000,4000,0,0,0,0,0,0
CUST01951,317000,-12.5,36000,34000,32000,21000,29000,30000,28000,24000,20000,19000,20000,24000
CUST01952,1963000,5.1,136000,161000,139000,159000,138000,135000,151000,202000,181000,149000,173000,239000
CUST01953,7000,-100.0,1000,1000,1000,1000,1000,1000,1000,0,0,0,0,0
CUST01954,62000,0.0,14000,13000,11000,7000,10000,7000,0,0,0,0,0,0
CUST01955,19000,0.0,4000,5000,4000,3000,3000,0,0,0,0,0,0,0
CUST01956,129000,-73.7,14000,11000,11000,16000,17000,12000,13000,14000,11000,10000,0,0
CUST01957,856000,10.5,55000,51000,49000,60000,56000,63000,58000,101000,89000,100000,77000,97000
CUST01958,2790000,34.9,218000,180000,198000,217000,185000,218000,226000,224000,220000,259000,299000,346000
CUST01959,38000,0.0,10000,7000,8000,7000,6000,0,0,0,0,0,0,0
CUST01960,282000,-100.0,22000,36000,26000,38000,29000,27000,38000,39000,27000,0,0,0
CUST01961,1755000,-65.2,100000,134000,159000,143000,185000,185000,164000,201000,265000,219000,0,0
CUST01962,507000,-5.8,44000,33000,48000,44000,56000,49000,38000,39000,43000,36000,40000,37000
CUST01963,833000,0.0,79000,64000,72000,79000,70000,53000,77000,65000,66000,60000,82000,66000
CUST01964,1072000,-31.2,98000,96000,118000,102000,95000,92000,102000,103000,74000,99000,93000,0
CUST01965,216000,0.0,56000,34000,30000,34000,30000,32000,0,0,0,0,0,0
CUST01966,2782000,31.8,129000,176000,183000,188000,230000,198000,213000,221000,290000,307000,300000,347000
CUST01967,7000,-100.0,1000,1000,1000,1000,1000,1000,1000,0,0,0,0,0
CUST01968,33000,0.0,6000,8000,7000,7000,5000,0,0,0,0,0,0,0
CUST01969,559000,1.4,36000,42000,43000,42000,59000,39000,49000,49000,50000,49000,50000,51000
CUST01970,1370000,-26.3,96000,114000,103000,130000,111000,121000,118000,121000,161000,145000,150000,0
CUST01971,761000,-13.4,62000,58000,63000,69000,57000,75000,66000,68000,68000,99000,76000,0
CUST01972,348000,-100.0,42000,50000,38000,21000,45000,42000,40000,35000,35000,0,0,0
CUST01973,2000,0.0,2000,0,0,0,0,0,0,0,0,0,0,0
CUST01974,101000,-48.3,9000,9000,11000,9000,10000,9000,9000,11000,9000,9000,6000,0
CUST01975,204000,11.1,14000,17000,15000,12000,14000,18000,18000,19000,17000,17000,22000,21000
CUST01976,707000,-47.9,73000,63000,68000,54000,83000,71000,66000,64000,64000,52000,49000,0
CUST01977,768000,-0.5,65000,68000,48000,62000,39000,67000,78000,54000,78000,80000,65000,64000
CUST01978,25000,-100.0,5000,5000,3000,3000,3000,3000,3000,0,0,0,0,0
CUST01979,39000,-100.0,6000,6000,5000,6000,6000,5000,5000,0,0,0,0,0
CUST01980,501000,10.8,36000,37000,36000,49000,49000,41000,34000,44000,42000,40000,43000,50000
CUST01981,31000,0.0,6000,5000,6000,5000,5000,4000,0,0,0,0,0,0
CUST01982,372000,-33.7,41000,29000,35000,27000,41000,41000,29000,36000,30000,29000,34000,0
CUST01983,55000,-100.0,7000,7000,5000,7000,6000,7000,5000,6000,5000,0,0,0
CUST01984,715000,-11.1,60000,47000,55000,68000,50000,61000,75000,52000,71000,104000,72000,0
CUST01985,228000,-39.3,24000,22000,25000,21000,19000,27000,17000,19000,20000,17000,17000,0
CUST01986,260000,-100.0,57000,48000,37000,40000,27000,23000,28000,0,0,0,0,0
CUST01987,139000,-43.6,15000,13000,12000,14000,12000,12000,14000,13000,12000,10000,12000,0
CUST01988,140000,-48.8,12000,13000,14000,15000,11000,13000,16000,11000,14000,11000,10000,0
CUST01989,451000,-69.8,47000,50000,31000,46000,52000,44000,42000,51000,46000,42000,0,0
CUST01990,1517000,33.0,81000,131000,118000,102000,93000,137000,126000,97000,144000,162000,178000,148000
CUST01991,14312000,28.7,865000,854000,725000,1028000,1008000,1259000,1007000,1580000,1162000,1406000,1895000,1523000
CUST01992,3130000,-21.2,289000,290000,278000,268000,269000,320000,234000,250000,308000,245000,379000,0
CUST01993,173000,4.7,11000,21000,15000,16000,12000,10000,14000,14000,15000,16000,12000,17000
CUST01994,5630000,24.1,333000,448000,394000,450000,390000,496000,449000,394000,549000,474000,605000,648000
CUST01995,280000,-69.0,29000,26000,23000,27000,35000,26000,32000,32000,23000,27000,0,0
CUST01996,61000,-7.2,6000,7000,6000,5000,5000,5000,5000,5000,4000,4000,5000,4000
CUST01997,370000,-34.2,24000,28000,37000,26000,28000,38000,32000,36000,46000,35000,40000,0
CUST01998,183000,-23.5,15000,16000,16000,16000,18000,12000,15000,19000,17000,16000,23000,0
CUST01999,17000,-100.0,3000,3000,2000,3000,2000,2000,2000,0,0,0,0,0
CUST02000,1676000,-33.4,131000,153000,143000,144000,135000,102000,148000,168000,205000,168000,179000,0
