sessionId,startTime,endTime,totalEvents,converted
SESS0000001,2026-06-19 23:23:00,2026-06-19 23:28:28,2,False
SESS0000002,2026-06-12 23:40:00,2026-06-12 23:45:09,3,False
SESS0000003,2026-06-13 23:33:00,2026-06-13 23:36:01,2,False
SESS0000004,2026-06-18 13:24:00,2026-06-18 13:34:12,7,False
SESS0000005,2026-06-20 21:56:00,2026-06-20 22:01:17,3,False
SESS0000006,2026-06-11 23:38:00,2026-06-11 23:42:05,3,False
SESS0000007,2026-06-30 17:59:00,2026-06-30 18:12:44,8,False
SESS0000008,2026-06-28 19:46:00,2026-06-28 19:49:49,3,False
SESS0000009,2026-06-27 18:02:00,2026-06-27 18:08:11,3,False
SESS0000010,2026-07-03 20:42:00,2026-07-03 20:47:23,3,False
SESS0000011,2026-06-28 16:15:00,2026-06-28 16:22:03,6,False
SESS0000012,2026-06-22 20:07:00,2026-06-22 20:26:50,9,False
SESS0000013,2026-06-26 19:19:00,2026-06-26 19:26:07,5,False
SESS0000014,2026-06-08 18:11:00,2026-06-08 18:31:11,10,False
SESS0000015,2026-06-23 16:15:00,2026-06-23 16:23:23,5,False
SESS0000016,2026-06-23 17:44:00,2026-06-23 17:48:21,2,False
SESS0000017,2026-06-30 16:58:00,2026-06-30 17:08:57,6,False
SESS0000018,2026-06-25 21:12:00,2026-06-25 21:14:11,2,False
SESS0000019,2026-06-12 16:38:00,2026-06-12 16:54:26,10,True
SESS0000020,2026-07-02 19:39:00,2026-07-02 19:45:19,4,False
SESS0000021,2026-06-26 22:08:00,2026-06-26 22:16:31,5,False
SESS0000022,2026-06-10 18:20:00,2026-06-10 18:23:43,5,False
SESS0000023,2026-06-25 16:34:00,2026-06-25 16:46:18,7,True
SESS0000024,2026-06-14 17:56:00,2026-06-14 18:07:30,7,False
SESS0000025,2026-06-21 17:02:00,2026-06-21 17:13:55,7,True
SESS0000026,2026-06-21 23:05:00,2026-06-21 23:10:17,4,False
SESS0000027,2026-06-24 19:44:00,2026-06-24 19:49:28,3,False
SESS0000028,2026-06-09 19:30:00,2026-06-09 19:49:59,11,True
SESS0000029,2026-06-07 20:10:00,2026-06-07 20:29:00,10,False
SESS0000030,2026-07-02 18:39:00,2026-07-02 18:47:02,4,False
SESS0000031,2026-06-27 18:14:00,2026-06-27 18:26:54,8,False
SESS0000032,2026-06-05 20:28:00,2026-06-05 20:43:29,8,False
SESS0000033,2026-06-20 15:14:00,2026-06-20 15:16:47,3,False
SESS0000034,2026-06-09 21:13:00,2026-06-09 21:17:23,3,False
SESS0000035,2026-06-22 18:16:00,2026-06-22 18:36:05,10,True
SESS0000036,2026-06-09 20:34:00,2026-06-09 20:47:48,7,False
SESS0000037,2026-06-11 17:55:00,2026-06-11 17:58:56,2,False
SESS0000038,2026-06-14 21:06:00,2026-06-14 21:15:52,6,True
SESS0000039,2026-06-07 16:02:00,2026-06-07 16:11:27,6,True
SESS0000040,2026-06-04 16:22:00,2026-06-04 16:25:27,3,False
SESS0000041,2026-06-06 18:36:00,2026-06-06 18:46:26,7,True
SESS0000042,2026-06-30 19:18:00,2026-06-30 19:28:27,6,True
SESS0000043,2026-06-16 20:08:00,2026-06-16 20:12:10,2,False
SESS0000044,2026-06-06 17:43:00,2026-06-06 17:45:12,2,False
SESS0000045,2026-06-28 23:23:00,2026-06-28 23:40:25,9,False
SESS0000046,2026-06-20 18:15:00,2026-06-20 18:21:55,4,False
SESS0000047,2026-06-25 23:07:00,2026-06-25 23:10:46,2,False
SESS0000048,2026-06-14 18:01:00,2026-06-14 18:02:52,2,False
SESS0000049,2026-06-05 22:35:00,2026-06-05 22:42:54,6,True
SESS0000050,2026-06-06 21:17:00,2026-06-06 21:21:44,3,False
SESS0000051,2026-06-18 19:49:00,2026-06-18 19:53:50,4,False
SESS0000052,2026-06-06 19:19:00,2026-06-06 19:21:28,3,False
SESS0000053,2026-06-19 21:16:00,2026-06-19 21:27:34,8,False
SESS0000054,2026-06-18 16:34:00,2026-06-18 16:41:52,4,False
SESS0000055,2026-06-08 19:10:00,2026-06-08 19:14:25,3,False
SESS0000056,2026-06-30 23:21:00,2026-06-30 23:32:28,8,True
SESS0000057,2026-06-17 21:53:00,2026-06-17 22:01:01,5,False
SESS0000058,2026-07-02 20:08:00,2026-07-02 20:11:43,2,False
SESS0000059,2026-06-27 18:51:00,2026-06-27 18:57:57,4,False
SESS0000060,2026-07-03 21:17:00,2026-07-03 21:27:22,5,True
SESS0000061,2026-06-08 16:16:00,2026-06-08 16:43:49,14,True
SESS0000062,2026-06-17 20:59:00,2026-06-17 21:05:47,3,False
SESS0000063,2026-06-17 23:51:00,2026-06-17 23:55:40,2,False
SESS0000064,2026-06-05 19:45:00,2026-06-05 19:49:01,2,False
SESS0000065,2026-06-11 18:45:00,2026-06-11 18:50:26,2,False
SESS0000066,2026-06-24 20:17:00,2026-06-24 20:22:03,3,False
SESS0000067,2026-06-24 21:53:00,2026-06-24 21:58:25,3,False
SESS0000068,2026-06-27 21:08:00,2026-06-27 21:16:30,4,False
SESS0000069,2026-06-04 23:31:00,2026-06-04 23:43:46,6,False
SESS0000070,2026-06-18 19:39:00,2026-06-18 19:45:26,3,False
SESS0000071,2026-06-09 19:30:00,2026-06-09 19:34:58,4,False
SESS0000072,2026-06-15 17:32:00,2026-06-15 17:41:01,5,True
SESS0000073,2026-06-05 17:15:00,2026-06-05 17:22:45,5,True
SESS0000074,2026-06-16 20:07:00,2026-06-16 20:17:12,6,True
SESS0000075,2026-06-18 19:17:00,2026-06-18 19:23:52,4,False
SESS0000076,2026-06-29 22:38:00,2026-06-29 22:42:08,2,False
SESS0000077,2026-06-24 16:33:00,2026-06-24 16:37:40,2,False
SESS0000078,2026-06-26 14:13:00,2026-06-26 14:17:39,3,False
SESS0000079,2026-06-22 21:30:00,2026-06-22 21:38:13,6,True
SESS0000080,2026-07-03 18:39:00,2026-07-03 18:42:05,2,False
SESS0000081,2026-06-21 22:22:00,2026-06-21 22:30:42,4,False
SESS0000082,2026-06-20 17:08:00,2026-06-20 17:10:07,2,False
SESS0000083,2026-06-28 15:37:00,2026-06-28 15:42:57,3,False
SESS0000084,2026-07-02 23:27:00,2026-07-02 23:31:16,2,False
SESS0000085,2026-06-21 18:26:00,2026-06-21 18:28:54,3,False
SESS0000086,2026-06-16 19:52:00,2026-06-16 19:57:02,4,False
SESS0000087,2026-06-09 14:53:00,2026-06-09 15:01:42,7,True
SESS0000088,2026-06-08 14:14:00,2026-06-08 14:24:33,6,True
SESS0000089,2026-06-24 17:38:00,2026-06-24 17:45:19,4,False
SESS0000090,2026-06-05 20:16:00,2026-06-05 20:23:26,5,False
SESS0000091,2026-06-27 20:59:00,2026-06-27 21:13:58,9,False
SESS0000092,2026-06-19 19:44:00,2026-06-19 20:06:32,14,False
SESS0000093,2026-06-19 17:02:00,2026-06-19 17:12:24,6,True
SESS0000094,2026-06-23 12:49:00,2026-06-23 13:05:14,11,False
SESS0000095,2026-07-01 23:52:00,2026-07-01 23:58:01,3,False
SESS0000096,2026-06-25 16:06:00,2026-06-25 16:17:37,6,True
SESS0000097,2026-06-18 23:42:00,2026-06-18 23:44:38,2,False
SESS0000098,2026-06-30 18:32:00,2026-06-30 18:37:45,5,False
SESS0000099,2026-06-20 23:38:00,2026-06-20 23:45:27,4,False
SESS0000100,2026-06-25 20:06:00,2026-06-25 20:18:35,6,False
SESS0000101,2026-06-04 14:44:00,2026-06-04 14:53:27,5,True
SESS0000102,2026-06-26 23:25:00,2026-06-26 23:31:29,4,False
SESS0000103,2026-06-24 20:50:00,2026-06-24 20:59:10,6,True
SESS0000104,2026-06-26 22:26:00,2026-06-26 22:29:14,3,False
SESS0000105,2026-06-18 20:26:00,2026-06-18 20:31:43,5,False
SESS0000106,2026-06-26 17:48:00,2026-06-26 17:50:32,2,False
SESS0000107,2026-06-07 15:31:00,2026-06-07 15:44:09,6,True
SESS0000108,2026-06-08 20:51:00,2026-06-08 20:58:44,4,False
SESS0000109,2026-06-25 23:36:00,2026-06-25 23:49:40,8,False
SESS0000110,2026-06-26 15:35:00,2026-06-26 15:42:50,6,False
SESS0000111,2026-06-12 20:42:00,2026-06-12 20:45:31,3,False
SESS0000112,2026-06-16 18:39:00,2026-06-16 18:41:35,2,False
SESS0000113,2026-06-10 19:03:00,2026-06-10 19:15:37,6,False
SESS0000114,2026-06-15 18:23:00,2026-06-15 18:33:13,6,False
SESS0000115,2026-07-03 14:05:00,2026-07-03 14:12:45,5,False
SESS0000116,2026-06-13 14:03:00,2026-06-13 14:10:22,5,False
SESS0000117,2026-06-14 18:34:00,2026-06-14 18:46:30,7,True
SESS0000118,2026-07-03 17:58:00,2026-07-03 18:10:53,7,True
SESS0000119,2026-07-01 20:25:00,2026-07-01 20:28:48,2,False
SESS0000120,2026-06-29 15:35:00,2026-06-29 15:37:27,3,False
SESS0000121,2026-07-02 17:53:00,2026-07-02 18:03:54,6,False
SESS0000122,2026-06-15 21:46:00,2026-06-15 22:00:06,9,False
SESS0000123,2026-06-14 18:04:00,2026-06-14 18:13:41,5,True
SESS0000124,2026-06-04 13:33:00,2026-06-04 13:44:52,7,True
SESS0000125,2026-06-06 20:07:00,2026-06-06 20:16:04,4,False
SESS0000126,2026-06-20 20:34:00,2026-06-20 20:37:02,2,False
SESS0000127,2026-06-12 19:31:00,2026-06-12 19:33:47,2,False
SESS0000128,2026-06-23 23:27:00,2026-06-23 23:34:16,5,False
SESS0000129,2026-06-04 20:04:00,2026-06-04 20:11:41,6,True
SESS0000130,2026-06-10 16:23:00,2026-06-10 16:24:53,2,False
SESS0000131,2026-06-22 14:28:00,2026-06-22 14:32:51,2,False
SESS0000132,2026-06-23 22:48:00,2026-06-23 23:05:11,8,True
SESS0000133,2026-07-03 16:18:00,2026-07-03 16:27:33,6,False
SESS0000134,2026-06-05 15:21:00,2026-06-05 15:25:53,3,False
SESS0000135,2026-06-29 18:44:00,2026-06-29 18:53:58,4,False
SESS0000136,2026-07-02 20:29:00,2026-07-02 20:33:19,3,False
SESS0000137,2026-06-15 20:53:00,2026-06-15 20:58:33,3,False
SESS0000138,2026-06-13 21:44:00,2026-06-13 21:45:40,3,False
SESS0000139,2026-06-10 22:22:00,2026-06-10 22:29:55,6,False
SESS0000140,2026-06-29 21:03:00,2026-06-29 21:06:21,2,False
SESS0000141,2026-06-07 15:14:00,2026-06-07 15:18:08,3,False
SESS0000142,2026-06-06 20:19:00,2026-06-06 20:27:17,4,False
SESS0000143,2026-06-14 19:10:00,2026-06-14 19:19:03,7,True
SESS0000144,2026-06-17 19:23:00,2026-06-17 19:28:51,4,False
SESS0000145,2026-06-16 20:28:00,2026-06-16 20:30:09,2,False
SESS0000146,2026-06-10 23:02:00,2026-06-10 23:06:36,2,False
SESS0000147,2026-06-29 22:24:00,2026-06-29 22:27:27,3,False
SESS0000148,2026-07-02 18:07:00,2026-07-02 18:09:20,2,False
SESS0000149,2026-06-28 19:19:00,2026-06-28 19:24:10,3,False
SESS0000150,2026-06-15 23:39:00,2026-06-15 23:42:42,2,False
SESS0000151,2026-06-17 21:09:00,2026-06-17 21:12:50,2,False
SESS0000152,2026-07-03 16:05:00,2026-07-03 16:08:26,2,False
SESS0000153,2026-06-17 20:14:00,2026-06-17 20:17:57,3,False
SESS0000154,2026-06-11 17:02:00,2026-06-11 17:09:12,5,False
SESS0000155,2026-06-06 19:11:00,2026-06-06 19:14:08,2,False
SESS0000156,2026-06-17 17:39:00,2026-06-17 17:50:20,7,False
SESS0000157,2026-06-25 15:11:00,2026-06-25 15:14:31,2,False
SESS0000158,2026-07-01 15:39:00,2026-07-01 15:43:02,2,False
SESS0000159,2026-06-24 22:40:00,2026-06-24 22:48:55,6,False
SESS0000160,2026-06-09 19:22:00,2026-06-09 19:30:59,6,False
SESS0000161,2026-06-10 19:53:00,2026-06-10 20:01:51,5,False
SESS0000162,2026-06-16 19:42:00,2026-06-16 19:56:59,9,True
SESS0000163,2026-06-05 17:28:00,2026-06-05 17:34:30,3,False
SESS0000164,2026-06-18 18:31:00,2026-06-18 18:38:41,4,False
SESS0000165,2026-06-27 19:02:00,2026-06-27 19:12:01,7,True
SESS0000166,2026-06-05 15:23:00,2026-06-05 15:35:06,8,False
SESS0000167,2026-06-11 18:15:00,2026-06-11 18:24:22,5,False
SESS0000168,2026-06-11 15:15:00,2026-06-11 15:35:59,12,False
SESS0000169,2026-06-29 23:15:00,2026-06-29 23:20:23,4,False
SESS0000170,2026-06-17 22:02:00,2026-06-17 22:08:31,4,False
SESS0000171,2026-06-05 19:07:00,2026-06-05 19:11:33,2,False
SESS0000172,2026-06-24 17:28:00,2026-06-24 17:32:13,2,False
SESS0000173,2026-06-29 16:21:00,2026-06-29 16:23:51,2,False
SESS0000174,2026-06-05 16:34:00,2026-06-05 16:38:16,4,False
SESS0000175,2026-06-17 12:03:00,2026-06-17 12:11:48,7,True
SESS0000176,2026-06-12 19:08:00,2026-06-12 19:14:14,4,False
SESS0000177,2026-06-21 21:54:00,2026-06-21 21:58:16,2,False
SESS0000178,2026-06-14 18:56:00,2026-06-14 19:01:45,5,False
SESS0000179,2026-06-17 11:18:00,2026-06-17 11:28:59,6,False
SESS0000180,2026-06-17 12:46:00,2026-06-17 12:49:06,3,False
SESS0000181,2026-06-06 14:17:00,2026-06-06 14:22:24,3,False
SESS0000182,2026-07-01 17:38:00,2026-07-01 17:40:54,3,False
SESS0000183,2026-06-04 22:47:00,2026-06-04 22:54:30,4,False
SESS0000184,2026-06-05 23:26:00,2026-06-05 23:33:03,5,False
SESS0000185,2026-06-26 23:55:00,2026-06-27 00:04:13,5,True
SESS0000186,2026-06-20 21:04:00,2026-06-20 21:17:19,9,False
SESS0000187,2026-06-22 17:14:00,2026-06-22 17:18:35,3,False
SESS0000188,2026-06-26 23:29:00,2026-06-26 23:39:59,5,False
SESS0000189,2026-07-01 23:03:00,2026-07-01 23:07:45,3,False
SESS0000190,2026-06-29 20:09:00,2026-06-29 20:16:03,4,False
SESS0000191,2026-06-04 22:29:00,2026-06-04 22:39:08,6,False
SESS0000192,2026-06-23 23:42:00,2026-06-23 23:49:25,4,False
SESS0000193,2026-06-21 23:06:00,2026-06-21 23:18:11,8,False
SESS0000194,2026-06-17 21:46:00,2026-06-17 21:53:30,6,False
SESS0000195,2026-07-02 18:43:00,2026-07-02 18:48:34,3,False
SESS0000196,2026-06-06 15:18:00,2026-06-06 15:27:47,7,False
SESS0000197,2026-06-21 22:03:00,2026-06-21 22:09:46,3,False
SESS0000198,2026-06-08 15:39:00,2026-06-08 15:47:51,5,False
SESS0000199,2026-06-25 17:25:00,2026-06-25 17:30:49,3,False
SESS0000200,2026-06-13 19:16:00,2026-06-13 19:22:42,3,False
SESS0000201,2026-06-14 18:01:00,2026-06-14 18:09:56,5,False
SESS0000202,2026-06-09 17:30:00,2026-06-09 17:38:45,5,False
SESS0000203,2026-06-21 20:40:00,2026-06-21 20:45:18,3,False
SESS0000204,2026-06-26 20:21:00,2026-06-26 20:25:44,3,False
SESS0000205,2026-06-04 15:55:00,2026-06-04 16:00:45,3,False
SESS0000206,2026-06-08 17:44:00,2026-06-08 17:55:37,5,False
SESS0000207,2026-06-22 19:16:00,2026-06-22 19:25:23,6,False
SESS0000208,2026-06-08 16:32:00,2026-06-08 16:35:35,2,False
SESS0000209,2026-06-26 21:09:00,2026-06-26 21:19:08,7,True
SESS0000210,2026-06-14 19:44:00,2026-06-14 19:49:19,4,False
SESS0000211,2026-06-14 23:24:00,2026-06-14 23:33:31,7,True
SESS0000212,2026-06-09 23:46:00,2026-06-09 23:51:24,4,False
SESS0000213,2026-06-16 19:29:00,2026-06-16 19:39:02,8,True
SESS0000214,2026-06-11 23:01:00,2026-06-11 23:06:44,3,False
SESS0000215,2026-07-03 23:51:00,2026-07-03 23:56:57,3,False
SESS0000216,2026-06-10 21:54:00,2026-06-10 22:02:44,6,False
SESS0000217,2026-06-19 23:43:00,2026-06-19 23:51:49,4,False
SESS0000218,2026-06-04 19:12:00,2026-06-04 19:16:55,3,False
SESS0000219,2026-07-03 22:03:00,2026-07-03 22:14:55,7,False
SESS0000220,2026-06-28 23:57:00,2026-06-29 00:00:02,4,False
SESS0000221,2026-06-07 21:48:00,2026-06-07 21:56:00,6,False
SESS0000222,2026-06-05 17:19:00,2026-06-05 17:22:08,2,False
SESS0000223,2026-07-01 15:48:00,2026-07-01 15:59:02,6,True
SESS0000224,2026-06-05 23:50:00,2026-06-05 23:52:33,2,False
SESS0000225,2026-06-05 21:39:00,2026-06-05 21:56:11,13,False
SESS0000226,2026-07-03 19:54:00,2026-07-03 19:58:13,4,False
SESS0000227,2026-07-03 23:51:00,2026-07-03 23:59:06,4,False
SESS0000228,2026-06-09 18:43:00,2026-06-09 18:46:06,2,False
SESS0000229,2026-06-06 22:05:00,2026-06-06 22:11:34,5,True
SESS0000230,2026-07-01 22:16:00,2026-07-01 22:24:11,5,False
SESS0000231,2026-06-28 19:44:00,2026-06-28 19:57:06,8,True
SESS0000232,2026-06-12 18:36:00,2026-06-12 18:38:33,2,False
SESS0000233,2026-06-22 19:16:00,2026-06-22 19:24:29,7,True
SESS0000234,2026-06-12 17:28:00,2026-06-12 17:35:42,6,False
SESS0000235,2026-06-23 21:02:00,2026-06-23 21:06:44,3,False
SESS0000236,2026-06-05 20:31:00,2026-06-05 20:42:03,6,True
SESS0000237,2026-06-22 20:47:00,2026-06-22 20:51:31,2,False
SESS0000238,2026-07-03 18:41:00,2026-07-03 18:43:39,2,False
SESS0000239,2026-07-02 20:45:00,2026-07-02 20:50:42,5,False
SESS0000240,2026-06-16 21:42:00,2026-06-16 21:52:11,7,False
SESS0000241,2026-06-06 17:03:00,2026-06-06 17:07:58,3,False
SESS0000242,2026-06-08 13:06:00,2026-06-08 13:15:29,5,False
SESS0000243,2026-06-10 21:44:00,2026-06-10 22:03:02,10,False
SESS0000244,2026-07-03 18:45:00,2026-07-03 18:50:10,2,False
SESS0000245,2026-07-01 18:08:00,2026-07-01 18:23:52,8,False
SESS0000246,2026-06-19 15:51:00,2026-06-19 15:54:44,4,False
SESS0000247,2026-06-13 23:45:00,2026-06-14 00:05:51,14,False
SESS0000248,2026-06-26 16:45:00,2026-06-26 16:49:08,2,False
SESS0000249,2026-06-16 19:34:00,2026-06-16 19:44:38,6,True
SESS0000250,2026-06-09 17:30:00,2026-06-09 17:34:04,4,False
SESS0000251,2026-06-07 20:41:00,2026-06-07 20:42:27,2,False
SESS0000252,2026-06-12 20:21:00,2026-06-12 20:36:15,9,True
SESS0000253,2026-06-11 21:43:00,2026-06-11 21:49:55,5,True
SESS0000254,2026-06-27 22:21:00,2026-06-27 22:31:02,5,True
SESS0000255,2026-06-20 18:39:00,2026-06-20 18:50:51,7,True
SESS0000256,2026-07-01 17:25:00,2026-07-01 17:32:45,4,False
SESS0000257,2026-06-06 23:54:00,2026-06-06 23:57:08,3,False
SESS0000258,2026-06-11 19:50:00,2026-06-11 20:01:55,6,False
SESS0000259,2026-06-26 18:03:00,2026-06-26 18:09:53,5,True
SESS0000260,2026-06-16 17:02:00,2026-06-16 17:06:22,2,False
SESS0000261,2026-06-09 14:01:00,2026-06-09 14:07:46,6,False
SESS0000262,2026-06-30 17:19:00,2026-06-30 17:25:43,6,True
SESS0000263,2026-06-24 23:02:00,2026-06-24 23:09:17,4,False
SESS0000264,2026-06-19 21:02:00,2026-06-19 21:14:40,8,False
SESS0000265,2026-06-26 19:36:00,2026-06-26 19:43:44,5,False
SESS0000266,2026-06-23 14:31:00,2026-06-23 14:42:26,7,False
SESS0000267,2026-07-03 20:32:00,2026-07-03 20:33:47,2,False
SESS0000268,2026-06-20 13:18:00,2026-06-20 13:20:55,3,False
SESS0000269,2026-06-21 20:29:00,2026-06-21 20:37:11,5,False
SESS0000270,2026-06-04 18:04:00,2026-06-04 18:12:11,5,False
SESS0000271,2026-06-21 18:16:00,2026-06-21 18:20:53,2,False
SESS0000272,2026-06-09 20:29:00,2026-06-09 20:38:58,10,False
SESS0000273,2026-06-07 20:43:00,2026-06-07 20:46:54,2,False
SESS0000274,2026-06-17 16:06:00,2026-06-17 16:13:18,5,False
SESS0000275,2026-06-07 19:25:00,2026-06-07 19:30:50,3,False
SESS0000276,2026-06-30 17:39:00,2026-06-30 17:41:55,2,False
SESS0000277,2026-06-30 13:18:00,2026-06-30 13:21:22,2,False
SESS0000278,2026-06-27 16:48:00,2026-06-27 16:52:17,3,False
SESS0000279,2026-06-08 15:19:00,2026-06-08 15:26:38,5,False
SESS0000280,2026-07-03 18:40:00,2026-07-03 18:46:11,5,False
SESS0000281,2026-07-03 20:06:00,2026-07-03 20:11:22,2,False
SESS0000282,2026-06-24 19:35:00,2026-06-24 19:44:06,5,True
SESS0000283,2026-07-03 22:59:00,2026-07-03 23:20:01,11,True
SESS0000284,2026-06-23 21:50:00,2026-06-23 21:51:52,2,False
SESS0000285,2026-06-04 17:47:00,2026-06-04 17:52:47,3,False
SESS0000286,2026-06-23 23:07:00,2026-06-23 23:09:25,2,False
SESS0000287,2026-06-08 21:19:00,2026-06-08 21:30:32,5,True
SESS0000288,2026-06-15 17:08:00,2026-06-15 17:19:53,7,False
SESS0000289,2026-06-22 22:36:00,2026-06-22 22:38:21,2,False
SESS0000290,2026-06-06 14:46:00,2026-06-06 14:47:52,3,False
SESS0000291,2026-06-27 18:28:00,2026-06-27 18:35:43,5,False
SESS0000292,2026-06-20 21:40:00,2026-06-20 21:55:09,8,True
SESS0000293,2026-06-11 18:01:00,2026-06-11 18:08:26,3,False
SESS0000294,2026-06-16 22:15:00,2026-06-16 22:19:47,3,False
SESS0000295,2026-06-18 12:59:00,2026-06-18 13:03:15,2,False
SESS0000296,2026-06-04 23:41:00,2026-06-04 23:49:33,4,False
SESS0000297,2026-07-03 23:46:00,2026-07-03 23:58:43,6,True
SESS0000298,2026-06-05 23:19:00,2026-06-05 23:33:02,9,False
SESS0000299,2026-06-30 21:41:00,2026-06-30 21:49:56,5,False
SESS0000300,2026-06-17 17:12:00,2026-06-17 17:29:47,11,True
SESS0000301,2026-06-21 13:18:00,2026-06-21 13:20:57,2,False
SESS0000302,2026-06-11 16:58:00,2026-06-11 17:03:51,3,False
SESS0000303,2026-06-05 21:10:00,2026-06-05 21:14:46,3,False
SESS0000304,2026-06-14 20:33:00,2026-06-14 20:36:09,3,False
SESS0000305,2026-06-29 17:08:00,2026-06-29 17:13:42,5,False
SESS0000306,2026-06-30 19:29:00,2026-06-30 19:40:13,5,False
SESS0000307,2026-06-30 19:50:00,2026-06-30 20:08:07,10,True
SESS0000308,2026-06-18 18:49:00,2026-06-18 18:55:47,3,False
SESS0000309,2026-06-18 22:27:00,2026-06-18 22:30:51,2,False
SESS0000310,2026-06-06 19:49:00,2026-06-06 19:54:52,4,False
SESS0000311,2026-06-08 12:27:00,2026-06-08 12:31:33,3,False
SESS0000312,2026-06-25 15:56:00,2026-06-25 16:06:16,6,True
SESS0000313,2026-06-26 21:10:00,2026-06-26 21:19:22,6,True
SESS0000314,2026-06-30 20:14:00,2026-06-30 20:18:17,2,False
SESS0000315,2026-06-08 14:18:00,2026-06-08 14:31:03,6,False
SESS0000316,2026-06-27 17:43:00,2026-06-27 17:44:51,2,False
SESS0000317,2026-06-13 20:56:00,2026-06-13 21:07:57,7,True
SESS0000318,2026-06-10 18:17:00,2026-06-10 18:20:44,2,False
SESS0000319,2026-06-15 19:43:00,2026-06-15 19:49:49,3,False
SESS0000320,2026-06-25 23:57:00,2026-06-26 00:10:10,5,True
SESS0000321,2026-06-10 19:32:00,2026-06-10 19:36:25,2,False
SESS0000322,2026-06-10 21:54:00,2026-06-10 22:05:55,8,True
SESS0000323,2026-06-09 16:47:00,2026-06-09 16:57:28,5,False
SESS0000324,2026-06-13 20:57:00,2026-06-13 21:00:56,2,False
SESS0000325,2026-06-26 14:15:00,2026-06-26 14:24:05,5,False
SESS0000326,2026-06-23 17:28:00,2026-06-23 17:38:02,7,False
SESS0000327,2026-06-12 17:30:00,2026-06-12 17:41:44,5,True
SESS0000328,2026-06-13 20:08:00,2026-06-13 20:12:57,4,False
SESS0000329,2026-07-01 19:33:00,2026-07-01 19:35:53,2,False
SESS0000330,2026-06-10 22:19:00,2026-06-10 22:40:44,12,False
SESS0000331,2026-06-27 22:46:00,2026-06-27 22:55:11,6,True
SESS0000332,2026-06-12 23:18:00,2026-06-12 23:24:41,3,False
SESS0000333,2026-06-26 11:03:00,2026-06-26 11:15:23,6,False
SESS0000334,2026-06-10 20:11:00,2026-06-10 20:24:21,7,True
SESS0000335,2026-06-30 22:15:00,2026-06-30 22:20:59,3,False
SESS0000336,2026-06-27 23:41:00,2026-06-27 23:51:59,4,False
SESS0000337,2026-06-21 17:26:00,2026-06-21 17:44:24,13,False
SESS0000338,2026-06-20 21:37:00,2026-06-20 21:41:54,4,False
SESS0000339,2026-06-13 20:10:00,2026-06-13 20:15:23,3,False
SESS0000340,2026-06-06 16:24:00,2026-06-06 16:36:57,6,False
SESS0000341,2026-06-15 18:07:00,2026-06-15 18:09:35,2,False
SESS0000342,2026-06-26 19:29:00,2026-06-26 19:35:40,5,False
SESS0000343,2026-06-07 15:11:00,2026-06-07 15:27:31,9,False
SESS0000344,2026-06-07 20:51:00,2026-06-07 20:55:38,2,False
SESS0000345,2026-06-16 20:25:00,2026-06-16 20:29:51,4,False
SESS0000346,2026-06-18 17:29:00,2026-06-18 17:34:18,2,False
SESS0000347,2026-06-08 16:26:00,2026-06-08 16:35:20,5,False
SESS0000348,2026-06-28 15:59:00,2026-06-28 16:01:58,2,False
SESS0000349,2026-06-14 19:59:00,2026-06-14 20:02:04,2,False
SESS0000350,2026-06-10 18:44:00,2026-06-10 18:51:39,5,False
SESS0000351,2026-06-08 19:53:00,2026-06-08 20:05:53,9,False
SESS0000352,2026-06-05 17:33:00,2026-06-05 17:40:48,4,False
SESS0000353,2026-06-17 19:40:00,2026-06-17 19:48:19,6,False
SESS0000354,2026-06-28 17:59:00,2026-06-28 18:04:14,2,False
SESS0000355,2026-06-22 18:35:00,2026-06-22 18:48:22,7,False
SESS0000356,2026-07-01 17:34:00,2026-07-01 17:42:17,4,False
SESS0000357,2026-06-13 20:12:00,2026-06-13 20:19:11,5,False
SESS0000358,2026-07-03 21:01:00,2026-07-03 21:08:07,5,False
SESS0000359,2026-06-23 22:29:00,2026-06-23 22:35:14,3,False
SESS0000360,2026-07-02 23:47:00,2026-07-02 23:58:40,8,True
SESS0000361,2026-06-24 17:15:00,2026-06-24 17:28:18,8,True
SESS0000362,2026-06-11 19:18:00,2026-06-11 19:20:44,3,False
SESS0000363,2026-06-29 19:48:00,2026-06-29 19:59:18,6,True
SESS0000364,2026-06-14 16:44:00,2026-06-14 16:47:27,2,False
SESS0000365,2026-06-11 18:17:00,2026-06-11 18:22:18,3,False
SESS0000366,2026-06-22 15:14:00,2026-06-22 15:25:15,7,True
SESS0000367,2026-06-09 23:46:00,2026-06-10 00:00:42,8,False
SESS0000368,2026-06-07 18:04:00,2026-06-07 18:09:44,4,False
SESS0000369,2026-06-15 19:19:00,2026-06-15 19:30:00,7,True
SESS0000370,2026-06-05 17:55:00,2026-06-05 17:59:12,2,False
SESS0000371,2026-06-22 20:47:00,2026-06-22 20:49:30,3,False
SESS0000372,2026-06-04 22:59:00,2026-06-04 23:05:59,4,False
SESS0000373,2026-06-18 23:27:00,2026-06-18 23:37:07,7,True
SESS0000374,2026-06-20 23:59:00,2026-06-21 00:03:24,4,False
SESS0000375,2026-06-09 19:55:00,2026-06-09 20:04:23,5,False
SESS0000376,2026-06-04 22:48:00,2026-06-04 22:55:27,4,False
SESS0000377,2026-06-14 19:55:00,2026-06-14 20:11:42,14,False
SESS0000378,2026-06-13 17:31:00,2026-06-13 17:43:55,8,False
SESS0000379,2026-06-20 18:31:00,2026-06-20 18:35:57,2,False
SESS0000380,2026-06-29 16:46:00,2026-06-29 16:57:18,7,False
SESS0000381,2026-06-13 21:45:00,2026-06-13 21:47:59,2,False
SESS0000382,2026-06-21 19:59:00,2026-06-21 20:08:25,7,True
SESS0000383,2026-06-22 17:12:00,2026-06-22 17:16:46,3,False
SESS0000384,2026-06-07 15:43:00,2026-06-07 15:48:13,5,False
SESS0000385,2026-06-11 23:32:00,2026-06-11 23:45:18,7,False
SESS0000386,2026-06-25 17:46:00,2026-06-25 17:48:12,2,False
SESS0000387,2026-06-10 17:01:00,2026-06-10 17:04:08,2,False
SESS0000388,2026-06-09 16:09:00,2026-06-09 16:13:08,2,False
SESS0000389,2026-06-15 21:07:00,2026-06-15 21:14:26,4,False
SESS0000390,2026-06-22 15:39:00,2026-06-22 15:49:05,6,False
SESS0000391,2026-06-29 19:14:00,2026-06-29 19:22:13,5,False
SESS0000392,2026-06-21 16:16:00,2026-06-21 16:32:41,10,True
SESS0000393,2026-06-04 19:27:00,2026-06-04 19:32:00,5,True
SESS0000394,2026-06-21 21:30:00,2026-06-21 21:33:32,2,False
SESS0000395,2026-06-10 20:57:00,2026-06-10 21:03:02,4,False
SESS0000396,2026-06-08 21:49:00,2026-06-08 21:56:03,5,True
SESS0000397,2026-06-11 22:51:00,2026-06-11 22:56:31,4,False
SESS0000398,2026-07-02 18:11:00,2026-07-02 18:24:12,8,False
SESS0000399,2026-06-05 13:08:00,2026-06-05 13:20:56,8,True
SESS0000400,2026-06-14 19:09:00,2026-06-14 19:23:42,8,False
SESS0000401,2026-06-08 15:15:00,2026-06-08 15:21:42,4,False
SESS0000402,2026-06-12 18:33:00,2026-06-12 18:45:48,7,True
SESS0000403,2026-06-19 18:15:00,2026-06-19 18:26:09,6,False
SESS0000404,2026-06-14 23:57:00,2026-06-15 00:05:44,7,True
SESS0000405,2026-06-12 17:11:00,2026-06-12 17:13:34,2,False
SESS0000406,2026-06-29 15:44:00,2026-06-29 15:47:33,4,False
SESS0000407,2026-06-08 18:35:00,2026-06-08 18:51:58,9,False
SESS0000408,2026-06-16 23:40:00,2026-06-16 23:54:37,10,True
SESS0000409,2026-07-01 23:49:00,2026-07-01 23:57:25,6,True
SESS0000410,2026-06-28 18:14:00,2026-06-28 18:21:09,5,True
SESS0000411,2026-06-04 16:52:00,2026-06-04 16:59:01,4,False
SESS0000412,2026-06-26 18:49:00,2026-06-26 18:55:39,4,False
SESS0000413,2026-06-04 17:12:00,2026-06-04 17:20:48,4,False
SESS0000414,2026-06-15 20:56:00,2026-06-15 20:59:09,2,False
SESS0000415,2026-06-10 18:33:00,2026-06-10 18:39:16,4,False
SESS0000416,2026-06-21 15:30:00,2026-06-21 15:36:13,3,False
SESS0000417,2026-06-30 18:56:00,2026-06-30 19:04:09,5,False
SESS0000418,2026-06-30 14:22:00,2026-06-30 14:28:18,6,False
SESS0000419,2026-06-12 21:02:00,2026-06-12 21:10:13,8,True
SESS0000420,2026-06-28 20:47:00,2026-06-28 20:59:31,7,False
SESS0000421,2026-07-02 18:21:00,2026-07-02 18:34:43,8,True
SESS0000422,2026-07-01 14:00:00,2026-07-01 14:03:06,3,False
SESS0000423,2026-06-15 17:42:00,2026-06-15 17:43:55,2,False
SESS0000424,2026-06-15 14:01:00,2026-06-15 14:08:53,4,False
SESS0000425,2026-06-14 19:47:00,2026-06-14 19:54:09,5,False
SESS0000426,2026-06-07 19:01:00,2026-06-07 19:03:29,2,False
SESS0000427,2026-07-02 23:28:00,2026-07-02 23:30:06,2,False
SESS0000428,2026-07-02 16:26:00,2026-07-02 16:33:10,5,False
SESS0000429,2026-06-06 18:25:00,2026-06-06 18:39:55,8,True
SESS0000430,2026-06-06 23:48:00,2026-06-06 23:58:05,5,False
SESS0000431,2026-06-04 22:30:00,2026-06-04 22:37:46,5,True
SESS0000432,2026-06-07 19:09:00,2026-06-07 19:16:33,5,False
SESS0000433,2026-06-09 16:43:00,2026-06-09 16:53:40,6,True
SESS0000434,2026-06-10 23:38:00,2026-06-10 23:55:53,12,False
SESS0000435,2026-06-30 17:41:00,2026-06-30 17:42:03,2,False
SESS0000436,2026-07-02 20:03:00,2026-07-02 20:12:09,5,False
SESS0000437,2026-07-02 20:52:00,2026-07-02 20:56:04,2,False
SESS0000438,2026-06-25 19:35:00,2026-06-25 19:41:10,3,False
SESS0000439,2026-06-15 17:12:00,2026-06-15 17:18:18,4,False
SESS0000440,2026-06-04 13:42:00,2026-06-04 13:45:45,3,False
SESS0000441,2026-06-07 21:51:00,2026-06-07 21:56:27,5,False
SESS0000442,2026-07-01 22:22:00,2026-07-01 22:24:41,2,False
SESS0000443,2026-06-04 17:55:00,2026-06-04 18:06:27,7,False
SESS0000444,2026-06-30 20:19:00,2026-06-30 20:24:02,4,False
SESS0000445,2026-06-06 15:15:00,2026-06-06 15:26:53,6,False
SESS0000446,2026-06-18 23:37:00,2026-06-18 23:40:25,2,False
SESS0000447,2026-06-07 17:37:00,2026-06-07 17:44:50,4,False
SESS0000448,2026-06-15 19:15:00,2026-06-15 19:23:05,3,False
SESS0000449,2026-06-25 15:38:00,2026-06-25 15:49:47,7,False
SESS0000450,2026-06-26 13:02:00,2026-06-26 13:18:44,9,True
SESS0000451,2026-06-19 23:31:00,2026-06-19 23:32:47,2,False
SESS0000452,2026-06-18 23:08:00,2026-06-18 23:18:15,7,False
SESS0000453,2026-06-04 20:34:00,2026-06-04 20:37:36,2,False
SESS0000454,2026-06-09 18:23:00,2026-06-09 18:33:26,6,False
SESS0000455,2026-06-11 23:46:00,2026-06-11 23:54:04,4,False
SESS0000456,2026-06-08 20:46:00,2026-06-08 21:03:21,8,False
SESS0000457,2026-06-13 20:18:00,2026-06-13 20:22:38,3,False
SESS0000458,2026-06-16 13:48:00,2026-06-16 14:09:35,13,False
SESS0000459,2026-06-10 23:18:00,2026-06-10 23:24:47,3,False
SESS0000460,2026-06-04 18:31:00,2026-06-04 18:37:46,5,False
SESS0000461,2026-06-18 17:21:00,2026-06-18 17:39:41,13,True
SESS0000462,2026-07-02 19:35:00,2026-07-02 19:38:25,2,False
SESS0000463,2026-06-20 12:35:00,2026-06-20 12:48:37,8,False
SESS0000464,2026-06-30 23:09:00,2026-06-30 23:20:57,6,False
SESS0000465,2026-06-27 19:35:00,2026-06-27 19:38:45,2,False
SESS0000466,2026-06-11 14:14:00,2026-06-11 14:24:57,6,False
SESS0000467,2026-06-06 21:17:00,2026-06-06 21:19:02,2,False
SESS0000468,2026-06-14 19:35:00,2026-06-14 19:52:04,9,False
SESS0000469,2026-06-21 19:58:00,2026-06-21 20:05:02,5,False
SESS0000470,2026-06-14 17:32:00,2026-06-14 17:36:23,2,False
SESS0000471,2026-06-22 16:55:00,2026-06-22 17:10:41,8,False
SESS0000472,2026-06-21 20:54:00,2026-06-21 20:55:43,2,False
SESS0000473,2026-06-08 18:04:00,2026-06-08 18:09:17,3,False
SESS0000474,2026-06-14 21:07:00,2026-06-14 21:13:04,4,False
SESS0000475,2026-06-17 16:40:00,2026-06-17 16:44:18,2,False
SESS0000476,2026-06-27 17:24:00,2026-06-27 17:29:51,3,False
SESS0000477,2026-06-22 19:00:00,2026-06-22 19:07:07,4,False
SESS0000478,2026-06-20 20:29:00,2026-06-20 20:36:29,3,False
SESS0000479,2026-06-10 16:47:00,2026-06-10 16:52:10,3,False
SESS0000480,2026-06-21 20:15:00,2026-06-21 20:20:22,5,False
SESS0000481,2026-06-08 16:24:00,2026-06-08 16:27:35,4,False
SESS0000482,2026-07-03 18:29:00,2026-07-03 18:31:11,3,False
SESS0000483,2026-06-24 23:37:00,2026-06-24 23:42:23,3,False
SESS0000484,2026-06-12 20:34:00,2026-06-12 20:42:04,4,False
SESS0000485,2026-06-25 20:05:00,2026-06-25 20:12:53,4,False
SESS0000486,2026-06-05 14:59:00,2026-06-05 15:10:11,7,True
SESS0000487,2026-06-06 15:52:00,2026-06-06 15:58:50,4,False
SESS0000488,2026-06-04 14:32:00,2026-06-04 14:41:02,4,False
SESS0000489,2026-06-29 18:19:00,2026-06-29 18:29:10,6,False
SESS0000490,2026-06-14 18:09:00,2026-06-14 18:10:24,3,False
SESS0000491,2026-06-17 21:52:00,2026-06-17 22:00:32,5,False
SESS0000492,2026-06-30 17:39:00,2026-06-30 17:53:22,8,False
SESS0000493,2026-06-11 19:05:00,2026-06-11 19:09:34,3,False
SESS0000494,2026-06-05 21:03:00,2026-06-05 21:10:33,6,True
SESS0000495,2026-06-08 13:33:00,2026-06-08 13:35:11,2,False
SESS0000496,2026-07-02 17:29:00,2026-07-02 17:33:29,2,False
SESS0000497,2026-06-14 23:59:00,2026-06-15 00:08:19,7,False
SESS0000498,2026-06-22 23:21:00,2026-06-22 23:30:33,4,False
SESS0000499,2026-06-21 17:24:00,2026-06-21 17:42:29,10,False
SESS0000500,2026-06-19 19:15:00,2026-06-19 19:19:43,4,False
SESS0000501,2026-07-01 21:06:00,2026-07-01 21:10:17,2,False
SESS0000502,2026-06-11 20:38:00,2026-06-11 20:45:01,6,True
SESS0000503,2026-06-13 23:36:00,2026-06-13 23:43:12,4,False
SESS0000504,2026-06-19 20:33:00,2026-06-19 20:38:32,3,False
SESS0000505,2026-06-25 22:32:00,2026-06-25 22:46:06,7,False
SESS0000506,2026-06-09 20:12:00,2026-06-09 20:20:54,5,True
SESS0000507,2026-06-20 16:12:00,2026-06-20 16:15:28,2,False
SESS0000508,2026-06-08 23:06:00,2026-06-08 23:22:23,9,True
SESS0000509,2026-06-08 21:48:00,2026-06-08 21:50:39,3,False
SESS0000510,2026-06-07 14:40:00,2026-06-07 14:50:29,6,False
SESS0000511,2026-06-14 23:49:00,2026-06-14 23:53:53,3,False
SESS0000512,2026-06-09 23:12:00,2026-06-09 23:14:02,2,False
SESS0000513,2026-06-06 20:07:00,2026-06-06 20:15:52,5,False
SESS0000514,2026-07-02 20:39:00,2026-07-02 20:44:34,4,False
SESS0000515,2026-06-16 11:21:00,2026-06-16 11:33:34,6,True
SESS0000516,2026-06-17 17:27:00,2026-06-17 17:44:29,10,False
SESS0000517,2026-06-11 20:53:00,2026-06-11 20:59:03,3,False
SESS0000518,2026-06-23 20:57:00,2026-06-23 21:00:42,2,False
SESS0000519,2026-06-11 22:29:00,2026-06-11 22:35:38,5,False
SESS0000520,2026-06-13 17:09:00,2026-06-13 17:13:53,2,False
SESS0000521,2026-06-12 20:09:00,2026-06-12 20:18:38,8,False
SESS0000522,2026-06-25 17:36:00,2026-06-25 17:39:44,2,False
SESS0000523,2026-07-03 18:13:00,2026-07-03 18:18:41,3,False
SESS0000524,2026-07-01 20:25:00,2026-07-01 20:39:49,11,False
SESS0000525,2026-06-19 18:03:00,2026-06-19 18:14:43,8,False
SESS0000526,2026-06-15 19:13:00,2026-06-15 19:19:10,3,False
SESS0000527,2026-06-11 22:28:00,2026-06-11 22:38:49,7,False
SESS0000528,2026-06-29 20:19:00,2026-06-29 20:32:45,8,True
SESS0000529,2026-06-28 20:10:00,2026-06-28 20:29:47,11,True
SESS0000530,2026-06-14 21:42:00,2026-06-14 21:53:37,6,True
SESS0000531,2026-07-03 20:13:00,2026-07-03 20:19:02,5,False
SESS0000532,2026-06-19 17:39:00,2026-06-19 17:47:22,5,False
SESS0000533,2026-06-11 12:15:00,2026-06-11 12:18:05,3,False
SESS0000534,2026-06-29 18:08:00,2026-06-29 18:13:02,4,False
SESS0000535,2026-06-08 22:32:00,2026-06-08 22:33:46,2,False
SESS0000536,2026-06-09 19:03:00,2026-06-09 19:06:09,4,False
SESS0000537,2026-06-09 19:18:00,2026-06-09 19:30:15,6,False
SESS0000538,2026-06-16 20:58:00,2026-06-16 21:04:45,6,False
SESS0000539,2026-06-05 17:50:00,2026-06-05 17:52:13,2,False
SESS0000540,2026-06-07 17:36:00,2026-06-07 17:45:45,7,False
SESS0000541,2026-06-05 18:10:00,2026-06-05 18:18:54,6,True
SESS0000542,2026-06-15 16:43:00,2026-06-15 16:47:59,2,False
SESS0000543,2026-06-20 17:03:00,2026-06-20 17:10:12,4,False
SESS0000544,2026-07-02 16:20:00,2026-07-02 16:27:00,5,False
SESS0000545,2026-06-05 15:33:00,2026-06-05 15:35:04,2,False
SESS0000546,2026-06-26 20:52:00,2026-06-26 21:05:24,7,True
SESS0000547,2026-06-06 16:36:00,2026-06-06 16:39:43,2,False
SESS0000548,2026-07-02 18:09:00,2026-07-02 18:13:05,2,False
SESS0000549,2026-06-26 22:03:00,2026-06-26 22:05:33,3,False
SESS0000550,2026-06-21 16:22:00,2026-06-21 16:29:35,4,False
SESS0000551,2026-06-11 14:14:00,2026-06-11 14:18:00,4,False
SESS0000552,2026-07-01 17:36:00,2026-07-01 17:46:14,7,True
SESS0000553,2026-06-19 22:17:00,2026-06-19 22:27:05,7,False
SESS0000554,2026-06-05 14:17:00,2026-06-05 14:24:38,4,False
SESS0000555,2026-07-01 14:45:00,2026-07-01 14:57:02,6,False
SESS0000556,2026-06-28 20:50:00,2026-06-28 21:11:27,12,False
SESS0000557,2026-06-28 19:48:00,2026-06-28 19:56:14,6,False
SESS0000558,2026-06-28 23:58:00,2026-06-29 00:02:26,3,False
SESS0000559,2026-06-28 18:38:00,2026-06-28 18:44:03,3,False
SESS0000560,2026-06-16 14:55:00,2026-06-16 15:15:49,11,False
SESS0000561,2026-06-28 16:49:00,2026-06-28 16:53:00,2,False
SESS0000562,2026-06-04 23:51:00,2026-06-04 23:53:25,2,False
SESS0000563,2026-06-11 19:20:00,2026-06-11 19:25:10,3,False
SESS0000564,2026-06-18 17:49:00,2026-06-18 17:54:33,2,False
SESS0000565,2026-06-06 20:10:00,2026-06-06 20:13:47,2,False
SESS0000566,2026-06-25 15:37:00,2026-06-25 15:40:23,2,False
SESS0000567,2026-06-24 20:38:00,2026-06-24 20:46:59,5,False
SESS0000568,2026-06-27 22:57:00,2026-06-27 23:02:06,2,False
SESS0000569,2026-06-12 17:26:00,2026-06-12 17:33:59,6,False
SESS0000570,2026-06-04 21:39:00,2026-06-04 21:44:59,4,False
SESS0000571,2026-06-21 18:22:00,2026-06-21 18:24:37,2,False
SESS0000572,2026-06-14 21:20:00,2026-06-14 21:23:09,2,False
SESS0000573,2026-06-08 23:36:00,2026-06-08 23:45:25,4,False
SESS0000574,2026-06-17 21:45:00,2026-06-17 21:51:08,4,False
SESS0000575,2026-06-12 22:31:00,2026-06-12 22:38:18,5,False
SESS0000576,2026-06-27 18:24:00,2026-06-27 18:27:52,2,False
SESS0000577,2026-06-15 19:18:00,2026-06-15 19:21:28,2,False
SESS0000578,2026-06-10 18:52:00,2026-06-10 18:57:27,3,False
SESS0000579,2026-06-18 18:59:00,2026-06-18 19:08:47,7,True
SESS0000580,2026-06-29 14:16:00,2026-06-29 14:21:41,4,False
SESS0000581,2026-07-01 17:41:00,2026-07-01 17:42:02,2,False
SESS0000582,2026-06-22 14:55:00,2026-06-22 15:03:07,6,False
SESS0000583,2026-06-29 16:33:00,2026-06-29 16:36:14,2,False
SESS0000584,2026-07-02 13:47:00,2026-07-02 13:49:53,2,False
SESS0000585,2026-06-07 19:13:00,2026-06-07 19:21:14,4,False
SESS0000586,2026-06-23 19:37:00,2026-06-23 20:00:11,13,True
SESS0000587,2026-06-20 18:44:00,2026-06-20 18:48:08,3,False
SESS0000588,2026-07-02 19:53:00,2026-07-02 20:06:25,6,False
SESS0000589,2026-06-20 15:04:00,2026-06-20 15:15:26,8,True
SESS0000590,2026-06-05 21:06:00,2026-06-05 21:17:33,7,True
SESS0000591,2026-06-04 20:21:00,2026-06-04 20:32:13,7,True
SESS0000592,2026-06-05 22:27:00,2026-06-05 22:33:14,4,False
SESS0000593,2026-06-06 22:52:00,2026-06-06 22:57:37,3,False
SESS0000594,2026-06-20 18:16:00,2026-06-20 18:24:54,7,True
SESS0000595,2026-06-09 14:23:00,2026-06-09 14:26:51,3,False
SESS0000596,2026-06-22 19:40:00,2026-06-22 20:00:15,12,True
SESS0000597,2026-06-11 20:32:00,2026-06-11 20:39:09,7,False
SESS0000598,2026-06-19 19:50:00,2026-06-19 19:54:29,4,False
SESS0000599,2026-06-12 20:18:00,2026-06-12 20:30:29,8,False
SESS0000600,2026-06-09 20:16:00,2026-06-09 20:18:42,2,False
SESS0000601,2026-06-30 19:22:00,2026-06-30 19:31:54,5,True
SESS0000602,2026-06-15 20:01:00,2026-06-15 20:04:45,2,False
SESS0000603,2026-06-17 13:25:00,2026-06-17 13:30:21,4,False
SESS0000604,2026-06-17 16:49:00,2026-06-17 16:53:31,3,False
SESS0000605,2026-06-18 19:24:00,2026-06-18 19:32:28,5,False
SESS0000606,2026-06-06 11:06:00,2026-06-06 11:10:12,3,False
SESS0000607,2026-07-01 15:31:00,2026-07-01 15:40:15,5,False
SESS0000608,2026-06-22 16:16:00,2026-06-22 16:22:49,4,False
SESS0000609,2026-06-30 18:22:00,2026-06-30 18:26:11,4,False
SESS0000610,2026-06-30 18:48:00,2026-06-30 18:56:18,4,False
SESS0000611,2026-06-24 19:12:00,2026-06-24 19:16:39,4,False
SESS0000612,2026-06-27 20:19:00,2026-06-27 20:23:26,2,False
SESS0000613,2026-06-11 17:46:00,2026-06-11 17:55:36,8,False
SESS0000614,2026-06-07 21:48:00,2026-06-07 21:54:33,4,False
SESS0000615,2026-06-25 17:28:00,2026-06-25 17:34:15,4,False
SESS0000616,2026-06-15 18:12:00,2026-06-15 18:29:36,9,False
SESS0000617,2026-06-09 19:03:00,2026-06-09 19:10:13,4,False
SESS0000618,2026-06-08 19:00:00,2026-06-08 19:21:30,9,True
SESS0000619,2026-06-06 16:50:00,2026-06-06 17:02:38,9,True
SESS0000620,2026-06-14 21:14:00,2026-06-14 21:18:03,3,False
SESS0000621,2026-06-28 20:19:00,2026-06-28 20:25:34,5,False
SESS0000622,2026-06-18 18:34:00,2026-06-18 18:39:28,4,False
SESS0000623,2026-06-15 18:37:00,2026-06-15 18:48:16,8,True
SESS0000624,2026-06-20 22:12:00,2026-06-20 22:29:28,7,True
SESS0000625,2026-06-13 18:11:00,2026-06-13 18:12:13,2,False
SESS0000626,2026-06-15 17:31:00,2026-06-15 17:45:37,8,False
SESS0000627,2026-06-21 22:49:00,2026-06-21 23:00:08,10,False
SESS0000628,2026-06-14 18:24:00,2026-06-14 18:28:16,2,False
SESS0000629,2026-06-06 18:39:00,2026-06-06 18:45:05,4,False
SESS0000630,2026-06-22 23:30:00,2026-06-22 23:40:11,8,False
SESS0000631,2026-07-03 22:51:00,2026-07-03 22:53:21,2,False
SESS0000632,2026-06-10 17:08:00,2026-06-10 17:12:15,3,False
SESS0000633,2026-06-19 23:10:00,2026-06-19 23:15:17,6,False
SESS0000634,2026-06-07 21:33:00,2026-06-07 21:42:53,5,False
SESS0000635,2026-06-21 18:38:00,2026-06-21 18:43:36,3,False
SESS0000636,2026-06-16 17:11:00,2026-06-16 17:22:44,7,False
SESS0000637,2026-06-16 21:47:00,2026-06-16 21:51:31,4,False
SESS0000638,2026-06-04 18:49:00,2026-06-04 19:00:13,6,False
SESS0000639,2026-06-12 20:03:00,2026-06-12 20:09:17,5,True
SESS0000640,2026-06-29 19:54:00,2026-06-29 20:03:12,4,False
SESS0000641,2026-06-05 18:10:00,2026-06-05 18:15:46,3,False
SESS0000642,2026-06-14 19:08:00,2026-06-14 19:10:30,2,False
SESS0000643,2026-06-21 21:40:00,2026-06-21 21:45:03,4,False
SESS0000644,2026-06-27 23:43:00,2026-06-27 23:50:27,4,False
SESS0000645,2026-06-25 19:55:00,2026-06-25 20:00:43,3,False
SESS0000646,2026-06-26 15:55:00,2026-06-26 15:58:51,2,False
SESS0000647,2026-06-07 22:00:00,2026-06-07 22:12:05,7,False
SESS0000648,2026-06-25 15:53:00,2026-06-25 15:58:22,3,False
SESS0000649,2026-06-25 18:27:00,2026-06-25 18:34:27,4,False
SESS0000650,2026-07-03 21:11:00,2026-07-03 21:16:03,2,False
SESS0000651,2026-06-14 15:57:00,2026-06-14 16:02:19,3,False
SESS0000652,2026-07-01 19:57:00,2026-07-01 19:59:55,2,False
SESS0000653,2026-06-06 21:23:00,2026-06-06 21:30:14,5,False
SESS0000654,2026-06-12 21:59:00,2026-06-12 22:08:37,6,False
SESS0000655,2026-06-05 22:39:00,2026-06-05 22:47:41,4,False
SESS0000656,2026-06-14 23:20:00,2026-06-14 23:24:46,4,False
SESS0000657,2026-06-20 20:01:00,2026-06-20 20:03:54,2,False
SESS0000658,2026-07-03 19:49:00,2026-07-03 20:00:39,5,False
SESS0000659,2026-06-24 15:01:00,2026-06-24 15:10:03,5,False
SESS0000660,2026-06-19 16:26:00,2026-06-19 16:32:49,4,False
SESS0000661,2026-06-17 17:29:00,2026-06-17 17:36:51,4,False
SESS0000662,2026-07-01 19:55:00,2026-07-01 20:09:17,8,False
SESS0000663,2026-06-30 17:36:00,2026-06-30 17:52:23,8,True
SESS0000664,2026-06-04 22:07:00,2026-06-04 22:13:04,4,False
SESS0000665,2026-06-16 21:24:00,2026-06-16 21:30:09,8,True
SESS0000666,2026-07-03 22:12:00,2026-07-03 22:21:30,5,False
SESS0000667,2026-06-23 19:37:00,2026-06-23 19:46:58,6,True
SESS0000668,2026-06-16 22:58:00,2026-06-16 23:02:02,2,False
SESS0000669,2026-06-29 17:32:00,2026-06-29 17:43:44,7,False
SESS0000670,2026-06-21 23:16:00,2026-06-21 23:22:05,3,False
SESS0000671,2026-06-22 18:00:00,2026-06-22 18:07:57,6,True
SESS0000672,2026-06-14 20:22:00,2026-06-14 20:28:21,6,False
SESS0000673,2026-06-14 23:43:00,2026-06-14 23:47:43,2,False
SESS0000674,2026-06-30 22:09:00,2026-06-30 22:24:39,9,False
SESS0000675,2026-06-21 17:17:00,2026-06-21 17:32:05,9,True
SESS0000676,2026-06-16 22:31:00,2026-06-16 22:46:28,8,True
SESS0000677,2026-07-03 22:40:00,2026-07-03 22:45:01,3,False
SESS0000678,2026-07-01 23:45:00,2026-07-01 23:51:06,3,False
SESS0000679,2026-06-18 17:05:00,2026-06-18 17:14:17,5,False
SESS0000680,2026-06-25 18:43:00,2026-06-25 18:45:29,2,False
SESS0000681,2026-06-21 20:53:00,2026-06-21 20:59:10,4,False
SESS0000682,2026-06-09 19:55:00,2026-06-09 20:00:28,5,False
SESS0000683,2026-06-06 19:19:00,2026-06-06 19:30:17,6,False
SESS0000684,2026-06-25 22:00:00,2026-06-25 22:02:30,2,False
SESS0000685,2026-06-21 19:41:00,2026-06-21 19:43:01,2,False
SESS0000686,2026-06-04 13:01:00,2026-06-04 13:12:33,8,False
SESS0000687,2026-06-21 17:47:00,2026-06-21 17:55:20,7,False
SESS0000688,2026-06-14 22:40:00,2026-06-14 22:56:11,10,True
SESS0000689,2026-06-22 19:10:00,2026-06-22 19:15:04,3,False
SESS0000690,2026-06-10 20:04:00,2026-06-10 20:07:53,4,False
SESS0000691,2026-06-21 19:34:00,2026-06-21 19:44:30,5,True
SESS0000692,2026-07-02 16:46:00,2026-07-02 16:51:09,2,False
SESS0000693,2026-06-08 17:26:00,2026-06-08 17:34:30,6,True
SESS0000694,2026-06-18 19:36:00,2026-06-18 19:46:30,5,False
SESS0000695,2026-06-24 23:14:00,2026-06-24 23:29:02,8,True
SESS0000696,2026-06-27 15:19:00,2026-06-27 15:30:33,6,True
SESS0000697,2026-06-11 16:42:00,2026-06-11 16:45:54,2,False
SESS0000698,2026-06-24 23:13:00,2026-06-24 23:23:15,6,True
SESS0000699,2026-06-14 16:52:00,2026-06-14 17:06:40,8,True
SESS0000700,2026-06-26 16:30:00,2026-06-26 16:39:20,4,False
SESS0000701,2026-06-25 21:31:00,2026-06-25 21:35:55,3,False
SESS0000702,2026-06-13 18:18:00,2026-06-13 18:24:15,4,False
SESS0000703,2026-06-10 16:58:00,2026-06-10 17:00:31,2,False
SESS0000704,2026-06-19 20:33:00,2026-06-19 20:37:41,3,False
SESS0000705,2026-06-11 19:45:00,2026-06-11 20:00:07,8,False
SESS0000706,2026-07-03 21:34:00,2026-07-03 21:42:28,9,True
SESS0000707,2026-06-22 21:28:00,2026-06-22 21:31:51,3,False
SESS0000708,2026-06-18 21:43:00,2026-06-18 21:48:05,2,False
SESS0000709,2026-06-29 18:03:00,2026-06-29 18:17:10,7,True
SESS0000710,2026-06-19 21:47:00,2026-06-19 21:49:11,2,False
SESS0000711,2026-06-28 16:40:00,2026-06-28 16:45:16,4,False
SESS0000712,2026-06-28 17:40:00,2026-06-28 17:44:24,3,False
SESS0000713,2026-06-04 18:53:00,2026-06-04 19:02:14,9,True
SESS0000714,2026-06-19 16:21:00,2026-06-19 16:24:01,2,False
SESS0000715,2026-06-09 19:51:00,2026-06-09 20:06:28,11,True
SESS0000716,2026-07-01 23:15:00,2026-07-01 23:21:26,3,False
SESS0000717,2026-06-13 18:47:00,2026-06-13 18:53:44,4,False
SESS0000718,2026-06-09 23:40:00,2026-06-09 23:49:30,6,False
SESS0000719,2026-06-15 16:51:00,2026-06-15 16:51:55,2,False
SESS0000720,2026-06-12 22:34:00,2026-06-12 22:44:07,6,True
SESS0000721,2026-06-26 17:35:00,2026-06-26 17:58:49,14,True
SESS0000722,2026-06-16 23:56:00,2026-06-17 00:00:46,3,False
SESS0000723,2026-06-21 07:26:00,2026-06-21 07:28:58,2,False
SESS0000724,2026-06-21 19:39:00,2026-06-21 19:51:33,6,False
SESS0000725,2026-06-25 17:12:00,2026-06-25 17:29:48,10,False
SESS0000726,2026-06-26 21:58:00,2026-06-26 22:07:58,5,True
SESS0000727,2026-06-27 23:10:00,2026-06-27 23:24:00,7,False
SESS0000728,2026-06-22 17:50:00,2026-06-22 18:02:26,6,False
SESS0000729,2026-06-06 19:42:00,2026-06-06 19:50:33,5,False
SESS0000730,2026-06-28 23:34:00,2026-06-28 23:39:42,3,False
SESS0000731,2026-06-30 17:58:00,2026-06-30 18:02:48,3,False
SESS0000732,2026-06-08 23:42:00,2026-06-08 23:50:54,6,False
SESS0000733,2026-06-28 15:19:00,2026-06-28 15:32:50,7,False
SESS0000734,2026-07-03 19:49:00,2026-07-03 19:53:29,3,False
SESS0000735,2026-06-15 21:37:00,2026-06-15 21:46:05,5,False
SESS0000736,2026-06-16 15:54:00,2026-06-16 15:58:09,3,False
SESS0000737,2026-06-08 17:13:00,2026-06-08 17:16:10,2,False
SESS0000738,2026-06-12 22:58:00,2026-06-12 23:08:07,6,True
SESS0000739,2026-06-06 18:44:00,2026-06-06 18:54:12,6,True
SESS0000740,2026-06-08 23:45:00,2026-06-08 23:59:15,8,False
SESS0000741,2026-07-01 23:38:00,2026-07-01 23:47:24,6,True
SESS0000742,2026-06-04 21:09:00,2026-06-04 21:17:35,7,True
SESS0000743,2026-06-16 20:21:00,2026-06-16 20:30:18,7,False
SESS0000744,2026-06-19 20:10:00,2026-06-19 20:16:44,6,False
SESS0000745,2026-06-11 20:25:00,2026-06-11 20:29:57,4,False
SESS0000746,2026-06-11 19:42:00,2026-06-11 19:44:54,3,False
SESS0000747,2026-06-25 18:58:00,2026-06-25 19:03:12,3,False
SESS0000748,2026-06-10 23:23:00,2026-06-10 23:26:44,2,False
SESS0000749,2026-06-21 17:08:00,2026-06-21 17:14:12,4,False
SESS0000750,2026-06-07 16:03:00,2026-06-07 16:04:44,2,False
SESS0000751,2026-06-22 16:55:00,2026-06-22 17:01:47,3,False
SESS0000752,2026-06-28 16:11:00,2026-06-28 16:24:08,6,False
SESS0000753,2026-06-05 19:38:00,2026-06-05 19:42:24,2,False
SESS0000754,2026-06-07 19:36:00,2026-06-07 19:42:06,3,False
SESS0000755,2026-06-25 23:15:00,2026-06-25 23:26:23,7,True
SESS0000756,2026-06-28 17:54:00,2026-06-28 17:55:50,2,False
SESS0000757,2026-06-25 22:15:00,2026-06-25 22:25:33,7,True
SESS0000758,2026-06-29 21:12:00,2026-06-29 21:25:05,7,True
SESS0000759,2026-06-12 19:17:00,2026-06-12 19:22:46,5,False
SESS0000760,2026-06-09 15:22:00,2026-06-09 15:23:14,2,False
SESS0000761,2026-06-17 17:42:00,2026-06-17 17:52:22,5,False
SESS0000762,2026-07-03 16:56:00,2026-07-03 17:05:45,6,True
SESS0000763,2026-06-11 15:18:00,2026-06-11 15:24:12,5,False
SESS0000764,2026-06-13 22:19:00,2026-06-13 22:25:39,5,False
SESS0000765,2026-06-04 18:49:00,2026-06-04 18:57:31,5,False
SESS0000766,2026-06-19 21:40:00,2026-06-19 21:50:39,6,True
SESS0000767,2026-06-19 18:25:00,2026-06-19 18:28:47,2,False
SESS0000768,2026-06-15 13:21:00,2026-06-15 13:25:03,2,False
SESS0000769,2026-06-13 20:32:00,2026-06-13 20:36:31,2,False
SESS0000770,2026-06-30 18:54:00,2026-06-30 19:02:24,7,False
SESS0000771,2026-06-24 23:09:00,2026-06-24 23:14:04,2,False
SESS0000772,2026-06-21 19:40:00,2026-06-21 19:47:02,6,False
SESS0000773,2026-06-17 18:33:00,2026-06-17 18:44:38,7,False
SESS0000774,2026-06-26 23:40:00,2026-06-26 23:52:06,8,False
SESS0000775,2026-07-01 20:43:00,2026-07-01 20:48:11,2,False
SESS0000776,2026-06-29 20:40:00,2026-06-29 20:49:24,5,True
SESS0000777,2026-06-26 17:19:00,2026-06-26 17:23:21,2,False
SESS0000778,2026-06-15 17:18:00,2026-06-15 17:28:23,6,False
SESS0000779,2026-06-15 22:04:00,2026-06-15 22:09:55,4,False
SESS0000780,2026-06-25 21:33:00,2026-06-25 21:42:04,5,True
SESS0000781,2026-06-04 16:41:00,2026-06-04 16:45:03,3,False
SESS0000782,2026-06-24 19:28:00,2026-06-24 19:33:27,4,False
SESS0000783,2026-06-15 21:24:00,2026-06-15 21:26:52,2,False
SESS0000784,2026-06-06 18:47:00,2026-06-06 19:05:43,9,True
SESS0000785,2026-06-07 17:42:00,2026-06-07 17:48:46,3,False
SESS0000786,2026-06-25 23:17:00,2026-06-25 23:27:06,5,False
SESS0000787,2026-06-11 22:25:00,2026-06-11 22:28:03,3,False
SESS0000788,2026-06-08 17:46:00,2026-06-08 17:53:52,4,False
SESS0000789,2026-06-08 17:09:00,2026-06-08 17:18:39,5,False
SESS0000790,2026-06-26 15:46:00,2026-06-26 15:58:16,6,False
SESS0000791,2026-07-03 20:49:00,2026-07-03 20:52:16,3,False
SESS0000792,2026-06-09 16:43:00,2026-06-09 16:55:28,6,False
SESS0000793,2026-06-12 16:13:00,2026-06-12 16:21:10,7,True
SESS0000794,2026-06-13 21:08:00,2026-06-13 21:09:46,2,False
SESS0000795,2026-06-25 14:05:00,2026-06-25 14:12:54,6,False
SESS0000796,2026-06-08 17:41:00,2026-06-08 17:51:32,7,False
SESS0000797,2026-06-09 17:09:00,2026-06-09 17:15:19,7,True
SESS0000798,2026-06-09 18:52:00,2026-06-09 18:59:56,6,True
SESS0000799,2026-06-21 17:59:00,2026-06-21 18:11:01,8,False
SESS0000800,2026-06-17 17:28:00,2026-06-17 17:39:02,7,True
SESS0000801,2026-06-23 22:50:00,2026-06-23 22:58:16,5,False
SESS0000802,2026-06-24 20:32:00,2026-06-24 20:37:41,3,False
SESS0000803,2026-06-14 18:01:00,2026-06-14 18:10:13,5,False
SESS0000804,2026-06-21 20:59:00,2026-06-21 21:14:40,8,False
SESS0000805,2026-06-04 19:58:00,2026-06-04 20:07:35,6,False
SESS0000806,2026-06-14 15:23:00,2026-06-14 15:38:51,8,False
SESS0000807,2026-06-06 17:21:00,2026-06-06 17:29:03,4,False
SESS0000808,2026-06-29 21:34:00,2026-06-29 21:38:02,3,False
SESS0000809,2026-06-12 23:43:00,2026-06-12 23:45:34,2,False
SESS0000810,2026-06-17 19:32:00,2026-06-17 19:37:57,3,False
SESS0000811,2026-06-21 15:02:00,2026-06-21 15:10:58,7,True
SESS0000812,2026-06-04 19:58:00,2026-06-04 20:09:27,8,False
SESS0000813,2026-06-22 15:09:00,2026-06-22 15:18:10,7,False
SESS0000814,2026-06-14 19:06:00,2026-06-14 19:13:24,5,True
SESS0000815,2026-06-19 18:52:00,2026-06-19 18:54:24,3,False
SESS0000816,2026-07-03 17:58:00,2026-07-03 18:09:47,7,True
SESS0000817,2026-06-30 20:39:00,2026-06-30 20:49:43,5,False
SESS0000818,2026-06-28 09:01:00,2026-06-28 09:02:51,2,False
SESS0000819,2026-06-22 18:14:00,2026-06-22 18:18:59,2,False
SESS0000820,2026-06-09 23:50:00,2026-06-09 23:57:17,4,False
SESS0000821,2026-06-15 16:53:00,2026-06-15 16:59:48,3,False
SESS0000822,2026-06-27 20:04:00,2026-06-27 20:13:30,4,False
SESS0000823,2026-06-14 19:31:00,2026-06-14 19:34:25,2,False
SESS0000824,2026-06-05 14:00:00,2026-06-05 14:03:18,2,False
SESS0000825,2026-06-04 15:32:00,2026-06-04 15:35:30,3,False
SESS0000826,2026-06-04 20:05:00,2026-06-04 20:19:54,8,False
SESS0000827,2026-06-24 19:55:00,2026-06-24 19:59:47,2,False
SESS0000828,2026-06-16 18:41:00,2026-06-16 18:55:55,6,False
SESS0000829,2026-06-14 20:58:00,2026-06-14 21:03:30,2,False
SESS0000830,2026-07-02 20:54:00,2026-07-02 21:01:44,6,True
SESS0000831,2026-06-09 19:34:00,2026-06-09 19:41:29,6,True
SESS0000832,2026-06-18 19:35:00,2026-06-18 19:38:34,3,False
SESS0000833,2026-06-21 18:51:00,2026-06-21 19:03:11,10,False
SESS0000834,2026-06-05 18:32:00,2026-06-05 18:46:05,8,True
SESS0000835,2026-06-18 20:50:00,2026-06-18 20:57:37,4,False
SESS0000836,2026-06-12 19:29:00,2026-06-12 19:33:43,3,False
SESS0000837,2026-06-05 16:28:00,2026-06-05 16:32:37,2,False
SESS0000838,2026-06-28 15:25:00,2026-06-28 15:28:30,4,False
SESS0000839,2026-06-07 23:47:00,2026-06-07 23:54:25,4,False
SESS0000840,2026-06-20 21:27:00,2026-06-20 21:29:45,2,False
SESS0000841,2026-06-15 20:58:00,2026-06-15 21:05:00,5,False
SESS0000842,2026-06-26 23:02:00,2026-06-26 23:14:24,9,False
SESS0000843,2026-06-15 21:48:00,2026-06-15 21:55:41,4,False
SESS0000844,2026-06-28 15:23:00,2026-06-28 15:29:53,6,True
SESS0000845,2026-06-29 21:08:00,2026-06-29 21:11:36,3,False
SESS0000846,2026-06-16 15:54:00,2026-06-16 16:12:37,9,True
SESS0000847,2026-06-11 20:49:00,2026-06-11 20:53:57,3,False
SESS0000848,2026-06-19 19:56:00,2026-06-19 20:01:30,4,False
SESS0000849,2026-06-13 16:28:00,2026-06-13 16:46:28,9,False
SESS0000850,2026-06-13 22:41:00,2026-06-13 22:56:21,9,False
SESS0000851,2026-06-14 20:59:00,2026-06-14 21:07:11,5,False
SESS0000852,2026-06-25 20:53:00,2026-06-25 21:06:39,8,False
SESS0000853,2026-06-07 20:08:00,2026-06-07 20:19:35,7,True
SESS0000854,2026-06-10 19:00:00,2026-06-10 19:05:15,2,False
SESS0000855,2026-06-12 20:20:00,2026-06-12 20:24:48,3,False
SESS0000856,2026-06-13 15:09:00,2026-06-13 15:15:24,3,False
SESS0000857,2026-06-26 20:45:00,2026-06-26 20:47:25,3,False
SESS0000858,2026-06-25 18:01:00,2026-06-25 18:03:59,4,False
SESS0000859,2026-06-04 17:10:00,2026-06-04 17:18:33,6,False
SESS0000860,2026-06-21 17:31:00,2026-06-21 17:39:18,6,True
SESS0000861,2026-06-26 18:43:00,2026-06-26 18:52:02,5,False
SESS0000862,2026-06-10 22:31:00,2026-06-10 22:38:16,6,True
SESS0000863,2026-06-09 21:26:00,2026-06-09 21:31:46,3,False
SESS0000864,2026-06-24 21:50:00,2026-06-24 22:01:05,7,True
SESS0000865,2026-07-01 23:23:00,2026-07-01 23:27:10,3,False
SESS0000866,2026-06-15 22:35:00,2026-06-15 22:44:10,7,True
SESS0000867,2026-07-03 20:46:00,2026-07-03 20:55:58,6,True
SESS0000868,2026-06-05 18:49:00,2026-06-05 19:06:42,10,True
SESS0000869,2026-06-13 19:39:00,2026-06-13 19:42:34,3,False
SESS0000870,2026-06-19 17:18:00,2026-06-19 17:27:17,7,False
SESS0000871,2026-06-13 14:40:00,2026-06-13 14:44:33,3,False
SESS0000872,2026-07-03 23:30:00,2026-07-03 23:34:27,2,False
SESS0000873,2026-06-20 15:59:00,2026-06-20 16:03:07,2,False
SESS0000874,2026-06-18 19:06:00,2026-06-18 19:23:56,10,True
SESS0000875,2026-07-01 20:32:00,2026-07-01 20:39:43,5,False
SESS0000876,2026-06-08 20:05:00,2026-06-08 20:14:45,8,True
SESS0000877,2026-07-01 18:20:00,2026-07-01 18:29:36,7,False
SESS0000878,2026-06-20 15:09:00,2026-06-20 15:13:03,3,False
SESS0000879,2026-06-04 19:38:00,2026-06-04 19:40:45,2,False
SESS0000880,2026-06-30 23:08:00,2026-06-30 23:14:10,4,False
SESS0000881,2026-06-10 23:54:00,2026-06-11 00:08:43,8,False
SESS0000882,2026-06-11 16:30:00,2026-06-11 16:33:24,2,False
SESS0000883,2026-06-25 19:29:00,2026-06-25 19:41:44,6,True
SESS0000884,2026-07-01 16:36:00,2026-07-01 16:42:34,4,False
SESS0000885,2026-06-29 19:41:00,2026-06-29 19:47:09,3,False
SESS0000886,2026-06-07 20:08:00,2026-06-07 20:16:15,4,False
SESS0000887,2026-07-03 20:09:00,2026-07-03 20:13:33,3,False
SESS0000888,2026-06-23 21:39:00,2026-06-23 21:55:56,9,False
SESS0000889,2026-06-13 19:48:00,2026-06-13 19:51:57,2,False
SESS0000890,2026-06-12 21:01:00,2026-06-12 21:09:17,3,False
SESS0000891,2026-06-08 18:03:00,2026-06-08 18:08:38,3,False
SESS0000892,2026-06-30 13:44:00,2026-06-30 13:52:10,6,False
SESS0000893,2026-06-19 23:32:00,2026-06-19 23:39:46,4,False
SESS0000894,2026-06-08 21:14:00,2026-06-08 21:23:21,8,True
SESS0000895,2026-06-21 20:57:00,2026-06-21 21:06:53,6,False
SESS0000896,2026-07-02 17:59:00,2026-07-02 18:03:19,2,False
SESS0000897,2026-07-03 20:31:00,2026-07-03 20:34:14,2,False
SESS0000898,2026-06-29 19:54:00,2026-06-29 20:07:51,6,False
SESS0000899,2026-06-28 16:20:00,2026-06-28 16:27:47,5,False
SESS0000900,2026-06-26 17:58:00,2026-06-26 18:15:54,10,False
SESS0000901,2026-06-05 14:34:00,2026-06-05 14:38:51,4,False
SESS0000902,2026-06-22 21:54:00,2026-06-22 22:04:57,8,True
SESS0000903,2026-06-20 21:51:00,2026-06-20 21:58:15,6,False
SESS0000904,2026-07-03 21:27:00,2026-07-03 21:32:21,2,False
SESS0000905,2026-06-30 18:18:00,2026-06-30 18:27:00,7,True
SESS0000906,2026-06-17 21:12:00,2026-06-17 21:15:47,2,False
SESS0000907,2026-06-19 18:16:00,2026-06-19 18:17:18,2,False
SESS0000908,2026-06-29 15:24:00,2026-06-29 15:32:46,4,False
SESS0000909,2026-06-26 19:43:00,2026-06-26 19:43:35,2,False
SESS0000910,2026-06-12 23:22:00,2026-06-12 23:37:24,8,True
SESS0000911,2026-06-20 15:44:00,2026-06-20 15:53:56,6,False
SESS0000912,2026-06-21 19:10:00,2026-06-21 19:26:27,14,False
SESS0000913,2026-06-28 19:42:00,2026-06-28 19:51:38,6,False
SESS0000914,2026-06-13 20:47:00,2026-06-13 20:48:00,2,False
SESS0000915,2026-06-26 15:01:00,2026-06-26 15:04:46,3,False
SESS0000916,2026-06-09 21:22:00,2026-06-09 21:34:39,8,True
SESS0000917,2026-06-19 22:30:00,2026-06-19 22:33:35,2,False
SESS0000918,2026-06-11 20:37:00,2026-06-11 20:44:06,4,False
SESS0000919,2026-06-29 20:58:00,2026-06-29 21:11:12,6,False
SESS0000920,2026-06-15 20:48:00,2026-06-15 20:53:35,5,False
SESS0000921,2026-06-24 23:16:00,2026-06-24 23:28:14,7,True
SESS0000922,2026-06-09 16:13:00,2026-06-09 16:18:11,3,False
SESS0000923,2026-06-30 20:22:00,2026-06-30 20:28:59,4,False
SESS0000924,2026-06-18 21:21:00,2026-06-18 21:40:53,10,False
SESS0000925,2026-06-27 18:24:00,2026-06-27 18:26:02,3,False
SESS0000926,2026-06-25 23:14:00,2026-06-25 23:17:22,3,False
SESS0000927,2026-06-09 16:45:00,2026-06-09 16:55:30,6,False
SESS0000928,2026-06-18 17:12:00,2026-06-18 17:16:21,4,False
SESS0000929,2026-07-01 16:03:00,2026-07-01 16:05:08,3,False
SESS0000930,2026-06-27 18:33:00,2026-06-27 18:39:33,4,False
SESS0000931,2026-06-27 12:39:00,2026-06-27 12:42:42,2,False
SESS0000932,2026-06-06 18:36:00,2026-06-06 18:49:35,7,False
SESS0000933,2026-07-01 14:34:00,2026-07-01 14:39:17,3,False
SESS0000934,2026-06-18 23:01:00,2026-06-18 23:21:08,12,True
SESS0000935,2026-06-16 23:32:00,2026-06-16 23:42:26,6,True
SESS0000936,2026-06-17 18:36:00,2026-06-17 18:42:45,3,False
SESS0000937,2026-06-18 23:05:00,2026-06-18 23:12:45,5,False
SESS0000938,2026-06-07 18:20:00,2026-06-07 18:25:10,5,False
SESS0000939,2026-06-30 18:30:00,2026-06-30 18:35:05,2,False
SESS0000940,2026-06-29 16:51:00,2026-06-29 16:59:51,5,False
SESS0000941,2026-06-29 20:21:00,2026-06-29 20:29:29,5,False
SESS0000942,2026-06-23 21:13:00,2026-06-23 21:16:48,3,False
SESS0000943,2026-06-12 18:34:00,2026-06-12 18:42:08,5,False
SESS0000944,2026-06-07 23:17:00,2026-06-07 23:22:14,4,False
SESS0000945,2026-06-19 20:11:00,2026-06-19 20:17:37,4,False
SESS0000946,2026-06-05 14:02:00,2026-06-05 14:06:48,3,False
SESS0000947,2026-06-25 16:32:00,2026-06-25 16:34:47,2,False
SESS0000948,2026-06-25 16:28:00,2026-06-25 16:45:12,10,False
SESS0000949,2026-06-25 21:29:00,2026-06-25 21:40:16,6,True
SESS0000950,2026-07-01 12:52:00,2026-07-01 12:57:57,3,False
SESS0000951,2026-06-14 18:20:00,2026-06-14 18:26:15,4,False
SESS0000952,2026-06-12 18:31:00,2026-06-12 18:37:49,4,False
SESS0000953,2026-06-06 20:15:00,2026-06-06 20:19:31,3,False
SESS0000954,2026-06-09 19:06:00,2026-06-09 19:18:42,6,True
SESS0000955,2026-06-14 17:33:00,2026-06-14 17:36:04,2,False
SESS0000956,2026-06-10 20:33:00,2026-06-10 20:42:02,4,False
SESS0000957,2026-06-05 19:30:00,2026-06-05 19:34:00,3,False
SESS0000958,2026-06-09 14:53:00,2026-06-09 15:00:29,5,False
SESS0000959,2026-06-20 17:42:00,2026-06-20 17:53:09,6,True
SESS0000960,2026-06-17 16:06:00,2026-06-17 16:09:59,3,False
SESS0000961,2026-06-21 21:42:00,2026-06-21 21:43:33,2,False
SESS0000962,2026-06-04 12:01:00,2026-06-04 12:07:05,4,False
SESS0000963,2026-06-29 20:17:00,2026-06-29 20:25:16,6,False
SESS0000964,2026-06-24 22:48:00,2026-06-24 22:50:05,2,False
SESS0000965,2026-06-27 13:11:00,2026-06-27 13:20:41,7,False
SESS0000966,2026-07-03 16:11:00,2026-07-03 16:17:19,4,False
SESS0000967,2026-06-09 17:49:00,2026-06-09 18:01:42,8,False
SESS0000968,2026-06-15 20:10:00,2026-06-15 20:17:31,4,False
SESS0000969,2026-06-20 16:54:00,2026-06-20 17:07:22,8,False
SESS0000970,2026-06-11 20:06:00,2026-06-11 20:09:25,3,False
SESS0000971,2026-06-28 20:19:00,2026-06-28 20:27:14,4,False
SESS0000972,2026-06-18 23:01:00,2026-06-18 23:11:33,5,False
SESS0000973,2026-06-10 15:51:00,2026-06-10 15:56:58,4,False
SESS0000974,2026-06-25 22:28:00,2026-06-25 22:46:06,11,False
SESS0000975,2026-06-20 22:30:00,2026-06-20 22:33:52,3,False
SESS0000976,2026-06-14 18:26:00,2026-06-14 18:30:12,2,False
SESS0000977,2026-06-09 16:32:00,2026-06-09 16:37:15,3,False
SESS0000978,2026-06-29 21:14:00,2026-06-29 21:25:48,6,False
SESS0000979,2026-06-08 20:48:00,2026-06-08 21:18:59,14,False
SESS0000980,2026-06-30 20:33:00,2026-06-30 20:43:00,6,False
SESS0000981,2026-06-26 23:59:00,2026-06-27 00:01:23,2,False
SESS0000982,2026-06-17 18:38:00,2026-06-17 18:43:28,3,False
SESS0000983,2026-06-09 13:41:00,2026-06-09 13:45:30,3,False
SESS0000984,2026-06-13 23:55:00,2026-06-13 23:58:01,2,False
SESS0000985,2026-06-30 23:25:00,2026-06-30 23:25:40,2,False
SESS0000986,2026-06-05 20:56:00,2026-06-05 21:08:37,7,True
SESS0000987,2026-06-09 21:47:00,2026-06-09 21:51:48,3,False
SESS0000988,2026-06-18 14:47:00,2026-06-18 14:50:29,2,False
SESS0000989,2026-06-23 14:47:00,2026-06-23 14:53:19,3,False
SESS0000990,2026-06-23 17:06:00,2026-06-23 17:16:29,9,False
SESS0000991,2026-06-08 17:56:00,2026-06-08 18:02:44,6,True
SESS0000992,2026-06-26 20:52:00,2026-06-26 21:03:26,7,True
SESS0000993,2026-06-24 19:05:00,2026-06-24 19:08:35,5,False
SESS0000994,2026-06-08 14:33:00,2026-06-08 14:36:54,4,False
SESS0000995,2026-06-29 12:20:00,2026-06-29 12:31:06,7,False
SESS0000996,2026-06-20 20:48:00,2026-06-20 21:02:20,10,True
SESS0000997,2026-06-11 21:22:00,2026-06-11 21:47:59,13,True
SESS0000998,2026-06-23 17:33:00,2026-06-23 17:39:58,4,False
SESS0000999,2026-06-22 16:13:00,2026-06-22 16:15:35,3,False
SESS0001000,2026-06-29 23:31:00,2026-06-29 23:40:32,6,True
SESS0001001,2026-07-03 18:53:00,2026-07-03 18:57:12,4,False
SESS0001002,2026-06-14 23:25:00,2026-06-14 23:29:34,2,False
SESS0001003,2026-06-20 14:23:00,2026-06-20 14:26:25,2,False
SESS0001004,2026-06-18 22:45:00,2026-06-18 22:55:07,5,False
SESS0001005,2026-06-13 23:20:00,2026-06-13 23:34:10,9,False
SESS0001006,2026-06-11 19:02:00,2026-06-11 19:12:42,6,False
SESS0001007,2026-06-27 21:39:00,2026-06-27 21:46:24,4,False
SESS0001008,2026-06-27 17:16:00,2026-06-27 17:24:12,6,True
SESS0001009,2026-06-27 19:01:00,2026-06-27 19:06:23,4,False
SESS0001010,2026-06-24 23:21:00,2026-06-24 23:27:40,3,False
SESS0001011,2026-06-25 15:21:00,2026-06-25 15:28:28,3,False
SESS0001012,2026-06-05 17:12:00,2026-06-05 17:15:27,2,False
SESS0001013,2026-06-15 15:08:00,2026-06-15 15:12:59,3,False
SESS0001014,2026-06-07 23:07:00,2026-06-07 23:14:53,6,True
SESS0001015,2026-06-16 19:01:00,2026-06-16 19:07:45,6,False
SESS0001016,2026-06-26 18:33:00,2026-06-26 18:39:22,3,False
SESS0001017,2026-06-08 18:16:00,2026-06-08 18:25:48,5,False
SESS0001018,2026-06-21 20:38:00,2026-06-21 20:42:22,4,False
SESS0001019,2026-06-16 20:12:00,2026-06-16 20:15:16,2,False
SESS0001020,2026-06-19 15:06:00,2026-06-19 15:19:23,8,True
SESS0001021,2026-06-19 16:16:00,2026-06-19 16:24:06,4,False
SESS0001022,2026-06-28 23:18:00,2026-06-28 23:23:01,2,False
SESS0001023,2026-06-23 20:17:00,2026-06-23 20:26:28,5,False
SESS0001024,2026-06-27 20:17:00,2026-06-27 20:24:13,5,False
SESS0001025,2026-07-01 22:31:00,2026-07-01 22:40:03,4,False
SESS0001026,2026-07-03 18:27:00,2026-07-03 18:33:15,5,False
SESS0001027,2026-06-22 23:38:00,2026-06-22 23:39:35,2,False
SESS0001028,2026-06-23 15:37:00,2026-06-23 15:41:56,3,False
SESS0001029,2026-06-21 19:27:00,2026-06-21 19:32:07,3,False
SESS0001030,2026-06-12 20:14:00,2026-06-12 20:20:17,3,False
SESS0001031,2026-06-21 16:00:00,2026-06-21 16:03:35,2,False
SESS0001032,2026-07-02 17:17:00,2026-07-02 17:26:53,7,True
SESS0001033,2026-06-19 21:28:00,2026-06-19 21:33:06,2,False
SESS0001034,2026-06-10 21:27:00,2026-06-10 21:30:23,2,False
SESS0001035,2026-06-11 23:52:00,2026-06-12 00:00:47,7,False
SESS0001036,2026-06-20 22:44:00,2026-06-20 22:51:51,4,False
SESS0001037,2026-06-20 16:30:00,2026-06-20 16:34:43,3,False
SESS0001038,2026-06-14 17:03:00,2026-06-14 17:05:09,3,False
SESS0001039,2026-06-09 13:29:00,2026-06-09 13:37:44,5,False
SESS0001040,2026-06-23 18:56:00,2026-06-23 18:58:33,2,False
SESS0001041,2026-06-10 19:25:00,2026-06-10 19:33:54,4,False
SESS0001042,2026-06-05 13:14:00,2026-06-05 13:25:50,6,True
SESS0001043,2026-06-04 12:05:00,2026-06-04 12:09:50,2,False
SESS0001044,2026-06-27 17:14:00,2026-06-27 17:18:46,3,False
SESS0001045,2026-06-09 23:39:00,2026-06-09 23:46:23,5,True
SESS0001046,2026-06-28 18:41:00,2026-06-28 18:47:14,5,False
SESS0001047,2026-06-07 18:21:00,2026-06-07 18:24:09,2,False
SESS0001048,2026-06-18 15:26:00,2026-06-18 15:31:13,2,False
SESS0001049,2026-06-27 18:06:00,2026-06-27 18:20:18,7,True
SESS0001050,2026-06-12 14:37:00,2026-06-12 14:40:48,4,False
SESS0001051,2026-06-10 21:47:00,2026-06-10 21:57:35,5,False
SESS0001052,2026-06-19 18:41:00,2026-06-19 18:45:38,3,False
SESS0001053,2026-06-08 17:26:00,2026-06-08 17:30:42,2,False
SESS0001054,2026-06-08 21:52:00,2026-06-08 22:03:14,6,False
SESS0001055,2026-06-18 16:59:00,2026-06-18 17:06:45,4,False
SESS0001056,2026-06-10 14:49:00,2026-06-10 14:57:39,6,False
SESS0001057,2026-06-15 17:05:00,2026-06-15 17:08:26,3,False
SESS0001058,2026-06-13 19:18:00,2026-06-13 19:22:14,2,False
SESS0001059,2026-06-16 23:26:00,2026-06-16 23:40:23,9,False
SESS0001060,2026-06-07 17:24:00,2026-06-07 17:29:53,3,False
SESS0001061,2026-06-20 22:48:00,2026-06-20 23:08:24,13,False
SESS0001062,2026-06-11 20:40:00,2026-06-11 20:52:17,7,False
SESS0001063,2026-06-27 18:46:00,2026-06-27 18:54:44,5,True
SESS0001064,2026-06-11 17:27:00,2026-06-11 17:30:41,3,False
SESS0001065,2026-06-19 18:40:00,2026-06-19 18:42:05,2,False
SESS0001066,2026-06-16 22:10:00,2026-06-16 22:11:10,2,False
SESS0001067,2026-06-16 21:22:00,2026-06-16 21:32:13,4,False
SESS0001068,2026-06-12 21:19:00,2026-06-12 21:28:44,5,False
SESS0001069,2026-06-09 18:16:00,2026-06-09 18:23:02,5,False
SESS0001070,2026-07-03 21:38:00,2026-07-03 21:53:22,8,False
SESS0001071,2026-06-12 21:29:00,2026-06-12 21:37:08,5,False
SESS0001072,2026-06-19 20:36:00,2026-06-19 20:41:46,3,False
SESS0001073,2026-07-02 18:41:00,2026-07-02 18:44:14,2,False
SESS0001074,2026-06-27 18:28:00,2026-06-27 18:30:59,2,False
SESS0001075,2026-06-18 23:54:00,2026-06-19 00:01:13,4,False
SESS0001076,2026-06-21 22:35:00,2026-06-21 22:37:54,2,False
SESS0001077,2026-06-13 18:34:00,2026-06-13 18:41:29,4,False
SESS0001078,2026-06-13 23:44:00,2026-06-13 23:48:21,4,False
SESS0001079,2026-06-28 22:34:00,2026-06-28 22:36:33,4,False
SESS0001080,2026-06-05 14:46:00,2026-06-05 15:00:40,10,False
SESS0001081,2026-06-06 17:20:00,2026-06-06 17:30:02,5,False
SESS0001082,2026-06-20 22:46:00,2026-06-20 22:56:56,7,True
SESS0001083,2026-06-20 23:41:00,2026-06-20 23:52:13,5,False
SESS0001084,2026-06-27 15:43:00,2026-06-27 15:52:38,7,False
SESS0001085,2026-06-26 18:13:00,2026-06-26 18:24:36,5,False
SESS0001086,2026-07-03 21:42:00,2026-07-03 21:47:54,3,False
SESS0001087,2026-06-04 22:40:00,2026-06-04 22:51:24,6,False
SESS0001088,2026-06-11 19:44:00,2026-06-11 19:45:18,2,False
SESS0001089,2026-06-24 16:01:00,2026-06-24 16:12:32,7,True
SESS0001090,2026-06-28 20:10:00,2026-06-28 20:17:45,3,False
SESS0001091,2026-06-13 20:11:00,2026-06-13 20:15:46,3,False
SESS0001092,2026-06-07 18:43:00,2026-06-07 18:46:01,3,False
SESS0001093,2026-06-22 20:02:00,2026-06-22 20:10:39,5,False
SESS0001094,2026-06-25 19:58:00,2026-06-25 20:05:54,6,True
SESS0001095,2026-06-25 23:41:00,2026-06-25 23:43:12,2,False
SESS0001096,2026-06-21 16:40:00,2026-06-21 16:54:49,12,False
SESS0001097,2026-06-26 18:01:00,2026-06-26 18:13:20,7,True
SESS0001098,2026-06-21 16:23:00,2026-06-21 16:27:20,3,False
SESS0001099,2026-06-13 16:16:00,2026-06-13 16:19:03,2,False
SESS0001100,2026-06-05 23:46:00,2026-06-06 00:03:26,11,False
SESS0001101,2026-06-25 19:31:00,2026-06-25 19:36:06,3,False
SESS0001102,2026-06-13 16:21:00,2026-06-13 16:26:58,3,False
SESS0001103,2026-06-12 21:56:00,2026-06-12 22:04:47,4,False
SESS0001104,2026-06-08 21:23:00,2026-06-08 21:30:01,5,False
SESS0001105,2026-06-15 18:59:00,2026-06-15 19:05:30,3,False
SESS0001106,2026-07-01 19:26:00,2026-07-01 19:34:24,5,False
SESS0001107,2026-06-30 16:57:00,2026-06-30 17:02:53,4,False
SESS0001108,2026-06-27 23:31:00,2026-06-27 23:37:35,3,False
SESS0001109,2026-06-11 21:53:00,2026-06-11 22:00:44,5,True
SESS0001110,2026-06-17 22:39:00,2026-06-17 22:48:06,7,True
SESS0001111,2026-06-19 16:41:00,2026-06-19 16:52:31,7,False
SESS0001112,2026-06-27 19:10:00,2026-06-27 19:23:50,7,False
SESS0001113,2026-06-11 23:32:00,2026-06-11 23:38:22,4,False
SESS0001114,2026-06-25 19:18:00,2026-06-25 19:22:21,2,False
SESS0001115,2026-06-26 19:40:00,2026-06-26 19:54:45,9,False
SESS0001116,2026-06-16 17:20:00,2026-06-16 17:22:58,3,False
SESS0001117,2026-06-18 22:40:00,2026-06-18 22:48:39,6,False
SESS0001118,2026-06-25 22:23:00,2026-06-25 22:29:56,6,True
SESS0001119,2026-06-19 23:18:00,2026-06-19 23:21:27,3,False
SESS0001120,2026-06-12 19:51:00,2026-06-12 19:54:37,3,False
SESS0001121,2026-06-12 16:33:00,2026-06-12 16:40:15,6,True
SESS0001122,2026-07-01 10:42:00,2026-07-01 10:49:08,9,True
SESS0001123,2026-07-01 19:49:00,2026-07-01 19:57:14,6,False
SESS0001124,2026-06-17 15:42:00,2026-06-17 15:45:34,4,False
SESS0001125,2026-06-11 21:25:00,2026-06-11 21:33:31,4,False
SESS0001126,2026-06-12 14:48:00,2026-06-12 14:53:24,3,False
SESS0001127,2026-06-30 17:51:00,2026-06-30 17:55:11,2,False
SESS0001128,2026-06-30 19:35:00,2026-06-30 19:43:00,5,True
SESS0001129,2026-06-26 17:36:00,2026-06-26 17:47:37,6,True
SESS0001130,2026-06-26 17:20:00,2026-06-26 17:30:13,6,False
SESS0001131,2026-06-24 20:09:00,2026-06-24 20:13:35,2,False
SESS0001132,2026-06-16 22:08:00,2026-06-16 22:12:49,5,False
SESS0001133,2026-06-24 20:20:00,2026-06-24 20:25:03,3,False
SESS0001134,2026-06-09 19:42:00,2026-06-09 19:45:15,3,False
SESS0001135,2026-06-11 15:22:00,2026-06-11 15:26:10,3,False
SESS0001136,2026-06-14 21:24:00,2026-06-14 21:27:04,2,False
SESS0001137,2026-06-09 15:29:00,2026-06-09 15:39:23,6,False
SESS0001138,2026-06-04 19:40:00,2026-06-04 19:46:09,3,False
SESS0001139,2026-06-18 20:11:00,2026-06-18 20:13:20,2,False
SESS0001140,2026-06-28 17:52:00,2026-06-28 18:00:12,3,False
SESS0001141,2026-06-08 23:21:00,2026-06-08 23:27:19,6,True
SESS0001142,2026-06-20 20:46:00,2026-06-20 20:58:26,10,False
SESS0001143,2026-06-20 15:59:00,2026-06-20 16:08:51,6,True
SESS0001144,2026-06-17 20:53:00,2026-06-17 20:57:56,3,False
SESS0001145,2026-06-19 18:10:00,2026-06-19 18:18:33,5,False
SESS0001146,2026-06-17 18:22:00,2026-06-17 18:35:33,7,True
SESS0001147,2026-06-29 19:28:00,2026-06-29 19:36:27,8,False
SESS0001148,2026-06-23 15:38:00,2026-06-23 15:44:36,6,False
SESS0001149,2026-06-13 19:09:00,2026-06-13 19:13:55,3,False
SESS0001150,2026-06-28 15:38:00,2026-06-28 15:48:13,9,False
SESS0001151,2026-06-11 20:05:00,2026-06-11 20:08:47,3,False
SESS0001152,2026-06-21 23:57:00,2026-06-22 00:06:28,5,False
SESS0001153,2026-06-17 23:23:00,2026-06-17 23:27:37,2,False
SESS0001154,2026-06-08 19:43:00,2026-06-08 19:58:51,9,False
SESS0001155,2026-07-02 14:04:00,2026-07-02 14:17:53,8,False
SESS0001156,2026-06-06 19:20:00,2026-06-06 19:25:19,4,False
SESS0001157,2026-06-10 19:58:00,2026-06-10 20:07:16,5,True
SESS0001158,2026-06-11 16:35:00,2026-06-11 16:40:28,6,False
SESS0001159,2026-06-07 16:03:00,2026-06-07 16:26:15,14,False
SESS0001160,2026-06-18 21:23:00,2026-06-18 21:26:48,2,False
SESS0001161,2026-07-03 20:09:00,2026-07-03 20:10:02,2,False
SESS0001162,2026-06-21 20:12:00,2026-06-21 20:21:48,6,True
SESS0001163,2026-06-24 17:30:00,2026-06-24 17:41:55,7,True
SESS0001164,2026-06-30 16:36:00,2026-06-30 16:44:35,5,False
SESS0001165,2026-06-04 18:44:00,2026-06-04 18:52:33,7,False
SESS0001166,2026-06-08 19:57:00,2026-06-08 20:03:07,4,False
SESS0001167,2026-06-07 19:53:00,2026-06-07 19:58:12,2,False
SESS0001168,2026-06-28 18:29:00,2026-06-28 18:41:01,6,True
SESS0001169,2026-06-09 15:30:00,2026-06-09 15:39:29,7,True
SESS0001170,2026-06-13 15:36:00,2026-06-13 15:48:40,8,True
SESS0001171,2026-06-12 22:10:00,2026-06-12 22:13:56,3,False
SESS0001172,2026-06-06 15:21:00,2026-06-06 15:26:25,5,True
SESS0001173,2026-07-02 20:03:00,2026-07-02 20:06:59,3,False
SESS0001174,2026-06-28 18:50:00,2026-06-28 18:52:11,2,False
SESS0001175,2026-06-23 20:00:00,2026-06-23 20:05:25,4,False
SESS0001176,2026-06-04 17:41:00,2026-06-04 17:56:03,7,True
SESS0001177,2026-06-05 16:41:00,2026-06-05 16:43:09,2,False
SESS0001178,2026-06-28 21:44:00,2026-06-28 21:52:41,7,False
SESS0001179,2026-06-14 11:40:00,2026-06-14 11:55:07,10,False
SESS0001180,2026-06-04 21:24:00,2026-06-04 21:29:14,4,False
SESS0001181,2026-06-09 18:54:00,2026-06-09 19:10:54,10,False
SESS0001182,2026-06-29 20:40:00,2026-06-29 20:43:03,2,False
SESS0001183,2026-06-18 21:19:00,2026-06-18 21:28:53,4,False
SESS0001184,2026-06-26 21:08:00,2026-06-26 21:22:02,9,False
SESS0001185,2026-07-03 15:42:00,2026-07-03 15:45:46,3,False
SESS0001186,2026-06-20 22:30:00,2026-06-20 22:39:42,6,False
SESS0001187,2026-06-27 12:49:00,2026-06-27 12:50:13,2,False
SESS0001188,2026-06-15 15:00:00,2026-06-15 15:07:01,3,False
SESS0001189,2026-06-29 17:17:00,2026-06-29 17:26:06,6,False
SESS0001190,2026-06-23 22:19:00,2026-06-23 22:30:58,7,True
SESS0001191,2026-06-16 16:28:00,2026-06-16 16:41:53,6,True
SESS0001192,2026-06-24 15:11:00,2026-06-24 15:22:58,6,False
SESS0001193,2026-06-10 20:38:00,2026-06-10 20:42:00,5,True
SESS0001194,2026-06-11 20:18:00,2026-06-11 20:20:15,3,False
SESS0001195,2026-06-10 22:37:00,2026-06-10 22:39:44,3,False
SESS0001196,2026-06-06 18:35:00,2026-06-06 18:40:03,2,False
SESS0001197,2026-06-28 20:48:00,2026-06-28 21:02:13,11,False
SESS0001198,2026-06-05 18:49:00,2026-06-05 18:52:20,3,False
SESS0001199,2026-06-17 23:51:00,2026-06-17 23:55:13,3,False
SESS0001200,2026-06-08 19:47:00,2026-06-08 19:52:35,3,False
SESS0001201,2026-06-26 09:42:00,2026-06-26 09:46:27,2,False
SESS0001202,2026-06-19 19:59:00,2026-06-19 20:04:56,4,False
SESS0001203,2026-07-01 18:21:00,2026-07-01 18:26:25,3,False
SESS0001204,2026-06-28 20:43:00,2026-06-28 20:50:08,4,False
SESS0001205,2026-06-12 20:33:00,2026-06-12 20:43:35,4,False
SESS0001206,2026-06-09 19:57:00,2026-06-09 19:59:36,2,False
SESS0001207,2026-06-23 17:03:00,2026-06-23 17:06:34,2,False
SESS0001208,2026-07-03 22:51:00,2026-07-03 23:06:45,11,True
SESS0001209,2026-06-25 17:41:00,2026-06-25 17:44:15,2,False
SESS0001210,2026-06-16 20:38:00,2026-06-16 20:47:12,5,False
SESS0001211,2026-07-01 23:07:00,2026-07-01 23:11:54,2,False
SESS0001212,2026-06-08 19:31:00,2026-06-08 19:34:23,2,False
SESS0001213,2026-06-27 21:38:00,2026-06-27 21:44:33,4,False
SESS0001214,2026-06-21 21:10:00,2026-06-21 21:29:01,10,True
SESS0001215,2026-06-04 22:11:00,2026-06-04 22:14:45,2,False
SESS0001216,2026-06-24 23:33:00,2026-06-24 23:49:40,8,True
SESS0001217,2026-06-23 21:00:00,2026-06-23 21:15:46,8,False
SESS0001218,2026-06-11 21:56:00,2026-06-11 22:01:52,4,False
SESS0001219,2026-06-16 20:14:00,2026-06-16 20:17:48,3,False
SESS0001220,2026-06-16 15:54:00,2026-06-16 15:58:04,3,False
SESS0001221,2026-06-22 19:46:00,2026-06-22 19:58:08,6,True
SESS0001222,2026-06-27 21:41:00,2026-06-27 21:50:03,6,True
SESS0001223,2026-06-10 14:57:00,2026-06-10 15:02:15,3,False
SESS0001224,2026-06-21 18:54:00,2026-06-21 18:57:18,4,False
SESS0001225,2026-06-21 19:04:00,2026-06-21 19:13:34,5,False
SESS0001226,2026-06-16 22:59:00,2026-06-16 23:09:55,6,True
SESS0001227,2026-06-13 19:05:00,2026-06-13 19:08:56,3,False
SESS0001228,2026-06-27 17:57:00,2026-06-27 18:08:46,7,False
SESS0001229,2026-06-24 18:03:00,2026-06-24 18:15:01,7,False
SESS0001230,2026-06-05 14:00:00,2026-06-05 14:08:56,5,False
SESS0001231,2026-06-06 18:49:00,2026-06-06 18:53:17,3,False
SESS0001232,2026-07-03 18:15:00,2026-07-03 18:26:04,6,False
SESS0001233,2026-06-13 15:21:00,2026-06-13 15:33:02,6,False
SESS0001234,2026-06-07 22:50:00,2026-06-07 22:58:16,4,False
SESS0001235,2026-06-06 23:10:00,2026-06-06 23:24:39,10,False
SESS0001236,2026-06-11 21:01:00,2026-06-11 21:04:27,3,False
SESS0001237,2026-06-15 16:34:00,2026-06-15 16:35:47,3,False
SESS0001238,2026-06-12 23:01:00,2026-06-12 23:06:32,3,False
SESS0001239,2026-06-09 16:34:00,2026-06-09 16:45:31,6,True
SESS0001240,2026-06-12 21:51:00,2026-06-12 21:54:39,2,False
SESS0001241,2026-06-21 16:29:00,2026-06-21 16:35:55,3,False
SESS0001242,2026-06-21 17:16:00,2026-06-21 17:22:53,5,False
SESS0001243,2026-06-20 18:05:00,2026-06-20 18:09:05,3,False
SESS0001244,2026-06-19 21:26:00,2026-06-19 21:44:28,11,True
SESS0001245,2026-06-16 23:38:00,2026-06-16 23:40:18,2,False
SESS0001246,2026-06-06 17:37:00,2026-06-06 17:46:33,6,False
SESS0001247,2026-06-10 23:54:00,2026-06-10 23:59:00,4,False
SESS0001248,2026-06-08 20:29:00,2026-06-08 20:31:46,3,False
SESS0001249,2026-06-15 20:45:00,2026-06-15 20:53:58,5,False
SESS0001250,2026-06-19 19:39:00,2026-06-19 19:56:41,10,True
SESS0001251,2026-06-21 17:58:00,2026-06-21 18:13:35,8,False
SESS0001252,2026-06-14 17:58:00,2026-06-14 18:07:37,6,True
SESS0001253,2026-06-24 19:25:00,2026-06-24 19:33:28,5,False
SESS0001254,2026-06-27 19:58:00,2026-06-27 20:10:53,8,True
SESS0001255,2026-06-11 22:32:00,2026-06-11 22:43:31,6,True
SESS0001256,2026-06-04 16:12:00,2026-06-04 16:19:34,4,False
SESS0001257,2026-06-09 23:55:00,2026-06-09 23:59:26,3,False
SESS0001258,2026-07-03 21:16:00,2026-07-03 21:31:17,9,False
SESS0001259,2026-06-25 19:12:00,2026-06-25 19:16:52,2,False
SESS0001260,2026-06-06 21:57:00,2026-06-06 22:01:33,2,False
SESS0001261,2026-06-25 22:00:00,2026-06-25 22:08:40,9,True
SESS0001262,2026-06-07 18:49:00,2026-06-07 18:51:26,2,False
SESS0001263,2026-06-06 18:45:00,2026-06-06 18:50:34,2,False
SESS0001264,2026-06-12 21:46:00,2026-06-12 21:56:39,6,False
SESS0001265,2026-07-03 17:44:00,2026-07-03 17:51:07,4,False
SESS0001266,2026-06-26 14:24:00,2026-06-26 14:37:43,7,True
SESS0001267,2026-06-14 13:20:00,2026-06-14 13:27:41,4,False
SESS0001268,2026-06-24 21:20:00,2026-06-24 21:25:25,3,False
SESS0001269,2026-06-17 19:03:00,2026-06-17 19:18:22,8,False
SESS0001270,2026-06-12 20:57:00,2026-06-12 21:03:33,5,True
SESS0001271,2026-06-15 14:31:00,2026-06-15 14:37:34,4,False
SESS0001272,2026-06-27 19:50:00,2026-06-27 20:01:31,8,True
SESS0001273,2026-06-18 20:45:00,2026-06-18 20:48:22,3,False
SESS0001274,2026-06-25 22:59:00,2026-06-25 23:04:29,3,False
SESS0001275,2026-06-08 20:53:00,2026-06-08 21:04:15,7,True
SESS0001276,2026-06-12 23:40:00,2026-06-12 23:47:39,7,True
SESS0001277,2026-06-13 16:58:00,2026-06-13 17:01:56,2,False
SESS0001278,2026-06-05 23:52:00,2026-06-05 23:59:39,4,False
SESS0001279,2026-06-09 15:21:00,2026-06-09 15:30:49,6,False
SESS0001280,2026-06-29 18:04:00,2026-06-29 18:17:42,8,False
SESS0001281,2026-06-04 18:34:00,2026-06-04 18:39:01,4,False
SESS0001282,2026-06-21 13:38:00,2026-06-21 13:39:28,3,False
SESS0001283,2026-06-27 20:29:00,2026-06-27 20:41:02,10,False
SESS0001284,2026-06-30 15:48:00,2026-06-30 15:52:34,3,False
SESS0001285,2026-07-03 15:27:00,2026-07-03 15:29:28,2,False
SESS0001286,2026-06-07 20:34:00,2026-06-07 20:42:48,8,False
SESS0001287,2026-06-21 23:29:00,2026-06-21 23:40:40,7,True
SESS0001288,2026-06-15 20:48:00,2026-06-15 20:51:32,2,False
SESS0001289,2026-06-13 19:55:00,2026-06-13 20:00:45,5,False
SESS0001290,2026-07-03 18:09:00,2026-07-03 18:10:10,2,False
SESS0001291,2026-07-03 20:51:00,2026-07-03 20:57:50,6,True
SESS0001292,2026-06-30 18:48:00,2026-06-30 18:52:57,3,False
SESS0001293,2026-06-08 23:13:00,2026-06-08 23:20:55,4,False
SESS0001294,2026-06-12 19:26:00,2026-06-12 19:28:21,2,False
SESS0001295,2026-06-12 14:18:00,2026-06-12 14:23:38,4,False
SESS0001296,2026-06-04 22:45:00,2026-06-04 22:51:34,4,False
SESS0001297,2026-06-24 17:54:00,2026-06-24 18:01:30,4,False
SESS0001298,2026-06-25 17:15:00,2026-06-25 17:20:25,3,False
SESS0001299,2026-06-17 19:44:00,2026-06-17 19:56:24,6,False
SESS0001300,2026-06-28 17:04:00,2026-06-28 17:06:52,2,False
SESS0001301,2026-06-21 17:45:00,2026-06-21 17:49:54,2,False
SESS0001302,2026-06-27 21:05:00,2026-06-27 21:16:06,7,False
SESS0001303,2026-06-28 22:10:00,2026-06-28 22:17:39,3,False
SESS0001304,2026-06-23 20:26:00,2026-06-23 20:36:58,6,True
SESS0001305,2026-07-01 18:41:00,2026-07-01 18:43:16,2,False
SESS0001306,2026-07-02 13:57:00,2026-07-02 14:07:25,7,False
SESS0001307,2026-06-22 23:38:00,2026-06-22 23:48:53,8,False
SESS0001308,2026-06-05 10:57:00,2026-06-05 11:09:40,7,False
SESS0001309,2026-06-15 23:12:00,2026-06-15 23:13:33,2,False
SESS0001310,2026-06-07 20:17:00,2026-06-07 20:32:51,8,True
SESS0001311,2026-06-09 22:41:00,2026-06-09 22:45:33,3,False
SESS0001312,2026-06-15 23:28:00,2026-06-15 23:37:35,5,True
SESS0001313,2026-06-24 16:36:00,2026-06-24 16:53:22,9,True
SESS0001314,2026-06-16 18:57:00,2026-06-16 19:03:02,4,False
SESS0001315,2026-06-27 17:46:00,2026-06-27 17:58:13,8,True
SESS0001316,2026-06-24 17:57:00,2026-06-24 18:10:55,8,True
SESS0001317,2026-06-20 16:11:00,2026-06-20 16:15:52,3,False
SESS0001318,2026-06-20 19:00:00,2026-06-20 19:11:18,8,False
SESS0001319,2026-06-09 17:12:00,2026-06-09 17:16:19,3,False
SESS0001320,2026-06-30 16:05:00,2026-06-30 16:09:06,2,False
SESS0001321,2026-06-28 20:53:00,2026-06-28 20:56:56,3,False
SESS0001322,2026-07-02 16:52:00,2026-07-02 17:04:19,7,False
SESS0001323,2026-06-10 22:39:00,2026-06-10 22:45:22,4,False
SESS0001324,2026-06-29 19:52:00,2026-06-29 19:56:33,2,False
SESS0001325,2026-06-15 13:47:00,2026-06-15 13:49:42,2,False
SESS0001326,2026-06-16 23:57:00,2026-06-17 00:00:40,2,False
SESS0001327,2026-07-01 19:27:00,2026-07-01 19:29:55,2,False
SESS0001328,2026-06-30 16:31:00,2026-06-30 16:35:48,4,False
SESS0001329,2026-06-04 17:39:00,2026-06-04 17:47:15,4,False
SESS0001330,2026-06-05 21:31:00,2026-06-05 21:46:51,7,False
SESS0001331,2026-07-03 23:43:00,2026-07-03 23:51:06,5,False
SESS0001332,2026-06-12 19:15:00,2026-06-12 19:19:27,2,False
SESS0001333,2026-06-23 20:49:00,2026-06-23 20:55:51,5,True
SESS0001334,2026-06-08 20:18:00,2026-06-08 20:37:03,11,False
SESS0001335,2026-06-08 22:14:00,2026-06-08 22:22:49,7,False
SESS0001336,2026-06-05 19:50:00,2026-06-05 19:58:46,5,True
SESS0001337,2026-06-18 14:57:00,2026-06-18 15:07:03,7,False
SESS0001338,2026-06-23 19:46:00,2026-06-23 19:55:57,5,True
SESS0001339,2026-06-18 18:06:00,2026-06-18 18:23:41,9,True
SESS0001340,2026-06-29 21:05:00,2026-06-29 21:15:12,4,False
SESS0001341,2026-06-25 14:06:00,2026-06-25 14:10:27,2,False
SESS0001342,2026-06-29 23:25:00,2026-06-29 23:34:29,6,False
SESS0001343,2026-06-08 19:03:00,2026-06-08 19:10:32,4,False
SESS0001344,2026-06-11 15:22:00,2026-06-11 15:26:16,2,False
SESS0001345,2026-06-16 22:44:00,2026-06-16 22:49:17,3,False
SESS0001346,2026-07-02 23:44:00,2026-07-02 23:52:37,4,False
SESS0001347,2026-06-21 19:17:00,2026-06-21 19:26:24,5,True
SESS0001348,2026-07-03 19:42:00,2026-07-03 19:54:20,6,True
SESS0001349,2026-06-29 16:24:00,2026-06-29 16:27:40,2,False
SESS0001350,2026-06-17 17:43:00,2026-06-17 17:48:24,4,False
SESS0001351,2026-06-11 16:07:00,2026-06-11 16:23:37,9,True
SESS0001352,2026-06-23 20:52:00,2026-06-23 20:59:54,4,False
SESS0001353,2026-07-02 17:59:00,2026-07-02 18:08:05,7,False
SESS0001354,2026-06-04 17:31:00,2026-06-04 17:36:49,3,False
SESS0001355,2026-06-16 22:01:00,2026-06-16 22:10:13,6,False
SESS0001356,2026-06-28 18:48:00,2026-06-28 18:56:24,4,False
SESS0001357,2026-06-11 19:09:00,2026-06-11 19:16:37,5,False
SESS0001358,2026-06-11 20:46:00,2026-06-11 20:58:53,6,False
SESS0001359,2026-06-06 22:36:00,2026-06-06 22:39:17,2,False
SESS0001360,2026-07-01 17:33:00,2026-07-01 17:42:00,4,False
SESS0001361,2026-06-18 16:14:00,2026-06-18 16:18:11,2,False
SESS0001362,2026-06-23 23:42:00,2026-06-23 23:44:37,2,False
SESS0001363,2026-06-19 17:09:00,2026-06-19 17:17:24,5,True
SESS0001364,2026-06-29 21:56:00,2026-06-29 22:02:08,3,False
SESS0001365,2026-06-25 18:29:00,2026-06-25 18:33:41,3,False
SESS0001366,2026-06-25 17:57:00,2026-06-25 18:01:17,2,False
SESS0001367,2026-06-19 14:47:00,2026-06-19 14:59:17,6,True
SESS0001368,2026-07-02 21:29:00,2026-07-02 21:36:32,5,False
SESS0001369,2026-06-23 17:34:00,2026-06-23 17:37:03,3,False
SESS0001370,2026-06-30 20:00:00,2026-06-30 20:06:46,3,False
SESS0001371,2026-06-17 16:59:00,2026-06-17 17:04:13,3,False
SESS0001372,2026-06-13 20:57:00,2026-06-13 21:00:34,2,False
SESS0001373,2026-06-20 17:33:00,2026-06-20 17:36:07,3,False
SESS0001374,2026-06-27 17:15:00,2026-06-27 17:17:40,2,False
SESS0001375,2026-06-21 23:21:00,2026-06-21 23:30:55,6,False
SESS0001376,2026-06-09 23:14:00,2026-06-09 23:15:31,2,False
SESS0001377,2026-06-11 22:32:00,2026-06-11 22:38:12,4,False
SESS0001378,2026-07-02 23:48:00,2026-07-02 23:51:15,3,False
SESS0001379,2026-06-23 21:56:00,2026-06-23 22:03:48,4,False
SESS0001380,2026-06-18 20:52:00,2026-06-18 20:56:49,3,False
SESS0001381,2026-06-06 14:16:00,2026-06-06 14:27:15,7,False
SESS0001382,2026-06-06 21:20:00,2026-06-06 21:33:59,9,True
SESS0001383,2026-06-26 13:30:00,2026-06-26 13:43:39,9,False
SESS0001384,2026-06-13 14:04:00,2026-06-13 14:11:28,6,False
SESS0001385,2026-06-28 16:09:00,2026-06-28 16:12:05,2,False
SESS0001386,2026-06-08 23:47:00,2026-06-09 00:06:57,10,False
SESS0001387,2026-06-30 22:45:00,2026-06-30 23:00:28,10,False
SESS0001388,2026-06-07 21:00:00,2026-06-07 21:04:13,2,False
SESS0001389,2026-06-17 18:38:00,2026-06-17 18:48:12,6,False
SESS0001390,2026-06-15 15:44:00,2026-06-15 15:55:08,7,True
SESS0001391,2026-06-26 18:31:00,2026-06-26 18:40:19,5,False
SESS0001392,2026-06-20 18:08:00,2026-06-20 18:23:22,10,True
SESS0001393,2026-07-01 17:15:00,2026-07-01 17:34:04,10,False
SESS0001394,2026-06-14 20:03:00,2026-06-14 20:06:59,2,False
SESS0001395,2026-06-15 16:36:00,2026-06-15 16:44:40,3,False
SESS0001396,2026-07-01 16:18:00,2026-07-01 16:24:48,6,True
SESS0001397,2026-06-06 14:02:00,2026-06-06 14:09:00,6,False
SESS0001398,2026-06-22 22:08:00,2026-06-22 22:19:36,7,False
SESS0001399,2026-06-06 23:48:00,2026-06-06 23:57:58,7,True
SESS0001400,2026-06-27 18:12:00,2026-06-27 18:22:35,6,True
SESS0001401,2026-06-12 15:27:00,2026-06-12 15:32:56,4,False
SESS0001402,2026-06-09 18:10:00,2026-06-09 18:16:47,3,False
SESS0001403,2026-06-19 21:01:00,2026-06-19 21:03:08,2,False
SESS0001404,2026-06-18 18:15:00,2026-06-18 18:18:33,2,False
SESS0001405,2026-06-08 23:07:00,2026-06-08 23:13:40,6,False
SESS0001406,2026-06-28 18:58:00,2026-06-28 19:00:22,3,False
SESS0001407,2026-06-25 18:43:00,2026-06-25 18:49:48,3,False
SESS0001408,2026-06-25 21:20:00,2026-06-25 21:34:12,9,True
SESS0001409,2026-06-06 19:18:00,2026-06-06 19:23:45,4,False
SESS0001410,2026-06-16 19:09:00,2026-06-16 19:16:43,6,False
SESS0001411,2026-06-28 15:17:00,2026-06-28 15:26:12,6,True
SESS0001412,2026-06-22 15:57:00,2026-06-22 15:59:32,2,False
SESS0001413,2026-06-21 18:48:00,2026-06-21 18:52:33,2,False
SESS0001414,2026-06-04 15:56:00,2026-06-04 16:00:17,4,False
SESS0001415,2026-06-16 16:00:00,2026-06-16 16:16:19,9,False
SESS0001416,2026-07-01 19:19:00,2026-07-01 19:22:08,2,False
SESS0001417,2026-06-23 18:50:00,2026-06-23 19:01:37,7,True
SESS0001418,2026-06-18 20:52:00,2026-06-18 20:58:44,3,False
SESS0001419,2026-06-16 20:49:00,2026-06-16 20:57:25,6,False
SESS0001420,2026-06-21 13:47:00,2026-06-21 13:51:32,3,False
SESS0001421,2026-06-11 17:34:00,2026-06-11 17:41:51,5,False
SESS0001422,2026-06-23 17:25:00,2026-06-23 17:27:52,2,False
SESS0001423,2026-06-15 19:14:00,2026-06-15 19:19:40,3,False
SESS0001424,2026-06-10 18:38:00,2026-06-10 18:48:40,8,True
SESS0001425,2026-06-23 14:14:00,2026-06-23 14:28:21,9,False
SESS0001426,2026-06-20 23:04:00,2026-06-20 23:07:45,2,False
SESS0001427,2026-06-25 20:58:00,2026-06-25 21:04:43,4,False
SESS0001428,2026-06-18 16:36:00,2026-06-18 16:45:10,7,False
SESS0001429,2026-07-01 20:58:00,2026-07-01 21:12:49,8,False
SESS0001430,2026-06-09 15:26:00,2026-06-09 15:35:22,5,True
SESS0001431,2026-06-16 20:54:00,2026-06-16 21:03:40,5,False
SESS0001432,2026-06-06 12:56:00,2026-06-06 13:00:06,3,False
SESS0001433,2026-06-05 16:03:00,2026-06-05 16:15:54,7,False
SESS0001434,2026-06-27 23:54:00,2026-06-27 23:59:28,5,False
SESS0001435,2026-06-07 21:06:00,2026-06-07 21:07:48,4,False
SESS0001436,2026-06-13 17:40:00,2026-06-13 17:52:27,7,True
SESS0001437,2026-06-12 18:48:00,2026-06-12 18:56:19,6,False
SESS0001438,2026-07-01 17:26:00,2026-07-01 17:35:35,5,False
SESS0001439,2026-06-12 17:38:00,2026-06-12 17:48:03,6,True
SESS0001440,2026-06-22 16:33:00,2026-06-22 16:43:24,5,True
SESS0001441,2026-06-13 23:02:00,2026-06-13 23:07:08,3,False
SESS0001442,2026-06-07 15:24:00,2026-06-07 15:47:36,13,False
SESS0001443,2026-06-30 16:40:00,2026-06-30 16:42:07,2,False
SESS0001444,2026-06-14 23:40:00,2026-06-14 23:55:12,8,True
SESS0001445,2026-06-26 18:18:00,2026-06-26 18:25:03,5,True
SESS0001446,2026-06-10 17:35:00,2026-06-10 17:41:47,3,False
SESS0001447,2026-06-24 18:14:00,2026-06-24 18:22:51,4,False
SESS0001448,2026-06-21 15:37:00,2026-06-21 15:42:21,3,False
SESS0001449,2026-06-09 22:34:00,2026-06-09 22:37:48,2,False
SESS0001450,2026-06-29 19:18:00,2026-06-29 19:24:43,3,False
SESS0001451,2026-06-30 18:44:00,2026-06-30 18:55:36,6,False
SESS0001452,2026-06-16 21:58:00,2026-06-16 22:08:14,8,True
SESS0001453,2026-06-29 17:11:00,2026-06-29 17:19:45,7,True
SESS0001454,2026-06-15 17:49:00,2026-06-15 17:52:51,2,False
SESS0001455,2026-06-20 15:01:00,2026-06-20 15:18:26,10,True
SESS0001456,2026-06-29 18:53:00,2026-06-29 18:59:48,5,False
SESS0001457,2026-06-16 16:46:00,2026-06-16 16:50:10,3,False
SESS0001458,2026-06-08 15:36:00,2026-06-08 15:43:05,5,False
SESS0001459,2026-06-06 15:41:00,2026-06-06 15:56:51,10,False
SESS0001460,2026-06-26 16:53:00,2026-06-26 16:58:10,3,False
SESS0001461,2026-07-03 21:19:00,2026-07-03 21:27:41,6,True
SESS0001462,2026-06-22 23:00:00,2026-06-22 23:06:43,5,False
SESS0001463,2026-06-15 21:47:00,2026-06-15 21:53:53,4,False
SESS0001464,2026-06-13 20:26:00,2026-06-13 20:29:50,2,False
SESS0001465,2026-06-18 18:35:00,2026-06-18 18:50:31,7,False
SESS0001466,2026-06-08 18:53:00,2026-06-08 18:54:29,2,False
SESS0001467,2026-06-30 17:23:00,2026-06-30 17:31:50,4,False
SESS0001468,2026-06-29 19:07:00,2026-06-29 19:11:47,2,False
SESS0001469,2026-06-28 20:12:00,2026-06-28 20:17:30,5,False
SESS0001470,2026-07-01 21:45:00,2026-07-01 21:50:29,2,False
SESS0001471,2026-06-13 20:08:00,2026-06-13 20:12:54,2,False
SESS0001472,2026-06-30 20:35:00,2026-06-30 20:41:27,4,False
SESS0001473,2026-06-16 21:08:00,2026-06-16 21:10:49,2,False
SESS0001474,2026-06-19 18:14:00,2026-06-19 18:23:05,6,True
SESS0001475,2026-06-10 17:01:00,2026-06-10 17:07:21,4,False
SESS0001476,2026-06-04 19:19:00,2026-06-04 19:25:22,3,False
SESS0001477,2026-06-07 19:45:00,2026-06-07 19:52:14,6,False
SESS0001478,2026-06-24 19:49:00,2026-06-24 20:01:55,8,True
SESS0001479,2026-06-18 20:54:00,2026-06-18 21:01:48,7,False
SESS0001480,2026-06-05 15:50:00,2026-06-05 15:58:09,4,False
SESS0001481,2026-06-04 13:19:00,2026-06-04 13:25:17,4,False
SESS0001482,2026-06-18 17:58:00,2026-06-18 18:06:44,6,False
SESS0001483,2026-06-10 22:11:00,2026-06-10 22:12:21,2,False
SESS0001484,2026-06-29 23:40:00,2026-06-29 23:44:11,2,False
SESS0001485,2026-06-18 16:10:00,2026-06-18 16:14:08,5,False
SESS0001486,2026-06-18 20:06:00,2026-06-18 20:20:38,6,True
SESS0001487,2026-06-20 22:41:00,2026-06-20 22:46:13,2,False
SESS0001488,2026-06-09 17:46:00,2026-06-09 17:49:25,2,False
SESS0001489,2026-07-01 23:04:00,2026-07-01 23:16:45,7,True
SESS0001490,2026-06-19 20:14:00,2026-06-19 20:21:02,6,True
SESS0001491,2026-06-23 18:55:00,2026-06-23 18:59:17,4,False
SESS0001492,2026-06-23 23:22:00,2026-06-23 23:30:21,6,True
SESS0001493,2026-06-15 21:52:00,2026-06-15 21:57:31,3,False
SESS0001494,2026-06-25 18:20:00,2026-06-25 18:23:39,3,False
SESS0001495,2026-06-09 22:32:00,2026-06-09 22:34:46,2,False
SESS0001496,2026-06-28 19:00:00,2026-06-28 19:05:55,4,False
SESS0001497,2026-06-11 22:10:00,2026-06-11 22:17:51,4,False
SESS0001498,2026-06-14 12:32:00,2026-06-14 12:35:44,2,False
SESS0001499,2026-06-28 17:07:00,2026-06-28 17:12:10,5,False
SESS0001500,2026-07-01 21:28:00,2026-07-01 21:38:55,6,True
SESS0001501,2026-06-10 22:54:00,2026-06-10 23:10:39,10,False
SESS0001502,2026-06-22 20:05:00,2026-06-22 20:11:20,4,False
SESS0001503,2026-06-06 22:12:00,2026-06-06 22:23:49,9,False
SESS0001504,2026-06-08 14:05:00,2026-06-08 14:06:44,2,False
SESS0001505,2026-06-17 19:05:00,2026-06-17 19:11:24,6,True
SESS0001506,2026-06-14 16:27:00,2026-06-14 16:29:33,2,False
SESS0001507,2026-06-18 22:40:00,2026-06-18 22:46:15,3,False
SESS0001508,2026-06-13 19:03:00,2026-06-13 19:05:38,2,False
SESS0001509,2026-07-01 16:08:00,2026-07-01 16:22:46,8,True
SESS0001510,2026-06-20 23:57:00,2026-06-21 00:00:35,3,False
SESS0001511,2026-06-14 19:59:00,2026-06-14 20:09:38,7,True
SESS0001512,2026-06-22 17:14:00,2026-06-22 17:27:56,7,True
SESS0001513,2026-06-06 17:13:00,2026-06-06 17:22:44,5,True
SESS0001514,2026-06-20 15:53:00,2026-06-20 16:00:45,5,True
SESS0001515,2026-07-02 20:26:00,2026-07-02 20:30:52,3,False
SESS0001516,2026-06-26 23:17:00,2026-06-26 23:20:07,4,False
SESS0001517,2026-06-26 19:31:00,2026-06-26 19:34:52,3,False
SESS0001518,2026-06-12 20:08:00,2026-06-12 20:17:54,6,True
SESS0001519,2026-06-23 17:55:00,2026-06-23 18:00:14,2,False
SESS0001520,2026-06-14 14:09:00,2026-06-14 14:21:11,7,False
SESS0001521,2026-06-21 23:21:00,2026-06-21 23:27:55,4,False
SESS0001522,2026-06-21 17:09:00,2026-06-21 17:16:11,4,False
SESS0001523,2026-06-05 19:48:00,2026-06-05 19:50:50,2,False
SESS0001524,2026-06-05 18:56:00,2026-06-05 19:01:30,4,False
SESS0001525,2026-06-16 22:20:00,2026-06-16 22:25:19,2,False
SESS0001526,2026-06-21 19:39:00,2026-06-21 19:46:03,4,False
SESS0001527,2026-06-29 17:45:00,2026-06-29 17:57:46,6,True
SESS0001528,2026-06-09 22:27:00,2026-06-09 22:36:01,5,False
SESS0001529,2026-06-13 19:56:00,2026-06-13 19:59:23,3,False
SESS0001530,2026-06-04 13:55:00,2026-06-04 13:59:14,3,False
SESS0001531,2026-06-17 18:41:00,2026-06-17 18:43:41,2,False
SESS0001532,2026-06-12 15:38:00,2026-06-12 15:42:13,3,False
SESS0001533,2026-06-16 19:54:00,2026-06-16 20:01:16,4,False
SESS0001534,2026-06-29 19:46:00,2026-06-29 19:57:41,6,True
SESS0001535,2026-06-14 22:36:00,2026-06-14 22:45:51,6,False
SESS0001536,2026-06-18 22:37:00,2026-06-18 22:47:59,6,False
SESS0001537,2026-06-30 18:12:00,2026-06-30 18:21:13,6,True
SESS0001538,2026-06-16 17:17:00,2026-06-16 17:23:39,5,True
SESS0001539,2026-06-30 20:40:00,2026-06-30 20:45:13,3,False
SESS0001540,2026-06-17 23:27:00,2026-06-17 23:50:08,12,False
SESS0001541,2026-07-03 21:47:00,2026-07-03 21:53:25,4,False
SESS0001542,2026-06-14 23:09:00,2026-06-14 23:13:29,2,False
SESS0001543,2026-06-30 16:57:00,2026-06-30 17:00:09,3,False
SESS0001544,2026-06-20 23:45:00,2026-06-20 23:59:38,8,False
SESS0001545,2026-06-26 18:31:00,2026-06-26 18:33:05,2,False
SESS0001546,2026-06-28 16:28:00,2026-06-28 16:30:06,2,False
SESS0001547,2026-06-28 14:37:00,2026-06-28 14:39:58,3,False
SESS0001548,2026-06-28 14:49:00,2026-06-28 14:56:57,4,False
SESS0001549,2026-06-20 17:31:00,2026-06-20 17:35:57,2,False
SESS0001550,2026-06-07 23:49:00,2026-06-07 23:52:17,2,False
SESS0001551,2026-06-15 21:15:00,2026-06-15 21:19:57,3,False
SESS0001552,2026-06-27 19:20:00,2026-06-27 19:28:43,4,False
SESS0001553,2026-06-14 11:37:00,2026-06-14 11:58:31,13,False
SESS0001554,2026-06-14 15:16:00,2026-06-14 15:23:57,5,False
SESS0001555,2026-06-11 23:37:00,2026-06-11 23:39:36,2,False
SESS0001556,2026-07-02 21:03:00,2026-07-02 21:08:55,5,False
SESS0001557,2026-06-12 18:18:00,2026-06-12 18:22:58,4,False
SESS0001558,2026-06-22 17:42:00,2026-06-22 17:45:42,2,False
SESS0001559,2026-06-10 22:16:00,2026-06-10 22:24:02,7,True
SESS0001560,2026-06-28 18:21:00,2026-06-28 18:25:17,2,False
SESS0001561,2026-06-24 21:55:00,2026-06-24 21:57:32,2,False
SESS0001562,2026-06-04 18:30:00,2026-06-04 18:39:58,7,True
SESS0001563,2026-07-02 18:55:00,2026-07-02 19:04:13,6,True
SESS0001564,2026-06-21 18:24:00,2026-06-21 18:28:28,2,False
SESS0001565,2026-06-22 19:07:00,2026-06-22 19:12:55,3,False
SESS0001566,2026-06-04 16:24:00,2026-06-04 16:32:50,5,False
SESS0001567,2026-06-12 19:28:00,2026-06-12 19:32:19,3,False
SESS0001568,2026-06-08 13:40:00,2026-06-08 13:42:59,2,False
SESS0001569,2026-06-21 22:01:00,2026-06-21 22:05:17,2,False
SESS0001570,2026-06-10 23:39:00,2026-06-10 23:43:12,2,False
SESS0001571,2026-07-01 19:27:00,2026-07-01 19:31:58,3,False
SESS0001572,2026-06-23 17:39:00,2026-06-23 17:56:46,12,True
SESS0001573,2026-07-01 21:27:00,2026-07-01 21:27:49,2,False
SESS0001574,2026-07-01 18:52:00,2026-07-01 19:06:53,8,False
SESS0001575,2026-06-30 13:54:00,2026-06-30 13:55:43,2,False
SESS0001576,2026-06-19 17:54:00,2026-06-19 18:10:23,10,False
SESS0001577,2026-06-09 20:50:00,2026-06-09 21:00:28,7,True
SESS0001578,2026-06-27 21:05:00,2026-06-27 21:11:29,3,False
SESS0001579,2026-06-08 15:24:00,2026-06-08 15:29:20,3,False
SESS0001580,2026-06-05 20:38:00,2026-06-05 20:44:11,4,False
SESS0001581,2026-06-29 20:38:00,2026-06-29 20:43:16,3,False
SESS0001582,2026-06-16 17:45:00,2026-06-16 17:52:16,6,False
SESS0001583,2026-07-01 18:26:00,2026-07-01 18:30:49,3,False
SESS0001584,2026-06-05 23:58:00,2026-06-06 00:13:48,8,True
SESS0001585,2026-06-10 23:28:00,2026-06-10 23:44:07,10,False
SESS0001586,2026-06-08 18:07:00,2026-06-08 18:14:38,6,False
SESS0001587,2026-06-26 19:11:00,2026-06-26 19:19:18,4,False
SESS0001588,2026-06-17 18:10:00,2026-06-17 18:15:42,2,False
SESS0001589,2026-06-14 21:59:00,2026-06-14 22:08:51,5,False
SESS0001590,2026-06-08 23:28:00,2026-06-08 23:37:35,4,False
SESS0001591,2026-06-21 23:24:00,2026-06-21 23:28:19,4,False
SESS0001592,2026-06-06 17:29:00,2026-06-06 17:38:55,5,False
SESS0001593,2026-07-01 18:14:00,2026-07-01 18:17:01,4,False
SESS0001594,2026-06-09 18:19:00,2026-06-09 18:21:56,3,False
SESS0001595,2026-06-30 18:15:00,2026-06-30 18:23:18,3,False
SESS0001596,2026-06-12 23:42:00,2026-06-12 23:43:34,2,False
SESS0001597,2026-06-07 16:42:00,2026-06-07 16:52:24,7,False
SESS0001598,2026-07-01 21:06:00,2026-07-01 21:10:28,4,False
SESS0001599,2026-06-15 20:54:00,2026-06-15 20:59:11,2,False
SESS0001600,2026-06-19 21:05:00,2026-06-19 21:15:33,9,True
SESS0001601,2026-06-04 18:53:00,2026-06-04 19:04:49,7,False
SESS0001602,2026-06-22 19:15:00,2026-06-22 19:20:34,4,False
SESS0001603,2026-07-02 16:58:00,2026-07-02 17:01:47,2,False
SESS0001604,2026-06-27 19:27:00,2026-06-27 19:33:36,5,False
SESS0001605,2026-06-05 21:24:00,2026-06-05 21:33:44,7,True
SESS0001606,2026-06-09 23:27:00,2026-06-09 23:33:46,4,False
SESS0001607,2026-06-08 23:01:00,2026-06-08 23:10:21,4,False
SESS0001608,2026-06-25 16:46:00,2026-06-25 16:48:53,3,False
SESS0001609,2026-06-13 23:34:00,2026-06-13 23:41:10,5,False
SESS0001610,2026-06-17 16:51:00,2026-06-17 16:59:02,3,False
SESS0001611,2026-06-19 20:03:00,2026-06-19 20:10:20,5,True
SESS0001612,2026-06-28 20:43:00,2026-06-28 20:49:05,3,False
SESS0001613,2026-06-23 23:48:00,2026-06-23 23:55:01,4,False
SESS0001614,2026-06-04 20:44:00,2026-06-04 20:51:49,4,False
SESS0001615,2026-06-27 18:56:00,2026-06-27 19:01:06,2,False
SESS0001616,2026-06-05 20:13:00,2026-06-05 20:17:12,3,False
SESS0001617,2026-06-09 20:49:00,2026-06-09 20:52:12,2,False
SESS0001618,2026-06-27 17:18:00,2026-06-27 17:22:55,3,False
SESS0001619,2026-06-21 16:23:00,2026-06-21 16:27:14,3,False
SESS0001620,2026-06-14 21:07:00,2026-06-14 21:09:26,2,False
SESS0001621,2026-06-09 21:30:00,2026-06-09 21:43:16,7,False
SESS0001622,2026-06-10 18:29:00,2026-06-10 18:35:14,4,False
SESS0001623,2026-06-26 23:02:00,2026-06-26 23:05:39,3,False
SESS0001624,2026-06-09 15:00:00,2026-06-09 15:06:17,3,False
SESS0001625,2026-06-10 15:46:00,2026-06-10 15:56:29,6,False
SESS0001626,2026-06-24 18:04:00,2026-06-24 18:11:13,5,False
SESS0001627,2026-06-04 15:10:00,2026-06-04 15:29:54,11,False
SESS0001628,2026-06-16 23:11:00,2026-06-16 23:17:19,4,False
SESS0001629,2026-07-01 23:24:00,2026-07-01 23:32:12,6,True
SESS0001630,2026-06-21 17:45:00,2026-06-21 17:47:09,2,False
SESS0001631,2026-06-16 16:00:00,2026-06-16 16:05:13,2,False
SESS0001632,2026-06-04 22:54:00,2026-06-04 23:06:02,9,False
SESS0001633,2026-06-20 16:51:00,2026-06-20 16:59:02,5,False
SESS0001634,2026-06-28 18:36:00,2026-06-28 18:47:20,7,False
SESS0001635,2026-06-20 23:36:00,2026-06-20 23:40:04,2,False
SESS0001636,2026-06-19 17:15:00,2026-06-19 17:23:02,6,True
SESS0001637,2026-06-30 15:56:00,2026-06-30 16:07:51,7,False
SESS0001638,2026-06-05 16:48:00,2026-06-05 16:55:58,5,False
SESS0001639,2026-06-25 17:13:00,2026-06-25 17:17:13,3,False
SESS0001640,2026-06-07 20:28:00,2026-06-07 20:30:32,2,False
SESS0001641,2026-06-19 23:21:00,2026-06-19 23:34:34,7,False
SESS0001642,2026-06-17 15:53:00,2026-06-17 15:57:12,3,False
SESS0001643,2026-06-26 14:04:00,2026-06-26 14:13:53,8,False
SESS0001644,2026-06-10 20:41:00,2026-06-10 20:42:43,2,False
SESS0001645,2026-06-19 23:22:00,2026-06-19 23:23:11,2,False
SESS0001646,2026-06-18 18:14:00,2026-06-18 18:25:51,6,False
SESS0001647,2026-06-15 16:15:00,2026-06-15 16:25:43,5,True
SESS0001648,2026-06-15 13:06:00,2026-06-15 13:09:54,3,False
SESS0001649,2026-06-28 23:00:00,2026-06-28 23:16:03,10,False
SESS0001650,2026-06-18 15:31:00,2026-06-18 15:43:24,6,False
SESS0001651,2026-06-28 12:44:00,2026-06-28 12:51:16,6,True
SESS0001652,2026-06-18 20:31:00,2026-06-18 20:35:25,2,False
SESS0001653,2026-06-23 17:15:00,2026-06-23 17:26:58,8,False
SESS0001654,2026-06-05 22:00:00,2026-06-05 22:02:35,3,False
SESS0001655,2026-06-14 19:50:00,2026-06-14 19:54:12,4,False
SESS0001656,2026-06-24 13:12:00,2026-06-24 13:20:08,5,False
SESS0001657,2026-06-06 21:24:00,2026-06-06 21:29:04,2,False
SESS0001658,2026-06-05 20:23:00,2026-06-05 20:30:43,5,False
SESS0001659,2026-06-11 19:16:00,2026-06-11 19:25:14,6,True
SESS0001660,2026-06-06 13:02:00,2026-06-06 13:06:37,3,False
SESS0001661,2026-06-27 22:55:00,2026-06-27 23:00:15,4,False
SESS0001662,2026-06-10 23:46:00,2026-06-11 00:01:35,9,False
SESS0001663,2026-06-24 20:32:00,2026-06-24 20:35:31,2,False
SESS0001664,2026-07-03 19:17:00,2026-07-03 19:24:19,4,False
SESS0001665,2026-06-23 18:27:00,2026-06-23 18:42:48,7,True
SESS0001666,2026-07-02 19:52:00,2026-07-02 20:02:41,7,False
SESS0001667,2026-06-05 15:04:00,2026-06-05 15:07:36,3,False
SESS0001668,2026-06-16 18:41:00,2026-06-16 18:43:44,2,False
SESS0001669,2026-06-05 21:45:00,2026-06-05 21:52:27,4,False
SESS0001670,2026-06-22 19:48:00,2026-06-22 20:01:07,7,False
SESS0001671,2026-06-15 18:10:00,2026-06-15 18:15:11,5,False
SESS0001672,2026-06-15 18:11:00,2026-06-15 18:13:47,2,False
SESS0001673,2026-06-14 21:46:00,2026-06-14 21:49:27,2,False
SESS0001674,2026-06-04 16:30:00,2026-06-04 16:48:35,9,False
SESS0001675,2026-06-27 16:56:00,2026-06-27 17:01:06,4,False
SESS0001676,2026-06-28 18:28:00,2026-06-28 18:29:21,2,False
SESS0001677,2026-06-20 18:50:00,2026-06-20 18:52:58,2,False
SESS0001678,2026-06-21 16:04:00,2026-06-21 16:08:37,3,False
SESS0001679,2026-06-16 20:19:00,2026-06-16 20:24:02,5,False
SESS0001680,2026-06-14 18:48:00,2026-06-14 18:53:46,4,False
SESS0001681,2026-06-10 21:38:00,2026-06-10 21:42:53,2,False
SESS0001682,2026-06-11 19:53:00,2026-06-11 19:56:00,2,False
SESS0001683,2026-06-21 23:42:00,2026-06-21 23:48:31,4,False
SESS0001684,2026-06-28 14:21:00,2026-06-28 14:24:03,2,False
SESS0001685,2026-06-06 20:16:00,2026-06-06 20:21:49,3,False
SESS0001686,2026-06-07 19:09:00,2026-06-07 19:19:45,6,False
SESS0001687,2026-07-02 17:22:00,2026-07-02 17:28:42,4,False
SESS0001688,2026-06-16 17:11:00,2026-06-16 17:13:41,3,False
SESS0001689,2026-06-22 18:58:00,2026-06-22 19:05:23,6,True
SESS0001690,2026-06-24 23:46:00,2026-06-24 23:52:34,4,False
SESS0001691,2026-06-12 16:29:00,2026-06-12 16:35:46,6,True
SESS0001692,2026-06-10 21:43:00,2026-06-10 21:53:19,7,True
SESS0001693,2026-06-10 19:10:00,2026-06-10 19:16:54,4,False
SESS0001694,2026-06-22 20:02:00,2026-06-22 20:05:28,3,False
SESS0001695,2026-06-19 16:34:00,2026-06-19 16:47:53,7,False
SESS0001696,2026-06-06 17:36:00,2026-06-06 17:41:14,4,False
SESS0001697,2026-06-09 18:16:00,2026-06-09 18:23:55,5,False
SESS0001698,2026-07-02 21:48:00,2026-07-02 21:55:03,6,False
SESS0001699,2026-06-10 20:17:00,2026-06-10 20:19:50,2,False
SESS0001700,2026-06-29 23:52:00,2026-06-29 23:57:40,3,False
SESS0001701,2026-06-09 20:10:00,2026-06-09 20:14:46,4,False
SESS0001702,2026-07-01 22:56:00,2026-07-01 23:06:14,8,True
SESS0001703,2026-06-13 16:57:00,2026-06-13 17:15:00,10,False
SESS0001704,2026-06-19 22:59:00,2026-06-19 23:16:11,10,False
SESS0001705,2026-06-29 19:56:00,2026-06-29 20:06:59,6,True
SESS0001706,2026-06-20 22:55:00,2026-06-20 23:03:50,4,False
SESS0001707,2026-06-20 22:41:00,2026-06-20 22:42:20,2,False
SESS0001708,2026-06-17 21:55:00,2026-06-17 22:04:44,8,True
SESS0001709,2026-06-06 15:22:00,2026-06-06 15:24:29,2,False
SESS0001710,2026-07-03 21:06:00,2026-07-03 21:17:42,8,False
SESS0001711,2026-07-02 15:49:00,2026-07-02 16:00:18,5,False
SESS0001712,2026-06-09 23:07:00,2026-06-09 23:24:05,11,False
SESS0001713,2026-06-09 19:17:00,2026-06-09 19:29:51,6,True
SESS0001714,2026-06-09 23:09:00,2026-06-09 23:23:44,7,True
SESS0001715,2026-06-14 15:42:00,2026-06-14 15:50:17,7,True
SESS0001716,2026-06-10 22:40:00,2026-06-10 22:53:14,11,True
SESS0001717,2026-06-24 11:21:00,2026-06-24 11:29:06,5,False
SESS0001718,2026-06-30 23:06:00,2026-06-30 23:13:10,4,False
SESS0001719,2026-06-24 20:22:00,2026-06-24 20:25:15,3,False
SESS0001720,2026-06-25 17:55:00,2026-06-25 18:02:46,4,False
SESS0001721,2026-06-08 20:13:00,2026-06-08 20:25:32,10,True
SESS0001722,2026-07-03 18:20:00,2026-07-03 18:41:40,11,False
SESS0001723,2026-06-29 21:43:00,2026-06-29 21:45:37,2,False
SESS0001724,2026-06-06 15:57:00,2026-06-06 16:09:23,6,False
SESS0001725,2026-06-28 12:29:00,2026-06-28 12:39:14,5,True
SESS0001726,2026-06-22 16:42:00,2026-06-22 16:47:11,3,False
SESS0001727,2026-06-22 17:30:00,2026-06-22 17:45:50,8,True
SESS0001728,2026-06-18 21:16:00,2026-06-18 21:22:33,4,False
SESS0001729,2026-06-29 21:14:00,2026-06-29 21:21:50,7,True
SESS0001730,2026-06-27 19:59:00,2026-06-27 20:00:24,2,False
SESS0001731,2026-06-30 15:44:00,2026-06-30 15:58:31,7,True
SESS0001732,2026-06-17 17:42:00,2026-06-17 17:46:00,5,False
SESS0001733,2026-06-16 22:42:00,2026-06-16 22:49:42,4,False
SESS0001734,2026-06-16 20:34:00,2026-06-16 20:42:40,5,False
SESS0001735,2026-06-04 21:05:00,2026-06-04 21:11:58,5,False
SESS0001736,2026-06-29 23:36:00,2026-06-29 23:40:43,3,False
SESS0001737,2026-06-10 16:50:00,2026-06-10 17:00:39,7,False
SESS0001738,2026-06-13 15:51:00,2026-06-13 15:56:37,4,False
SESS0001739,2026-06-22 19:35:00,2026-06-22 19:42:07,5,True
SESS0001740,2026-06-12 19:31:00,2026-06-12 19:38:52,4,False
SESS0001741,2026-06-05 23:45:00,2026-06-05 23:57:55,8,False
SESS0001742,2026-06-12 15:22:00,2026-06-12 15:25:35,3,False
SESS0001743,2026-06-05 18:11:00,2026-06-05 18:19:24,5,True
SESS0001744,2026-06-26 17:28:00,2026-06-26 17:31:37,3,False
SESS0001745,2026-06-27 23:21:00,2026-06-27 23:26:12,2,False
SESS0001746,2026-06-09 17:26:00,2026-06-09 17:34:31,5,False
SESS0001747,2026-06-11 17:54:00,2026-06-11 17:57:17,3,False
SESS0001748,2026-06-27 14:04:00,2026-06-27 14:16:20,6,False
SESS0001749,2026-06-06 17:03:00,2026-06-06 17:07:22,3,False
SESS0001750,2026-06-18 23:59:00,2026-06-19 00:02:22,2,False
SESS0001751,2026-06-04 16:04:00,2026-06-04 16:08:21,4,False
SESS0001752,2026-06-15 16:43:00,2026-06-15 16:47:52,3,False
SESS0001753,2026-06-15 12:38:00,2026-06-15 12:47:33,7,False
SESS0001754,2026-06-30 18:13:00,2026-06-30 18:17:10,2,False
SESS0001755,2026-06-16 21:03:00,2026-06-16 21:12:43,5,False
SESS0001756,2026-06-08 20:11:00,2026-06-08 20:19:09,5,False
SESS0001757,2026-06-15 18:08:00,2026-06-15 18:10:18,2,False
SESS0001758,2026-06-12 17:46:00,2026-06-12 17:54:42,6,True
SESS0001759,2026-07-02 13:06:00,2026-07-02 13:20:40,7,True
SESS0001760,2026-06-06 16:48:00,2026-06-06 17:04:54,8,False
SESS0001761,2026-06-26 21:55:00,2026-06-26 21:58:13,2,False
SESS0001762,2026-06-30 15:25:00,2026-06-30 15:29:05,2,False
SESS0001763,2026-06-07 19:16:00,2026-06-07 19:22:12,3,False
SESS0001764,2026-06-26 18:26:00,2026-06-26 18:32:42,3,False
SESS0001765,2026-06-27 15:58:00,2026-06-27 16:06:40,4,False
SESS0001766,2026-06-22 20:57:00,2026-06-22 21:03:26,5,True
SESS0001767,2026-06-22 19:32:00,2026-06-22 19:34:57,2,False
SESS0001768,2026-06-16 21:04:00,2026-06-16 21:19:05,9,True
SESS0001769,2026-06-23 21:18:00,2026-06-23 21:24:32,5,False
SESS0001770,2026-06-29 19:43:00,2026-06-29 19:47:18,3,False
SESS0001771,2026-06-22 23:35:00,2026-06-22 23:46:50,7,True
SESS0001772,2026-06-15 19:47:00,2026-06-15 19:48:10,3,False
SESS0001773,2026-06-28 23:53:00,2026-06-28 23:58:49,2,False
SESS0001774,2026-06-16 17:30:00,2026-06-16 17:33:00,2,False
SESS0001775,2026-06-23 19:52:00,2026-06-23 19:57:18,3,False
SESS0001776,2026-06-18 17:35:00,2026-06-18 17:39:48,3,False
SESS0001777,2026-06-13 18:53:00,2026-06-13 18:58:49,5,True
SESS0001778,2026-06-29 18:22:00,2026-06-29 18:24:42,3,False
SESS0001779,2026-06-17 17:42:00,2026-06-17 17:46:32,4,False
SESS0001780,2026-06-12 19:43:00,2026-06-12 19:44:53,2,False
SESS0001781,2026-06-12 11:02:00,2026-06-12 11:03:23,2,False
SESS0001782,2026-06-20 23:59:00,2026-06-21 00:02:30,3,False
SESS0001783,2026-06-18 15:23:00,2026-06-18 15:33:27,5,True
SESS0001784,2026-06-27 23:39:00,2026-06-27 23:44:02,3,False
SESS0001785,2026-06-26 19:33:00,2026-06-26 19:37:52,2,False
SESS0001786,2026-06-18 17:25:00,2026-06-18 17:36:18,5,False
SESS0001787,2026-07-03 20:48:00,2026-07-03 20:53:30,5,False
SESS0001788,2026-06-28 22:49:00,2026-06-28 22:55:14,3,False
SESS0001789,2026-06-11 15:45:00,2026-06-11 15:48:25,3,False
SESS0001790,2026-06-26 17:04:00,2026-06-26 17:17:25,9,False
SESS0001791,2026-07-01 20:40:00,2026-07-01 20:47:55,4,False
SESS0001792,2026-06-11 19:16:00,2026-06-11 19:30:07,7,True
SESS0001793,2026-06-28 20:07:00,2026-06-28 20:09:47,2,False
SESS0001794,2026-06-28 19:41:00,2026-06-28 19:44:07,2,False
SESS0001795,2026-06-28 18:32:00,2026-06-28 18:39:59,4,False
SESS0001796,2026-06-15 18:41:00,2026-06-15 18:44:17,3,False
SESS0001797,2026-06-04 20:07:00,2026-06-04 20:13:03,4,False
SESS0001798,2026-06-10 16:21:00,2026-06-10 16:27:00,4,False
SESS0001799,2026-06-29 22:12:00,2026-06-29 22:16:43,3,False
SESS0001800,2026-06-13 20:27:00,2026-06-13 20:38:12,7,True
SESS0001801,2026-06-13 19:28:00,2026-06-13 19:31:27,4,False
SESS0001802,2026-06-09 14:36:00,2026-06-09 14:46:28,4,False
SESS0001803,2026-06-11 18:38:00,2026-06-11 19:01:02,14,True
SESS0001804,2026-06-05 22:46:00,2026-06-05 22:53:55,4,False
SESS0001805,2026-06-16 14:17:00,2026-06-16 14:26:39,6,True
SESS0001806,2026-06-17 13:58:00,2026-06-17 14:02:46,4,False
SESS0001807,2026-06-12 21:16:00,2026-06-12 21:24:35,4,False
SESS0001808,2026-06-06 17:00:00,2026-06-06 17:04:26,2,False
SESS0001809,2026-06-09 16:18:00,2026-06-09 16:25:06,4,False
SESS0001810,2026-06-27 20:42:00,2026-06-27 20:46:40,3,False
SESS0001811,2026-06-22 14:37:00,2026-06-22 14:42:54,3,False
SESS0001812,2026-06-28 17:57:00,2026-06-28 18:00:09,3,False
SESS0001813,2026-06-10 14:28:00,2026-06-10 14:40:20,7,False
SESS0001814,2026-06-07 23:27:00,2026-06-07 23:30:45,2,False
SESS0001815,2026-06-19 19:04:00,2026-06-19 19:12:20,6,False
SESS0001816,2026-06-29 19:44:00,2026-06-29 20:06:26,14,True
SESS0001817,2026-06-26 20:27:00,2026-06-26 20:38:49,7,False
SESS0001818,2026-06-14 12:24:00,2026-06-14 12:38:54,9,True
SESS0001819,2026-06-17 21:41:00,2026-06-17 21:45:22,2,False
SESS0001820,2026-06-09 22:25:00,2026-06-09 22:29:03,2,False
SESS0001821,2026-07-03 23:27:00,2026-07-03 23:35:35,7,True
SESS0001822,2026-06-28 18:47:00,2026-06-28 18:51:55,4,False
SESS0001823,2026-06-06 23:12:00,2026-06-06 23:18:26,3,False
SESS0001824,2026-06-21 20:08:00,2026-06-21 20:20:31,8,False
SESS0001825,2026-06-28 20:24:00,2026-06-28 20:27:02,2,False
SESS0001826,2026-06-20 20:53:00,2026-06-20 20:57:52,3,False
SESS0001827,2026-06-28 15:31:00,2026-06-28 15:51:41,11,False
SESS0001828,2026-06-29 19:45:00,2026-06-29 19:51:14,4,False
SESS0001829,2026-06-12 19:02:00,2026-06-12 19:05:39,3,False
SESS0001830,2026-06-13 19:45:00,2026-06-13 19:49:04,3,False
SESS0001831,2026-07-01 21:30:00,2026-07-01 21:39:47,6,True
SESS0001832,2026-06-14 16:46:00,2026-06-14 16:51:28,3,False
SESS0001833,2026-06-06 18:41:00,2026-06-06 18:48:15,5,False
SESS0001834,2026-06-19 16:14:00,2026-06-19 16:27:54,6,False
SESS0001835,2026-07-01 22:18:00,2026-07-01 22:24:11,5,False
SESS0001836,2026-07-01 22:42:00,2026-07-01 22:54:30,7,False
SESS0001837,2026-06-28 20:40:00,2026-06-28 20:52:11,6,False
SESS0001838,2026-07-03 15:20:00,2026-07-03 15:24:50,3,False
SESS0001839,2026-06-29 20:21:00,2026-06-29 20:24:34,2,False
SESS0001840,2026-06-22 21:35:00,2026-06-22 21:42:12,5,False
SESS0001841,2026-06-24 16:59:00,2026-06-24 17:07:07,6,False
SESS0001842,2026-06-19 20:10:00,2026-06-19 20:14:41,3,False
SESS0001843,2026-06-14 17:49:00,2026-06-14 17:52:38,2,False
SESS0001844,2026-06-09 23:22:00,2026-06-09 23:29:13,4,False
SESS0001845,2026-07-02 14:57:00,2026-07-02 15:10:24,8,True
SESS0001846,2026-06-06 19:31:00,2026-06-06 19:41:44,7,True
SESS0001847,2026-06-26 18:13:00,2026-06-26 18:22:53,6,True
SESS0001848,2026-06-22 16:20:00,2026-06-22 16:32:02,7,True
SESS0001849,2026-07-02 18:44:00,2026-07-02 18:49:02,3,False
SESS0001850,2026-06-16 08:04:00,2026-06-16 08:12:54,5,False
SESS0001851,2026-06-29 18:03:00,2026-06-29 18:13:30,7,True
SESS0001852,2026-06-04 23:25:00,2026-06-04 23:32:34,4,False
SESS0001853,2026-06-23 20:27:00,2026-06-23 20:35:25,5,False
SESS0001854,2026-06-29 21:43:00,2026-06-29 21:52:08,7,True
SESS0001855,2026-06-23 20:18:00,2026-06-23 20:28:08,8,False
SESS0001856,2026-06-04 19:03:00,2026-06-04 19:16:44,7,False
SESS0001857,2026-07-01 17:53:00,2026-07-01 17:57:52,3,False
SESS0001858,2026-06-05 13:38:00,2026-06-05 13:46:49,4,False
SESS0001859,2026-06-04 18:15:00,2026-06-04 18:27:18,7,False
SESS0001860,2026-06-15 17:27:00,2026-06-15 17:35:35,4,False
SESS0001861,2026-07-02 17:03:00,2026-07-02 17:15:21,7,True
SESS0001862,2026-06-23 23:52:00,2026-06-24 00:05:39,7,False
SESS0001863,2026-06-09 22:09:00,2026-06-09 22:21:29,6,False
SESS0001864,2026-06-10 22:12:00,2026-06-10 22:20:32,6,False
SESS0001865,2026-06-10 23:42:00,2026-06-10 23:46:29,3,False
SESS0001866,2026-06-11 16:58:00,2026-06-11 17:04:46,3,False
SESS0001867,2026-06-30 16:53:00,2026-06-30 16:56:22,2,False
SESS0001868,2026-07-02 19:17:00,2026-07-02 19:21:08,3,False
SESS0001869,2026-06-14 18:22:00,2026-06-14 18:35:30,10,True
SESS0001870,2026-06-17 23:45:00,2026-06-17 23:54:09,6,True
SESS0001871,2026-06-20 21:51:00,2026-06-20 21:56:03,4,False
SESS0001872,2026-06-22 21:44:00,2026-06-22 21:47:47,3,False
SESS0001873,2026-06-07 11:29:00,2026-06-07 11:38:07,6,False
SESS0001874,2026-06-05 17:56:00,2026-06-05 18:04:49,6,False
SESS0001875,2026-06-25 18:09:00,2026-06-25 18:19:36,6,False
SESS0001876,2026-06-24 20:30:00,2026-06-24 20:40:35,7,True
SESS0001877,2026-06-20 19:24:00,2026-06-20 19:38:58,7,False
SESS0001878,2026-06-24 18:48:00,2026-06-24 18:57:41,6,False
SESS0001879,2026-06-24 14:55:00,2026-06-24 15:00:02,2,False
SESS0001880,2026-06-23 21:07:00,2026-06-23 21:14:16,4,False
SESS0001881,2026-06-24 23:41:00,2026-06-24 23:54:10,6,False
SESS0001882,2026-06-26 15:46:00,2026-06-26 15:48:17,2,False
SESS0001883,2026-06-19 19:27:00,2026-06-19 19:36:44,8,True
SESS0001884,2026-06-10 18:40:00,2026-06-10 18:46:25,5,False
SESS0001885,2026-06-14 22:01:00,2026-06-14 22:08:33,5,False
SESS0001886,2026-06-11 21:59:00,2026-06-11 22:02:41,3,False
SESS0001887,2026-06-04 21:35:00,2026-06-04 21:41:33,3,False
SESS0001888,2026-06-16 20:59:00,2026-06-16 21:01:23,3,False
SESS0001889,2026-06-17 17:55:00,2026-06-17 18:00:49,6,False
SESS0001890,2026-06-05 16:42:00,2026-06-05 16:52:17,7,True
SESS0001891,2026-06-20 21:23:00,2026-06-20 21:34:48,8,False
SESS0001892,2026-06-23 21:43:00,2026-06-23 21:51:26,5,False
SESS0001893,2026-06-08 19:33:00,2026-06-08 19:37:27,4,False
SESS0001894,2026-06-15 23:19:00,2026-06-15 23:20:56,2,False
SESS0001895,2026-06-20 21:58:00,2026-06-20 22:11:37,8,False
SESS0001896,2026-06-28 15:06:00,2026-06-28 15:17:30,9,False
SESS0001897,2026-06-05 23:52:00,2026-06-06 00:07:41,7,True
SESS0001898,2026-06-29 14:46:00,2026-06-29 14:50:35,2,False
SESS0001899,2026-06-26 17:37:00,2026-06-26 17:45:18,6,False
SESS0001900,2026-06-17 20:29:00,2026-06-17 20:34:08,4,False
SESS0001901,2026-06-11 23:31:00,2026-06-11 23:37:44,5,False
SESS0001902,2026-06-11 21:06:00,2026-06-11 21:18:44,9,True
SESS0001903,2026-06-10 19:11:00,2026-06-10 19:27:47,7,False
SESS0001904,2026-06-29 20:23:00,2026-06-29 20:35:26,8,False
SESS0001905,2026-06-07 17:36:00,2026-06-07 17:43:15,6,True
SESS0001906,2026-06-14 23:57:00,2026-06-14 23:59:52,2,False
SESS0001907,2026-06-27 17:51:00,2026-06-27 17:56:15,2,False
SESS0001908,2026-06-26 18:40:00,2026-06-26 18:50:05,5,False
SESS0001909,2026-06-09 23:43:00,2026-06-09 23:58:32,8,False
SESS0001910,2026-06-26 21:36:00,2026-06-26 21:44:47,7,True
SESS0001911,2026-07-03 17:06:00,2026-07-03 17:07:53,2,False
SESS0001912,2026-06-27 23:09:00,2026-06-27 23:21:08,6,True
SESS0001913,2026-06-06 19:23:00,2026-06-06 19:36:33,7,True
SESS0001914,2026-06-07 11:24:00,2026-06-07 11:38:34,10,False
SESS0001915,2026-06-26 12:22:00,2026-06-26 12:23:25,2,False
SESS0001916,2026-06-10 16:29:00,2026-06-10 16:32:19,4,False
SESS0001917,2026-06-18 15:26:00,2026-06-18 15:35:52,7,False
SESS0001918,2026-06-16 19:50:00,2026-06-16 19:55:07,3,False
SESS0001919,2026-06-30 23:49:00,2026-07-01 00:08:26,11,True
SESS0001920,2026-06-29 17:26:00,2026-06-29 17:32:12,3,False
SESS0001921,2026-06-29 19:10:00,2026-06-29 19:13:14,2,False
SESS0001922,2026-07-01 17:34:00,2026-07-01 17:44:03,7,False
SESS0001923,2026-06-19 21:38:00,2026-06-19 21:43:55,3,False
SESS0001924,2026-06-26 23:38:00,2026-06-26 23:45:35,4,False
SESS0001925,2026-07-03 20:06:00,2026-07-03 20:09:34,2,False
SESS0001926,2026-06-13 16:44:00,2026-06-13 16:54:30,6,True
SESS0001927,2026-06-29 17:19:00,2026-06-29 17:26:53,4,False
SESS0001928,2026-06-05 20:26:00,2026-06-05 20:34:40,6,True
SESS0001929,2026-06-21 13:39:00,2026-06-21 13:59:49,12,False
SESS0001930,2026-06-24 14:38:00,2026-06-24 14:51:10,6,False
SESS0001931,2026-06-17 14:31:00,2026-06-17 14:32:58,4,False
SESS0001932,2026-06-15 18:30:00,2026-06-15 18:40:53,6,True
SESS0001933,2026-06-22 20:58:00,2026-06-22 21:03:00,2,False
SESS0001934,2026-07-03 16:01:00,2026-07-03 16:04:59,3,False
SESS0001935,2026-06-13 18:02:00,2026-06-13 18:06:55,3,False
SESS0001936,2026-06-30 20:57:00,2026-06-30 21:09:19,6,True
SESS0001937,2026-06-16 23:25:00,2026-06-16 23:28:03,2,False
SESS0001938,2026-06-13 19:04:00,2026-06-13 19:10:13,3,False
SESS0001939,2026-06-24 15:12:00,2026-06-24 15:17:28,3,False
SESS0001940,2026-07-02 17:08:00,2026-07-02 17:19:26,6,False
SESS0001941,2026-06-11 23:58:00,2026-06-12 00:02:34,3,False
SESS0001942,2026-06-11 21:00:00,2026-06-11 21:13:08,8,False
SESS0001943,2026-06-06 20:35:00,2026-06-06 20:47:24,9,True
SESS0001944,2026-06-28 20:47:00,2026-06-28 20:51:33,3,False
SESS0001945,2026-07-01 11:44:00,2026-07-01 11:48:04,4,False
SESS0001946,2026-06-28 20:39:00,2026-06-28 20:51:08,7,False
SESS0001947,2026-06-14 21:22:00,2026-06-14 21:26:32,3,False
SESS0001948,2026-07-01 16:55:00,2026-07-01 17:03:44,4,False
SESS0001949,2026-06-23 18:43:00,2026-06-23 18:50:35,6,True
SESS0001950,2026-06-27 20:45:00,2026-06-27 20:58:31,8,False
SESS0001951,2026-07-02 23:51:00,2026-07-02 23:59:48,5,False
SESS0001952,2026-06-15 15:58:00,2026-06-15 16:02:35,3,False
SESS0001953,2026-07-02 23:24:00,2026-07-02 23:28:09,2,False
SESS0001954,2026-06-24 15:58:00,2026-06-24 16:03:06,3,False
SESS0001955,2026-06-04 23:25:00,2026-06-04 23:36:35,7,True
SESS0001956,2026-06-24 21:26:00,2026-06-24 21:35:39,7,True
SESS0001957,2026-06-10 18:50:00,2026-06-10 18:56:10,4,False
SESS0001958,2026-06-25 19:31:00,2026-06-25 19:37:58,4,False
SESS0001959,2026-06-09 16:35:00,2026-06-09 16:46:30,8,False
SESS0001960,2026-06-06 21:26:00,2026-06-06 21:33:47,3,False
SESS0001961,2026-06-23 19:24:00,2026-06-23 19:26:21,2,False
SESS0001962,2026-06-14 21:48:00,2026-06-14 21:56:20,6,False
SESS0001963,2026-06-10 17:42:00,2026-06-10 17:50:12,4,False
SESS0001964,2026-06-09 15:00:00,2026-06-09 15:11:33,7,False
SESS0001965,2026-06-23 20:18:00,2026-06-23 20:31:32,7,False
SESS0001966,2026-06-13 16:31:00,2026-06-13 16:38:42,5,False
SESS0001967,2026-06-04 19:28:00,2026-06-04 19:34:45,3,False
SESS0001968,2026-06-29 19:35:00,2026-06-29 19:39:49,2,False
SESS0001969,2026-06-23 20:04:00,2026-06-23 20:12:00,5,False
SESS0001970,2026-06-29 22:03:00,2026-06-29 22:18:23,9,True
SESS0001971,2026-06-06 21:02:00,2026-06-06 21:19:31,10,False
SESS0001972,2026-06-04 19:31:00,2026-06-04 19:36:08,5,False
SESS0001973,2026-06-24 20:26:00,2026-06-24 20:32:36,5,True
SESS0001974,2026-06-12 18:16:00,2026-06-12 18:27:04,6,True
SESS0001975,2026-06-15 21:47:00,2026-06-15 21:53:41,5,True
SESS0001976,2026-06-25 22:04:00,2026-06-25 22:08:45,3,False
SESS0001977,2026-06-25 16:56:00,2026-06-25 16:57:15,2,False
SESS0001978,2026-07-01 13:06:00,2026-07-01 13:10:51,3,False
SESS0001979,2026-06-19 21:44:00,2026-06-19 21:46:46,2,False
SESS0001980,2026-06-24 17:59:00,2026-06-24 18:13:24,8,False
SESS0001981,2026-06-23 17:12:00,2026-06-23 17:19:51,7,True
SESS0001982,2026-06-30 14:18:00,2026-06-30 14:25:53,5,False
SESS0001983,2026-06-25 18:55:00,2026-06-25 19:05:32,5,False
SESS0001984,2026-06-21 20:10:00,2026-06-21 20:16:17,4,False
SESS0001985,2026-06-04 16:05:00,2026-06-04 16:20:01,11,False
SESS0001986,2026-06-24 18:01:00,2026-06-24 18:10:54,4,False
SESS0001987,2026-06-21 16:58:00,2026-06-21 17:07:12,6,False
SESS0001988,2026-06-12 21:03:00,2026-06-12 21:04:54,4,False
SESS0001989,2026-06-09 18:57:00,2026-06-09 19:07:09,6,True
SESS0001990,2026-06-17 22:40:00,2026-06-17 22:56:50,9,False
SESS0001991,2026-06-08 19:42:00,2026-06-08 19:45:23,3,False
SESS0001992,2026-06-07 23:32:00,2026-06-07 23:40:33,5,False
SESS0001993,2026-06-28 20:05:00,2026-06-28 20:06:03,2,False
SESS0001994,2026-06-05 19:47:00,2026-06-05 20:00:01,9,True
SESS0001995,2026-06-04 17:29:00,2026-06-04 17:31:09,2,False
SESS0001996,2026-06-23 23:03:00,2026-06-23 23:16:42,8,False
SESS0001997,2026-06-21 14:06:00,2026-06-21 14:21:58,9,False
SESS0001998,2026-06-06 19:06:00,2026-06-06 19:21:38,8,False
SESS0001999,2026-07-01 14:30:00,2026-07-01 14:35:41,3,False
SESS0002000,2026-06-05 22:32:00,2026-06-05 22:36:02,2,False
SESS0002001,2026-07-03 19:12:00,2026-07-03 19:26:43,11,True
SESS0002002,2026-06-25 20:54:00,2026-06-25 20:59:01,2,False
SESS0002003,2026-06-10 20:37:00,2026-06-10 20:42:53,5,False
SESS0002004,2026-06-06 20:50:00,2026-06-06 20:57:24,3,False
SESS0002005,2026-06-07 19:29:00,2026-06-07 19:37:06,5,False
SESS0002006,2026-06-24 19:08:00,2026-06-24 19:13:27,3,False
SESS0002007,2026-06-22 18:45:00,2026-06-22 18:53:39,7,False
SESS0002008,2026-06-12 18:42:00,2026-06-12 18:47:36,3,False
SESS0002009,2026-06-24 18:12:00,2026-06-24 18:22:49,6,True
SESS0002010,2026-06-07 18:27:00,2026-06-07 18:34:18,6,False
SESS0002011,2026-06-04 19:07:00,2026-06-04 19:11:46,3,False
SESS0002012,2026-07-02 20:10:00,2026-07-02 20:16:02,4,False
SESS0002013,2026-06-30 20:28:00,2026-06-30 20:31:05,3,False
SESS0002014,2026-06-10 17:53:00,2026-06-10 18:04:19,6,False
SESS0002015,2026-06-13 18:35:00,2026-06-13 18:37:07,2,False
SESS0002016,2026-06-26 14:50:00,2026-06-26 14:59:56,6,True
SESS0002017,2026-06-25 16:07:00,2026-06-25 16:17:02,4,False
SESS0002018,2026-07-02 14:58:00,2026-07-02 15:02:51,3,False
SESS0002019,2026-06-21 21:36:00,2026-06-21 21:38:14,2,False
SESS0002020,2026-06-21 19:20:00,2026-06-21 19:23:31,2,False
SESS0002021,2026-06-22 16:40:00,2026-06-22 16:47:10,3,False
SESS0002022,2026-06-08 19:21:00,2026-06-08 19:22:14,2,False
SESS0002023,2026-06-25 21:54:00,2026-06-25 21:56:17,2,False
SESS0002024,2026-06-07 18:00:00,2026-06-07 18:19:17,12,False
SESS0002025,2026-06-22 17:24:00,2026-06-22 17:27:56,2,False
SESS0002026,2026-06-22 10:46:00,2026-06-22 10:53:09,4,False
SESS0002027,2026-06-11 19:52:00,2026-06-11 20:01:45,5,False
SESS0002028,2026-06-04 19:09:00,2026-06-04 19:14:31,4,False
SESS0002029,2026-06-26 20:35:00,2026-06-26 20:37:44,2,False
SESS0002030,2026-06-21 12:04:00,2026-06-21 12:13:27,6,False
SESS0002031,2026-06-29 13:39:00,2026-06-29 13:56:36,9,True
SESS0002032,2026-06-29 12:52:00,2026-06-29 12:59:36,5,False
SESS0002033,2026-06-04 22:05:00,2026-06-04 22:09:57,2,False
SESS0002034,2026-06-18 15:21:00,2026-06-18 15:30:47,8,True
SESS0002035,2026-06-06 19:00:00,2026-06-06 19:10:26,8,False
SESS0002036,2026-06-13 19:01:00,2026-06-13 19:08:00,6,True
SESS0002037,2026-06-12 16:40:00,2026-06-12 16:49:59,5,False
SESS0002038,2026-06-20 19:55:00,2026-06-20 20:09:02,9,False
SESS0002039,2026-06-16 21:24:00,2026-06-16 21:32:28,6,True
SESS0002040,2026-06-06 18:12:00,2026-06-06 18:30:00,11,True
SESS0002041,2026-06-07 17:46:00,2026-06-07 18:01:10,10,False
SESS0002042,2026-06-29 22:22:00,2026-06-29 22:25:44,3,False
SESS0002043,2026-06-04 20:07:00,2026-06-04 20:18:06,8,True
SESS0002044,2026-06-27 19:08:00,2026-06-27 19:11:01,2,False
SESS0002045,2026-06-22 16:27:00,2026-06-22 16:41:12,7,True
SESS0002046,2026-06-26 19:23:00,2026-06-26 19:33:31,5,False
SESS0002047,2026-06-26 16:43:00,2026-06-26 16:49:21,4,False
SESS0002048,2026-06-10 22:54:00,2026-06-10 23:08:38,9,False
SESS0002049,2026-06-20 20:58:00,2026-06-20 21:06:12,6,True
SESS0002050,2026-06-13 20:55:00,2026-06-13 21:08:02,8,False
SESS0002051,2026-06-21 17:38:00,2026-06-21 17:47:02,7,True
SESS0002052,2026-06-27 18:47:00,2026-06-27 18:50:09,2,False
SESS0002053,2026-07-01 17:58:00,2026-07-01 18:05:47,4,False
SESS0002054,2026-06-30 23:55:00,2026-07-01 00:02:51,7,True
SESS0002055,2026-06-19 19:21:00,2026-06-19 19:32:53,6,True
SESS0002056,2026-06-18 18:07:00,2026-06-18 18:10:06,2,False
SESS0002057,2026-06-16 22:35:00,2026-06-16 22:43:26,6,True
SESS0002058,2026-06-17 21:37:00,2026-06-17 21:41:55,3,False
SESS0002059,2026-06-27 20:32:00,2026-06-27 20:40:22,5,False
SESS0002060,2026-06-13 18:45:00,2026-06-13 18:47:20,2,False
SESS0002061,2026-06-28 18:22:00,2026-06-28 18:27:20,3,False
SESS0002062,2026-07-03 20:40:00,2026-07-03 20:48:34,9,True
SESS0002063,2026-06-04 17:08:00,2026-06-04 17:12:19,2,False
SESS0002064,2026-06-26 12:04:00,2026-06-26 12:11:43,4,False
SESS0002065,2026-06-16 21:17:00,2026-06-16 21:34:34,9,True
SESS0002066,2026-06-18 18:30:00,2026-06-18 18:37:20,4,False
SESS0002067,2026-06-12 20:55:00,2026-06-12 21:01:23,4,False
SESS0002068,2026-06-05 23:28:00,2026-06-05 23:33:40,4,False
SESS0002069,2026-06-25 23:39:00,2026-06-25 23:44:47,2,False
SESS0002070,2026-06-12 15:19:00,2026-06-12 15:36:32,11,False
SESS0002071,2026-06-16 11:09:00,2026-06-16 11:12:36,2,False
SESS0002072,2026-06-29 16:21:00,2026-06-29 16:24:17,2,False
SESS0002073,2026-06-21 23:15:00,2026-06-21 23:35:49,14,False
SESS0002074,2026-06-11 17:35:00,2026-06-11 17:50:44,8,True
SESS0002075,2026-06-05 16:42:00,2026-06-05 16:48:31,3,False
SESS0002076,2026-06-07 20:28:00,2026-06-07 20:28:54,2,False
SESS0002077,2026-06-29 18:42:00,2026-06-29 18:51:22,6,True
SESS0002078,2026-06-08 21:33:00,2026-06-08 21:36:01,3,False
SESS0002079,2026-06-09 17:33:00,2026-06-09 17:39:29,5,False
SESS0002080,2026-06-26 12:18:00,2026-06-26 12:23:20,3,False
SESS0002081,2026-06-08 20:00:00,2026-06-08 20:11:18,5,False
SESS0002082,2026-07-01 20:34:00,2026-07-01 20:36:19,3,False
SESS0002083,2026-06-29 18:12:00,2026-06-29 18:20:55,6,False
SESS0002084,2026-06-17 17:15:00,2026-06-17 17:32:43,10,False
SESS0002085,2026-06-12 21:04:00,2026-06-12 21:15:41,5,False
SESS0002086,2026-06-09 16:06:00,2026-06-09 16:15:33,6,False
SESS0002087,2026-06-06 09:30:00,2026-06-06 09:47:08,10,False
SESS0002088,2026-06-04 19:36:00,2026-06-04 19:39:48,2,False
SESS0002089,2026-06-19 17:35:00,2026-06-19 17:37:29,3,False
SESS0002090,2026-06-15 11:02:00,2026-06-15 11:13:51,7,False
SESS0002091,2026-06-30 17:24:00,2026-06-30 17:32:14,5,True
SESS0002092,2026-06-11 16:13:00,2026-06-11 16:24:35,6,True
SESS0002093,2026-06-19 16:59:00,2026-06-19 17:07:52,6,False
SESS0002094,2026-07-03 20:28:00,2026-07-03 20:31:27,2,False
SESS0002095,2026-06-10 21:35:00,2026-06-10 21:38:31,2,False
SESS0002096,2026-06-27 10:47:00,2026-06-27 10:59:55,8,False
SESS0002097,2026-06-30 19:01:00,2026-06-30 19:03:34,2,False
SESS0002098,2026-06-29 22:11:00,2026-06-29 22:22:07,7,False
SESS0002099,2026-06-18 23:25:00,2026-06-18 23:38:00,7,True
SESS0002100,2026-07-02 16:21:00,2026-07-02 16:27:57,5,False
SESS0002101,2026-06-19 19:34:00,2026-06-19 19:41:10,4,False
SESS0002102,2026-06-20 20:56:00,2026-06-20 20:58:36,2,False
SESS0002103,2026-06-09 14:19:00,2026-06-09 14:28:19,5,False
SESS0002104,2026-06-25 18:45:00,2026-06-25 18:57:35,7,False
SESS0002105,2026-06-30 17:02:00,2026-06-30 17:10:54,7,False
SESS0002106,2026-06-26 21:19:00,2026-06-26 21:27:22,7,True
SESS0002107,2026-07-02 16:41:00,2026-07-02 16:53:05,7,False
SESS0002108,2026-06-17 17:25:00,2026-06-17 17:34:50,6,True
SESS0002109,2026-06-30 13:07:00,2026-06-30 13:13:43,5,False
SESS0002110,2026-06-13 23:29:00,2026-06-13 23:41:28,6,False
SESS0002111,2026-06-14 18:51:00,2026-06-14 18:54:50,2,False
SESS0002112,2026-06-24 18:59:00,2026-06-24 19:09:54,8,True
SESS0002113,2026-06-10 22:23:00,2026-06-10 22:30:36,4,False
SESS0002114,2026-06-17 19:35:00,2026-06-17 19:42:24,4,False
SESS0002115,2026-06-13 23:05:00,2026-06-13 23:12:45,5,False
SESS0002116,2026-06-14 21:16:00,2026-06-14 21:25:32,7,True
SESS0002117,2026-07-02 18:54:00,2026-07-02 18:58:18,3,False
SESS0002118,2026-06-06 16:24:00,2026-06-06 16:31:58,5,True
SESS0002119,2026-06-19 18:13:00,2026-06-19 18:23:56,6,True
SESS0002120,2026-06-11 21:48:00,2026-06-11 21:53:45,2,False
SESS0002121,2026-06-27 14:51:00,2026-06-27 14:58:44,6,False
SESS0002122,2026-06-24 15:55:00,2026-06-24 16:09:13,7,True
SESS0002123,2026-06-17 19:07:00,2026-06-17 19:10:41,3,False
SESS0002124,2026-06-19 15:53:00,2026-06-19 15:56:19,3,False
SESS0002125,2026-06-17 18:31:00,2026-06-17 18:39:05,5,False
SESS0002126,2026-06-29 18:32:00,2026-06-29 18:41:44,5,False
SESS0002127,2026-06-06 22:38:00,2026-06-06 22:44:54,4,False
SESS0002128,2026-06-08 14:32:00,2026-06-08 14:43:20,6,False
SESS0002129,2026-06-15 19:23:00,2026-06-15 19:34:11,6,True
SESS0002130,2026-06-11 19:23:00,2026-06-11 19:26:44,2,False
SESS0002131,2026-06-04 23:52:00,2026-06-04 23:58:31,4,False
SESS0002132,2026-06-28 23:00:00,2026-06-28 23:00:53,2,False
SESS0002133,2026-07-01 20:34:00,2026-07-01 20:49:19,8,True
SESS0002134,2026-06-17 22:33:00,2026-06-17 22:43:28,4,False
SESS0002135,2026-06-06 17:12:00,2026-06-06 17:15:14,2,False
SESS0002136,2026-06-14 15:19:00,2026-06-14 15:34:00,6,False
SESS0002137,2026-06-19 23:34:00,2026-06-19 23:36:43,2,False
SESS0002138,2026-06-30 16:06:00,2026-06-30 16:12:44,4,False
SESS0002139,2026-06-25 20:04:00,2026-06-25 20:06:10,3,False
SESS0002140,2026-06-10 15:05:00,2026-06-10 15:07:29,4,False
SESS0002141,2026-06-21 19:15:00,2026-06-21 19:23:19,5,False
SESS0002142,2026-06-28 16:14:00,2026-06-28 16:33:36,12,False
SESS0002143,2026-06-24 17:02:00,2026-06-24 17:08:21,3,False
SESS0002144,2026-06-16 18:42:00,2026-06-16 18:50:34,5,False
SESS0002145,2026-06-25 13:33:00,2026-06-25 13:42:11,7,False
SESS0002146,2026-06-23 23:40:00,2026-06-23 23:55:56,9,False
SESS0002147,2026-07-02 21:44:00,2026-07-02 21:49:02,3,False
SESS0002148,2026-06-06 15:58:00,2026-06-06 16:08:23,7,False
SESS0002149,2026-06-24 12:44:00,2026-06-24 12:49:12,4,False
SESS0002150,2026-06-09 14:33:00,2026-06-09 14:39:58,3,False
SESS0002151,2026-06-09 15:18:00,2026-06-09 15:27:16,5,False
SESS0002152,2026-06-27 16:32:00,2026-06-27 16:34:15,2,False
SESS0002153,2026-06-16 20:49:00,2026-06-16 20:58:38,6,False
SESS0002154,2026-06-16 16:53:00,2026-06-16 16:59:29,4,False
SESS0002155,2026-06-13 16:56:00,2026-06-13 17:07:19,6,False
SESS0002156,2026-06-27 16:42:00,2026-06-27 16:44:04,2,False
SESS0002157,2026-06-14 23:18:00,2026-06-14 23:25:46,4,False
SESS0002158,2026-06-09 18:50:00,2026-06-09 18:58:45,4,False
SESS0002159,2026-06-29 22:18:00,2026-06-29 22:34:18,12,True
SESS0002160,2026-06-07 18:55:00,2026-06-07 18:57:20,2,False
SESS0002161,2026-06-10 19:33:00,2026-06-10 19:45:35,7,False
SESS0002162,2026-06-04 23:42:00,2026-06-04 23:46:37,2,False
SESS0002163,2026-06-11 18:52:00,2026-06-11 18:54:22,2,False
SESS0002164,2026-06-20 18:30:00,2026-06-20 18:38:17,7,False
SESS0002165,2026-06-16 17:46:00,2026-06-16 18:07:02,14,False
SESS0002166,2026-06-18 17:43:00,2026-06-18 17:57:20,9,False
SESS0002167,2026-07-03 23:19:00,2026-07-03 23:23:35,3,False
SESS0002168,2026-06-16 17:41:00,2026-06-16 17:46:21,2,False
SESS0002169,2026-07-03 18:47:00,2026-07-03 18:50:55,2,False
SESS0002170,2026-06-30 20:30:00,2026-06-30 20:37:10,4,False
SESS0002171,2026-06-20 18:25:00,2026-06-20 18:27:21,2,False
SESS0002172,2026-06-16 16:06:00,2026-06-16 16:19:24,8,True
SESS0002173,2026-06-22 17:43:00,2026-06-22 17:56:18,10,False
SESS0002174,2026-07-01 20:55:00,2026-07-01 21:04:46,6,True
SESS0002175,2026-06-05 20:54:00,2026-06-05 21:01:21,4,False
SESS0002176,2026-06-30 18:32:00,2026-06-30 18:45:15,9,False
SESS0002177,2026-06-18 22:40:00,2026-06-18 22:42:58,2,False
SESS0002178,2026-06-11 21:26:00,2026-06-11 21:34:26,5,False
SESS0002179,2026-06-16 15:51:00,2026-06-16 16:00:56,8,True
SESS0002180,2026-06-08 21:48:00,2026-06-08 22:02:19,11,False
SESS0002181,2026-06-12 18:12:00,2026-06-12 18:24:14,8,False
SESS0002182,2026-07-03 18:36:00,2026-07-03 18:39:55,5,False
SESS0002183,2026-06-11 23:41:00,2026-06-11 23:46:38,4,False
SESS0002184,2026-06-26 15:07:00,2026-06-26 15:09:33,2,False
SESS0002185,2026-06-25 21:03:00,2026-06-25 21:15:50,8,False
SESS0002186,2026-06-25 13:30:00,2026-06-25 13:33:27,3,False
SESS0002187,2026-06-22 23:16:00,2026-06-22 23:22:17,3,False
SESS0002188,2026-06-15 17:00:00,2026-06-15 17:09:13,4,False
SESS0002189,2026-06-20 19:31:00,2026-06-20 19:38:10,3,False
SESS0002190,2026-06-07 19:09:00,2026-06-07 19:15:29,3,False
SESS0002191,2026-07-03 21:58:00,2026-07-03 22:03:12,4,False
SESS0002192,2026-06-10 18:27:00,2026-06-10 18:30:15,2,False
SESS0002193,2026-06-13 16:35:00,2026-06-13 16:51:29,9,False
SESS0002194,2026-06-10 22:06:00,2026-06-10 22:13:39,4,False
SESS0002195,2026-06-11 18:31:00,2026-06-11 18:35:53,3,False
SESS0002196,2026-06-20 11:04:00,2026-06-20 11:08:03,2,False
SESS0002197,2026-06-21 13:43:00,2026-06-21 13:50:42,4,False
SESS0002198,2026-06-16 18:32:00,2026-06-16 18:39:36,5,True
SESS0002199,2026-06-21 19:08:00,2026-06-21 19:10:59,2,False
SESS0002200,2026-06-27 17:53:00,2026-06-27 17:59:32,3,False
SESS0002201,2026-06-25 17:12:00,2026-06-25 17:23:11,6,True
SESS0002202,2026-07-02 22:02:00,2026-07-02 22:11:34,5,False
SESS0002203,2026-06-26 16:19:00,2026-06-26 16:27:38,5,False
SESS0002204,2026-07-02 19:56:00,2026-07-02 20:01:32,4,False
SESS0002205,2026-06-12 17:32:00,2026-06-12 17:41:50,5,False
SESS0002206,2026-06-19 18:57:00,2026-06-19 19:08:10,7,False
SESS0002207,2026-06-05 19:09:00,2026-06-05 19:13:17,2,False
SESS0002208,2026-07-03 20:07:00,2026-07-03 20:15:40,5,False
SESS0002209,2026-06-05 19:02:00,2026-06-05 19:09:05,5,False
SESS0002210,2026-06-21 18:37:00,2026-06-21 18:45:04,5,False
SESS0002211,2026-06-26 21:03:00,2026-06-26 21:04:14,2,False
SESS0002212,2026-06-14 18:43:00,2026-06-14 18:53:42,6,False
SESS0002213,2026-06-20 19:50:00,2026-06-20 19:59:47,8,False
SESS0002214,2026-07-02 16:55:00,2026-07-02 16:58:59,3,False
SESS0002215,2026-06-23 23:30:00,2026-06-23 23:34:07,2,False
SESS0002216,2026-06-06 17:54:00,2026-06-06 18:02:20,6,False
SESS0002217,2026-06-21 18:15:00,2026-06-21 18:21:38,4,False
SESS0002218,2026-06-05 20:06:00,2026-06-05 20:13:47,4,False
SESS0002219,2026-06-18 15:13:00,2026-06-18 15:23:58,7,False
SESS0002220,2026-06-26 22:00:00,2026-06-26 22:18:45,11,False
SESS0002221,2026-06-11 20:49:00,2026-06-11 20:59:17,6,False
SESS0002222,2026-07-01 20:51:00,2026-07-01 21:01:06,6,False
SESS0002223,2026-06-28 18:30:00,2026-06-28 18:32:13,2,False
SESS0002224,2026-06-07 20:38:00,2026-06-07 20:41:22,3,False
SESS0002225,2026-06-14 22:08:00,2026-06-14 22:22:20,6,True
SESS0002226,2026-06-07 22:19:00,2026-06-07 22:23:35,3,False
SESS0002227,2026-06-23 18:09:00,2026-06-23 18:12:36,3,False
SESS0002228,2026-06-11 17:27:00,2026-06-11 17:36:17,7,True
SESS0002229,2026-06-30 17:41:00,2026-06-30 17:49:58,5,False
SESS0002230,2026-06-12 18:41:00,2026-06-12 18:42:52,2,False
SESS0002231,2026-06-20 15:20:00,2026-06-20 15:30:45,5,True
SESS0002232,2026-06-07 23:15:00,2026-06-07 23:28:48,7,False
SESS0002233,2026-06-27 23:35:00,2026-06-27 23:43:45,4,False
SESS0002234,2026-06-28 20:23:00,2026-06-28 20:32:13,6,False
SESS0002235,2026-06-29 16:15:00,2026-06-29 16:25:52,6,False
SESS0002236,2026-06-24 20:23:00,2026-06-24 20:33:08,6,False
SESS0002237,2026-06-26 18:03:00,2026-06-26 18:06:25,4,False
SESS0002238,2026-06-08 18:20:00,2026-06-08 18:29:47,6,False
SESS0002239,2026-07-02 13:09:00,2026-07-02 13:23:49,9,True
SESS0002240,2026-06-11 20:50:00,2026-06-11 20:58:46,5,False
SESS0002241,2026-06-13 17:01:00,2026-06-13 17:08:08,4,False
SESS0002242,2026-06-08 18:34:00,2026-06-08 18:43:47,6,False
SESS0002243,2026-06-17 18:08:00,2026-06-17 18:14:44,5,True
SESS0002244,2026-06-17 16:20:00,2026-06-17 16:23:21,2,False
SESS0002245,2026-06-23 15:17:00,2026-06-23 15:21:58,3,False
SESS0002246,2026-06-16 18:53:00,2026-06-16 18:58:42,3,False
SESS0002247,2026-06-25 15:25:00,2026-06-25 15:30:56,4,False
SESS0002248,2026-07-03 19:44:00,2026-07-03 19:50:27,3,False
SESS0002249,2026-06-16 22:33:00,2026-06-16 22:36:38,2,False
SESS0002250,2026-06-17 17:59:00,2026-06-17 18:04:01,3,False
SESS0002251,2026-06-15 17:19:00,2026-06-15 17:22:49,2,False
SESS0002252,2026-06-27 21:25:00,2026-06-27 21:30:18,3,False
SESS0002253,2026-06-25 17:32:00,2026-06-25 17:38:18,3,False
SESS0002254,2026-06-29 15:20:00,2026-06-29 15:32:25,7,True
SESS0002255,2026-06-24 21:36:00,2026-06-24 21:44:54,6,False
SESS0002256,2026-06-10 16:45:00,2026-06-10 16:54:53,6,True
SESS0002257,2026-07-01 14:07:00,2026-07-01 14:13:01,3,False
SESS0002258,2026-06-08 18:03:00,2026-06-08 18:12:38,5,True
SESS0002259,2026-06-30 19:57:00,2026-06-30 20:01:05,2,False
SESS0002260,2026-06-05 19:02:00,2026-06-05 19:11:48,7,False
SESS0002261,2026-06-13 16:38:00,2026-06-13 16:46:26,5,False
SESS0002262,2026-06-07 17:11:00,2026-06-07 17:20:43,5,True
SESS0002263,2026-06-13 23:10:00,2026-06-13 23:27:31,8,False
SESS0002264,2026-06-20 17:35:00,2026-06-20 17:48:24,6,True
SESS0002265,2026-06-17 21:19:00,2026-06-17 21:24:33,3,False
SESS0002266,2026-06-27 21:31:00,2026-06-27 21:59:05,14,False
SESS0002267,2026-06-04 14:45:00,2026-06-04 14:53:13,5,False
SESS0002268,2026-06-24 19:48:00,2026-06-24 19:58:14,5,False
SESS0002269,2026-06-09 20:56:00,2026-06-09 21:07:41,8,False
SESS0002270,2026-06-14 20:43:00,2026-06-14 20:56:03,8,True
SESS0002271,2026-06-11 16:49:00,2026-06-11 16:53:23,3,False
SESS0002272,2026-06-11 22:41:00,2026-06-11 22:47:20,3,False
SESS0002273,2026-06-25 17:44:00,2026-06-25 17:46:47,2,False
SESS0002274,2026-06-29 18:19:00,2026-06-29 18:25:00,6,True
SESS0002275,2026-06-30 18:20:00,2026-06-30 18:20:45,2,False
SESS0002276,2026-06-10 19:38:00,2026-06-10 19:51:15,6,False
SESS0002277,2026-06-08 20:24:00,2026-06-08 20:30:08,3,False
SESS0002278,2026-06-18 15:38:00,2026-06-18 15:43:58,3,False
SESS0002279,2026-07-02 18:26:00,2026-07-02 18:32:10,3,False
SESS0002280,2026-06-15 23:52:00,2026-06-16 00:08:02,8,False
SESS0002281,2026-06-16 18:37:00,2026-06-16 18:44:23,4,False
SESS0002282,2026-06-17 20:07:00,2026-06-17 20:11:24,2,False
SESS0002283,2026-06-28 23:38:00,2026-06-28 23:48:38,6,False
SESS0002284,2026-06-10 23:47:00,2026-06-10 23:58:13,10,False
SESS0002285,2026-06-10 22:07:00,2026-06-10 22:21:34,10,False
SESS0002286,2026-06-16 21:59:00,2026-06-16 22:19:43,13,True
SESS0002287,2026-06-27 19:28:00,2026-06-27 19:32:37,5,False
SESS0002288,2026-07-02 15:09:00,2026-07-02 15:12:42,2,False
SESS0002289,2026-07-02 22:02:00,2026-07-02 22:06:16,3,False
SESS0002290,2026-06-23 17:03:00,2026-06-23 17:13:04,7,True
SESS0002291,2026-06-26 16:38:00,2026-06-26 16:43:33,3,False
SESS0002292,2026-07-03 20:53:00,2026-07-03 20:57:21,3,False
SESS0002293,2026-06-07 21:01:00,2026-06-07 21:04:10,3,False
SESS0002294,2026-06-30 19:42:00,2026-06-30 19:45:06,2,False
SESS0002295,2026-06-17 21:21:00,2026-06-17 21:29:03,7,False
SESS0002296,2026-06-15 15:23:00,2026-06-15 15:35:00,7,False
SESS0002297,2026-06-21 18:17:00,2026-06-21 18:21:33,3,False
SESS0002298,2026-06-27 16:46:00,2026-06-27 16:51:01,4,False
SESS0002299,2026-07-01 22:44:00,2026-07-01 22:50:01,3,False
SESS0002300,2026-06-10 22:44:00,2026-06-10 22:46:22,2,False
SESS0002301,2026-06-24 23:58:00,2026-06-25 00:01:59,2,False
SESS0002302,2026-06-10 22:17:00,2026-06-10 22:25:05,4,False
SESS0002303,2026-06-17 16:52:00,2026-06-17 16:57:29,4,False
SESS0002304,2026-06-27 16:11:00,2026-06-27 16:21:29,6,False
SESS0002305,2026-06-24 20:25:00,2026-06-24 20:36:41,8,True
SESS0002306,2026-06-27 20:58:00,2026-06-27 21:07:12,5,False
SESS0002307,2026-06-23 16:21:00,2026-06-23 16:28:42,5,True
SESS0002308,2026-06-12 15:23:00,2026-06-12 15:31:32,6,False
SESS0002309,2026-06-23 17:48:00,2026-06-23 17:55:02,4,False
SESS0002310,2026-06-04 19:12:00,2026-06-04 19:25:34,6,False
SESS0002311,2026-06-28 18:45:00,2026-06-28 18:48:45,3,False
SESS0002312,2026-06-07 15:06:00,2026-06-07 15:11:29,4,False
SESS0002313,2026-06-08 19:18:00,2026-06-08 19:32:32,8,False
SESS0002314,2026-06-06 20:10:00,2026-06-06 20:23:55,7,False
SESS0002315,2026-06-28 17:53:00,2026-06-28 17:59:30,5,False
SESS0002316,2026-06-30 20:46:00,2026-06-30 20:51:43,3,False
SESS0002317,2026-06-30 23:23:00,2026-06-30 23:25:24,2,False
SESS0002318,2026-06-15 13:31:00,2026-06-15 13:35:50,3,False
SESS0002319,2026-06-22 19:58:00,2026-06-22 20:09:17,6,False
SESS0002320,2026-06-22 18:15:00,2026-06-22 18:26:30,7,False
SESS0002321,2026-06-16 21:16:00,2026-06-16 21:19:27,3,False
SESS0002322,2026-06-11 23:36:00,2026-06-11 23:44:50,7,False
SESS0002323,2026-06-12 21:23:00,2026-06-12 21:32:53,5,False
SESS0002324,2026-06-04 14:10:00,2026-06-04 14:13:56,2,False
SESS0002325,2026-06-24 20:11:00,2026-06-24 20:19:14,5,False
SESS0002326,2026-06-26 21:41:00,2026-06-26 21:52:30,6,False
SESS0002327,2026-06-10 22:14:00,2026-06-10 22:20:54,5,False
SESS0002328,2026-06-05 17:11:00,2026-06-05 17:14:57,3,False
SESS0002329,2026-06-06 19:10:00,2026-06-06 19:14:35,4,False
SESS0002330,2026-06-25 19:14:00,2026-06-25 19:26:07,6,False
SESS0002331,2026-06-12 18:17:00,2026-06-12 18:31:44,8,True
SESS0002332,2026-06-16 20:55:00,2026-06-16 21:00:40,3,False
SESS0002333,2026-06-11 19:37:00,2026-06-11 19:39:29,2,False
SESS0002334,2026-07-03 22:14:00,2026-07-03 22:22:54,6,False
SESS0002335,2026-06-17 18:24:00,2026-06-17 18:30:04,4,False
SESS0002336,2026-06-24 16:49:00,2026-06-24 16:59:15,7,False
SESS0002337,2026-06-06 19:48:00,2026-06-06 20:03:07,9,False
SESS0002338,2026-06-19 19:39:00,2026-06-19 19:43:40,3,False
SESS0002339,2026-06-20 20:48:00,2026-06-20 21:03:39,8,False
SESS0002340,2026-06-09 19:07:00,2026-06-09 19:15:21,4,False
SESS0002341,2026-06-20 20:39:00,2026-06-20 20:43:20,3,False
SESS0002342,2026-06-28 19:15:00,2026-06-28 19:20:21,4,False
SESS0002343,2026-06-29 19:44:00,2026-06-29 19:48:12,2,False
SESS0002344,2026-06-06 16:32:00,2026-06-06 16:50:17,12,False
SESS0002345,2026-06-08 21:06:00,2026-06-08 21:12:13,5,False
SESS0002346,2026-06-13 23:12:00,2026-06-13 23:16:22,2,False
SESS0002347,2026-06-10 14:06:00,2026-06-10 14:12:41,5,False
SESS0002348,2026-06-21 23:41:00,2026-06-21 23:52:21,6,True
SESS0002349,2026-06-07 14:21:00,2026-06-07 14:24:33,2,False
SESS0002350,2026-06-24 22:42:00,2026-06-24 22:49:40,4,False
SESS0002351,2026-06-29 16:08:00,2026-06-29 16:15:11,5,False
SESS0002352,2026-06-24 17:07:00,2026-06-24 17:12:37,2,False
SESS0002353,2026-06-25 17:49:00,2026-06-25 17:55:30,5,False
SESS0002354,2026-06-05 15:47:00,2026-06-05 15:51:50,2,False
SESS0002355,2026-06-09 15:31:00,2026-06-09 15:35:34,3,False
SESS0002356,2026-06-26 16:04:00,2026-06-26 16:08:15,2,False
SESS0002357,2026-06-07 19:15:00,2026-06-07 19:25:27,7,False
SESS0002358,2026-06-21 18:22:00,2026-06-21 18:39:21,7,True
SESS0002359,2026-06-16 20:22:00,2026-06-16 20:33:21,6,True
SESS0002360,2026-06-25 18:48:00,2026-06-25 18:55:29,4,False
SESS0002361,2026-06-29 18:12:00,2026-06-29 18:20:08,6,False
SESS0002362,2026-06-24 16:14:00,2026-06-24 16:19:37,5,False
SESS0002363,2026-06-04 22:11:00,2026-06-04 22:13:33,3,False
SESS0002364,2026-06-30 20:10:00,2026-06-30 20:12:34,3,False
SESS0002365,2026-06-13 19:53:00,2026-06-13 19:58:47,3,False
SESS0002366,2026-06-09 18:49:00,2026-06-09 19:09:53,12,True
SESS0002367,2026-07-01 14:08:00,2026-07-01 14:19:06,6,False
SESS0002368,2026-06-29 17:52:00,2026-06-29 17:55:55,3,False
SESS0002369,2026-07-03 17:36:00,2026-07-03 17:50:23,10,False
SESS0002370,2026-06-05 20:06:00,2026-06-05 20:12:54,5,False
SESS0002371,2026-07-03 18:26:00,2026-07-03 18:45:57,11,True
SESS0002372,2026-06-20 13:34:00,2026-06-20 13:47:32,7,False
SESS0002373,2026-06-28 18:32:00,2026-06-28 18:44:31,9,False
SESS0002374,2026-07-02 19:35:00,2026-07-02 19:39:18,4,False
SESS0002375,2026-06-19 15:18:00,2026-06-19 15:22:10,2,False
SESS0002376,2026-07-01 19:19:00,2026-07-01 19:20:26,2,False
SESS0002377,2026-06-27 19:08:00,2026-06-27 19:12:01,2,False
SESS0002378,2026-06-19 22:17:00,2026-06-19 22:22:52,3,False
SESS0002379,2026-06-23 21:06:00,2026-06-23 21:12:07,3,False
SESS0002380,2026-06-07 20:57:00,2026-06-07 21:03:10,5,False
SESS0002381,2026-06-07 19:18:00,2026-06-07 19:24:40,4,False
SESS0002382,2026-06-15 23:47:00,2026-06-15 23:51:50,2,False
SESS0002383,2026-06-14 23:18:00,2026-06-14 23:21:32,2,False
SESS0002384,2026-06-04 23:42:00,2026-06-04 23:51:06,4,False
SESS0002385,2026-06-04 20:16:00,2026-06-04 20:30:31,8,True
SESS0002386,2026-06-22 18:38:00,2026-06-22 18:43:03,3,False
SESS0002387,2026-06-09 21:25:00,2026-06-09 21:33:05,3,False
SESS0002388,2026-07-01 18:42:00,2026-07-01 18:55:59,6,True
SESS0002389,2026-06-14 20:37:00,2026-06-14 20:44:04,4,False
SESS0002390,2026-06-11 21:09:00,2026-06-11 21:11:47,2,False
SESS0002391,2026-06-05 19:42:00,2026-06-05 19:51:36,4,False
SESS0002392,2026-06-29 17:51:00,2026-06-29 17:51:36,2,False
SESS0002393,2026-06-24 21:52:00,2026-06-24 21:55:30,2,False
SESS0002394,2026-06-20 23:18:00,2026-06-20 23:27:10,4,False
SESS0002395,2026-07-02 18:09:00,2026-07-02 18:10:51,2,False
SESS0002396,2026-06-29 13:22:00,2026-06-29 13:25:27,3,False
SESS0002397,2026-06-26 16:21:00,2026-06-26 16:25:07,2,False
SESS0002398,2026-06-05 20:04:00,2026-06-05 20:09:16,2,False
SESS0002399,2026-06-28 23:45:00,2026-06-28 23:47:34,2,False
SESS0002400,2026-06-14 20:24:00,2026-06-14 20:29:20,4,False
SESS0002401,2026-06-26 20:52:00,2026-06-26 20:55:30,3,False
SESS0002402,2026-06-18 20:02:00,2026-06-18 20:04:52,2,False
SESS0002403,2026-06-23 20:11:00,2026-06-23 20:15:25,2,False
SESS0002404,2026-06-12 21:59:00,2026-06-12 22:02:47,2,False
SESS0002405,2026-06-20 20:48:00,2026-06-20 21:02:43,10,True
SESS0002406,2026-06-20 16:53:00,2026-06-20 17:10:23,11,True
SESS0002407,2026-06-24 23:20:00,2026-06-24 23:35:08,9,False
SESS0002408,2026-06-20 21:50:00,2026-06-20 21:59:06,4,False
SESS0002409,2026-06-27 18:04:00,2026-06-27 18:10:09,4,False
SESS0002410,2026-06-12 18:20:00,2026-06-12 18:29:40,7,False
SESS0002411,2026-06-09 23:32:00,2026-06-09 23:35:23,2,False
SESS0002412,2026-06-07 16:53:00,2026-06-07 16:58:43,4,False
SESS0002413,2026-06-16 20:52:00,2026-06-16 21:05:29,8,False
SESS0002414,2026-06-25 18:42:00,2026-06-25 18:45:13,2,False
SESS0002415,2026-06-19 18:28:00,2026-06-19 18:30:43,3,False
SESS0002416,2026-06-05 20:48:00,2026-06-05 20:51:01,2,False
SESS0002417,2026-06-29 17:42:00,2026-06-29 17:45:34,4,False
SESS0002418,2026-06-04 20:55:00,2026-06-04 21:06:34,7,False
SESS0002419,2026-06-14 18:50:00,2026-06-14 18:57:23,4,False
SESS0002420,2026-06-11 20:09:00,2026-06-11 20:34:39,13,False
SESS0002421,2026-06-07 23:32:00,2026-06-07 23:46:19,10,False
SESS0002422,2026-07-03 16:58:00,2026-07-03 17:01:58,3,False
SESS0002423,2026-06-14 22:31:00,2026-06-14 22:37:35,7,True
SESS0002424,2026-06-24 22:30:00,2026-06-24 22:42:40,7,False
SESS0002425,2026-06-21 21:48:00,2026-06-21 21:54:40,3,False
SESS0002426,2026-06-21 19:36:00,2026-06-21 19:47:10,6,False
SESS0002427,2026-06-05 22:03:00,2026-06-05 22:06:55,2,False
SESS0002428,2026-06-16 21:54:00,2026-06-16 22:04:55,6,False
SESS0002429,2026-06-15 18:17:00,2026-06-15 18:27:03,7,True
SESS0002430,2026-06-12 16:58:00,2026-06-12 17:09:55,6,False
SESS0002431,2026-06-20 14:22:00,2026-06-20 14:33:20,5,True
SESS0002432,2026-06-16 14:25:00,2026-06-16 14:45:22,12,True
SESS0002433,2026-06-25 17:56:00,2026-06-25 18:05:37,6,False
SESS0002434,2026-06-10 23:43:00,2026-06-10 23:52:34,7,True
SESS0002435,2026-06-18 19:10:00,2026-06-18 19:20:58,8,False
SESS0002436,2026-06-10 21:37:00,2026-06-10 21:45:24,4,False
SESS0002437,2026-06-22 18:37:00,2026-06-22 18:46:51,7,False
SESS0002438,2026-06-15 18:27:00,2026-06-15 18:31:28,4,False
SESS0002439,2026-06-09 21:46:00,2026-06-09 21:54:35,6,False
SESS0002440,2026-06-23 15:23:00,2026-06-23 15:33:24,7,False
SESS0002441,2026-06-07 21:58:00,2026-06-07 22:05:53,6,False
SESS0002442,2026-06-26 15:12:00,2026-06-26 15:21:18,5,False
SESS0002443,2026-06-19 16:15:00,2026-06-19 16:27:13,8,False
SESS0002444,2026-06-10 19:33:00,2026-06-10 19:37:23,4,False
SESS0002445,2026-06-23 16:25:00,2026-06-23 16:28:15,4,False
SESS0002446,2026-06-04 15:53:00,2026-06-04 15:59:55,6,True
SESS0002447,2026-06-14 21:01:00,2026-06-14 21:07:37,3,False
SESS0002448,2026-06-25 16:17:00,2026-06-25 16:21:37,4,False
SESS0002449,2026-06-22 17:50:00,2026-06-22 17:53:41,2,False
SESS0002450,2026-06-06 20:41:00,2026-06-06 20:45:22,4,False
SESS0002451,2026-06-16 19:31:00,2026-06-16 19:46:13,7,True
SESS0002452,2026-06-23 13:10:00,2026-06-23 13:22:11,9,False
SESS0002453,2026-07-03 15:25:00,2026-07-03 15:28:31,2,False
SESS0002454,2026-06-04 20:50:00,2026-06-04 20:51:43,2,False
SESS0002455,2026-06-04 21:55:00,2026-06-04 22:01:42,4,False
SESS0002456,2026-06-22 23:37:00,2026-06-22 23:44:53,4,False
SESS0002457,2026-06-06 17:32:00,2026-06-06 17:38:05,4,False
SESS0002458,2026-06-07 23:10:00,2026-06-07 23:28:43,9,False
SESS0002459,2026-06-25 21:31:00,2026-06-25 21:42:54,6,False
SESS0002460,2026-06-29 20:18:00,2026-06-29 20:24:56,4,False
SESS0002461,2026-06-08 14:24:00,2026-06-08 14:30:58,4,False
SESS0002462,2026-06-20 17:21:00,2026-06-20 17:25:40,2,False
SESS0002463,2026-06-05 20:02:00,2026-06-05 20:08:50,5,False
SESS0002464,2026-06-22 19:37:00,2026-06-22 19:42:14,4,False
SESS0002465,2026-06-22 18:28:00,2026-06-22 18:30:59,3,False
SESS0002466,2026-06-28 19:35:00,2026-06-28 19:40:51,5,False
SESS0002467,2026-06-26 19:40:00,2026-06-26 19:49:13,4,False
SESS0002468,2026-06-12 21:29:00,2026-06-12 21:34:05,3,False
SESS0002469,2026-06-10 20:45:00,2026-06-10 20:55:00,7,True
SESS0002470,2026-06-14 23:34:00,2026-06-14 23:48:42,8,True
SESS0002471,2026-06-25 23:58:00,2026-06-26 00:03:45,4,False
SESS0002472,2026-06-08 21:29:00,2026-06-08 21:39:38,7,False
SESS0002473,2026-06-26 22:16:00,2026-06-26 22:18:07,2,False
SESS0002474,2026-06-12 21:03:00,2026-06-12 21:11:16,7,True
SESS0002475,2026-06-04 21:33:00,2026-06-04 21:40:24,4,False
SESS0002476,2026-06-12 17:49:00,2026-06-12 17:59:32,4,False
SESS0002477,2026-06-15 11:37:00,2026-06-15 11:43:48,5,False
SESS0002478,2026-06-26 17:30:00,2026-06-26 17:36:56,4,False
SESS0002479,2026-06-20 14:29:00,2026-06-20 14:46:24,11,False
SESS0002480,2026-06-09 19:47:00,2026-06-09 19:51:22,3,False
SESS0002481,2026-06-14 20:34:00,2026-06-14 20:39:23,5,False
SESS0002482,2026-06-11 22:29:00,2026-06-11 22:36:37,4,False
SESS0002483,2026-06-08 19:55:00,2026-06-08 19:57:53,2,False
SESS0002484,2026-06-13 21:53:00,2026-06-13 21:58:32,3,False
SESS0002485,2026-06-19 16:14:00,2026-06-19 16:33:42,10,False
SESS0002486,2026-06-08 20:53:00,2026-06-08 21:00:01,5,True
SESS0002487,2026-06-07 23:07:00,2026-06-07 23:13:19,4,False
SESS0002488,2026-07-03 23:55:00,2026-07-04 00:06:59,5,False
SESS0002489,2026-06-11 20:37:00,2026-06-11 20:45:11,5,False
SESS0002490,2026-07-03 14:35:00,2026-07-03 14:45:20,6,True
SESS0002491,2026-06-06 19:55:00,2026-06-06 20:07:09,7,False
SESS0002492,2026-06-04 18:38:00,2026-06-04 18:45:01,6,False
SESS0002493,2026-06-15 19:56:00,2026-06-15 19:59:18,3,False
SESS0002494,2026-06-05 11:10:00,2026-06-05 11:18:53,5,False
SESS0002495,2026-06-04 18:19:00,2026-06-04 18:30:36,8,True
SESS0002496,2026-06-13 21:50:00,2026-06-13 21:57:13,5,False
SESS0002497,2026-06-19 17:39:00,2026-06-19 17:41:26,4,False
SESS0002498,2026-06-21 14:32:00,2026-06-21 14:45:57,7,True
SESS0002499,2026-07-03 17:14:00,2026-07-03 17:22:33,4,False
SESS0002500,2026-06-29 15:57:00,2026-06-29 16:00:59,2,False
SESS0002501,2026-06-07 21:12:00,2026-06-07 21:26:49,7,False
SESS0002502,2026-06-18 19:11:00,2026-06-18 19:21:54,9,False
SESS0002503,2026-06-18 14:31:00,2026-06-18 14:42:54,8,False
SESS0002504,2026-06-19 19:40:00,2026-06-19 19:48:59,6,False
SESS0002505,2026-06-19 20:17:00,2026-06-19 20:30:52,9,True
SESS0002506,2026-06-14 17:08:00,2026-06-14 17:14:50,6,True
SESS0002507,2026-06-19 14:47:00,2026-06-19 14:56:21,5,False
SESS0002508,2026-06-06 20:33:00,2026-06-06 20:42:40,6,True
SESS0002509,2026-06-13 16:20:00,2026-06-13 16:25:45,4,False
SESS0002510,2026-06-25 19:06:00,2026-06-25 19:11:43,3,False
SESS0002511,2026-06-16 18:59:00,2026-06-16 19:10:55,7,False
SESS0002512,2026-06-13 18:35:00,2026-06-13 18:43:41,6,False
SESS0002513,2026-06-15 12:11:00,2026-06-15 12:25:47,7,False
SESS0002514,2026-06-18 17:56:00,2026-06-18 18:03:50,3,False
SESS0002515,2026-06-20 17:22:00,2026-06-20 17:26:14,2,False
SESS0002516,2026-06-25 23:06:00,2026-06-25 23:12:25,4,False
SESS0002517,2026-06-28 23:09:00,2026-06-28 23:12:12,2,False
SESS0002518,2026-06-05 20:00:00,2026-06-05 20:06:48,5,True
SESS0002519,2026-06-21 16:34:00,2026-06-21 16:35:40,2,False
SESS0002520,2026-06-05 18:24:00,2026-06-05 18:34:17,6,False
SESS0002521,2026-06-30 22:05:00,2026-06-30 22:14:18,6,False
SESS0002522,2026-07-02 18:26:00,2026-07-02 18:36:42,8,False
SESS0002523,2026-06-26 21:51:00,2026-06-26 22:05:09,9,True
SESS0002524,2026-06-29 20:04:00,2026-06-29 20:13:10,5,False
SESS0002525,2026-06-06 20:43:00,2026-06-06 20:50:08,4,False
SESS0002526,2026-06-22 14:33:00,2026-06-22 14:37:14,5,True
SESS0002527,2026-06-19 12:44:00,2026-06-19 12:55:14,5,True
SESS0002528,2026-06-22 17:46:00,2026-06-22 18:05:22,13,True
SESS0002529,2026-06-28 21:14:00,2026-06-28 21:18:46,3,False
SESS0002530,2026-06-05 19:53:00,2026-06-05 19:56:27,2,False
SESS0002531,2026-07-02 17:19:00,2026-07-02 17:35:47,10,False
SESS0002532,2026-06-16 21:20:00,2026-06-16 21:32:24,7,True
SESS0002533,2026-06-14 23:46:00,2026-06-14 23:52:27,4,False
SESS0002534,2026-07-03 19:09:00,2026-07-03 19:29:20,11,True
SESS0002535,2026-07-03 22:41:00,2026-07-03 22:46:50,4,False
SESS0002536,2026-06-08 16:12:00,2026-06-08 16:18:59,5,False
SESS0002537,2026-06-30 17:51:00,2026-06-30 17:53:34,3,False
SESS0002538,2026-07-03 18:49:00,2026-07-03 18:55:55,3,False
SESS0002539,2026-06-15 15:29:00,2026-06-15 15:35:00,3,False
SESS0002540,2026-06-05 21:48:00,2026-06-05 21:59:50,7,True
SESS0002541,2026-06-24 19:29:00,2026-06-24 19:46:35,10,True
SESS0002542,2026-07-03 16:31:00,2026-07-03 16:53:20,12,False
SESS0002543,2026-06-18 17:00:00,2026-06-18 17:03:22,2,False
SESS0002544,2026-07-01 20:15:00,2026-07-01 20:25:06,7,True
SESS0002545,2026-07-03 18:45:00,2026-07-03 19:00:16,8,False
SESS0002546,2026-06-07 20:06:00,2026-06-07 20:10:52,3,False
SESS0002547,2026-06-26 19:37:00,2026-06-26 19:43:01,4,False
SESS0002548,2026-06-18 19:44:00,2026-06-18 19:48:23,2,False
SESS0002549,2026-06-23 18:45:00,2026-06-23 18:49:44,3,False
SESS0002550,2026-06-29 23:17:00,2026-06-29 23:24:18,3,False
SESS0002551,2026-06-12 22:55:00,2026-06-12 22:58:08,2,False
SESS0002552,2026-06-10 16:08:00,2026-06-10 16:11:38,2,False
SESS0002553,2026-06-21 14:56:00,2026-06-21 15:08:13,9,False
SESS0002554,2026-06-15 22:32:00,2026-06-15 22:39:08,4,False
SESS0002555,2026-06-30 16:28:00,2026-06-30 16:33:16,2,False
SESS0002556,2026-06-18 18:56:00,2026-06-18 19:03:51,3,False
SESS0002557,2026-06-21 17:17:00,2026-06-21 17:18:18,2,False
SESS0002558,2026-06-05 16:30:00,2026-06-05 16:33:27,2,False
SESS0002559,2026-06-28 23:46:00,2026-06-28 23:53:47,4,False
SESS0002560,2026-06-16 18:36:00,2026-06-16 18:45:56,6,False
SESS0002561,2026-07-02 13:54:00,2026-07-02 13:59:52,3,False
SESS0002562,2026-06-08 19:44:00,2026-06-08 19:53:00,7,False
SESS0002563,2026-06-18 17:11:00,2026-06-18 17:13:49,2,False
SESS0002564,2026-06-14 23:03:00,2026-06-14 23:08:19,3,False
SESS0002565,2026-06-13 19:25:00,2026-06-13 19:31:24,3,False
SESS0002566,2026-06-25 21:06:00,2026-06-25 21:15:46,9,True
SESS0002567,2026-06-14 19:24:00,2026-06-14 19:50:42,14,False
SESS0002568,2026-06-29 19:13:00,2026-06-29 19:27:20,9,True
SESS0002569,2026-06-29 19:55:00,2026-06-29 19:58:47,2,False
SESS0002570,2026-06-12 16:07:00,2026-06-12 16:12:01,3,False
SESS0002571,2026-06-23 17:53:00,2026-06-23 17:58:38,3,False
SESS0002572,2026-06-18 21:27:00,2026-06-18 21:31:31,4,False
SESS0002573,2026-06-26 19:52:00,2026-06-26 20:13:24,10,False
SESS0002574,2026-06-05 19:43:00,2026-06-05 19:46:43,2,False
SESS0002575,2026-06-16 17:38:00,2026-06-16 17:51:38,6,False
SESS0002576,2026-06-28 19:12:00,2026-06-28 19:15:35,2,False
SESS0002577,2026-06-13 23:42:00,2026-06-13 23:46:09,3,False
SESS0002578,2026-07-03 18:59:00,2026-07-03 19:01:07,2,False
SESS0002579,2026-06-14 20:06:00,2026-06-14 20:07:54,2,False
SESS0002580,2026-06-06 22:58:00,2026-06-06 23:06:23,4,False
SESS0002581,2026-06-08 16:17:00,2026-06-08 16:21:59,3,False
SESS0002582,2026-06-21 11:43:00,2026-06-21 11:48:23,3,False
SESS0002583,2026-06-28 20:49:00,2026-06-28 21:01:25,6,True
SESS0002584,2026-06-17 21:42:00,2026-06-17 21:50:24,7,True
SESS0002585,2026-06-15 22:25:00,2026-06-15 22:31:16,5,True
SESS0002586,2026-06-18 20:47:00,2026-06-18 20:55:47,5,False
SESS0002587,2026-06-20 21:06:00,2026-06-20 21:10:33,3,False
SESS0002588,2026-06-17 23:16:00,2026-06-17 23:19:18,2,False
SESS0002589,2026-06-18 12:59:00,2026-06-18 13:04:54,4,False
SESS0002590,2026-06-04 16:06:00,2026-06-04 16:10:54,3,False
SESS0002591,2026-06-06 14:06:00,2026-06-06 14:12:26,3,False
SESS0002592,2026-06-06 23:29:00,2026-06-06 23:44:39,10,False
SESS0002593,2026-06-28 13:25:00,2026-06-28 13:30:14,4,False
SESS0002594,2026-06-14 20:28:00,2026-06-14 20:31:11,3,False
SESS0002595,2026-06-19 21:09:00,2026-06-19 21:25:35,9,False
SESS0002596,2026-06-20 18:22:00,2026-06-20 18:33:19,8,False
SESS0002597,2026-06-30 17:44:00,2026-06-30 17:45:38,2,False
SESS0002598,2026-06-20 18:20:00,2026-06-20 18:27:25,4,False
SESS0002599,2026-06-09 23:43:00,2026-06-09 23:49:30,5,True
SESS0002600,2026-06-06 18:05:00,2026-06-06 18:08:20,3,False
SESS0002601,2026-07-01 13:38:00,2026-07-01 13:47:02,4,False
SESS0002602,2026-06-22 21:41:00,2026-06-22 21:54:28,7,False
SESS0002603,2026-07-03 17:12:00,2026-07-03 17:16:22,2,False
SESS0002604,2026-06-11 23:38:00,2026-06-11 23:53:09,7,True
SESS0002605,2026-06-13 18:02:00,2026-06-13 18:13:54,6,False
SESS0002606,2026-06-08 18:08:00,2026-06-08 18:10:24,2,False
SESS0002607,2026-06-23 23:11:00,2026-06-23 23:18:25,4,False
SESS0002608,2026-06-11 21:50:00,2026-06-11 21:57:25,3,False
SESS0002609,2026-06-27 23:01:00,2026-06-27 23:08:20,4,False
SESS0002610,2026-06-30 17:34:00,2026-06-30 17:37:06,2,False
SESS0002611,2026-06-19 23:41:00,2026-06-19 23:46:47,5,False
SESS0002612,2026-06-11 22:42:00,2026-06-11 22:49:23,6,True
SESS0002613,2026-06-22 19:51:00,2026-06-22 19:56:52,3,False
SESS0002614,2026-06-18 15:12:00,2026-06-18 15:15:53,2,False
SESS0002615,2026-06-12 21:46:00,2026-06-12 21:51:53,4,False
SESS0002616,2026-06-23 21:18:00,2026-06-23 21:25:02,5,False
SESS0002617,2026-06-19 14:23:00,2026-06-19 14:27:46,4,False
SESS0002618,2026-06-07 19:41:00,2026-06-07 19:44:53,4,False
SESS0002619,2026-06-22 13:33:00,2026-06-22 13:39:41,4,False
SESS0002620,2026-06-12 23:04:00,2026-06-12 23:12:13,5,False
SESS0002621,2026-06-30 20:22:00,2026-06-30 20:26:47,3,False
SESS0002622,2026-06-12 16:03:00,2026-06-12 16:17:37,8,False
SESS0002623,2026-06-24 18:13:00,2026-06-24 18:18:28,3,False
SESS0002624,2026-06-07 20:40:00,2026-06-07 20:48:55,5,False
SESS0002625,2026-06-15 20:30:00,2026-06-15 20:36:44,3,False
SESS0002626,2026-06-24 19:53:00,2026-06-24 19:58:14,3,False
SESS0002627,2026-06-12 19:27:00,2026-06-12 19:28:51,2,False
SESS0002628,2026-06-08 18:25:00,2026-06-08 18:32:59,4,False
SESS0002629,2026-06-16 21:28:00,2026-06-16 21:36:55,6,False
SESS0002630,2026-06-18 19:55:00,2026-06-18 20:00:32,4,False
SESS0002631,2026-06-22 23:31:00,2026-06-22 23:41:04,6,True
SESS0002632,2026-06-29 18:57:00,2026-06-29 19:06:52,4,False
SESS0002633,2026-06-20 20:47:00,2026-06-20 20:53:34,4,False
SESS0002634,2026-06-05 20:51:00,2026-06-05 21:00:24,4,False
SESS0002635,2026-06-16 14:59:00,2026-06-16 15:05:54,4,False
SESS0002636,2026-06-09 10:26:00,2026-06-09 10:30:27,3,False
SESS0002637,2026-06-26 15:22:00,2026-06-26 15:23:25,3,False
SESS0002638,2026-06-08 19:48:00,2026-06-08 19:52:04,3,False
SESS0002639,2026-06-21 20:27:00,2026-06-21 20:36:06,5,False
SESS0002640,2026-06-28 17:05:00,2026-06-28 17:12:07,4,False
SESS0002641,2026-06-17 16:55:00,2026-06-17 17:07:36,8,True
SESS0002642,2026-06-22 18:53:00,2026-06-22 19:01:13,5,False
SESS0002643,2026-07-03 17:04:00,2026-07-03 17:20:30,9,True
SESS0002644,2026-06-12 23:19:00,2026-06-12 23:26:53,5,False
SESS0002645,2026-06-11 22:33:00,2026-06-11 22:43:50,7,False
SESS0002646,2026-06-24 20:04:00,2026-06-24 20:08:20,2,False
SESS0002647,2026-06-15 16:57:00,2026-06-15 17:01:25,2,False
SESS0002648,2026-06-24 14:49:00,2026-06-24 14:53:42,3,False
SESS0002649,2026-06-28 14:19:00,2026-06-28 14:27:12,5,False
SESS0002650,2026-06-07 18:21:00,2026-06-07 18:26:41,4,False
SESS0002651,2026-06-05 20:19:00,2026-06-05 20:28:33,8,True
SESS0002652,2026-06-29 17:13:00,2026-06-29 17:23:30,6,True
SESS0002653,2026-07-02 17:10:00,2026-07-02 17:14:43,3,False
SESS0002654,2026-06-08 17:33:00,2026-06-08 17:41:39,5,False
SESS0002655,2026-06-04 16:54:00,2026-06-04 16:57:02,2,False
SESS0002656,2026-06-21 17:45:00,2026-06-21 18:00:26,8,False
SESS0002657,2026-06-15 17:58:00,2026-06-15 18:02:24,3,False
SESS0002658,2026-06-16 18:24:00,2026-06-16 18:36:29,7,False
SESS0002659,2026-06-14 23:45:00,2026-06-14 23:54:42,5,False
SESS0002660,2026-06-21 15:47:00,2026-06-21 15:56:23,4,False
SESS0002661,2026-06-22 20:29:00,2026-06-22 20:37:04,3,False
SESS0002662,2026-06-26 13:42:00,2026-06-26 13:52:43,7,True
SESS0002663,2026-06-04 18:53:00,2026-06-04 18:57:27,3,False
SESS0002664,2026-06-08 19:40:00,2026-06-08 19:47:45,6,True
SESS0002665,2026-07-03 21:55:00,2026-07-03 22:18:23,13,True
SESS0002666,2026-06-17 20:17:00,2026-06-17 20:23:06,3,False
SESS0002667,2026-06-09 16:41:00,2026-06-09 16:43:39,2,False
SESS0002668,2026-06-15 23:32:00,2026-06-15 23:42:58,5,False
SESS0002669,2026-06-24 18:29:00,2026-06-24 18:32:32,3,False
SESS0002670,2026-06-27 17:45:00,2026-06-27 17:52:26,6,False
SESS0002671,2026-06-15 16:41:00,2026-06-15 16:46:42,3,False
SESS0002672,2026-06-20 19:06:00,2026-06-20 19:10:14,3,False
SESS0002673,2026-06-11 17:19:00,2026-06-11 17:28:18,4,False
SESS0002674,2026-06-16 19:11:00,2026-06-16 19:17:09,5,False
SESS0002675,2026-07-01 16:05:00,2026-07-01 16:16:42,7,False
SESS0002676,2026-06-18 14:34:00,2026-06-18 14:36:46,2,False
SESS0002677,2026-06-05 21:15:00,2026-06-05 21:22:49,7,False
SESS0002678,2026-06-07 21:50:00,2026-06-07 21:52:31,2,False
SESS0002679,2026-06-05 18:02:00,2026-06-05 18:09:07,3,False
SESS0002680,2026-06-22 15:04:00,2026-06-22 15:10:53,4,False
SESS0002681,2026-07-02 18:47:00,2026-07-02 18:55:06,5,False
SESS0002682,2026-06-19 19:50:00,2026-06-19 19:51:30,2,False
SESS0002683,2026-06-30 16:44:00,2026-06-30 16:48:35,3,False
SESS0002684,2026-06-20 16:31:00,2026-06-20 16:33:59,2,False
SESS0002685,2026-06-30 17:08:00,2026-06-30 17:15:02,6,False
SESS0002686,2026-06-11 20:20:00,2026-06-11 20:26:07,5,True
SESS0002687,2026-06-25 17:51:00,2026-06-25 17:58:46,5,False
SESS0002688,2026-06-24 19:28:00,2026-06-24 19:39:29,7,True
SESS0002689,2026-06-08 15:19:00,2026-06-08 15:24:39,5,False
SESS0002690,2026-06-20 21:43:00,2026-06-20 21:47:51,2,False
SESS0002691,2026-06-20 20:10:00,2026-06-20 20:13:54,3,False
SESS0002692,2026-06-28 15:22:00,2026-06-28 15:25:41,2,False
SESS0002693,2026-06-27 20:06:00,2026-06-27 20:13:53,5,False
SESS0002694,2026-06-24 15:33:00,2026-06-24 15:36:34,3,False
SESS0002695,2026-06-11 17:33:00,2026-06-11 17:34:33,2,False
SESS0002696,2026-06-12 20:35:00,2026-06-12 20:38:16,2,False
SESS0002697,2026-06-20 20:03:00,2026-06-20 20:05:39,2,False
SESS0002698,2026-06-18 17:39:00,2026-06-18 17:46:52,4,False
SESS0002699,2026-07-03 19:57:00,2026-07-03 20:06:11,6,True
SESS0002700,2026-06-10 21:34:00,2026-06-10 21:42:05,5,False
SESS0002701,2026-07-01 20:32:00,2026-07-01 20:35:45,2,False
SESS0002702,2026-06-13 21:39:00,2026-06-13 21:42:45,3,False
SESS0002703,2026-06-25 16:09:00,2026-06-25 16:12:49,3,False
SESS0002704,2026-06-18 19:16:00,2026-06-18 19:23:06,3,False
SESS0002705,2026-06-26 20:06:00,2026-06-26 20:09:45,3,False
SESS0002706,2026-06-25 18:50:00,2026-06-25 19:02:06,8,True
SESS0002707,2026-06-06 19:00:00,2026-06-06 19:07:30,5,False
SESS0002708,2026-07-01 21:07:00,2026-07-01 21:14:16,4,False
SESS0002709,2026-06-19 18:01:00,2026-06-19 18:07:46,5,False
SESS0002710,2026-06-14 20:52:00,2026-06-14 20:55:49,2,False
SESS0002711,2026-06-04 17:35:00,2026-06-04 17:45:51,7,True
SESS0002712,2026-06-29 17:12:00,2026-06-29 17:16:18,2,False
SESS0002713,2026-06-14 20:22:00,2026-06-14 20:27:50,4,False
SESS0002714,2026-06-28 19:34:00,2026-06-28 19:34:58,2,False
SESS0002715,2026-06-06 17:07:00,2026-06-06 17:24:06,12,False
SESS0002716,2026-07-02 19:04:00,2026-07-02 19:13:30,6,True
SESS0002717,2026-06-15 19:36:00,2026-06-15 19:51:42,9,False
SESS0002718,2026-06-19 19:18:00,2026-06-19 19:24:29,4,False
SESS0002719,2026-06-09 20:48:00,2026-06-09 21:00:36,6,True
SESS0002720,2026-06-19 16:21:00,2026-06-19 16:31:38,7,True
SESS0002721,2026-06-07 13:56:00,2026-06-07 14:04:46,7,False
SESS0002722,2026-06-09 15:20:00,2026-06-09 15:23:58,2,False
SESS0002723,2026-06-08 12:00:00,2026-06-08 12:10:13,8,True
SESS0002724,2026-06-08 17:55:00,2026-06-08 18:11:03,8,True
SESS0002725,2026-06-16 17:52:00,2026-06-16 18:01:23,6,False
SESS0002726,2026-06-20 23:34:00,2026-06-20 23:41:26,4,False
SESS0002727,2026-06-08 19:14:00,2026-06-08 19:24:08,6,False
SESS0002728,2026-06-28 17:52:00,2026-06-28 17:56:41,3,False
SESS0002729,2026-06-26 20:24:00,2026-06-26 20:28:12,2,False
SESS0002730,2026-06-22 18:58:00,2026-06-22 19:04:00,5,False
SESS0002731,2026-06-08 23:47:00,2026-06-08 23:52:31,4,False
SESS0002732,2026-07-02 18:42:00,2026-07-02 18:46:03,4,False
SESS0002733,2026-06-28 23:24:00,2026-06-28 23:31:59,4,False
SESS0002734,2026-06-16 19:20:00,2026-06-16 19:24:33,4,False
SESS0002735,2026-06-07 14:26:00,2026-06-07 14:35:59,6,True
SESS0002736,2026-06-22 21:25:00,2026-06-22 21:31:57,5,False
SESS0002737,2026-06-13 18:25:00,2026-06-13 18:29:17,3,False
SESS0002738,2026-06-06 15:09:00,2026-06-06 15:14:46,3,False
SESS0002739,2026-06-11 17:14:00,2026-06-11 17:36:59,14,False
SESS0002740,2026-06-28 23:29:00,2026-06-28 23:39:07,6,False
SESS0002741,2026-06-18 19:00:00,2026-06-18 19:17:34,10,False
SESS0002742,2026-06-19 21:30:00,2026-06-19 21:34:09,2,False
SESS0002743,2026-06-29 17:29:00,2026-06-29 17:33:25,3,False
SESS0002744,2026-06-24 21:24:00,2026-06-24 21:28:52,4,False
SESS0002745,2026-06-05 23:42:00,2026-06-05 23:44:51,3,False
SESS0002746,2026-06-13 19:42:00,2026-06-13 19:52:23,7,False
SESS0002747,2026-06-07 19:12:00,2026-06-07 19:26:38,10,True
SESS0002748,2026-06-30 17:55:00,2026-06-30 18:05:37,4,False
SESS0002749,2026-06-23 21:54:00,2026-06-23 21:54:57,2,False
SESS0002750,2026-06-25 17:16:00,2026-06-25 17:22:22,3,False
SESS0002751,2026-06-26 14:13:00,2026-06-26 14:15:58,3,False
SESS0002752,2026-06-08 21:07:00,2026-06-08 21:14:38,4,False
SESS0002753,2026-06-20 22:46:00,2026-06-20 22:49:08,4,False
SESS0002754,2026-06-20 22:56:00,2026-06-20 22:59:10,3,False
SESS0002755,2026-06-19 18:58:00,2026-06-19 19:06:27,5,False
SESS0002756,2026-06-14 14:05:00,2026-06-14 14:23:15,10,False
SESS0002757,2026-06-05 19:05:00,2026-06-05 19:11:59,3,False
SESS0002758,2026-06-20 16:52:00,2026-06-20 16:58:54,5,False
SESS0002759,2026-06-10 18:18:00,2026-06-10 18:21:12,3,False
SESS0002760,2026-06-14 22:35:00,2026-06-14 22:45:03,6,True
SESS0002761,2026-06-12 14:39:00,2026-06-12 14:58:45,12,False
SESS0002762,2026-06-13 13:32:00,2026-06-13 13:57:57,14,False
SESS0002763,2026-06-10 13:36:00,2026-06-10 13:41:38,3,False
SESS0002764,2026-06-30 15:42:00,2026-06-30 15:53:13,8,True
SESS0002765,2026-06-17 21:34:00,2026-06-17 21:49:55,10,True
SESS0002766,2026-06-08 18:54:00,2026-06-08 19:01:27,5,False
SESS0002767,2026-06-09 22:43:00,2026-06-09 22:51:59,6,False
SESS0002768,2026-06-04 23:41:00,2026-06-04 23:46:07,4,False
SESS0002769,2026-07-02 15:56:00,2026-07-02 16:06:16,8,False
SESS0002770,2026-06-18 20:21:00,2026-06-18 20:39:14,10,True
SESS0002771,2026-07-02 17:37:00,2026-07-02 17:52:21,9,True
SESS0002772,2026-06-04 22:45:00,2026-06-04 23:10:58,14,False
SESS0002773,2026-06-30 15:26:00,2026-06-30 15:35:26,4,False
SESS0002774,2026-06-14 22:16:00,2026-06-14 22:20:31,3,False
SESS0002775,2026-06-08 16:48:00,2026-06-08 17:00:20,8,False
SESS0002776,2026-06-17 14:03:00,2026-06-17 14:08:03,3,False
SESS0002777,2026-06-27 23:54:00,2026-06-28 00:02:55,5,True
SESS0002778,2026-06-15 23:28:00,2026-06-15 23:31:16,2,False
SESS0002779,2026-06-11 19:08:00,2026-06-11 19:17:48,6,False
SESS0002780,2026-06-28 13:32:00,2026-06-28 13:36:25,3,False
SESS0002781,2026-06-24 23:06:00,2026-06-24 23:15:11,5,False
SESS0002782,2026-07-02 23:27:00,2026-07-02 23:32:51,4,False
SESS0002783,2026-06-07 21:46:00,2026-06-07 21:50:27,2,False
SESS0002784,2026-06-14 20:56:00,2026-06-14 21:07:46,8,True
SESS0002785,2026-06-04 19:08:00,2026-06-04 19:13:54,6,False
SESS0002786,2026-06-20 21:08:00,2026-06-20 21:16:54,5,False
SESS0002787,2026-06-09 22:31:00,2026-06-09 22:42:20,8,True
SESS0002788,2026-06-13 20:46:00,2026-06-13 20:49:50,3,False
SESS0002789,2026-06-21 16:09:00,2026-06-21 16:16:22,3,False
SESS0002790,2026-06-24 19:49:00,2026-06-24 20:00:01,8,False
SESS0002791,2026-06-13 23:44:00,2026-06-13 23:53:14,6,False
SESS0002792,2026-06-08 20:45:00,2026-06-08 20:55:35,6,True
SESS0002793,2026-06-17 22:44:00,2026-06-17 22:50:37,5,False
SESS0002794,2026-06-06 20:42:00,2026-06-06 20:55:33,8,False
SESS0002795,2026-07-03 14:44:00,2026-07-03 14:49:04,3,False
SESS0002796,2026-06-12 23:26:00,2026-06-12 23:30:22,3,False
SESS0002797,2026-06-09 19:06:00,2026-06-09 19:14:27,5,True
SESS0002798,2026-06-04 20:44:00,2026-06-04 20:54:56,8,False
SESS0002799,2026-06-29 14:21:00,2026-06-29 14:27:40,3,False
SESS0002800,2026-06-19 18:33:00,2026-06-19 18:36:47,3,False
SESS0002801,2026-06-10 16:33:00,2026-06-10 16:45:49,8,False
SESS0002802,2026-06-14 15:00:00,2026-06-14 15:09:44,5,False
SESS0002803,2026-06-15 18:23:00,2026-06-15 18:28:40,3,False
SESS0002804,2026-06-12 17:52:00,2026-06-12 18:19:59,14,False
SESS0002805,2026-06-09 14:15:00,2026-06-09 14:20:45,4,False
SESS0002806,2026-06-13 22:40:00,2026-06-13 22:43:22,2,False
SESS0002807,2026-06-04 17:52:00,2026-06-04 17:56:44,3,False
SESS0002808,2026-06-27 21:49:00,2026-06-27 21:57:07,4,False
SESS0002809,2026-06-26 21:46:00,2026-06-26 21:55:29,7,True
SESS0002810,2026-06-20 19:40:00,2026-06-20 19:45:43,3,False
SESS0002811,2026-06-21 19:40:00,2026-06-21 19:51:52,6,False
SESS0002812,2026-06-29 15:32:00,2026-06-29 15:37:51,3,False
SESS0002813,2026-06-17 17:26:00,2026-06-17 17:32:59,4,False
SESS0002814,2026-06-04 19:33:00,2026-06-04 19:38:54,4,False
SESS0002815,2026-06-05 16:53:00,2026-06-05 16:59:33,5,True
SESS0002816,2026-07-02 20:46:00,2026-07-02 20:50:15,2,False
SESS0002817,2026-06-11 18:14:00,2026-06-11 18:23:30,5,False
SESS0002818,2026-06-23 18:56:00,2026-06-23 18:57:09,2,False
SESS0002819,2026-06-06 23:57:00,2026-06-07 00:14:16,10,False
SESS0002820,2026-06-16 21:21:00,2026-06-16 21:24:53,2,False
SESS0002821,2026-06-07 23:22:00,2026-06-07 23:26:22,2,False
SESS0002822,2026-06-08 21:57:00,2026-06-08 22:04:40,7,False
SESS0002823,2026-07-01 17:27:00,2026-07-01 17:39:00,8,True
SESS0002824,2026-06-05 18:58:00,2026-06-05 19:05:14,3,False
SESS0002825,2026-06-05 16:42:00,2026-06-05 16:50:07,5,False
SESS0002826,2026-06-09 14:04:00,2026-06-09 14:09:27,3,False
SESS0002827,2026-06-08 18:16:00,2026-06-08 18:39:18,14,False
SESS0002828,2026-06-29 23:14:00,2026-06-29 23:26:53,9,False
SESS0002829,2026-06-16 21:48:00,2026-06-16 22:01:46,8,True
SESS0002830,2026-06-22 15:10:00,2026-06-22 15:21:29,6,False
SESS0002831,2026-06-12 18:31:00,2026-06-12 18:36:16,3,False
SESS0002832,2026-06-25 16:15:00,2026-06-25 16:18:56,2,False
SESS0002833,2026-06-30 19:57:00,2026-06-30 20:05:56,6,True
SESS0002834,2026-07-03 19:40:00,2026-07-03 19:43:44,3,False
SESS0002835,2026-06-22 20:35:00,2026-06-22 20:47:53,8,True
SESS0002836,2026-06-15 21:39:00,2026-06-15 21:48:39,4,False
SESS0002837,2026-06-10 15:59:00,2026-06-10 16:08:02,7,True
SESS0002838,2026-06-19 18:11:00,2026-06-19 18:21:22,6,False
SESS0002839,2026-06-18 22:58:00,2026-06-18 23:05:49,5,True
SESS0002840,2026-06-13 14:46:00,2026-06-13 14:51:17,2,False
SESS0002841,2026-06-04 20:21:00,2026-06-04 20:28:15,4,False
SESS0002842,2026-06-24 21:01:00,2026-06-24 21:06:09,3,False
SESS0002843,2026-07-01 15:14:00,2026-07-01 15:16:58,2,False
SESS0002844,2026-06-07 18:05:00,2026-06-07 18:11:24,3,False
SESS0002845,2026-06-22 18:49:00,2026-06-22 18:49:35,2,False
SESS0002846,2026-06-16 20:04:00,2026-06-16 20:11:47,6,True
SESS0002847,2026-07-01 14:10:00,2026-07-01 14:20:02,6,True
SESS0002848,2026-06-26 14:50:00,2026-06-26 14:53:12,2,False
SESS0002849,2026-06-05 22:15:00,2026-06-05 22:32:49,14,False
SESS0002850,2026-06-07 19:28:00,2026-06-07 19:44:09,8,True
SESS0002851,2026-06-04 20:52:00,2026-06-04 21:00:38,5,False
SESS0002852,2026-06-26 16:43:00,2026-06-26 16:49:25,3,False
SESS0002853,2026-06-05 19:41:00,2026-06-05 19:43:57,2,False
SESS0002854,2026-06-29 20:38:00,2026-06-29 20:46:26,6,True
SESS0002855,2026-06-20 23:57:00,2026-06-21 00:04:00,4,False
SESS0002856,2026-06-18 13:59:00,2026-06-18 14:03:29,5,False
SESS0002857,2026-07-01 23:28:00,2026-07-01 23:30:28,3,False
SESS0002858,2026-06-12 14:48:00,2026-06-12 14:52:08,2,False
SESS0002859,2026-06-12 19:49:00,2026-06-12 19:55:49,3,False
SESS0002860,2026-06-24 20:54:00,2026-06-24 21:10:05,9,True
SESS0002861,2026-06-27 20:30:00,2026-06-27 20:39:18,5,False
SESS0002862,2026-06-27 15:09:00,2026-06-27 15:10:57,2,False
SESS0002863,2026-06-14 22:08:00,2026-06-14 22:15:09,7,False
SESS0002864,2026-06-11 20:13:00,2026-06-11 20:36:15,14,False
SESS0002865,2026-06-23 16:14:00,2026-06-23 16:16:51,2,False
SESS0002866,2026-06-15 15:45:00,2026-06-15 15:55:05,7,True
SESS0002867,2026-06-23 23:33:00,2026-06-23 23:39:59,5,False
SESS0002868,2026-06-16 21:54:00,2026-06-16 21:57:55,3,False
SESS0002869,2026-06-11 15:54:00,2026-06-11 16:01:04,4,False
SESS0002870,2026-06-26 19:44:00,2026-06-26 19:45:10,3,False
SESS0002871,2026-06-06 21:45:00,2026-06-06 21:59:00,9,True
SESS0002872,2026-06-25 21:39:00,2026-06-25 22:03:22,14,False
SESS0002873,2026-06-28 23:05:00,2026-06-28 23:10:59,4,False
SESS0002874,2026-06-30 20:54:00,2026-06-30 21:10:06,11,False
SESS0002875,2026-06-23 18:03:00,2026-06-23 18:17:15,10,True
SESS0002876,2026-06-05 21:26:00,2026-06-05 21:34:05,4,False
SESS0002877,2026-06-21 23:55:00,2026-06-21 23:55:48,2,False
SESS0002878,2026-06-24 14:52:00,2026-06-24 14:55:47,2,False
SESS0002879,2026-06-10 16:49:00,2026-06-10 16:57:10,5,False
SESS0002880,2026-06-25 23:53:00,2026-06-26 00:07:31,7,False
SESS0002881,2026-06-22 19:29:00,2026-06-22 19:36:53,6,False
SESS0002882,2026-06-17 23:59:00,2026-06-18 00:09:46,7,True
SESS0002883,2026-06-23 20:01:00,2026-06-23 20:08:04,5,False
SESS0002884,2026-06-21 20:27:00,2026-06-21 20:37:22,9,True
SESS0002885,2026-06-16 23:41:00,2026-06-16 23:50:40,5,False
SESS0002886,2026-06-04 19:52:00,2026-06-04 19:56:14,2,False
SESS0002887,2026-06-11 14:32:00,2026-06-11 14:43:14,7,False
SESS0002888,2026-06-18 17:43:00,2026-06-18 17:51:04,6,True
SESS0002889,2026-06-05 21:17:00,2026-06-05 21:28:03,6,False
SESS0002890,2026-06-12 17:48:00,2026-06-12 17:58:15,6,True
SESS0002891,2026-06-15 18:37:00,2026-06-15 18:43:49,4,False
SESS0002892,2026-06-10 21:19:00,2026-06-10 21:21:11,2,False
SESS0002893,2026-06-16 23:19:00,2026-06-16 23:31:49,8,False
SESS0002894,2026-07-03 19:45:00,2026-07-03 19:50:06,5,False
SESS0002895,2026-06-11 19:44:00,2026-06-11 19:50:48,5,False
SESS0002896,2026-06-26 20:14:00,2026-06-26 20:22:35,5,False
SESS0002897,2026-06-19 15:05:00,2026-06-19 15:10:10,3,False
SESS0002898,2026-06-23 19:13:00,2026-06-23 19:19:43,5,False
SESS0002899,2026-06-12 17:57:00,2026-06-12 17:58:19,2,False
SESS0002900,2026-06-17 21:25:00,2026-06-17 21:29:06,3,False
SESS0002901,2026-07-03 19:37:00,2026-07-03 19:50:53,6,False
SESS0002902,2026-06-09 21:23:00,2026-06-09 21:32:36,6,True
SESS0002903,2026-07-02 18:51:00,2026-07-02 18:55:03,2,False
SESS0002904,2026-06-21 17:05:00,2026-06-21 17:10:47,3,False
SESS0002905,2026-06-18 16:18:00,2026-06-18 16:23:25,4,False
SESS0002906,2026-06-11 17:21:00,2026-06-11 17:29:10,6,True
SESS0002907,2026-06-15 19:41:00,2026-06-15 19:44:08,2,False
SESS0002908,2026-06-18 19:46:00,2026-06-18 19:48:09,2,False
SESS0002909,2026-07-03 20:07:00,2026-07-03 20:14:58,5,True
SESS0002910,2026-06-26 19:49:00,2026-06-26 19:52:18,2,False
SESS0002911,2026-06-12 22:45:00,2026-06-12 22:50:41,3,False
SESS0002912,2026-06-15 19:49:00,2026-06-15 19:52:04,2,False
SESS0002913,2026-06-12 14:21:00,2026-06-12 14:30:40,6,False
SESS0002914,2026-06-24 21:04:00,2026-06-24 21:18:57,8,True
SESS0002915,2026-06-28 17:00:00,2026-06-28 17:06:48,5,False
SESS0002916,2026-06-09 21:40:00,2026-06-09 21:54:46,10,False
SESS0002917,2026-06-22 15:04:00,2026-06-22 15:09:11,5,False
SESS0002918,2026-06-26 18:55:00,2026-06-26 19:12:37,9,False
SESS0002919,2026-06-06 12:06:00,2026-06-06 12:09:47,2,False
SESS0002920,2026-06-22 19:07:00,2026-06-22 19:24:51,11,False
SESS0002921,2026-06-10 23:35:00,2026-06-10 23:35:42,2,False
SESS0002922,2026-06-08 17:24:00,2026-06-08 17:36:09,7,True
SESS0002923,2026-06-26 22:49:00,2026-06-26 22:51:52,2,False
SESS0002924,2026-06-07 18:58:00,2026-06-07 19:06:20,6,True
SESS0002925,2026-06-18 21:13:00,2026-06-18 21:17:46,2,False
SESS0002926,2026-07-01 18:53:00,2026-07-01 19:01:07,6,True
SESS0002927,2026-06-23 19:33:00,2026-06-23 19:44:03,5,True
SESS0002928,2026-07-03 15:53:00,2026-07-03 15:57:28,4,False
SESS0002929,2026-06-24 19:48:00,2026-06-24 19:50:18,2,False
SESS0002930,2026-06-26 23:41:00,2026-06-26 23:46:26,2,False
SESS0002931,2026-06-28 18:31:00,2026-06-28 18:39:34,5,False
SESS0002932,2026-06-23 23:38:00,2026-06-23 23:46:21,6,True
SESS0002933,2026-06-30 17:23:00,2026-06-30 17:28:01,4,False
SESS0002934,2026-06-22 21:23:00,2026-06-22 21:29:08,4,False
SESS0002935,2026-06-19 16:43:00,2026-06-19 16:50:01,4,False
SESS0002936,2026-06-11 18:30:00,2026-06-11 18:31:07,2,False
SESS0002937,2026-06-29 19:31:00,2026-06-29 19:50:14,11,False
SESS0002938,2026-06-18 18:09:00,2026-06-18 18:10:10,2,False
SESS0002939,2026-06-26 21:04:00,2026-06-26 21:09:52,2,False
SESS0002940,2026-06-18 21:40:00,2026-06-18 21:41:40,2,False
SESS0002941,2026-06-16 16:17:00,2026-06-16 16:25:16,6,False
SESS0002942,2026-06-06 16:01:00,2026-06-06 16:02:10,2,False
SESS0002943,2026-06-29 18:14:00,2026-06-29 18:25:01,5,False
SESS0002944,2026-06-20 19:12:00,2026-06-20 19:17:51,3,False
SESS0002945,2026-06-07 18:05:00,2026-06-07 18:05:55,2,False
SESS0002946,2026-06-14 19:10:00,2026-06-14 19:15:08,3,False
SESS0002947,2026-06-24 23:53:00,2026-06-24 23:54:02,2,False
SESS0002948,2026-06-14 14:40:00,2026-06-14 14:47:26,7,True
SESS0002949,2026-06-06 20:58:00,2026-06-06 21:03:20,3,False
SESS0002950,2026-06-06 18:44:00,2026-06-06 18:52:52,6,True
SESS0002951,2026-06-24 19:29:00,2026-06-24 19:31:28,2,False
SESS0002952,2026-06-23 17:37:00,2026-06-23 17:50:29,8,False
SESS0002953,2026-06-22 19:29:00,2026-06-22 19:40:28,7,False
SESS0002954,2026-06-14 20:45:00,2026-06-14 20:46:26,2,False
SESS0002955,2026-06-08 16:18:00,2026-06-08 16:29:48,6,False
SESS0002956,2026-07-03 23:53:00,2026-07-03 23:58:32,3,False
SESS0002957,2026-06-05 16:48:00,2026-06-05 17:00:06,9,True
SESS0002958,2026-06-06 17:56:00,2026-06-06 18:12:26,8,False
SESS0002959,2026-06-17 19:42:00,2026-06-17 19:56:05,8,False
SESS0002960,2026-07-01 20:00:00,2026-07-01 20:16:36,9,False
SESS0002961,2026-06-21 23:49:00,2026-06-21 23:58:42,7,False
SESS0002962,2026-07-02 18:31:00,2026-07-02 18:33:13,2,False
SESS0002963,2026-06-20 21:28:00,2026-06-20 21:35:02,4,False
SESS0002964,2026-06-04 23:10:00,2026-06-04 23:15:09,3,False
SESS0002965,2026-06-13 15:25:00,2026-06-13 15:29:35,3,False
SESS0002966,2026-06-05 21:36:00,2026-06-05 21:55:28,10,True
SESS0002967,2026-06-16 18:41:00,2026-06-16 18:47:54,3,False
SESS0002968,2026-06-26 19:55:00,2026-06-26 19:59:39,3,False
SESS0002969,2026-06-25 20:33:00,2026-06-25 20:37:22,3,False
SESS0002970,2026-06-20 20:52:00,2026-06-20 20:55:11,3,False
SESS0002971,2026-06-13 19:20:00,2026-06-13 19:31:26,7,False
SESS0002972,2026-06-08 16:58:00,2026-06-08 17:10:34,7,True
SESS0002973,2026-06-29 17:41:00,2026-06-29 17:51:10,5,False
SESS0002974,2026-06-30 23:18:00,2026-06-30 23:27:36,6,True
SESS0002975,2026-07-02 18:05:00,2026-07-02 18:10:23,3,False
SESS0002976,2026-06-07 22:12:00,2026-06-07 22:15:55,2,False
SESS0002977,2026-06-14 17:30:00,2026-06-14 17:35:10,3,False
SESS0002978,2026-06-20 20:57:00,2026-06-20 21:00:45,3,False
SESS0002979,2026-07-01 17:04:00,2026-07-01 17:09:03,4,False
SESS0002980,2026-06-17 23:30:00,2026-06-17 23:33:38,3,False
SESS0002981,2026-06-20 18:04:00,2026-06-20 18:09:17,2,False
SESS0002982,2026-06-05 18:00:00,2026-06-05 18:05:54,3,False
SESS0002983,2026-06-10 16:49:00,2026-06-10 16:55:19,3,False
SESS0002984,2026-06-10 17:15:00,2026-06-10 17:19:27,2,False
SESS0002985,2026-06-25 23:35:00,2026-06-25 23:48:18,7,False
SESS0002986,2026-06-09 14:38:00,2026-06-09 14:41:28,3,False
SESS0002987,2026-06-14 19:38:00,2026-06-14 19:49:32,10,True
SESS0002988,2026-06-07 19:08:00,2026-06-07 19:19:04,7,True
SESS0002989,2026-06-17 22:45:00,2026-06-17 22:56:19,5,True
SESS0002990,2026-06-08 19:09:00,2026-06-08 19:12:01,3,False
SESS0002991,2026-07-01 14:12:00,2026-07-01 14:15:00,2,False
SESS0002992,2026-06-11 16:12:00,2026-06-11 16:17:02,3,False
SESS0002993,2026-07-02 11:29:00,2026-07-02 11:49:25,14,False
SESS0002994,2026-07-03 15:54:00,2026-07-03 16:07:49,9,False
SESS0002995,2026-06-25 18:29:00,2026-06-25 18:47:25,9,False
SESS0002996,2026-06-27 12:41:00,2026-06-27 12:42:17,2,False
SESS0002997,2026-06-10 15:32:00,2026-06-10 15:41:06,6,False
SESS0002998,2026-06-19 16:30:00,2026-06-19 16:36:17,4,False
SESS0002999,2026-07-02 21:47:00,2026-07-02 21:55:25,6,True
SESS0003000,2026-06-06 16:36:00,2026-06-06 16:45:38,7,True
SESS0003001,2026-06-13 16:06:00,2026-06-13 16:20:58,12,True
SESS0003002,2026-06-12 22:13:00,2026-06-12 22:20:01,4,False
SESS0003003,2026-06-27 17:30:00,2026-06-27 17:33:32,3,False
SESS0003004,2026-06-15 19:58:00,2026-06-15 20:02:53,3,False
SESS0003005,2026-06-12 17:12:00,2026-06-12 17:17:17,5,False
SESS0003006,2026-06-14 14:45:00,2026-06-14 14:57:27,8,False
SESS0003007,2026-06-23 18:12:00,2026-06-23 18:14:48,2,False
SESS0003008,2026-06-08 22:59:00,2026-06-08 23:06:22,5,True
SESS0003009,2026-06-04 17:51:00,2026-06-04 17:54:21,2,False
SESS0003010,2026-06-20 16:49:00,2026-06-20 17:05:40,8,False
SESS0003011,2026-06-28 23:00:00,2026-06-28 23:04:18,3,False
SESS0003012,2026-06-20 21:03:00,2026-06-20 21:12:10,6,False
SESS0003013,2026-06-10 12:00:00,2026-06-10 12:09:59,6,False
SESS0003014,2026-06-23 22:18:00,2026-06-23 22:26:40,5,False
SESS0003015,2026-07-01 17:06:00,2026-07-01 17:21:07,8,True
SESS0003016,2026-06-25 20:36:00,2026-06-25 20:43:24,7,True
SESS0003017,2026-06-09 22:53:00,2026-06-09 22:56:42,2,False
SESS0003018,2026-06-25 21:25:00,2026-06-25 21:30:30,5,False
SESS0003019,2026-06-06 23:38:00,2026-06-06 23:44:41,5,False
SESS0003020,2026-06-20 22:59:00,2026-06-20 23:01:32,4,False
SESS0003021,2026-06-27 17:27:00,2026-06-27 17:28:56,2,False
SESS0003022,2026-06-22 13:24:00,2026-06-22 13:40:08,9,False
SESS0003023,2026-06-27 18:27:00,2026-06-27 18:34:29,4,False
SESS0003024,2026-06-22 18:23:00,2026-06-22 18:32:35,6,False
SESS0003025,2026-06-17 22:31:00,2026-06-17 22:33:26,2,False
SESS0003026,2026-06-05 13:08:00,2026-06-05 13:18:42,6,False
SESS0003027,2026-06-12 22:26:00,2026-06-12 22:28:36,2,False
SESS0003028,2026-06-28 23:52:00,2026-06-28 23:55:57,3,False
SESS0003029,2026-06-23 19:24:00,2026-06-23 19:44:46,13,True
SESS0003030,2026-06-11 18:30:00,2026-06-11 18:39:24,5,False
SESS0003031,2026-06-21 21:30:00,2026-06-21 21:39:22,6,True
SESS0003032,2026-06-30 23:09:00,2026-06-30 23:16:01,5,False
SESS0003033,2026-06-22 15:32:00,2026-06-22 15:46:27,9,False
SESS0003034,2026-06-17 15:19:00,2026-06-17 15:31:07,5,False
SESS0003035,2026-06-25 18:07:00,2026-06-25 18:11:17,3,False
SESS0003036,2026-06-07 20:33:00,2026-06-07 20:38:38,4,False
SESS0003037,2026-06-23 18:31:00,2026-06-23 18:43:20,6,False
SESS0003038,2026-06-22 13:05:00,2026-06-22 13:23:33,12,False
SESS0003039,2026-06-14 16:47:00,2026-06-14 16:53:14,3,False
SESS0003040,2026-06-25 20:06:00,2026-06-25 20:11:25,4,False
SESS0003041,2026-06-20 22:39:00,2026-06-20 22:42:26,2,False
SESS0003042,2026-06-07 19:13:00,2026-06-07 19:23:40,6,False
SESS0003043,2026-06-25 21:37:00,2026-06-25 21:39:25,2,False
SESS0003044,2026-06-26 14:40:00,2026-06-26 14:45:56,3,False
SESS0003045,2026-06-28 17:22:00,2026-06-28 17:24:47,2,False
SESS0003046,2026-06-05 23:09:00,2026-06-05 23:18:09,5,False
SESS0003047,2026-06-27 21:55:00,2026-06-27 22:08:22,8,False
SESS0003048,2026-06-12 18:33:00,2026-06-12 18:39:22,3,False
SESS0003049,2026-06-16 16:44:00,2026-06-16 16:45:48,3,False
SESS0003050,2026-06-09 16:45:00,2026-06-09 16:56:17,7,False
SESS0003051,2026-06-14 17:20:00,2026-06-14 17:22:46,2,False
SESS0003052,2026-06-09 16:48:00,2026-06-09 16:59:59,8,False
SESS0003053,2026-07-03 18:50:00,2026-07-03 18:57:49,6,True
SESS0003054,2026-06-23 19:40:00,2026-06-23 19:53:22,8,True
SESS0003055,2026-06-13 21:12:00,2026-06-13 21:21:27,6,True
SESS0003056,2026-06-19 20:38:00,2026-06-19 20:43:06,3,False
SESS0003057,2026-06-14 18:51:00,2026-06-14 19:02:11,8,False
SESS0003058,2026-06-15 17:54:00,2026-06-15 18:04:38,8,True
SESS0003059,2026-07-01 18:32:00,2026-07-01 18:42:29,6,True
SESS0003060,2026-06-05 19:33:00,2026-06-05 19:35:23,2,False
SESS0003061,2026-06-10 17:30:00,2026-06-10 17:43:19,8,False
SESS0003062,2026-06-26 15:26:00,2026-06-26 15:31:19,2,False
SESS0003063,2026-06-05 20:27:00,2026-06-05 20:38:36,6,False
SESS0003064,2026-06-16 22:50:00,2026-06-16 22:56:07,4,False
SESS0003065,2026-06-29 17:28:00,2026-06-29 17:37:01,5,False
SESS0003066,2026-06-17 19:09:00,2026-06-17 19:16:28,4,False
SESS0003067,2026-07-02 20:10:00,2026-07-02 20:20:17,6,True
SESS0003068,2026-06-25 16:23:00,2026-06-25 16:28:54,4,False
SESS0003069,2026-06-23 21:45:00,2026-06-23 21:58:43,10,False
SESS0003070,2026-06-22 20:45:00,2026-06-22 20:50:43,3,False
SESS0003071,2026-07-03 20:31:00,2026-07-03 20:40:40,5,False
SESS0003072,2026-06-26 20:26:00,2026-06-26 20:30:09,2,False
SESS0003073,2026-06-04 13:05:00,2026-06-04 13:11:50,6,False
SESS0003074,2026-06-11 19:42:00,2026-06-11 19:44:45,2,False
SESS0003075,2026-06-24 16:28:00,2026-06-24 16:37:29,7,True
SESS0003076,2026-06-05 16:29:00,2026-06-05 16:31:52,2,False
SESS0003077,2026-06-22 22:53:00,2026-06-22 23:01:13,6,False
SESS0003078,2026-06-18 21:35:00,2026-06-18 21:41:23,3,False
SESS0003079,2026-06-11 23:29:00,2026-06-11 23:34:18,3,False
SESS0003080,2026-06-10 19:11:00,2026-06-10 19:24:03,10,True
SESS0003081,2026-06-23 18:30:00,2026-06-23 18:39:39,6,True
SESS0003082,2026-06-04 22:23:00,2026-06-04 22:31:27,5,True
SESS0003083,2026-06-22 23:49:00,2026-06-23 00:07:36,10,True
SESS0003084,2026-06-10 16:35:00,2026-06-10 16:41:02,5,True
SESS0003085,2026-06-10 16:32:00,2026-06-10 16:42:04,5,False
SESS0003086,2026-06-27 21:53:00,2026-06-27 22:02:46,5,False
SESS0003087,2026-06-20 15:32:00,2026-06-20 15:39:03,4,False
SESS0003088,2026-06-26 23:54:00,2026-06-27 00:04:07,7,False
SESS0003089,2026-07-02 16:24:00,2026-07-02 16:36:21,7,False
SESS0003090,2026-06-04 18:36:00,2026-06-04 18:41:23,4,False
SESS0003091,2026-06-08 18:56:00,2026-06-08 18:58:40,2,False
SESS0003092,2026-06-15 17:45:00,2026-06-15 17:47:10,2,False
SESS0003093,2026-07-03 18:56:00,2026-07-03 19:10:43,9,False
SESS0003094,2026-06-05 18:56:00,2026-06-05 19:03:09,4,False
SESS0003095,2026-06-21 21:43:00,2026-06-21 21:45:06,2,False
SESS0003096,2026-06-16 20:38:00,2026-06-16 20:41:05,2,False
SESS0003097,2026-07-02 21:38:00,2026-07-02 21:43:03,2,False
SESS0003098,2026-06-26 19:20:00,2026-06-26 19:25:57,5,False
SESS0003099,2026-06-25 23:56:00,2026-06-26 00:05:30,5,True
SESS0003100,2026-06-15 18:19:00,2026-06-15 18:26:31,5,False
SESS0003101,2026-06-19 14:52:00,2026-06-19 15:07:58,9,False
SESS0003102,2026-06-23 18:09:00,2026-06-23 18:19:08,7,False
SESS0003103,2026-06-20 17:04:00,2026-06-20 17:10:22,5,False
SESS0003104,2026-06-27 21:58:00,2026-06-27 22:00:22,3,False
SESS0003105,2026-06-08 19:53:00,2026-06-08 20:00:33,6,True
SESS0003106,2026-06-18 22:58:00,2026-06-18 23:09:09,7,True
SESS0003107,2026-06-15 23:50:00,2026-06-15 23:59:43,4,False
SESS0003108,2026-06-15 18:34:00,2026-06-15 18:50:24,8,True
SESS0003109,2026-06-07 16:11:00,2026-06-07 16:17:32,5,True
SESS0003110,2026-06-13 21:48:00,2026-06-13 21:50:59,2,False
SESS0003111,2026-06-05 19:08:00,2026-06-05 19:09:57,3,False
SESS0003112,2026-06-07 23:03:00,2026-06-07 23:10:39,5,False
SESS0003113,2026-06-05 20:34:00,2026-06-05 20:36:22,2,False
SESS0003114,2026-06-29 15:18:00,2026-06-29 15:24:30,3,False
SESS0003115,2026-06-17 22:52:00,2026-06-17 22:56:42,4,False
SESS0003116,2026-06-04 22:09:00,2026-06-04 22:28:31,10,False
SESS0003117,2026-06-19 23:13:00,2026-06-19 23:13:49,2,False
SESS0003118,2026-06-04 20:24:00,2026-06-04 20:32:58,7,True
SESS0003119,2026-06-30 23:54:00,2026-06-30 23:58:42,2,False
SESS0003120,2026-06-07 20:21:00,2026-06-07 20:27:10,5,False
SESS0003121,2026-06-19 17:47:00,2026-06-19 18:00:38,8,False
SESS0003122,2026-06-19 14:15:00,2026-06-19 14:19:04,2,False
SESS0003123,2026-06-06 17:07:00,2026-06-06 17:09:36,2,False
SESS0003124,2026-06-09 15:38:00,2026-06-09 15:41:50,2,False
SESS0003125,2026-06-09 21:04:00,2026-06-09 21:14:37,5,False
SESS0003126,2026-06-16 19:30:00,2026-06-16 19:36:26,5,False
SESS0003127,2026-06-05 22:02:00,2026-06-05 22:10:51,5,False
SESS0003128,2026-07-02 22:19:00,2026-07-02 22:20:54,2,False
SESS0003129,2026-06-19 23:31:00,2026-06-19 23:37:11,4,False
SESS0003130,2026-06-19 15:56:00,2026-06-19 16:05:35,5,True
SESS0003131,2026-06-23 19:43:00,2026-06-23 19:48:38,4,False
SESS0003132,2026-06-14 18:37:00,2026-06-14 18:41:04,4,False
SESS0003133,2026-06-25 19:22:00,2026-06-25 19:27:09,3,False
SESS0003134,2026-06-21 21:32:00,2026-06-21 21:41:08,5,False
SESS0003135,2026-07-01 13:10:00,2026-07-01 13:22:34,7,False
SESS0003136,2026-06-10 17:34:00,2026-06-10 17:38:55,3,False
SESS0003137,2026-06-06 19:31:00,2026-06-06 19:36:16,3,False
SESS0003138,2026-06-10 18:28:00,2026-06-10 18:33:48,4,False
SESS0003139,2026-06-30 18:28:00,2026-06-30 18:36:25,4,False
SESS0003140,2026-06-17 22:50:00,2026-06-17 22:54:53,5,False
SESS0003141,2026-06-29 15:50:00,2026-06-29 16:01:24,6,False
SESS0003142,2026-06-06 23:15:00,2026-06-06 23:20:28,3,False
SESS0003143,2026-06-10 18:48:00,2026-06-10 19:00:06,8,False
SESS0003144,2026-06-17 21:50:00,2026-06-17 21:55:02,3,False
SESS0003145,2026-07-02 22:58:00,2026-07-02 23:01:36,2,False
SESS0003146,2026-07-02 19:28:00,2026-07-02 19:38:17,6,False
SESS0003147,2026-06-16 20:40:00,2026-06-16 20:43:56,3,False
SESS0003148,2026-06-25 09:08:00,2026-06-25 09:09:35,3,False
SESS0003149,2026-06-28 18:28:00,2026-06-28 18:34:59,5,False
SESS0003150,2026-06-10 15:30:00,2026-06-10 15:40:08,6,True
SESS0003151,2026-06-21 18:09:00,2026-06-21 18:22:07,7,False
SESS0003152,2026-06-18 21:11:00,2026-06-18 21:29:13,12,True
SESS0003153,2026-06-19 22:18:00,2026-06-19 22:27:23,5,False
SESS0003154,2026-06-17 18:40:00,2026-06-17 18:41:43,2,False
SESS0003155,2026-06-26 21:37:00,2026-06-26 21:41:45,2,False
SESS0003156,2026-06-05 19:55:00,2026-06-05 20:04:00,5,True
SESS0003157,2026-06-09 20:39:00,2026-06-09 20:50:23,7,True
SESS0003158,2026-06-22 21:24:00,2026-06-22 21:29:12,4,False
SESS0003159,2026-06-22 18:55:00,2026-06-22 19:01:15,4,False
SESS0003160,2026-07-01 19:53:00,2026-07-01 19:58:34,3,False
SESS0003161,2026-06-04 13:55:00,2026-06-04 14:05:36,6,True
SESS0003162,2026-06-06 16:04:00,2026-06-06 16:15:35,6,False
SESS0003163,2026-06-04 22:16:00,2026-06-04 22:19:02,2,False
SESS0003164,2026-07-02 14:47:00,2026-07-02 14:58:35,8,False
SESS0003165,2026-06-23 20:30:00,2026-06-23 20:35:03,2,False
SESS0003166,2026-06-10 13:13:00,2026-06-10 13:25:18,7,False
SESS0003167,2026-06-20 20:35:00,2026-06-20 20:38:18,5,False
SESS0003168,2026-06-25 17:37:00,2026-06-25 17:45:45,7,False
SESS0003169,2026-06-13 22:29:00,2026-06-13 22:32:24,3,False
SESS0003170,2026-06-27 15:42:00,2026-06-27 15:47:26,3,False
SESS0003171,2026-06-16 17:36:00,2026-06-16 17:50:30,9,False
SESS0003172,2026-06-22 17:24:00,2026-06-22 17:32:03,4,False
SESS0003173,2026-06-06 19:30:00,2026-06-06 19:43:51,7,False
SESS0003174,2026-06-12 21:25:00,2026-06-12 21:30:45,3,False
SESS0003175,2026-06-16 16:09:00,2026-06-16 16:17:22,7,False
SESS0003176,2026-06-29 19:04:00,2026-06-29 19:14:39,6,True
SESS0003177,2026-06-27 18:42:00,2026-06-27 18:47:44,2,False
SESS0003178,2026-06-29 23:10:00,2026-06-29 23:23:44,8,True
SESS0003179,2026-06-21 16:48:00,2026-06-21 16:56:03,6,True
SESS0003180,2026-06-14 20:01:00,2026-06-14 20:06:51,4,False
SESS0003181,2026-07-02 16:08:00,2026-07-02 16:15:02,5,False
SESS0003182,2026-06-20 17:04:00,2026-06-20 17:13:30,7,False
SESS0003183,2026-06-16 23:22:00,2026-06-16 23:34:55,6,False
SESS0003184,2026-06-17 20:14:00,2026-06-17 20:22:14,6,False
SESS0003185,2026-06-06 22:38:00,2026-06-06 22:45:15,3,False
SESS0003186,2026-06-20 17:26:00,2026-06-20 17:32:01,3,False
SESS0003187,2026-06-15 23:58:00,2026-06-16 00:12:47,7,True
SESS0003188,2026-06-25 19:09:00,2026-06-25 19:18:31,5,False
SESS0003189,2026-06-28 14:28:00,2026-06-28 14:39:01,7,False
SESS0003190,2026-06-27 23:05:00,2026-06-27 23:08:52,2,False
SESS0003191,2026-06-16 21:05:00,2026-06-16 21:07:13,2,False
SESS0003192,2026-06-27 17:23:00,2026-06-27 17:31:20,6,False
SESS0003193,2026-06-15 19:24:00,2026-06-15 19:32:28,5,False
SESS0003194,2026-06-19 18:21:00,2026-06-19 18:28:29,6,True
SESS0003195,2026-06-20 22:03:00,2026-06-20 22:06:00,3,False
SESS0003196,2026-06-05 14:59:00,2026-06-05 15:08:01,4,False
SESS0003197,2026-07-03 19:31:00,2026-07-03 19:41:38,8,False
SESS0003198,2026-06-15 17:57:00,2026-06-15 18:01:15,2,False
SESS0003199,2026-06-19 20:56:00,2026-06-19 21:01:15,2,False
SESS0003200,2026-06-19 18:03:00,2026-06-19 18:06:21,4,False
SESS0003201,2026-06-05 22:07:00,2026-06-05 22:08:23,2,False
SESS0003202,2026-06-10 19:31:00,2026-06-10 19:37:02,3,False
SESS0003203,2026-06-27 13:59:00,2026-06-27 14:05:20,4,False
SESS0003204,2026-06-06 11:24:00,2026-06-06 11:37:30,7,False
SESS0003205,2026-06-27 19:19:00,2026-06-27 19:29:24,5,False
SESS0003206,2026-06-19 18:05:00,2026-06-19 18:12:41,5,False
SESS0003207,2026-06-25 19:16:00,2026-06-25 19:25:45,7,False
SESS0003208,2026-06-27 15:35:00,2026-06-27 15:36:26,2,False
SESS0003209,2026-06-08 20:14:00,2026-06-08 20:25:38,7,True
SESS0003210,2026-06-27 18:27:00,2026-06-27 18:39:25,6,True
SESS0003211,2026-06-08 15:07:00,2026-06-08 15:10:13,2,False
SESS0003212,2026-06-21 16:10:00,2026-06-21 16:10:57,2,False
SESS0003213,2026-06-05 23:02:00,2026-06-05 23:17:53,9,False
SESS0003214,2026-06-12 23:15:00,2026-06-12 23:17:04,3,False
SESS0003215,2026-06-19 23:38:00,2026-06-19 23:42:09,3,False
SESS0003216,2026-06-26 21:16:00,2026-06-26 21:20:46,2,False
SESS0003217,2026-06-17 17:52:00,2026-06-17 17:57:32,3,False
SESS0003218,2026-06-24 19:19:00,2026-06-24 19:28:46,6,True
SESS0003219,2026-06-30 23:21:00,2026-06-30 23:24:03,2,False
SESS0003220,2026-06-28 10:44:00,2026-06-28 10:52:27,5,False
SESS0003221,2026-06-21 17:37:00,2026-06-21 17:43:59,4,False
SESS0003222,2026-06-23 16:35:00,2026-06-23 16:47:23,9,True
SESS0003223,2026-06-30 23:55:00,2026-06-30 23:57:47,2,False
SESS0003224,2026-06-15 14:06:00,2026-06-15 14:13:45,6,False
SESS0003225,2026-06-22 18:00:00,2026-06-22 18:02:57,3,False
SESS0003226,2026-06-23 18:40:00,2026-06-23 18:51:49,8,False
SESS0003227,2026-06-05 22:29:00,2026-06-05 22:30:03,2,False
SESS0003228,2026-06-05 18:40:00,2026-06-05 18:43:33,5,False
SESS0003229,2026-06-18 20:06:00,2026-06-18 20:09:52,2,False
SESS0003230,2026-06-30 18:09:00,2026-06-30 18:20:15,5,False
SESS0003231,2026-06-15 22:05:00,2026-06-15 22:12:17,3,False
SESS0003232,2026-06-25 17:07:00,2026-06-25 17:14:43,6,True
SESS0003233,2026-06-14 18:25:00,2026-06-14 18:30:21,3,False
SESS0003234,2026-06-25 21:21:00,2026-06-25 21:27:01,4,False
SESS0003235,2026-06-15 18:58:00,2026-06-15 19:02:05,3,False
SESS0003236,2026-06-23 13:16:00,2026-06-23 13:40:19,14,True
SESS0003237,2026-06-21 23:54:00,2026-06-21 23:59:48,6,True
SESS0003238,2026-06-30 17:03:00,2026-06-30 17:09:34,4,False
SESS0003239,2026-06-08 23:22:00,2026-06-08 23:27:23,4,False
SESS0003240,2026-07-03 19:10:00,2026-07-03 19:13:32,3,False
SESS0003241,2026-06-26 19:48:00,2026-06-26 19:56:13,5,True
SESS0003242,2026-06-28 20:36:00,2026-06-28 20:37:40,2,False
SESS0003243,2026-06-30 18:42:00,2026-06-30 18:44:59,2,False
SESS0003244,2026-06-05 20:53:00,2026-06-05 20:58:10,3,False
SESS0003245,2026-06-16 21:26:00,2026-06-16 21:36:24,9,False
SESS0003246,2026-06-22 22:33:00,2026-06-22 22:53:43,11,True
SESS0003247,2026-06-04 18:09:00,2026-06-04 18:14:19,3,False
SESS0003248,2026-06-21 12:17:00,2026-06-21 12:20:08,2,False
SESS0003249,2026-06-06 18:14:00,2026-06-06 18:22:06,5,False
SESS0003250,2026-06-21 18:16:00,2026-06-21 18:24:55,5,False
SESS0003251,2026-06-14 22:49:00,2026-06-14 22:54:30,2,False
SESS0003252,2026-06-26 20:30:00,2026-06-26 20:35:10,4,False
SESS0003253,2026-06-05 16:04:00,2026-06-05 16:08:46,4,False
SESS0003254,2026-06-09 19:43:00,2026-06-09 19:52:35,5,True
SESS0003255,2026-06-04 23:47:00,2026-06-04 23:59:09,9,True
SESS0003256,2026-06-11 19:41:00,2026-06-11 19:48:27,3,False
SESS0003257,2026-06-24 23:37:00,2026-06-24 23:40:47,4,False
SESS0003258,2026-06-12 22:24:00,2026-06-12 22:33:29,7,True
SESS0003259,2026-07-01 21:34:00,2026-07-01 21:35:18,2,False
SESS0003260,2026-06-21 19:42:00,2026-06-21 19:46:42,2,False
SESS0003261,2026-06-24 14:14:00,2026-06-24 14:20:36,3,False
SESS0003262,2026-06-08 22:22:00,2026-06-08 22:29:14,4,False
SESS0003263,2026-06-10 20:47:00,2026-06-10 20:50:15,2,False
SESS0003264,2026-06-27 19:58:00,2026-06-27 20:01:07,2,False
SESS0003265,2026-06-16 19:41:00,2026-06-16 19:42:08,2,False
SESS0003266,2026-06-08 18:30:00,2026-06-08 18:34:23,2,False
SESS0003267,2026-06-24 20:54:00,2026-06-24 20:57:36,2,False
SESS0003268,2026-06-21 17:08:00,2026-06-21 17:15:31,4,False
SESS0003269,2026-06-05 23:02:00,2026-06-05 23:12:14,6,True
SESS0003270,2026-06-13 16:48:00,2026-06-13 16:53:39,3,False
SESS0003271,2026-06-12 14:56:00,2026-06-12 15:04:45,4,False
SESS0003272,2026-06-22 20:32:00,2026-06-22 20:35:42,2,False
SESS0003273,2026-06-21 16:03:00,2026-06-21 16:15:33,6,False
SESS0003274,2026-06-11 20:29:00,2026-06-11 20:35:53,3,False
SESS0003275,2026-06-09 15:38:00,2026-06-09 15:42:04,3,False
SESS0003276,2026-06-17 19:50:00,2026-06-17 19:56:03,4,False
SESS0003277,2026-06-23 23:04:00,2026-06-23 23:08:17,2,False
SESS0003278,2026-07-01 20:38:00,2026-07-01 20:39:29,2,False
SESS0003279,2026-06-04 18:29:00,2026-06-04 18:35:17,4,False
SESS0003280,2026-06-06 17:56:00,2026-06-06 18:03:26,6,True
SESS0003281,2026-06-16 19:15:00,2026-06-16 19:22:28,6,True
SESS0003282,2026-06-19 21:33:00,2026-06-19 21:35:57,2,False
SESS0003283,2026-06-12 19:41:00,2026-06-12 19:48:58,4,False
SESS0003284,2026-06-04 20:32:00,2026-06-04 20:36:55,3,False
SESS0003285,2026-07-02 18:34:00,2026-07-02 18:44:06,6,True
SESS0003286,2026-06-07 17:30:00,2026-06-07 17:34:32,2,False
SESS0003287,2026-06-17 15:21:00,2026-06-17 15:27:21,3,False
SESS0003288,2026-06-20 18:02:00,2026-06-20 18:08:16,3,False
SESS0003289,2026-06-10 18:08:00,2026-06-10 18:13:16,3,False
SESS0003290,2026-06-24 18:44:00,2026-06-24 18:50:23,3,False
SESS0003291,2026-06-29 20:19:00,2026-06-29 20:20:26,2,False
SESS0003292,2026-07-01 15:08:00,2026-07-01 15:17:58,6,False
SESS0003293,2026-06-04 22:47:00,2026-06-04 22:50:39,2,False
SESS0003294,2026-06-22 23:31:00,2026-06-22 23:39:32,6,True
SESS0003295,2026-06-09 22:46:00,2026-06-09 22:47:55,2,False
SESS0003296,2026-07-02 16:48:00,2026-07-02 16:50:50,3,False
SESS0003297,2026-06-09 20:22:00,2026-06-09 20:25:49,2,False
SESS0003298,2026-06-11 18:13:00,2026-06-11 18:33:11,12,False
SESS0003299,2026-06-10 23:22:00,2026-06-10 23:29:36,4,False
SESS0003300,2026-06-20 21:30:00,2026-06-20 21:39:35,6,True
SESS0003301,2026-06-17 21:15:00,2026-06-17 21:33:01,9,False
SESS0003302,2026-06-19 22:16:00,2026-06-19 22:18:32,3,False
SESS0003303,2026-06-23 22:44:00,2026-06-23 22:47:17,2,False
SESS0003304,2026-06-18 18:04:00,2026-06-18 18:15:23,6,False
SESS0003305,2026-06-18 22:55:00,2026-06-18 23:05:33,5,False
SESS0003306,2026-06-21 19:47:00,2026-06-21 19:55:03,5,False
SESS0003307,2026-06-09 21:41:00,2026-06-09 21:54:05,7,False
SESS0003308,2026-06-11 21:39:00,2026-06-11 21:48:41,5,True
SESS0003309,2026-06-19 20:28:00,2026-06-19 20:39:06,6,True
SESS0003310,2026-06-17 21:21:00,2026-06-17 21:29:13,6,False
SESS0003311,2026-06-22 18:35:00,2026-06-22 18:37:55,2,False
SESS0003312,2026-06-25 20:06:00,2026-06-25 20:10:37,5,True
SESS0003313,2026-06-13 17:54:00,2026-06-13 17:59:56,5,False
SESS0003314,2026-06-22 18:33:00,2026-06-22 18:38:54,3,False
SESS0003315,2026-06-14 22:18:00,2026-06-14 22:31:23,7,False
SESS0003316,2026-06-17 22:57:00,2026-06-17 23:03:21,4,False
SESS0003317,2026-06-29 11:26:00,2026-06-29 11:33:38,5,False
SESS0003318,2026-06-30 20:06:00,2026-06-30 20:19:13,8,True
SESS0003319,2026-06-14 18:40:00,2026-06-14 18:52:50,10,False
SESS0003320,2026-07-03 20:54:00,2026-07-03 21:01:55,5,False
SESS0003321,2026-07-02 20:26:00,2026-07-02 20:34:39,5,False
SESS0003322,2026-06-11 13:13:00,2026-06-11 13:28:33,8,False
SESS0003323,2026-06-16 19:22:00,2026-06-16 19:33:12,7,True
SESS0003324,2026-07-02 21:28:00,2026-07-02 21:28:59,2,False
SESS0003325,2026-06-18 15:53:00,2026-06-18 16:05:00,6,True
SESS0003326,2026-06-06 17:24:00,2026-06-06 17:32:16,5,False
SESS0003327,2026-06-24 16:49:00,2026-06-24 17:10:12,14,False
SESS0003328,2026-06-30 18:46:00,2026-06-30 18:51:11,2,False
SESS0003329,2026-06-24 18:03:00,2026-06-24 18:17:57,8,False
SESS0003330,2026-06-22 18:41:00,2026-06-22 18:44:08,2,False
SESS0003331,2026-06-17 17:34:00,2026-06-17 17:43:30,6,False
SESS0003332,2026-06-21 21:35:00,2026-06-21 21:45:00,8,True
SESS0003333,2026-06-26 19:14:00,2026-06-26 19:23:54,7,True
SESS0003334,2026-06-26 20:21:00,2026-06-26 20:32:55,7,False
SESS0003335,2026-06-09 16:47:00,2026-06-09 16:58:29,5,False
SESS0003336,2026-06-09 23:45:00,2026-06-09 23:54:02,4,False
SESS0003337,2026-06-14 17:28:00,2026-06-14 17:33:42,2,False
SESS0003338,2026-07-03 22:20:00,2026-07-03 22:22:48,2,False
SESS0003339,2026-06-09 23:05:00,2026-06-09 23:08:07,2,False
SESS0003340,2026-06-21 18:09:00,2026-06-21 18:14:17,4,False
SESS0003341,2026-07-02 20:54:00,2026-07-02 21:04:46,6,True
SESS0003342,2026-06-11 17:06:00,2026-06-11 17:07:54,2,False
SESS0003343,2026-07-02 22:25:00,2026-07-02 22:36:31,6,True
SESS0003344,2026-06-24 11:12:00,2026-06-24 11:14:47,4,False
SESS0003345,2026-06-14 17:09:00,2026-06-14 17:14:58,3,False
SESS0003346,2026-06-21 19:25:00,2026-06-21 19:30:48,3,False
SESS0003347,2026-06-16 17:55:00,2026-06-16 18:07:31,8,True
SESS0003348,2026-07-01 22:19:00,2026-07-01 22:26:51,4,False
SESS0003349,2026-06-16 21:48:00,2026-06-16 21:52:10,3,False
SESS0003350,2026-07-01 23:20:00,2026-07-01 23:30:32,6,False
SESS0003351,2026-06-15 15:07:00,2026-06-15 15:16:38,6,True
SESS0003352,2026-06-13 19:23:00,2026-06-13 19:29:40,4,False
SESS0003353,2026-06-22 19:14:00,2026-06-22 19:17:48,2,False
SESS0003354,2026-06-20 17:54:00,2026-06-20 18:02:15,4,False
SESS0003355,2026-06-16 16:54:00,2026-06-16 17:05:14,6,True
SESS0003356,2026-06-24 16:05:00,2026-06-24 16:10:56,4,False
SESS0003357,2026-06-28 17:56:00,2026-06-28 17:57:34,2,False
SESS0003358,2026-06-09 20:09:00,2026-06-09 20:15:13,5,False
SESS0003359,2026-06-16 16:36:00,2026-06-16 16:47:46,9,True
SESS0003360,2026-06-28 16:34:00,2026-06-28 16:37:01,2,False
SESS0003361,2026-06-10 16:30:00,2026-06-10 16:33:07,2,False
SESS0003362,2026-06-26 12:18:00,2026-06-26 12:30:33,5,True
SESS0003363,2026-06-28 13:28:00,2026-06-28 13:38:56,6,True
SESS0003364,2026-06-26 23:34:00,2026-06-26 23:38:56,3,False
SESS0003365,2026-06-22 20:30:00,2026-06-22 20:37:57,4,False
SESS0003366,2026-06-14 15:53:00,2026-06-14 15:57:11,2,False
SESS0003367,2026-06-30 20:17:00,2026-06-30 20:20:26,4,False
SESS0003368,2026-06-14 23:45:00,2026-06-14 23:48:23,2,False
SESS0003369,2026-06-17 15:13:00,2026-06-17 15:14:51,2,False
SESS0003370,2026-06-09 20:16:00,2026-06-09 20:23:27,5,False
SESS0003371,2026-06-20 23:57:00,2026-06-21 00:08:11,6,False
SESS0003372,2026-06-26 21:12:00,2026-06-26 21:18:31,3,False
SESS0003373,2026-06-11 20:50:00,2026-06-11 20:53:12,2,False
SESS0003374,2026-06-09 16:33:00,2026-06-09 16:47:13,9,False
SESS0003375,2026-06-20 22:57:00,2026-06-20 23:00:51,3,False
SESS0003376,2026-06-21 22:44:00,2026-06-21 22:48:53,3,False
SESS0003377,2026-06-21 20:02:00,2026-06-21 20:07:35,4,False
SESS0003378,2026-06-09 17:52:00,2026-06-09 18:05:38,7,True
SESS0003379,2026-06-19 19:17:00,2026-06-19 19:26:46,7,False
SESS0003380,2026-07-02 19:01:00,2026-07-02 19:07:21,6,True
SESS0003381,2026-06-13 17:10:00,2026-06-13 17:18:29,3,False
SESS0003382,2026-06-08 20:33:00,2026-06-08 20:35:23,2,False
SESS0003383,2026-07-03 17:39:00,2026-07-03 17:42:30,2,False
SESS0003384,2026-06-23 16:02:00,2026-06-23 16:05:22,2,False
SESS0003385,2026-06-28 17:46:00,2026-06-28 17:50:40,3,False
SESS0003386,2026-07-02 22:02:00,2026-07-02 22:03:52,2,False
SESS0003387,2026-06-07 23:29:00,2026-06-07 23:43:00,7,False
SESS0003388,2026-06-28 18:48:00,2026-06-28 18:54:04,4,False
SESS0003389,2026-06-12 23:26:00,2026-06-12 23:37:36,7,False
SESS0003390,2026-06-17 22:48:00,2026-06-17 22:54:29,7,True
SESS0003391,2026-06-23 22:09:00,2026-06-23 22:35:39,12,True
SESS0003392,2026-06-12 21:26:00,2026-06-12 21:31:52,4,False
SESS0003393,2026-06-25 23:01:00,2026-06-25 23:03:23,2,False
SESS0003394,2026-06-23 17:03:00,2026-06-23 17:06:45,2,False
SESS0003395,2026-06-11 23:34:00,2026-06-11 23:41:18,6,True
SESS0003396,2026-06-27 23:34:00,2026-06-27 23:44:55,7,True
SESS0003397,2026-06-30 22:56:00,2026-06-30 23:03:51,7,True
SESS0003398,2026-06-05 16:42:00,2026-06-05 16:48:37,6,True
SESS0003399,2026-06-24 22:41:00,2026-06-24 22:49:16,5,False
SESS0003400,2026-06-17 23:15:00,2026-06-17 23:18:59,2,False
SESS0003401,2026-06-26 21:28:00,2026-06-26 21:36:46,6,False
SESS0003402,2026-06-08 23:49:00,2026-06-08 23:52:17,3,False
SESS0003403,2026-07-03 20:11:00,2026-07-03 20:20:51,5,False
SESS0003404,2026-06-16 22:21:00,2026-06-16 22:22:10,2,False
SESS0003405,2026-06-07 23:17:00,2026-06-07 23:30:03,8,True
SESS0003406,2026-06-21 18:15:00,2026-06-21 18:19:32,4,False
SESS0003407,2026-07-02 16:56:00,2026-07-02 17:06:13,7,False
SESS0003408,2026-06-20 19:33:00,2026-06-20 19:40:52,3,False
SESS0003409,2026-06-19 21:13:00,2026-06-19 21:21:15,5,True
SESS0003410,2026-07-02 17:47:00,2026-07-02 17:56:04,7,True
SESS0003411,2026-06-23 23:31:00,2026-06-23 23:38:13,4,False
SESS0003412,2026-06-26 13:04:00,2026-06-26 13:14:53,7,True
SESS0003413,2026-06-15 23:35:00,2026-06-15 23:46:34,6,True
SESS0003414,2026-06-23 15:56:00,2026-06-23 16:12:06,8,False
SESS0003415,2026-06-16 14:17:00,2026-06-16 14:27:04,7,False
SESS0003416,2026-06-25 14:26:00,2026-06-25 14:33:17,3,False
SESS0003417,2026-06-24 16:15:00,2026-06-24 16:17:49,2,False
SESS0003418,2026-06-18 17:23:00,2026-06-18 17:37:13,7,False
SESS0003419,2026-06-21 20:37:00,2026-06-21 20:42:08,4,False
SESS0003420,2026-06-16 21:36:00,2026-06-16 21:42:10,3,False
SESS0003421,2026-06-04 19:42:00,2026-06-04 19:48:55,6,True
SESS0003422,2026-06-25 20:33:00,2026-06-25 20:42:32,5,False
SESS0003423,2026-06-06 23:02:00,2026-06-06 23:09:25,3,False
SESS0003424,2026-06-09 17:32:00,2026-06-09 17:39:02,4,False
SESS0003425,2026-06-25 18:14:00,2026-06-25 18:21:56,4,False
SESS0003426,2026-06-14 22:58:00,2026-06-14 23:06:09,5,False
SESS0003427,2026-06-14 18:04:00,2026-06-14 18:20:39,9,False
SESS0003428,2026-06-06 19:11:00,2026-06-06 19:15:54,2,False
SESS0003429,2026-06-29 13:15:00,2026-06-29 13:17:43,2,False
SESS0003430,2026-06-07 23:06:00,2026-06-07 23:15:57,7,True
SESS0003431,2026-06-19 20:25:00,2026-06-19 20:28:04,2,False
SESS0003432,2026-06-12 16:08:00,2026-06-12 16:19:16,6,False
SESS0003433,2026-06-16 18:11:00,2026-06-16 18:19:32,5,False
SESS0003434,2026-06-20 21:11:00,2026-06-20 21:17:07,7,True
SESS0003435,2026-06-17 18:21:00,2026-06-17 18:29:14,5,False
SESS0003436,2026-06-21 19:36:00,2026-06-21 19:44:38,6,False
SESS0003437,2026-06-28 16:04:00,2026-06-28 16:06:48,2,False
SESS0003438,2026-06-20 19:00:00,2026-06-20 19:10:25,5,False
SESS0003439,2026-07-02 20:51:00,2026-07-02 21:14:07,14,False
SESS0003440,2026-06-18 19:14:00,2026-06-18 19:27:26,6,True
SESS0003441,2026-06-21 20:51:00,2026-06-21 20:56:56,4,False
SESS0003442,2026-06-19 14:19:00,2026-06-19 14:29:42,7,False
SESS0003443,2026-06-07 17:33:00,2026-06-07 17:41:27,5,False
SESS0003444,2026-06-09 19:27:00,2026-06-09 19:31:47,3,False
SESS0003445,2026-06-05 19:54:00,2026-06-05 19:59:15,3,False
SESS0003446,2026-06-24 18:41:00,2026-06-24 18:43:21,2,False
SESS0003447,2026-06-06 19:45:00,2026-06-06 19:55:24,5,False
SESS0003448,2026-06-26 16:08:00,2026-06-26 16:16:35,5,False
SESS0003449,2026-06-25 19:57:00,2026-06-25 20:01:35,2,False
SESS0003450,2026-06-30 20:14:00,2026-06-30 20:18:14,2,False
SESS0003451,2026-06-09 17:42:00,2026-06-09 18:00:18,11,False
SESS0003452,2026-06-30 23:46:00,2026-06-30 23:52:22,4,False
SESS0003453,2026-06-11 16:42:00,2026-06-11 16:48:33,4,False
SESS0003454,2026-06-13 19:47:00,2026-06-13 19:52:02,4,False
SESS0003455,2026-06-13 21:34:00,2026-06-13 21:49:38,9,False
SESS0003456,2026-06-16 19:22:00,2026-06-16 19:31:56,7,False
SESS0003457,2026-06-26 17:21:00,2026-06-26 17:34:35,8,False
SESS0003458,2026-06-14 19:14:00,2026-06-14 19:25:11,8,True
SESS0003459,2026-06-24 23:26:00,2026-06-24 23:37:15,7,True
SESS0003460,2026-06-23 22:14:00,2026-06-23 22:18:00,2,False
SESS0003461,2026-06-16 23:07:00,2026-06-16 23:16:26,7,True
SESS0003462,2026-06-05 16:25:00,2026-06-05 16:35:07,6,False
SESS0003463,2026-06-14 16:43:00,2026-06-14 16:47:07,2,False
SESS0003464,2026-06-21 16:54:00,2026-06-21 17:09:40,8,False
SESS0003465,2026-06-23 17:08:00,2026-06-23 17:11:43,3,False
SESS0003466,2026-07-02 18:11:00,2026-07-02 18:18:43,5,True
SESS0003467,2026-06-12 20:11:00,2026-06-12 20:18:28,4,False
SESS0003468,2026-06-19 18:57:00,2026-06-19 19:09:03,7,False
SESS0003469,2026-06-18 23:51:00,2026-06-18 23:56:21,3,False
SESS0003470,2026-06-27 15:42:00,2026-06-27 15:49:56,6,True
SESS0003471,2026-06-22 17:37:00,2026-06-22 17:47:13,5,True
SESS0003472,2026-06-19 14:15:00,2026-06-19 14:24:10,5,False
SESS0003473,2026-06-20 23:17:00,2026-06-20 23:20:51,3,False
SESS0003474,2026-07-03 19:49:00,2026-07-03 19:56:37,4,False
SESS0003475,2026-06-21 16:18:00,2026-06-21 16:22:52,2,False
SESS0003476,2026-06-28 22:42:00,2026-06-28 22:47:18,4,False
SESS0003477,2026-06-12 18:32:00,2026-06-12 18:34:33,3,False
SESS0003478,2026-06-24 19:24:00,2026-06-24 19:35:45,9,True
SESS0003479,2026-06-26 21:42:00,2026-06-26 21:45:21,2,False
SESS0003480,2026-06-19 20:01:00,2026-06-19 20:06:18,5,False
SESS0003481,2026-06-14 11:48:00,2026-06-14 11:54:44,3,False
SESS0003482,2026-07-01 19:19:00,2026-07-01 19:30:28,6,True
SESS0003483,2026-07-02 20:11:00,2026-07-02 20:11:58,2,False
SESS0003484,2026-06-10 23:22:00,2026-06-10 23:27:59,4,False
SESS0003485,2026-06-20 16:15:00,2026-06-20 16:30:41,7,False
SESS0003486,2026-06-15 18:41:00,2026-06-15 18:47:13,6,True
SESS0003487,2026-06-12 18:27:00,2026-06-12 18:36:25,5,False
SESS0003488,2026-06-15 19:30:00,2026-06-15 19:31:56,2,False
SESS0003489,2026-06-18 16:39:00,2026-06-18 16:42:03,2,False
SESS0003490,2026-06-10 16:19:00,2026-06-10 16:22:57,2,False
SESS0003491,2026-07-01 20:14:00,2026-07-01 20:18:49,2,False
SESS0003492,2026-06-07 20:31:00,2026-06-07 20:40:10,5,False
SESS0003493,2026-06-27 18:28:00,2026-06-27 18:35:01,3,False
SESS0003494,2026-06-07 22:33:00,2026-06-07 22:44:52,7,False
SESS0003495,2026-06-25 22:34:00,2026-06-25 22:38:42,3,False
SESS0003496,2026-06-18 19:50:00,2026-06-18 19:57:24,5,False
SESS0003497,2026-06-22 19:04:00,2026-06-22 19:09:57,4,False
SESS0003498,2026-06-15 16:33:00,2026-06-15 16:40:45,4,False
SESS0003499,2026-06-18 17:07:00,2026-06-18 17:18:48,7,False
SESS0003500,2026-06-10 15:01:00,2026-06-10 15:11:42,5,False
SESS0003501,2026-06-27 23:34:00,2026-06-27 23:44:27,5,False
SESS0003502,2026-06-18 18:30:00,2026-06-18 18:31:51,2,False
SESS0003503,2026-06-11 20:39:00,2026-06-11 20:41:55,2,False
SESS0003504,2026-06-18 23:50:00,2026-06-18 23:55:55,3,False
SESS0003505,2026-06-11 18:13:00,2026-06-11 18:20:44,5,False
SESS0003506,2026-06-29 15:28:00,2026-06-29 15:35:28,4,False
SESS0003507,2026-06-19 16:34:00,2026-06-19 16:38:31,2,False
SESS0003508,2026-06-07 21:47:00,2026-06-07 21:52:23,5,False
SESS0003509,2026-06-20 18:37:00,2026-06-20 18:41:21,4,False
SESS0003510,2026-06-22 12:20:00,2026-06-22 12:25:19,5,False
SESS0003511,2026-06-06 16:04:00,2026-06-06 16:24:15,10,False
SESS0003512,2026-06-13 21:14:00,2026-06-13 21:20:41,4,False
SESS0003513,2026-06-30 22:30:00,2026-06-30 22:35:27,2,False
SESS0003514,2026-06-07 17:23:00,2026-06-07 17:28:16,3,False
SESS0003515,2026-06-14 16:25:00,2026-06-14 16:30:36,2,False
SESS0003516,2026-06-09 20:12:00,2026-06-09 20:22:39,5,False
SESS0003517,2026-06-28 13:02:00,2026-06-28 13:07:30,4,False
SESS0003518,2026-06-20 21:41:00,2026-06-20 21:48:35,5,False
SESS0003519,2026-06-22 20:52:00,2026-06-22 20:57:28,3,False
SESS0003520,2026-06-07 15:15:00,2026-06-07 15:22:09,6,True
SESS0003521,2026-06-11 16:57:00,2026-06-11 17:08:14,7,True
SESS0003522,2026-06-17 20:28:00,2026-06-17 20:37:34,6,False
SESS0003523,2026-06-12 16:36:00,2026-06-12 16:37:38,3,False
SESS0003524,2026-07-02 14:07:00,2026-07-02 14:22:31,9,True
SESS0003525,2026-06-24 23:58:00,2026-06-25 00:21:13,13,False
SESS0003526,2026-06-07 18:40:00,2026-06-07 18:44:13,2,False
SESS0003527,2026-06-21 19:44:00,2026-06-21 19:45:16,2,False
SESS0003528,2026-07-02 18:16:00,2026-07-02 18:22:43,3,False
SESS0003529,2026-06-26 17:54:00,2026-06-26 18:01:11,4,False
SESS0003530,2026-07-02 15:12:00,2026-07-02 15:34:19,11,False
SESS0003531,2026-06-27 21:41:00,2026-06-27 21:46:19,3,False
SESS0003532,2026-06-13 18:39:00,2026-06-13 18:41:57,2,False
SESS0003533,2026-06-29 19:41:00,2026-06-29 19:54:30,8,True
SESS0003534,2026-06-27 21:54:00,2026-06-27 22:07:34,7,False
SESS0003535,2026-06-09 17:35:00,2026-06-09 17:42:43,4,False
SESS0003536,2026-07-01 16:57:00,2026-07-01 17:05:40,5,False
SESS0003537,2026-06-06 17:18:00,2026-06-06 17:27:06,7,True
SESS0003538,2026-06-06 22:10:00,2026-06-06 22:21:41,7,True
SESS0003539,2026-06-27 21:28:00,2026-06-27 21:44:06,8,True
SESS0003540,2026-06-21 20:27:00,2026-06-21 20:36:28,8,True
SESS0003541,2026-07-01 20:59:00,2026-07-01 21:07:21,5,False
SESS0003542,2026-07-03 21:11:00,2026-07-03 21:15:18,5,True
SESS0003543,2026-06-12 17:05:00,2026-06-12 17:10:13,3,False
SESS0003544,2026-06-11 15:03:00,2026-06-11 15:16:40,6,False
SESS0003545,2026-07-03 18:03:00,2026-07-03 18:14:28,7,False
SESS0003546,2026-06-16 23:43:00,2026-06-16 23:56:48,8,False
SESS0003547,2026-07-01 14:31:00,2026-07-01 14:34:10,2,False
SESS0003548,2026-06-24 21:15:00,2026-06-24 21:17:30,2,False
SESS0003549,2026-06-30 18:33:00,2026-06-30 18:37:56,3,False
SESS0003550,2026-06-11 23:25:00,2026-06-11 23:27:56,3,False
SESS0003551,2026-06-21 20:15:00,2026-06-21 20:26:24,7,False
SESS0003552,2026-07-01 20:39:00,2026-07-01 20:46:37,4,False
SESS0003553,2026-06-21 20:31:00,2026-06-21 20:43:22,6,False
SESS0003554,2026-06-27 18:11:00,2026-06-27 18:13:32,2,False
SESS0003555,2026-06-22 16:07:00,2026-06-22 16:15:34,5,False
SESS0003556,2026-06-23 14:36:00,2026-06-23 14:40:34,2,False
SESS0003557,2026-06-07 14:33:00,2026-06-07 14:39:20,3,False
SESS0003558,2026-07-01 18:28:00,2026-07-01 18:37:37,5,False
SESS0003559,2026-07-01 21:14:00,2026-07-01 21:27:14,7,True
SESS0003560,2026-06-18 22:57:00,2026-06-18 23:00:29,2,False
SESS0003561,2026-07-02 23:27:00,2026-07-02 23:29:39,2,False
SESS0003562,2026-07-01 21:09:00,2026-07-01 21:11:34,3,False
SESS0003563,2026-06-12 20:45:00,2026-06-12 20:50:11,5,True
SESS0003564,2026-06-20 23:57:00,2026-06-21 00:15:59,12,True
SESS0003565,2026-06-27 19:52:00,2026-06-27 19:56:02,3,False
SESS0003566,2026-06-10 18:26:00,2026-06-10 18:32:46,4,False
SESS0003567,2026-06-26 17:03:00,2026-06-26 17:08:33,6,False
SESS0003568,2026-06-29 20:35:00,2026-06-29 20:41:11,3,False
SESS0003569,2026-06-04 17:42:00,2026-06-04 17:43:05,2,False
SESS0003570,2026-06-04 22:08:00,2026-06-04 22:13:37,6,True
SESS0003571,2026-06-29 14:22:00,2026-06-29 14:42:28,14,False
SESS0003572,2026-06-27 23:59:00,2026-06-28 00:25:00,14,False
SESS0003573,2026-06-12 14:11:00,2026-06-12 14:17:54,4,False
SESS0003574,2026-06-17 21:29:00,2026-06-17 21:34:06,2,False
SESS0003575,2026-06-09 18:23:00,2026-06-09 18:26:54,3,False
SESS0003576,2026-06-12 13:13:00,2026-06-12 13:20:41,6,True
SESS0003577,2026-06-10 18:48:00,2026-06-10 18:54:33,5,False
SESS0003578,2026-06-04 18:36:00,2026-06-04 18:40:07,2,False
SESS0003579,2026-06-20 18:54:00,2026-06-20 19:00:21,4,False
SESS0003580,2026-06-19 20:47:00,2026-06-19 20:51:16,3,False
SESS0003581,2026-06-20 23:34:00,2026-06-20 23:40:44,5,False
SESS0003582,2026-06-23 17:37:00,2026-06-23 17:40:08,2,False
SESS0003583,2026-06-13 14:56:00,2026-06-13 15:11:41,10,True
SESS0003584,2026-06-09 15:07:00,2026-06-09 15:09:47,2,False
SESS0003585,2026-06-10 15:30:00,2026-06-10 15:40:59,7,False
SESS0003586,2026-06-20 20:37:00,2026-06-20 20:39:04,2,False
SESS0003587,2026-06-26 17:28:00,2026-06-26 17:39:28,7,True
SESS0003588,2026-06-13 21:23:00,2026-06-13 21:29:10,6,True
SESS0003589,2026-06-18 21:21:00,2026-06-18 21:26:19,2,False
SESS0003590,2026-06-10 19:30:00,2026-06-10 19:40:33,7,True
SESS0003591,2026-07-03 16:19:00,2026-07-03 16:24:21,3,False
SESS0003592,2026-06-16 14:30:00,2026-06-16 14:31:57,2,False
SESS0003593,2026-06-13 23:45:00,2026-06-13 23:53:12,5,True
SESS0003594,2026-06-09 16:25:00,2026-06-09 16:38:41,8,False
SESS0003595,2026-06-22 16:52:00,2026-06-22 16:56:51,3,False
SESS0003596,2026-07-03 17:10:00,2026-07-03 17:27:40,9,True
SESS0003597,2026-06-27 18:49:00,2026-06-27 18:58:03,5,False
SESS0003598,2026-06-10 21:48:00,2026-06-10 21:56:45,6,False
SESS0003599,2026-06-20 20:34:00,2026-06-20 20:44:48,7,False
SESS0003600,2026-06-17 17:33:00,2026-06-17 17:52:18,11,False
SESS0003601,2026-06-09 15:55:00,2026-06-09 16:02:02,6,False
SESS0003602,2026-06-08 22:00:00,2026-06-08 22:06:43,4,False
SESS0003603,2026-06-19 18:48:00,2026-06-19 19:05:13,9,True
SESS0003604,2026-06-04 18:42:00,2026-06-04 18:50:10,5,False
SESS0003605,2026-06-04 20:31:00,2026-06-04 20:33:28,2,False
SESS0003606,2026-06-28 19:22:00,2026-06-28 19:33:05,6,True
SESS0003607,2026-06-20 17:25:00,2026-06-20 17:34:50,6,True
SESS0003608,2026-06-24 12:30:00,2026-06-24 12:44:27,11,True
SESS0003609,2026-06-25 23:50:00,2026-06-25 23:53:10,3,False
SESS0003610,2026-06-13 23:49:00,2026-06-13 23:53:55,5,False
SESS0003611,2026-07-01 21:57:00,2026-07-01 22:12:48,7,False
SESS0003612,2026-06-23 21:33:00,2026-06-23 21:42:59,5,False
SESS0003613,2026-07-03 17:37:00,2026-07-03 17:43:14,5,False
SESS0003614,2026-06-19 19:38:00,2026-06-19 19:41:33,2,False
SESS0003615,2026-06-15 21:14:00,2026-06-15 21:18:09,2,False
SESS0003616,2026-06-08 13:28:00,2026-06-08 13:33:06,5,True
SESS0003617,2026-06-19 20:59:00,2026-06-19 21:00:58,2,False
SESS0003618,2026-06-05 20:02:00,2026-06-05 20:13:55,6,False
SESS0003619,2026-06-15 17:59:00,2026-06-15 18:09:58,5,False
SESS0003620,2026-06-29 23:50:00,2026-06-29 23:55:01,5,True
SESS0003621,2026-06-06 15:00:00,2026-06-06 15:07:21,4,False
SESS0003622,2026-06-09 19:23:00,2026-06-09 19:26:30,2,False
SESS0003623,2026-06-14 15:25:00,2026-06-14 15:39:02,8,True
SESS0003624,2026-06-10 23:15:00,2026-06-10 23:20:45,4,False
SESS0003625,2026-06-14 14:36:00,2026-06-14 14:38:20,3,False
SESS0003626,2026-06-11 23:27:00,2026-06-11 23:30:14,4,False
SESS0003627,2026-06-11 22:12:00,2026-06-11 22:17:11,3,False
SESS0003628,2026-07-03 14:40:00,2026-07-03 14:50:11,6,False
SESS0003629,2026-06-06 19:50:00,2026-06-06 20:02:42,8,False
SESS0003630,2026-06-16 18:47:00,2026-06-16 18:49:52,2,False
SESS0003631,2026-06-04 19:34:00,2026-06-04 19:39:43,3,False
SESS0003632,2026-06-14 18:34:00,2026-06-14 18:42:17,5,False
SESS0003633,2026-06-29 21:45:00,2026-06-29 21:55:09,8,True
SESS0003634,2026-06-23 19:42:00,2026-06-23 19:48:46,4,False
SESS0003635,2026-06-24 23:28:00,2026-06-24 23:42:38,11,True
SESS0003636,2026-06-24 22:29:00,2026-06-24 22:31:00,2,False
SESS0003637,2026-06-18 17:07:00,2026-06-18 17:15:21,5,False
SESS0003638,2026-07-02 12:48:00,2026-07-02 12:57:15,4,False
SESS0003639,2026-07-01 15:09:00,2026-07-01 15:11:05,3,False
SESS0003640,2026-06-25 22:50:00,2026-06-25 23:05:32,7,True
SESS0003641,2026-06-05 14:48:00,2026-06-05 14:56:10,6,False
SESS0003642,2026-06-28 18:19:00,2026-06-28 18:24:42,3,False
SESS0003643,2026-07-03 22:17:00,2026-07-03 22:28:19,6,False
SESS0003644,2026-06-29 22:56:00,2026-06-29 23:03:29,5,False
SESS0003645,2026-07-01 18:17:00,2026-07-01 18:22:02,3,False
SESS0003646,2026-06-09 17:33:00,2026-06-09 17:37:01,3,False
SESS0003647,2026-06-23 18:36:00,2026-06-23 18:41:03,3,False
SESS0003648,2026-06-22 18:31:00,2026-06-22 18:39:02,5,False
SESS0003649,2026-06-11 20:57:00,2026-06-11 21:01:37,3,False
SESS0003650,2026-06-07 23:49:00,2026-06-07 23:59:28,5,False
SESS0003651,2026-06-09 22:02:00,2026-06-09 22:07:49,2,False
SESS0003652,2026-06-23 16:33:00,2026-06-23 16:44:58,9,True
SESS0003653,2026-06-05 15:53:00,2026-06-05 15:56:55,2,False
SESS0003654,2026-06-12 15:50:00,2026-06-12 15:53:24,2,False
SESS0003655,2026-06-15 22:08:00,2026-06-15 22:14:11,3,False
SESS0003656,2026-06-08 21:59:00,2026-06-08 22:05:46,5,False
SESS0003657,2026-06-04 21:16:00,2026-06-04 21:20:50,3,False
SESS0003658,2026-06-28 17:56:00,2026-06-28 18:12:42,10,True
SESS0003659,2026-06-05 16:47:00,2026-06-05 17:07:35,14,False
SESS0003660,2026-06-13 22:25:00,2026-06-13 22:30:50,3,False
SESS0003661,2026-06-14 19:04:00,2026-06-14 19:17:56,11,True
SESS0003662,2026-07-03 16:01:00,2026-07-03 16:03:49,2,False
SESS0003663,2026-06-29 18:45:00,2026-06-29 18:48:19,2,False
SESS0003664,2026-06-16 23:17:00,2026-06-16 23:27:06,7,True
SESS0003665,2026-06-16 21:36:00,2026-06-16 21:45:12,7,True
SESS0003666,2026-06-20 14:28:00,2026-06-20 14:32:44,6,False
SESS0003667,2026-06-11 15:26:00,2026-06-11 15:32:17,5,False
SESS0003668,2026-07-03 19:53:00,2026-07-03 20:12:25,12,True
SESS0003669,2026-06-29 21:56:00,2026-06-29 22:00:37,3,False
SESS0003670,2026-06-07 17:10:00,2026-06-07 17:21:02,8,True
SESS0003671,2026-06-09 17:34:00,2026-06-09 17:36:09,2,False
SESS0003672,2026-06-28 19:49:00,2026-06-28 19:55:15,5,False
SESS0003673,2026-06-30 20:10:00,2026-06-30 20:19:25,6,True
SESS0003674,2026-06-29 17:26:00,2026-06-29 17:30:23,4,False
SESS0003675,2026-06-23 18:01:00,2026-06-23 18:04:14,2,False
SESS0003676,2026-06-14 12:23:00,2026-06-14 12:31:28,5,False
SESS0003677,2026-06-07 15:29:00,2026-06-07 15:30:50,2,False
SESS0003678,2026-06-26 13:04:00,2026-06-26 13:16:49,8,True
SESS0003679,2026-06-14 19:42:00,2026-06-14 19:52:25,7,False
SESS0003680,2026-06-26 18:29:00,2026-06-26 18:35:24,3,False
SESS0003681,2026-06-13 18:56:00,2026-06-13 18:57:39,3,False
SESS0003682,2026-06-16 21:22:00,2026-06-16 21:26:43,5,False
SESS0003683,2026-07-02 23:11:00,2026-07-02 23:20:37,5,False
SESS0003684,2026-06-04 21:13:00,2026-06-04 21:16:47,3,False
SESS0003685,2026-06-26 19:36:00,2026-06-26 19:42:08,5,False
SESS0003686,2026-06-23 23:27:00,2026-06-23 23:33:28,3,False
SESS0003687,2026-06-12 23:56:00,2026-06-13 00:08:28,7,False
SESS0003688,2026-06-10 16:46:00,2026-06-10 17:00:35,7,True
SESS0003689,2026-06-14 15:05:00,2026-06-14 15:16:09,5,False
SESS0003690,2026-06-15 23:30:00,2026-06-15 23:36:59,4,False
SESS0003691,2026-06-20 21:15:00,2026-06-20 21:23:09,4,False
SESS0003692,2026-06-11 16:06:00,2026-06-11 16:14:01,5,False
SESS0003693,2026-06-21 17:25:00,2026-06-21 17:27:32,2,False
SESS0003694,2026-07-03 20:19:00,2026-07-03 20:25:35,5,False
SESS0003695,2026-07-01 10:04:00,2026-07-01 10:07:06,2,False
SESS0003696,2026-06-28 16:54:00,2026-06-28 16:56:57,2,False
SESS0003697,2026-06-26 09:34:00,2026-06-26 09:40:53,4,False
SESS0003698,2026-07-02 22:58:00,2026-07-02 23:04:56,5,False
SESS0003699,2026-06-10 16:32:00,2026-06-10 16:44:23,9,False
SESS0003700,2026-06-23 21:30:00,2026-06-23 21:36:14,4,False
SESS0003701,2026-06-22 12:38:00,2026-06-22 12:53:10,10,False
SESS0003702,2026-06-21 20:21:00,2026-06-21 20:33:40,8,True
SESS0003703,2026-06-26 15:56:00,2026-06-26 16:04:51,5,True
SESS0003704,2026-06-23 19:56:00,2026-06-23 19:59:23,2,False
SESS0003705,2026-06-25 17:45:00,2026-06-25 17:47:49,3,False
SESS0003706,2026-06-04 16:36:00,2026-06-04 16:41:47,6,True
SESS0003707,2026-06-13 20:28:00,2026-06-13 20:36:58,5,False
SESS0003708,2026-06-23 19:43:00,2026-06-23 19:54:59,7,False
SESS0003709,2026-06-24 21:31:00,2026-06-24 21:35:14,2,False
SESS0003710,2026-06-06 21:36:00,2026-06-06 21:45:09,5,False
SESS0003711,2026-06-17 17:17:00,2026-06-17 17:26:34,5,False
SESS0003712,2026-06-13 21:36:00,2026-06-13 21:39:07,2,False
SESS0003713,2026-06-12 21:19:00,2026-06-12 21:27:15,4,False
SESS0003714,2026-06-24 23:17:00,2026-06-24 23:28:28,7,False
SESS0003715,2026-06-28 23:51:00,2026-06-28 23:52:55,2,False
SESS0003716,2026-06-10 16:41:00,2026-06-10 16:44:21,2,False
SESS0003717,2026-06-06 23:39:00,2026-06-06 23:42:21,2,False
SESS0003718,2026-06-05 20:05:00,2026-06-05 20:07:57,2,False
SESS0003719,2026-06-28 16:31:00,2026-06-28 16:34:29,2,False
SESS0003720,2026-06-12 20:02:00,2026-06-12 20:06:03,3,False
SESS0003721,2026-07-02 22:03:00,2026-07-02 22:16:04,7,False
SESS0003722,2026-07-02 16:25:00,2026-07-02 16:35:49,6,False
SESS0003723,2026-06-08 23:29:00,2026-06-08 23:34:59,3,False
SESS0003724,2026-06-28 18:06:00,2026-06-28 18:18:05,7,False
SESS0003725,2026-06-30 19:54:00,2026-06-30 19:57:27,2,False
SESS0003726,2026-06-23 19:00:00,2026-06-23 19:05:12,3,False
SESS0003727,2026-06-24 20:31:00,2026-06-24 20:39:35,6,False
SESS0003728,2026-06-29 23:15:00,2026-06-29 23:25:17,6,False
SESS0003729,2026-07-03 23:36:00,2026-07-03 23:43:25,5,False
SESS0003730,2026-06-06 23:37:00,2026-06-06 23:45:04,5,False
SESS0003731,2026-06-27 18:08:00,2026-06-27 18:16:00,5,True
SESS0003732,2026-07-03 17:33:00,2026-07-03 17:40:27,6,True
SESS0003733,2026-06-26 16:48:00,2026-06-26 16:55:40,5,False
SESS0003734,2026-07-02 16:05:00,2026-07-02 16:11:18,3,False
SESS0003735,2026-07-03 17:12:00,2026-07-03 17:29:26,9,False
SESS0003736,2026-06-06 19:33:00,2026-06-06 19:34:56,2,False
SESS0003737,2026-06-24 20:59:00,2026-06-24 21:04:22,2,False
SESS0003738,2026-06-05 19:04:00,2026-06-05 19:13:11,5,False
SESS0003739,2026-06-08 13:35:00,2026-06-08 13:40:13,6,True
SESS0003740,2026-06-16 16:58:00,2026-06-16 17:04:43,4,False
SESS0003741,2026-06-22 17:37:00,2026-06-22 17:48:25,5,False
SESS0003742,2026-06-27 18:51:00,2026-06-27 19:03:00,7,True
SESS0003743,2026-06-11 21:29:00,2026-06-11 21:39:33,6,False
SESS0003744,2026-06-16 19:38:00,2026-06-16 19:43:21,3,False
SESS0003745,2026-06-15 14:14:00,2026-06-15 14:20:49,4,False
SESS0003746,2026-06-24 16:15:00,2026-06-24 16:16:54,2,False
SESS0003747,2026-07-02 18:38:00,2026-07-02 18:46:43,5,True
SESS0003748,2026-06-17 16:00:00,2026-06-17 16:12:33,6,False
SESS0003749,2026-06-06 23:31:00,2026-06-06 23:43:55,8,False
SESS0003750,2026-06-17 22:15:00,2026-06-17 22:21:12,4,False
SESS0003751,2026-07-02 15:27:00,2026-07-02 15:37:09,6,False
SESS0003752,2026-06-22 17:50:00,2026-06-22 17:55:08,4,False
SESS0003753,2026-06-21 22:39:00,2026-06-21 22:45:22,3,False
SESS0003754,2026-06-22 18:29:00,2026-06-22 18:42:35,10,True
SESS0003755,2026-06-25 21:23:00,2026-06-25 21:42:36,11,True
SESS0003756,2026-06-27 15:50:00,2026-06-27 15:58:15,5,False
SESS0003757,2026-06-19 16:16:00,2026-06-19 16:18:13,2,False
SESS0003758,2026-06-17 21:55:00,2026-06-17 22:05:47,6,False
SESS0003759,2026-06-14 22:46:00,2026-06-14 22:48:50,3,False
SESS0003760,2026-06-20 21:24:00,2026-06-20 21:32:48,7,False
SESS0003761,2026-06-19 18:19:00,2026-06-19 18:29:07,5,False
SESS0003762,2026-06-08 23:19:00,2026-06-08 23:24:35,4,False
SESS0003763,2026-06-07 15:44:00,2026-06-07 15:52:21,6,True
SESS0003764,2026-06-21 20:17:00,2026-06-21 20:24:30,4,False
SESS0003765,2026-06-30 17:53:00,2026-06-30 18:01:16,5,False
SESS0003766,2026-06-14 22:38:00,2026-06-14 22:52:27,7,False
SESS0003767,2026-06-06 23:03:00,2026-06-06 23:08:44,2,False
SESS0003768,2026-06-13 17:54:00,2026-06-13 18:00:07,5,False
SESS0003769,2026-06-07 23:25:00,2026-06-07 23:31:36,5,False
SESS0003770,2026-06-19 22:18:00,2026-06-19 22:25:22,5,False
SESS0003771,2026-06-24 18:33:00,2026-06-24 18:38:53,3,False
SESS0003772,2026-06-23 22:43:00,2026-06-23 22:54:46,9,False
SESS0003773,2026-06-12 17:04:00,2026-06-12 17:20:27,12,True
SESS0003774,2026-06-06 19:25:00,2026-06-06 19:29:08,3,False
SESS0003775,2026-06-19 17:27:00,2026-06-19 17:43:11,10,True
SESS0003776,2026-06-23 13:10:00,2026-06-23 13:13:47,2,False
SESS0003777,2026-06-05 15:07:00,2026-06-05 15:11:09,3,False
SESS0003778,2026-07-01 20:13:00,2026-07-01 20:20:58,6,False
SESS0003779,2026-07-01 15:15:00,2026-07-01 15:32:33,8,True
SESS0003780,2026-06-27 19:59:00,2026-06-27 20:02:24,2,False
SESS0003781,2026-06-10 14:42:00,2026-06-10 14:47:12,3,False
SESS0003782,2026-06-19 12:52:00,2026-06-19 12:56:26,3,False
SESS0003783,2026-06-14 20:13:00,2026-06-14 20:18:29,6,False
SESS0003784,2026-06-17 20:25:00,2026-06-17 20:29:05,3,False
SESS0003785,2026-06-19 16:19:00,2026-06-19 16:28:39,6,False
SESS0003786,2026-06-04 16:31:00,2026-06-04 16:39:50,4,False
SESS0003787,2026-06-30 23:33:00,2026-06-30 23:36:55,2,False
SESS0003788,2026-06-18 19:40:00,2026-06-18 19:49:25,5,True
SESS0003789,2026-06-21 18:14:00,2026-06-21 18:16:58,2,False
SESS0003790,2026-07-02 23:05:00,2026-07-02 23:08:08,2,False
SESS0003791,2026-06-13 22:48:00,2026-06-13 22:55:51,4,False
SESS0003792,2026-06-30 20:31:00,2026-06-30 20:33:56,3,False
SESS0003793,2026-06-25 19:03:00,2026-06-25 19:11:15,6,False
SESS0003794,2026-06-12 22:37:00,2026-06-12 22:39:55,2,False
SESS0003795,2026-06-26 20:36:00,2026-06-26 20:39:33,3,False
SESS0003796,2026-06-11 15:32:00,2026-06-11 15:36:41,2,False
SESS0003797,2026-06-27 22:44:00,2026-06-27 22:56:21,9,True
SESS0003798,2026-06-05 20:16:00,2026-06-05 20:22:22,5,True
SESS0003799,2026-07-03 17:50:00,2026-07-03 18:12:01,14,True
SESS0003800,2026-06-30 23:03:00,2026-06-30 23:15:10,6,False
SESS0003801,2026-06-26 16:03:00,2026-06-26 16:09:22,3,False
SESS0003802,2026-06-25 20:09:00,2026-06-25 20:31:41,11,False
SESS0003803,2026-06-07 21:30:00,2026-06-07 21:34:35,3,False
SESS0003804,2026-06-12 21:39:00,2026-06-12 21:45:01,4,False
SESS0003805,2026-06-30 17:56:00,2026-06-30 18:01:45,5,False
SESS0003806,2026-06-16 13:57:00,2026-06-16 14:06:30,4,False
SESS0003807,2026-06-21 16:13:00,2026-06-21 16:18:31,4,False
SESS0003808,2026-06-11 18:47:00,2026-06-11 19:06:12,12,False
SESS0003809,2026-06-05 15:42:00,2026-06-05 15:46:10,2,False
SESS0003810,2026-06-04 17:03:00,2026-06-04 17:11:09,6,False
SESS0003811,2026-06-12 20:58:00,2026-06-12 21:05:35,4,False
SESS0003812,2026-06-27 18:21:00,2026-06-27 18:24:30,2,False
SESS0003813,2026-06-05 21:53:00,2026-06-05 21:58:10,3,False
SESS0003814,2026-06-04 19:02:00,2026-06-04 19:06:54,2,False
SESS0003815,2026-06-04 23:42:00,2026-06-04 23:44:28,2,False
SESS0003816,2026-06-26 22:01:00,2026-06-26 22:09:54,7,False
SESS0003817,2026-06-11 21:19:00,2026-06-11 21:24:27,2,False
SESS0003818,2026-06-25 15:30:00,2026-06-25 15:40:52,7,True
SESS0003819,2026-06-11 17:31:00,2026-06-11 17:53:17,14,False
SESS0003820,2026-06-05 19:17:00,2026-06-05 19:22:04,4,False
SESS0003821,2026-06-30 20:14:00,2026-06-30 20:16:34,2,False
SESS0003822,2026-06-12 23:51:00,2026-06-13 00:03:56,8,True
SESS0003823,2026-06-04 12:37:00,2026-06-04 12:42:10,2,False
SESS0003824,2026-06-17 21:22:00,2026-06-17 21:39:22,11,False
SESS0003825,2026-06-20 17:35:00,2026-06-20 17:38:18,2,False
SESS0003826,2026-06-19 18:15:00,2026-06-19 18:24:08,5,False
SESS0003827,2026-06-06 17:33:00,2026-06-06 17:44:21,6,True
SESS0003828,2026-06-16 18:10:00,2026-06-16 18:18:42,4,False
SESS0003829,2026-06-28 20:53:00,2026-06-28 20:59:12,5,False
SESS0003830,2026-06-21 23:00:00,2026-06-21 23:03:57,2,False
SESS0003831,2026-06-24 20:30:00,2026-06-24 20:31:50,2,False
SESS0003832,2026-06-15 15:02:00,2026-06-15 15:03:40,2,False
SESS0003833,2026-06-10 13:25:00,2026-06-10 13:36:51,7,True
SESS0003834,2026-06-09 18:17:00,2026-06-09 18:23:18,4,False
SESS0003835,2026-06-14 18:05:00,2026-06-14 18:09:12,4,False
SESS0003836,2026-06-05 17:24:00,2026-06-05 17:35:28,8,False
SESS0003837,2026-06-25 16:34:00,2026-06-25 16:37:27,2,False
SESS0003838,2026-06-11 19:16:00,2026-06-11 19:23:03,5,True
SESS0003839,2026-06-08 22:52:00,2026-06-08 23:05:42,10,False
SESS0003840,2026-06-14 20:30:00,2026-06-14 20:42:30,10,False
SESS0003841,2026-07-03 20:54:00,2026-07-03 21:00:15,3,False
SESS0003842,2026-06-25 21:38:00,2026-06-25 21:45:45,7,True
SESS0003843,2026-06-28 23:33:00,2026-06-28 23:38:46,4,False
SESS0003844,2026-06-30 20:20:00,2026-06-30 20:28:54,5,False
SESS0003845,2026-06-19 23:59:00,2026-06-20 00:13:09,10,False
SESS0003846,2026-06-06 12:49:00,2026-06-06 13:03:43,9,True
SESS0003847,2026-06-23 20:03:00,2026-06-23 20:08:39,3,False
SESS0003848,2026-06-17 19:22:00,2026-06-17 19:28:41,4,False
SESS0003849,2026-06-04 22:13:00,2026-06-04 22:21:25,4,False
SESS0003850,2026-06-25 20:39:00,2026-06-25 20:57:47,10,False
SESS0003851,2026-06-04 16:34:00,2026-06-04 16:38:34,6,False
SESS0003852,2026-06-20 19:20:00,2026-06-20 19:26:47,3,False
SESS0003853,2026-06-27 20:24:00,2026-06-27 20:28:00,2,False
SESS0003854,2026-06-26 20:29:00,2026-06-26 20:34:22,3,False
SESS0003855,2026-06-17 23:08:00,2026-06-17 23:11:09,2,False
SESS0003856,2026-06-12 16:19:00,2026-06-12 16:23:48,2,False
SESS0003857,2026-06-18 15:43:00,2026-06-18 15:51:41,6,False
SESS0003858,2026-06-13 16:19:00,2026-06-13 16:26:35,5,False
SESS0003859,2026-06-08 16:07:00,2026-06-08 16:22:40,11,True
SESS0003860,2026-06-19 17:05:00,2026-06-19 17:16:20,5,False
SESS0003861,2026-06-23 20:41:00,2026-06-23 20:42:43,2,False
SESS0003862,2026-06-19 23:38:00,2026-06-19 23:41:41,2,False
SESS0003863,2026-06-19 16:48:00,2026-06-19 16:51:49,3,False
SESS0003864,2026-06-17 20:00:00,2026-06-17 20:22:16,14,False
SESS0003865,2026-06-22 19:37:00,2026-06-22 19:59:29,13,True
SESS0003866,2026-06-14 19:13:00,2026-06-14 19:24:41,6,True
SESS0003867,2026-06-16 19:01:00,2026-06-16 19:09:04,4,False
SESS0003868,2026-06-06 17:06:00,2026-06-06 17:12:41,4,False
SESS0003869,2026-06-04 23:33:00,2026-06-04 23:40:44,4,False
SESS0003870,2026-06-04 18:42:00,2026-06-04 18:50:07,5,False
SESS0003871,2026-06-23 21:24:00,2026-06-23 21:27:22,3,False
SESS0003872,2026-06-09 23:48:00,2026-06-10 00:04:54,10,True
SESS0003873,2026-06-13 19:28:00,2026-06-13 19:40:50,8,False
SESS0003874,2026-07-03 13:01:00,2026-07-03 13:06:51,4,False
SESS0003875,2026-06-16 21:32:00,2026-06-16 21:35:15,2,False
SESS0003876,2026-06-16 16:59:00,2026-06-16 17:10:57,7,False
SESS0003877,2026-06-22 16:15:00,2026-06-22 16:24:19,5,False
SESS0003878,2026-06-20 19:03:00,2026-06-20 19:11:17,5,True
SESS0003879,2026-07-02 16:28:00,2026-07-02 16:31:27,2,False
SESS0003880,2026-07-03 15:23:00,2026-07-03 15:39:04,8,False
SESS0003881,2026-06-06 17:39:00,2026-06-06 17:47:37,6,True
SESS0003882,2026-06-20 22:03:00,2026-06-20 22:08:24,4,False
SESS0003883,2026-06-06 17:18:00,2026-06-06 17:21:11,2,False
SESS0003884,2026-06-26 18:33:00,2026-06-26 18:37:24,4,False
SESS0003885,2026-07-03 15:20:00,2026-07-03 15:26:51,5,False
SESS0003886,2026-06-16 16:06:00,2026-06-16 16:14:22,5,False
SESS0003887,2026-06-20 22:54:00,2026-06-20 23:00:05,3,False
SESS0003888,2026-06-18 21:36:00,2026-06-18 21:51:24,11,False
SESS0003889,2026-06-14 21:30:00,2026-06-14 21:44:01,6,False
SESS0003890,2026-06-13 16:15:00,2026-06-13 16:27:16,6,False
SESS0003891,2026-06-12 14:25:00,2026-06-12 14:32:17,6,False
SESS0003892,2026-06-12 20:54:00,2026-06-12 21:01:53,6,False
SESS0003893,2026-06-21 18:04:00,2026-06-21 18:06:50,2,False
SESS0003894,2026-06-18 17:26:00,2026-06-18 17:41:59,9,True
SESS0003895,2026-06-09 20:41:00,2026-06-09 20:46:28,3,False
SESS0003896,2026-06-11 21:46:00,2026-06-11 21:58:41,6,True
SESS0003897,2026-06-29 16:05:00,2026-06-29 16:14:53,6,True
SESS0003898,2026-06-29 16:14:00,2026-06-29 16:24:48,7,False
SESS0003899,2026-06-20 16:49:00,2026-06-20 16:56:16,5,False
SESS0003900,2026-06-27 16:40:00,2026-06-27 16:50:44,6,True
SESS0003901,2026-06-24 22:26:00,2026-06-24 22:39:16,6,False
SESS0003902,2026-06-15 23:06:00,2026-06-15 23:10:21,3,False
SESS0003903,2026-07-03 19:32:00,2026-07-03 19:38:56,4,False
SESS0003904,2026-06-25 19:41:00,2026-06-25 19:49:43,7,False
SESS0003905,2026-06-09 15:28:00,2026-06-09 15:35:16,5,False
SESS0003906,2026-06-25 16:51:00,2026-06-25 17:08:11,10,True
SESS0003907,2026-06-04 19:46:00,2026-06-04 19:47:39,2,False
SESS0003908,2026-06-04 18:41:00,2026-06-04 18:47:00,3,False
SESS0003909,2026-06-08 15:25:00,2026-06-08 15:31:16,4,False
SESS0003910,2026-06-29 19:24:00,2026-06-29 19:31:46,5,True
SESS0003911,2026-06-04 20:43:00,2026-06-04 20:46:36,2,False
SESS0003912,2026-06-13 22:13:00,2026-06-13 22:16:18,3,False
SESS0003913,2026-07-03 14:54:00,2026-07-03 14:55:26,2,False
SESS0003914,2026-06-17 22:35:00,2026-06-17 22:41:08,6,False
SESS0003915,2026-06-17 23:34:00,2026-06-17 23:47:14,7,True
SESS0003916,2026-06-26 18:14:00,2026-06-26 18:19:48,4,False
SESS0003917,2026-06-17 09:01:00,2026-06-17 09:02:37,2,False
SESS0003918,2026-06-22 20:56:00,2026-06-22 21:06:12,6,True
SESS0003919,2026-06-26 17:39:00,2026-06-26 17:43:38,5,False
SESS0003920,2026-06-30 14:53:00,2026-06-30 15:03:16,5,False
SESS0003921,2026-06-30 23:58:00,2026-07-01 00:14:28,10,False
SESS0003922,2026-06-26 16:04:00,2026-06-26 16:12:41,5,True
SESS0003923,2026-06-27 23:52:00,2026-06-27 23:54:38,2,False
SESS0003924,2026-06-30 13:04:00,2026-06-30 13:08:21,2,False
SESS0003925,2026-06-04 20:22:00,2026-06-04 20:43:19,12,False
SESS0003926,2026-07-02 17:04:00,2026-07-02 17:08:54,2,False
SESS0003927,2026-06-14 16:03:00,2026-06-14 16:19:56,8,False
SESS0003928,2026-06-12 16:35:00,2026-06-12 16:43:24,6,True
SESS0003929,2026-06-08 17:55:00,2026-06-08 18:10:09,9,False
SESS0003930,2026-06-22 22:57:00,2026-06-22 23:02:02,3,False
SESS0003931,2026-06-26 23:31:00,2026-06-26 23:38:48,6,False
SESS0003932,2026-06-28 17:09:00,2026-06-28 17:15:07,5,True
SESS0003933,2026-06-14 15:36:00,2026-06-14 15:39:52,4,False
SESS0003934,2026-06-12 18:54:00,2026-06-12 18:57:47,3,False
SESS0003935,2026-06-17 19:41:00,2026-06-17 19:49:11,5,True
SESS0003936,2026-06-10 17:51:00,2026-06-10 17:58:16,4,False
SESS0003937,2026-06-26 12:05:00,2026-06-26 12:10:45,5,False
SESS0003938,2026-06-11 16:07:00,2026-06-11 16:19:41,6,False
SESS0003939,2026-07-01 17:14:00,2026-07-01 17:26:29,10,False
SESS0003940,2026-06-14 18:48:00,2026-06-14 19:01:50,8,True
SESS0003941,2026-06-04 13:26:00,2026-06-04 13:29:16,2,False
SESS0003942,2026-06-20 20:34:00,2026-06-20 20:35:55,2,False
SESS0003943,2026-06-20 20:25:00,2026-06-20 20:45:08,10,True
SESS0003944,2026-06-09 21:21:00,2026-06-09 21:26:46,4,False
SESS0003945,2026-06-30 21:36:00,2026-06-30 21:41:07,3,False
SESS0003946,2026-06-26 21:39:00,2026-06-26 21:55:46,9,False
SESS0003947,2026-06-10 19:39:00,2026-06-10 19:47:10,4,False
SESS0003948,2026-06-11 18:54:00,2026-06-11 19:07:11,7,False
SESS0003949,2026-06-11 18:09:00,2026-06-11 18:14:53,3,False
SESS0003950,2026-06-26 16:48:00,2026-06-26 16:51:18,2,False
SESS0003951,2026-06-10 17:49:00,2026-06-10 17:54:16,5,False
SESS0003952,2026-06-22 20:32:00,2026-06-22 20:40:31,4,False
SESS0003953,2026-07-01 20:30:00,2026-07-01 20:43:40,10,False
SESS0003954,2026-06-28 14:03:00,2026-06-28 14:06:11,2,False
SESS0003955,2026-06-30 19:31:00,2026-06-30 19:36:56,4,False
SESS0003956,2026-07-03 15:11:00,2026-07-03 15:19:25,4,False
SESS0003957,2026-06-08 14:06:00,2026-06-08 14:12:21,3,False
SESS0003958,2026-06-19 21:45:00,2026-06-19 21:51:10,3,False
SESS0003959,2026-06-17 16:32:00,2026-06-17 16:40:31,5,False
SESS0003960,2026-06-07 21:30:00,2026-06-07 21:35:25,3,False
SESS0003961,2026-07-03 18:39:00,2026-07-03 18:45:17,4,False
SESS0003962,2026-06-18 15:38:00,2026-06-18 15:45:09,4,False
SESS0003963,2026-06-08 22:36:00,2026-06-08 22:42:11,3,False
SESS0003964,2026-06-26 16:22:00,2026-06-26 16:23:43,3,False
SESS0003965,2026-06-12 18:56:00,2026-06-12 19:05:52,8,False
SESS0003966,2026-06-14 18:39:00,2026-06-14 18:43:54,3,False
SESS0003967,2026-06-15 16:05:00,2026-06-15 16:14:14,6,True
SESS0003968,2026-06-13 21:53:00,2026-06-13 22:00:36,3,False
SESS0003969,2026-06-25 22:38:00,2026-06-25 22:42:59,3,False
SESS0003970,2026-06-17 16:15:00,2026-06-17 16:27:27,7,True
SESS0003971,2026-06-15 09:27:00,2026-06-15 09:36:00,6,True
SESS0003972,2026-06-12 17:05:00,2026-06-12 17:09:38,3,False
SESS0003973,2026-06-09 15:40:00,2026-06-09 15:46:44,3,False
SESS0003974,2026-06-29 19:56:00,2026-06-29 20:04:52,6,True
SESS0003975,2026-06-09 21:16:00,2026-06-09 21:22:45,3,False
SESS0003976,2026-06-15 17:02:00,2026-06-15 17:04:24,2,False
SESS0003977,2026-06-12 21:45:00,2026-06-12 22:01:55,11,True
SESS0003978,2026-06-24 21:23:00,2026-06-24 21:25:40,2,False
SESS0003979,2026-06-16 23:08:00,2026-06-16 23:24:08,9,False
SESS0003980,2026-06-17 22:17:00,2026-06-17 22:28:13,7,True
SESS0003981,2026-06-22 23:59:00,2026-06-23 00:08:40,6,False
SESS0003982,2026-06-27 20:44:00,2026-06-27 20:51:47,5,False
SESS0003983,2026-06-26 21:57:00,2026-06-26 22:01:34,4,False
SESS0003984,2026-06-24 19:10:00,2026-06-24 19:13:17,4,False
SESS0003985,2026-06-19 15:08:00,2026-06-19 15:13:02,2,False
SESS0003986,2026-06-07 23:20:00,2026-06-07 23:29:50,5,False
SESS0003987,2026-06-18 18:03:00,2026-06-18 18:06:26,2,False
SESS0003988,2026-06-12 23:37:00,2026-06-12 23:43:07,3,False
SESS0003989,2026-06-20 18:33:00,2026-06-20 18:42:49,6,True
SESS0003990,2026-06-07 17:56:00,2026-06-07 18:04:53,6,False
SESS0003991,2026-06-06 23:33:00,2026-06-06 23:38:01,2,False
SESS0003992,2026-06-19 20:16:00,2026-06-19 20:24:37,6,True
SESS0003993,2026-06-29 17:16:00,2026-06-29 17:20:25,2,False
SESS0003994,2026-06-23 17:03:00,2026-06-23 17:18:51,8,True
SESS0003995,2026-06-19 19:36:00,2026-06-19 19:39:16,3,False
SESS0003996,2026-06-22 19:27:00,2026-06-22 19:35:33,5,False
SESS0003997,2026-06-06 19:05:00,2026-06-06 19:14:41,6,False
SESS0003998,2026-06-13 11:14:00,2026-06-13 11:21:03,5,False
SESS0003999,2026-06-10 14:29:00,2026-06-10 14:39:42,5,False
SESS0004000,2026-06-15 17:45:00,2026-06-15 17:54:35,6,False
SESS0004001,2026-06-04 15:38:00,2026-06-04 15:42:28,2,False
SESS0004002,2026-06-27 17:45:00,2026-06-27 17:50:04,3,False
SESS0004003,2026-06-25 18:09:00,2026-06-25 18:17:35,4,False
SESS0004004,2026-06-22 20:21:00,2026-06-22 20:23:58,2,False
SESS0004005,2026-06-14 18:26:00,2026-06-14 18:32:37,4,False
SESS0004006,2026-06-07 23:01:00,2026-06-07 23:07:41,4,False
SESS0004007,2026-06-11 18:10:00,2026-06-11 18:26:19,9,False
SESS0004008,2026-06-26 13:32:00,2026-06-26 13:36:39,2,False
SESS0004009,2026-06-13 18:59:00,2026-06-13 19:10:20,5,False
SESS0004010,2026-06-27 14:18:00,2026-06-27 14:22:59,2,False
SESS0004011,2026-06-28 22:57:00,2026-06-28 23:05:27,8,False
SESS0004012,2026-07-03 17:54:00,2026-07-03 17:55:28,2,False
SESS0004013,2026-06-11 23:49:00,2026-06-11 23:56:26,5,False
SESS0004014,2026-06-08 18:40:00,2026-06-08 18:48:38,5,True
SESS0004015,2026-06-14 18:38:00,2026-06-14 18:44:37,3,False
SESS0004016,2026-06-07 15:04:00,2026-06-07 15:15:54,5,False
SESS0004017,2026-06-26 18:00:00,2026-06-26 18:11:35,8,False
SESS0004018,2026-06-09 15:14:00,2026-06-09 15:23:22,5,False
SESS0004019,2026-06-18 18:55:00,2026-06-18 19:01:39,5,False
SESS0004020,2026-06-22 17:03:00,2026-06-22 17:12:36,4,False
SESS0004021,2026-06-14 21:06:00,2026-06-14 21:23:51,9,True
SESS0004022,2026-07-02 19:44:00,2026-07-02 19:50:46,3,False
SESS0004023,2026-06-04 18:52:00,2026-06-04 19:04:52,8,False
SESS0004024,2026-06-29 21:25:00,2026-06-29 21:26:39,2,False
SESS0004025,2026-06-26 12:40:00,2026-06-26 12:48:11,4,False
SESS0004026,2026-06-06 18:49:00,2026-06-06 18:56:52,5,False
SESS0004027,2026-06-17 16:08:00,2026-06-17 16:30:30,11,True
SESS0004028,2026-07-01 22:36:00,2026-07-01 22:40:47,4,False
SESS0004029,2026-06-08 23:03:00,2026-06-08 23:13:02,7,False
SESS0004030,2026-06-14 13:53:00,2026-06-14 14:00:02,3,False
SESS0004031,2026-06-19 17:30:00,2026-06-19 17:40:18,5,False
SESS0004032,2026-06-08 20:56:00,2026-06-08 21:06:38,6,False
SESS0004033,2026-06-20 21:26:00,2026-06-20 21:39:27,8,False
SESS0004034,2026-07-02 22:03:00,2026-07-02 22:10:30,6,False
SESS0004035,2026-06-28 17:46:00,2026-06-28 18:05:52,10,False
SESS0004036,2026-06-23 20:52:00,2026-06-23 21:02:12,5,False
SESS0004037,2026-06-06 20:08:00,2026-06-06 20:18:41,6,True
SESS0004038,2026-06-08 20:35:00,2026-06-08 20:40:17,4,False
SESS0004039,2026-06-24 23:10:00,2026-06-24 23:18:15,6,False
SESS0004040,2026-06-19 17:12:00,2026-06-19 17:23:02,7,True
SESS0004041,2026-06-26 20:57:00,2026-06-26 21:06:58,7,False
SESS0004042,2026-06-28 21:48:00,2026-06-28 21:52:04,3,False
SESS0004043,2026-06-17 22:01:00,2026-06-17 22:05:14,2,False
SESS0004044,2026-06-06 22:53:00,2026-06-06 23:09:30,12,False
SESS0004045,2026-06-17 19:30:00,2026-06-17 19:37:06,5,False
SESS0004046,2026-06-16 23:21:00,2026-06-16 23:33:58,8,True
SESS0004047,2026-06-18 21:47:00,2026-06-18 21:53:58,4,False
SESS0004048,2026-06-22 20:18:00,2026-06-22 20:33:09,12,False
SESS0004049,2026-06-28 18:04:00,2026-06-28 18:05:26,2,False
SESS0004050,2026-06-26 20:15:00,2026-06-26 20:25:06,7,False
SESS0004051,2026-06-25 12:52:00,2026-06-25 12:57:16,4,False
SESS0004052,2026-06-13 18:32:00,2026-06-13 18:49:57,12,True
SESS0004053,2026-07-02 15:25:00,2026-07-02 15:36:20,6,True
SESS0004054,2026-07-02 19:17:00,2026-07-02 19:20:17,2,False
SESS0004055,2026-06-05 20:25:00,2026-06-05 20:39:29,9,False
SESS0004056,2026-06-28 18:08:00,2026-06-28 18:12:21,2,False
SESS0004057,2026-06-13 23:21:00,2026-06-13 23:27:01,4,False
SESS0004058,2026-06-19 23:02:00,2026-06-19 23:10:57,8,False
SESS0004059,2026-06-09 15:00:00,2026-06-09 15:09:40,6,False
SESS0004060,2026-06-21 17:01:00,2026-06-21 17:10:56,5,False
SESS0004061,2026-06-23 17:07:00,2026-06-23 17:11:29,4,False
SESS0004062,2026-06-14 22:25:00,2026-06-14 22:36:33,6,False
SESS0004063,2026-07-03 16:44:00,2026-07-03 16:50:14,3,False
SESS0004064,2026-06-28 21:11:00,2026-06-28 21:17:15,6,True
SESS0004065,2026-06-15 18:54:00,2026-06-15 19:01:12,4,False
SESS0004066,2026-06-10 20:37:00,2026-06-10 20:43:16,5,False
SESS0004067,2026-06-07 15:23:00,2026-06-07 15:27:36,3,False
SESS0004068,2026-06-08 23:00:00,2026-06-08 23:07:40,6,False
SESS0004069,2026-06-06 23:17:00,2026-06-06 23:19:18,2,False
SESS0004070,2026-06-08 20:55:00,2026-06-08 20:58:49,2,False
SESS0004071,2026-06-16 15:38:00,2026-06-16 15:45:52,3,False
SESS0004072,2026-06-05 14:28:00,2026-06-05 14:31:07,3,False
SESS0004073,2026-06-16 17:57:00,2026-06-16 18:05:39,5,True
SESS0004074,2026-06-06 17:37:00,2026-06-06 17:39:00,2,False
SESS0004075,2026-06-16 18:02:00,2026-06-16 18:09:23,4,False
SESS0004076,2026-06-28 18:32:00,2026-06-28 18:44:17,5,True
SESS0004077,2026-06-19 22:23:00,2026-06-19 22:34:20,6,False
SESS0004078,2026-06-30 17:46:00,2026-06-30 17:47:27,2,False
SESS0004079,2026-06-05 22:08:00,2026-06-05 22:11:31,2,False
SESS0004080,2026-06-15 22:53:00,2026-06-15 23:00:48,4,False
SESS0004081,2026-06-27 20:17:00,2026-06-27 20:21:57,3,False
SESS0004082,2026-06-07 20:53:00,2026-06-07 20:57:17,3,False
SESS0004083,2026-06-14 17:37:00,2026-06-14 17:46:02,5,False
SESS0004084,2026-06-23 16:45:00,2026-06-23 16:49:30,2,False
SESS0004085,2026-06-15 20:18:00,2026-06-15 20:24:22,5,False
SESS0004086,2026-06-20 18:16:00,2026-06-20 18:25:00,5,False
SESS0004087,2026-06-29 14:00:00,2026-06-29 14:13:25,9,False
SESS0004088,2026-06-17 15:32:00,2026-06-17 15:37:27,3,False
SESS0004089,2026-06-30 16:24:00,2026-06-30 16:29:10,3,False
SESS0004090,2026-06-24 16:52:00,2026-06-24 17:02:22,5,True
SESS0004091,2026-06-22 20:44:00,2026-06-22 20:51:10,5,False
SESS0004092,2026-06-05 16:02:00,2026-06-05 16:11:15,6,False
SESS0004093,2026-06-18 19:09:00,2026-06-18 19:15:38,4,False
SESS0004094,2026-06-19 20:39:00,2026-06-19 20:40:26,2,False
SESS0004095,2026-06-15 22:40:00,2026-06-15 22:46:59,3,False
SESS0004096,2026-06-06 23:39:00,2026-06-06 23:42:46,2,False
SESS0004097,2026-06-16 18:33:00,2026-06-16 18:46:25,10,True
SESS0004098,2026-06-16 21:32:00,2026-06-16 21:36:11,2,False
SESS0004099,2026-06-09 16:42:00,2026-06-09 17:02:22,14,False
SESS0004100,2026-06-15 23:02:00,2026-06-15 23:07:06,4,False
SESS0004101,2026-06-10 15:41:00,2026-06-10 15:57:24,7,False
SESS0004102,2026-06-14 18:53:00,2026-06-14 18:59:54,3,False
SESS0004103,2026-06-06 18:54:00,2026-06-06 19:01:28,6,False
SESS0004104,2026-06-20 15:49:00,2026-06-20 16:00:47,6,False
SESS0004105,2026-06-11 21:47:00,2026-06-11 21:51:10,2,False
SESS0004106,2026-06-16 19:25:00,2026-06-16 19:28:31,3,False
SESS0004107,2026-06-16 21:35:00,2026-06-16 21:44:59,6,False
SESS0004108,2026-06-07 17:25:00,2026-06-07 17:32:34,5,False
SESS0004109,2026-06-21 16:17:00,2026-06-21 16:20:45,3,False
SESS0004110,2026-06-19 21:05:00,2026-06-19 21:12:05,4,False
SESS0004111,2026-06-16 23:03:00,2026-06-16 23:12:10,6,True
SESS0004112,2026-06-25 20:22:00,2026-06-25 20:36:42,10,False
SESS0004113,2026-06-29 17:51:00,2026-06-29 18:04:15,9,False
SESS0004114,2026-07-03 20:27:00,2026-07-03 20:49:43,13,False
SESS0004115,2026-06-30 17:12:00,2026-06-30 17:16:18,2,False
SESS0004116,2026-06-21 17:08:00,2026-06-21 17:20:21,7,False
SESS0004117,2026-06-11 15:42:00,2026-06-11 15:43:30,3,False
SESS0004118,2026-07-02 20:22:00,2026-07-02 20:30:12,6,True
SESS0004119,2026-07-02 11:15:00,2026-07-02 11:20:23,2,False
SESS0004120,2026-07-01 17:20:00,2026-07-01 17:24:32,4,False
SESS0004121,2026-06-25 21:43:00,2026-06-25 21:54:22,7,True
SESS0004122,2026-06-15 15:19:00,2026-06-15 15:26:52,4,False
SESS0004123,2026-06-18 18:40:00,2026-06-18 18:43:53,2,False
SESS0004124,2026-07-03 10:24:00,2026-07-03 10:27:48,3,False
SESS0004125,2026-06-29 19:02:00,2026-06-29 19:07:32,3,False
SESS0004126,2026-06-25 22:39:00,2026-06-25 23:02:50,14,False
SESS0004127,2026-06-12 22:17:00,2026-06-12 22:36:05,8,False
SESS0004128,2026-06-11 14:48:00,2026-06-11 14:51:19,4,False
SESS0004129,2026-06-19 22:27:00,2026-06-19 22:35:55,7,False
SESS0004130,2026-06-08 16:43:00,2026-06-08 16:52:14,7,False
SESS0004131,2026-07-01 17:18:00,2026-07-01 17:22:20,3,False
SESS0004132,2026-06-28 18:44:00,2026-06-28 18:49:46,3,False
SESS0004133,2026-06-08 20:50:00,2026-06-08 20:58:23,9,True
SESS0004134,2026-06-09 17:34:00,2026-06-09 17:39:28,2,False
SESS0004135,2026-06-27 19:42:00,2026-06-27 20:01:00,13,True
SESS0004136,2026-06-26 17:01:00,2026-06-26 17:14:06,9,True
SESS0004137,2026-06-05 17:23:00,2026-06-05 17:37:29,8,False
SESS0004138,2026-06-27 15:34:00,2026-06-27 15:37:54,2,False
SESS0004139,2026-06-12 21:58:00,2026-06-12 22:08:58,8,False
SESS0004140,2026-06-26 16:32:00,2026-06-26 16:49:24,8,True
SESS0004141,2026-06-24 15:55:00,2026-06-24 16:03:45,6,True
SESS0004142,2026-06-16 17:42:00,2026-06-16 17:57:33,11,True
SESS0004143,2026-07-03 23:09:00,2026-07-03 23:17:38,5,True
SESS0004144,2026-06-25 17:10:00,2026-06-25 17:22:05,8,False
SESS0004145,2026-06-25 19:13:00,2026-06-25 19:25:38,9,False
SESS0004146,2026-06-10 23:47:00,2026-06-10 23:51:10,2,False
SESS0004147,2026-06-13 22:57:00,2026-06-13 23:01:53,4,False
SESS0004148,2026-06-20 22:06:00,2026-06-20 22:15:14,6,True
SESS0004149,2026-06-07 20:05:00,2026-06-07 20:23:29,8,True
SESS0004150,2026-06-18 17:15:00,2026-06-18 17:22:33,4,False
SESS0004151,2026-06-12 16:41:00,2026-06-12 16:49:06,4,False
SESS0004152,2026-06-13 17:49:00,2026-06-13 17:56:45,4,False
SESS0004153,2026-06-17 16:30:00,2026-06-17 16:40:58,7,False
SESS0004154,2026-06-30 18:06:00,2026-06-30 18:20:11,10,False
SESS0004155,2026-06-20 18:27:00,2026-06-20 18:37:09,5,False
SESS0004156,2026-07-03 23:44:00,2026-07-03 23:54:54,5,True
SESS0004157,2026-06-18 16:29:00,2026-06-18 16:33:39,3,False
SESS0004158,2026-06-17 23:09:00,2026-06-17 23:18:27,6,True
SESS0004159,2026-06-14 19:43:00,2026-06-14 19:45:56,2,False
SESS0004160,2026-06-29 19:48:00,2026-06-29 19:53:57,4,False
SESS0004161,2026-06-24 18:10:00,2026-06-24 18:16:40,4,False
SESS0004162,2026-06-05 19:16:00,2026-06-05 19:36:37,14,False
SESS0004163,2026-06-24 18:55:00,2026-06-24 19:17:35,13,False
SESS0004164,2026-06-13 20:34:00,2026-06-13 20:39:47,3,False
SESS0004165,2026-06-29 22:59:00,2026-06-29 23:02:58,3,False
SESS0004166,2026-06-09 20:34:00,2026-06-09 20:40:35,5,False
SESS0004167,2026-07-01 20:37:00,2026-07-01 20:39:58,2,False
SESS0004168,2026-06-21 19:44:00,2026-06-21 19:52:00,4,False
SESS0004169,2026-07-02 23:57:00,2026-07-03 00:02:32,3,False
SESS0004170,2026-07-03 18:05:00,2026-07-03 18:12:45,4,False
SESS0004171,2026-06-22 18:12:00,2026-06-22 18:16:34,2,False
SESS0004172,2026-06-07 19:49:00,2026-06-07 19:52:57,3,False
SESS0004173,2026-06-19 16:16:00,2026-06-19 16:24:04,7,False
SESS0004174,2026-06-13 20:09:00,2026-06-13 20:21:01,7,False
SESS0004175,2026-07-03 23:59:00,2026-07-04 00:05:18,4,False
SESS0004176,2026-06-11 16:35:00,2026-06-11 16:45:07,8,True
SESS0004177,2026-06-04 22:57:00,2026-06-04 23:00:30,2,False
SESS0004178,2026-06-23 22:47:00,2026-06-23 22:55:19,5,False
SESS0004179,2026-07-01 23:26:00,2026-07-01 23:50:54,12,False
SESS0004180,2026-06-10 23:37:00,2026-06-10 23:42:05,3,False
SESS0004181,2026-06-19 15:47:00,2026-06-19 15:53:00,6,False
SESS0004182,2026-06-14 21:21:00,2026-06-14 21:31:15,6,False
SESS0004183,2026-06-21 11:44:00,2026-06-21 11:50:07,5,True
SESS0004184,2026-06-27 22:24:00,2026-06-27 22:27:10,2,False
SESS0004185,2026-06-12 15:29:00,2026-06-12 15:37:19,6,False
SESS0004186,2026-06-19 19:11:00,2026-06-19 19:16:31,5,False
SESS0004187,2026-06-20 19:25:00,2026-06-20 19:37:30,6,False
SESS0004188,2026-06-19 19:29:00,2026-06-19 19:35:58,5,False
SESS0004189,2026-06-05 22:03:00,2026-06-05 22:14:28,8,False
SESS0004190,2026-06-20 20:39:00,2026-06-20 20:42:00,2,False
SESS0004191,2026-06-04 20:56:00,2026-06-04 20:59:42,3,False
SESS0004192,2026-07-01 22:45:00,2026-07-01 22:48:01,3,False
SESS0004193,2026-07-03 22:03:00,2026-07-03 22:10:27,3,False
SESS0004194,2026-06-23 22:05:00,2026-06-23 22:17:25,7,True
SESS0004195,2026-06-15 20:41:00,2026-06-15 20:46:04,4,False
SESS0004196,2026-06-30 19:27:00,2026-06-30 19:34:21,4,False
SESS0004197,2026-06-28 18:12:00,2026-06-28 18:18:25,3,False
SESS0004198,2026-06-07 21:43:00,2026-06-07 21:45:47,4,False
SESS0004199,2026-06-25 17:32:00,2026-06-25 17:44:10,8,True
SESS0004200,2026-06-12 23:37:00,2026-06-12 23:44:31,4,False
SESS0004201,2026-06-16 14:53:00,2026-06-16 15:03:06,6,False
SESS0004202,2026-06-21 20:26:00,2026-06-21 20:36:19,5,False
SESS0004203,2026-06-24 17:02:00,2026-06-24 17:06:33,2,False
SESS0004204,2026-06-20 18:05:00,2026-06-20 18:08:23,4,False
SESS0004205,2026-07-02 14:35:00,2026-07-02 14:45:07,6,False
SESS0004206,2026-06-05 16:08:00,2026-06-05 16:18:46,6,False
SESS0004207,2026-06-13 23:35:00,2026-06-13 23:44:03,6,True
SESS0004208,2026-06-14 20:37:00,2026-06-14 20:46:16,6,False
SESS0004209,2026-06-17 15:24:00,2026-06-17 15:28:47,2,False
SESS0004210,2026-06-21 23:39:00,2026-06-21 23:44:38,3,False
SESS0004211,2026-06-23 17:37:00,2026-06-23 17:39:09,2,False
SESS0004212,2026-06-23 18:59:00,2026-06-23 19:05:08,4,False
SESS0004213,2026-06-21 18:05:00,2026-06-21 18:12:44,4,False
SESS0004214,2026-06-28 16:07:00,2026-06-28 16:23:43,11,True
SESS0004215,2026-06-13 18:23:00,2026-06-13 18:30:09,4,False
SESS0004216,2026-06-28 18:24:00,2026-06-28 18:33:10,5,False
SESS0004217,2026-06-18 17:13:00,2026-06-18 17:16:51,2,False
SESS0004218,2026-06-20 21:20:00,2026-06-20 21:26:15,5,False
SESS0004219,2026-06-06 23:02:00,2026-06-06 23:04:56,2,False
SESS0004220,2026-06-23 15:11:00,2026-06-23 15:20:26,6,False
SESS0004221,2026-06-29 20:29:00,2026-06-29 20:32:43,3,False
SESS0004222,2026-06-24 21:30:00,2026-06-24 21:35:13,3,False
SESS0004223,2026-06-12 16:25:00,2026-06-12 16:32:12,7,False
SESS0004224,2026-06-23 17:34:00,2026-06-23 17:43:38,6,False
SESS0004225,2026-06-29 18:02:00,2026-06-29 18:05:26,2,False
SESS0004226,2026-07-02 18:01:00,2026-07-02 18:14:04,7,True
SESS0004227,2026-06-29 18:59:00,2026-06-29 19:03:32,3,False
SESS0004228,2026-07-02 19:50:00,2026-07-02 19:53:47,2,False
SESS0004229,2026-07-02 17:19:00,2026-07-02 17:20:08,2,False
SESS0004230,2026-06-10 16:49:00,2026-06-10 16:57:34,5,False
SESS0004231,2026-06-20 19:23:00,2026-06-20 19:29:44,7,True
SESS0004232,2026-06-27 22:22:00,2026-06-27 22:27:10,3,False
SESS0004233,2026-06-14 20:19:00,2026-06-14 20:26:24,4,False
SESS0004234,2026-06-21 22:32:00,2026-06-21 22:40:45,5,True
SESS0004235,2026-06-08 20:59:00,2026-06-08 21:06:41,6,False
SESS0004236,2026-06-11 17:57:00,2026-06-11 18:02:48,4,False
SESS0004237,2026-06-05 19:48:00,2026-06-05 19:57:01,5,True
SESS0004238,2026-06-12 23:31:00,2026-06-12 23:39:13,4,False
SESS0004239,2026-06-07 20:26:00,2026-06-07 20:31:07,3,False
SESS0004240,2026-06-24 13:55:00,2026-06-24 14:00:25,4,False
SESS0004241,2026-06-06 21:07:00,2026-06-06 21:14:31,5,False
SESS0004242,2026-06-12 18:06:00,2026-06-12 18:09:41,3,False
SESS0004243,2026-06-18 21:52:00,2026-06-18 21:56:39,3,False
SESS0004244,2026-06-21 19:21:00,2026-06-21 19:27:10,4,False
SESS0004245,2026-07-01 19:36:00,2026-07-01 19:51:28,9,False
SESS0004246,2026-06-30 19:15:00,2026-06-30 19:17:20,2,False
SESS0004247,2026-06-21 19:46:00,2026-06-21 19:56:06,5,False
SESS0004248,2026-06-06 16:18:00,2026-06-06 16:23:54,4,False
SESS0004249,2026-06-13 16:43:00,2026-06-13 16:53:13,7,False
SESS0004250,2026-06-13 22:09:00,2026-06-13 22:17:00,6,True
SESS0004251,2026-06-18 18:58:00,2026-06-18 19:01:46,2,False
SESS0004252,2026-06-21 18:12:00,2026-06-21 18:15:17,2,False
SESS0004253,2026-06-09 18:41:00,2026-06-09 18:48:15,4,False
SESS0004254,2026-06-20 18:31:00,2026-06-20 18:35:59,2,False
SESS0004255,2026-06-15 18:02:00,2026-06-15 18:04:50,2,False
SESS0004256,2026-06-04 22:13:00,2026-06-04 22:19:46,5,False
SESS0004257,2026-06-26 17:58:00,2026-06-26 18:09:23,7,False
SESS0004258,2026-06-10 17:04:00,2026-06-10 17:10:40,7,False
SESS0004259,2026-06-22 18:15:00,2026-06-22 18:18:54,2,False
SESS0004260,2026-07-01 16:33:00,2026-07-01 16:37:57,4,False
SESS0004261,2026-06-11 22:59:00,2026-06-11 23:13:35,8,False
SESS0004262,2026-06-08 21:46:00,2026-06-08 21:52:26,4,False
SESS0004263,2026-06-07 19:22:00,2026-06-07 19:26:59,3,False
SESS0004264,2026-06-04 12:21:00,2026-06-04 12:24:38,2,False
SESS0004265,2026-06-21 21:50:00,2026-06-21 21:57:36,7,False
SESS0004266,2026-06-26 18:30:00,2026-06-26 18:33:37,3,False
SESS0004267,2026-06-18 18:59:00,2026-06-18 19:01:30,3,False
SESS0004268,2026-06-26 21:10:00,2026-06-26 21:17:08,5,False
SESS0004269,2026-06-15 10:52:00,2026-06-15 11:02:16,6,False
SESS0004270,2026-06-08 21:51:00,2026-06-08 21:59:27,6,True
SESS0004271,2026-06-22 22:21:00,2026-06-22 22:29:43,6,True
SESS0004272,2026-06-11 22:36:00,2026-06-11 22:44:21,5,False
SESS0004273,2026-06-28 12:06:00,2026-06-28 12:16:50,7,False
SESS0004274,2026-06-24 17:26:00,2026-06-24 17:31:33,4,False
SESS0004275,2026-06-13 17:28:00,2026-06-13 17:41:28,9,False
SESS0004276,2026-06-09 21:19:00,2026-06-09 21:23:28,4,False
SESS0004277,2026-06-26 19:41:00,2026-06-26 19:50:32,6,True
SESS0004278,2026-06-22 16:53:00,2026-06-22 16:58:38,4,False
SESS0004279,2026-06-23 20:58:00,2026-06-23 21:09:22,8,False
SESS0004280,2026-06-22 21:02:00,2026-06-22 21:14:10,7,False
SESS0004281,2026-07-01 17:37:00,2026-07-01 17:40:30,2,False
SESS0004282,2026-06-30 17:45:00,2026-06-30 17:48:11,3,False
SESS0004283,2026-06-26 18:07:00,2026-06-26 18:10:36,2,False
SESS0004284,2026-06-25 16:35:00,2026-06-25 16:40:24,4,False
SESS0004285,2026-06-14 19:46:00,2026-06-14 19:55:37,4,False
SESS0004286,2026-06-05 21:23:00,2026-06-05 21:37:12,8,True
SESS0004287,2026-06-16 20:15:00,2026-06-16 20:16:51,2,False
SESS0004288,2026-06-19 16:48:00,2026-06-19 16:53:27,4,False
SESS0004289,2026-06-06 15:49:00,2026-06-06 16:12:28,14,False
SESS0004290,2026-06-12 17:34:00,2026-06-12 17:39:18,2,False
SESS0004291,2026-06-27 20:16:00,2026-06-27 20:29:35,8,True
SESS0004292,2026-06-14 18:46:00,2026-06-14 18:54:48,6,True
SESS0004293,2026-06-21 17:36:00,2026-06-21 17:45:34,6,False
SESS0004294,2026-06-05 23:39:00,2026-06-05 23:42:13,3,False
SESS0004295,2026-06-30 18:51:00,2026-06-30 18:54:40,2,False
SESS0004296,2026-06-25 15:38:00,2026-06-25 15:40:27,3,False
SESS0004297,2026-06-20 22:12:00,2026-06-20 22:16:45,3,False
SESS0004298,2026-06-30 18:21:00,2026-06-30 18:28:43,5,False
SESS0004299,2026-06-08 15:28:00,2026-06-08 15:30:28,2,False
SESS0004300,2026-06-24 15:53:00,2026-06-24 15:57:59,2,False
SESS0004301,2026-06-08 21:40:00,2026-06-08 21:46:48,5,False
SESS0004302,2026-06-19 16:58:00,2026-06-19 17:02:23,3,False
SESS0004303,2026-06-14 18:34:00,2026-06-14 18:44:56,7,False
SESS0004304,2026-06-22 14:10:00,2026-06-22 14:22:00,6,True
SESS0004305,2026-06-10 20:09:00,2026-06-10 20:18:55,6,True
SESS0004306,2026-06-12 17:59:00,2026-06-12 18:11:07,8,True
SESS0004307,2026-06-11 21:02:00,2026-06-11 21:03:44,3,False
SESS0004308,2026-06-09 21:22:00,2026-06-09 21:30:10,6,True
SESS0004309,2026-06-14 19:11:00,2026-06-14 19:15:20,2,False
SESS0004310,2026-06-18 21:20:00,2026-06-18 21:27:37,5,True
SESS0004311,2026-06-04 22:08:00,2026-06-04 22:09:37,3,False
SESS0004312,2026-06-19 15:42:00,2026-06-19 15:51:10,5,True
SESS0004313,2026-06-27 19:23:00,2026-06-27 19:26:48,2,False
SESS0004314,2026-06-24 18:42:00,2026-06-24 18:57:31,10,False
SESS0004315,2026-06-06 23:49:00,2026-06-07 00:00:12,5,False
SESS0004316,2026-06-27 19:51:00,2026-06-27 19:58:27,5,False
SESS0004317,2026-06-12 18:01:00,2026-06-12 18:09:03,6,False
SESS0004318,2026-07-03 21:32:00,2026-07-03 21:44:39,7,False
SESS0004319,2026-06-09 20:25:00,2026-06-09 20:40:00,11,False
SESS0004320,2026-06-26 21:13:00,2026-06-26 21:18:35,4,False
SESS0004321,2026-06-17 17:08:00,2026-06-17 17:19:05,8,False
SESS0004322,2026-07-03 19:31:00,2026-07-03 19:36:48,3,False
SESS0004323,2026-06-17 21:50:00,2026-06-17 22:03:05,6,False
SESS0004324,2026-06-30 15:01:00,2026-06-30 15:16:13,10,False
SESS0004325,2026-06-28 21:10:00,2026-06-28 21:18:31,6,False
SESS0004326,2026-06-19 22:30:00,2026-06-19 22:34:17,3,False
SESS0004327,2026-06-18 23:02:00,2026-06-18 23:16:24,7,False
SESS0004328,2026-06-14 19:41:00,2026-06-14 19:51:46,8,False
SESS0004329,2026-06-09 18:47:00,2026-06-09 18:54:06,6,False
SESS0004330,2026-06-08 20:27:00,2026-06-08 20:37:14,5,True
SESS0004331,2026-06-19 21:28:00,2026-06-19 21:41:20,6,True
SESS0004332,2026-06-12 16:18:00,2026-06-12 16:21:40,2,False
SESS0004333,2026-06-18 23:39:00,2026-06-18 23:42:18,2,False
SESS0004334,2026-06-18 21:41:00,2026-06-18 21:45:58,4,False
SESS0004335,2026-06-06 19:53:00,2026-06-06 20:01:01,6,False
SESS0004336,2026-06-15 16:24:00,2026-06-15 16:43:11,13,False
SESS0004337,2026-06-21 18:24:00,2026-06-21 18:30:03,3,False
SESS0004338,2026-06-18 21:40:00,2026-06-18 21:44:55,4,False
SESS0004339,2026-06-26 17:22:00,2026-06-26 17:45:46,12,False
SESS0004340,2026-06-15 21:28:00,2026-06-15 21:35:34,4,False
SESS0004341,2026-06-18 23:25:00,2026-06-18 23:39:12,8,True
SESS0004342,2026-06-26 20:30:00,2026-06-26 20:33:56,2,False
SESS0004343,2026-06-26 17:43:00,2026-06-26 17:50:11,3,False
SESS0004344,2026-06-12 19:00:00,2026-06-12 19:09:31,4,False
SESS0004345,2026-06-23 23:58:00,2026-06-24 00:13:29,8,False
SESS0004346,2026-07-03 18:09:00,2026-07-03 18:14:19,2,False
SESS0004347,2026-06-13 17:04:00,2026-06-13 17:10:52,4,False
SESS0004348,2026-06-17 12:09:00,2026-06-17 12:14:33,5,False
SESS0004349,2026-06-07 15:54:00,2026-06-07 16:05:53,8,False
SESS0004350,2026-06-18 19:29:00,2026-06-18 19:36:46,8,False
SESS0004351,2026-06-14 22:12:00,2026-06-14 22:12:50,2,False
SESS0004352,2026-07-01 19:50:00,2026-07-01 19:53:49,2,False
SESS0004353,2026-06-21 19:33:00,2026-06-21 19:36:52,3,False
SESS0004354,2026-06-15 14:34:00,2026-06-15 14:43:13,5,False
SESS0004355,2026-06-28 21:48:00,2026-06-28 21:55:51,4,False
SESS0004356,2026-06-22 16:36:00,2026-06-22 16:39:14,3,False
SESS0004357,2026-07-03 15:11:00,2026-07-03 15:22:05,8,False
SESS0004358,2026-06-22 19:53:00,2026-06-22 19:55:45,2,False
SESS0004359,2026-06-22 17:53:00,2026-06-22 17:56:31,3,False
SESS0004360,2026-06-16 19:40:00,2026-06-16 19:50:59,5,False
SESS0004361,2026-06-17 13:05:00,2026-06-17 13:08:01,2,False
SESS0004362,2026-06-06 17:44:00,2026-06-06 17:52:50,5,False
SESS0004363,2026-06-30 19:44:00,2026-06-30 19:48:54,3,False
SESS0004364,2026-06-16 21:28:00,2026-06-16 21:32:38,4,False
SESS0004365,2026-06-11 14:22:00,2026-06-11 14:34:05,7,False
SESS0004366,2026-06-15 16:17:00,2026-06-15 16:26:32,6,True
SESS0004367,2026-06-27 18:27:00,2026-06-27 18:31:04,2,False
SESS0004368,2026-06-05 19:44:00,2026-06-05 19:46:55,2,False
SESS0004369,2026-07-03 14:18:00,2026-07-03 14:22:39,2,False
SESS0004370,2026-06-06 22:40:00,2026-06-06 22:49:07,7,False
SESS0004371,2026-06-15 17:12:00,2026-06-15 17:31:57,12,False
SESS0004372,2026-06-10 20:15:00,2026-06-10 20:19:18,3,False
SESS0004373,2026-06-29 17:37:00,2026-06-29 17:53:20,9,True
SESS0004374,2026-07-02 20:13:00,2026-07-02 20:18:23,3,False
SESS0004375,2026-06-12 22:59:00,2026-06-12 23:01:11,3,False
SESS0004376,2026-06-09 22:14:00,2026-06-09 22:24:32,7,False
SESS0004377,2026-06-05 20:41:00,2026-06-05 20:45:15,2,False
SESS0004378,2026-06-12 17:48:00,2026-06-12 17:53:07,5,False
SESS0004379,2026-06-05 18:48:00,2026-06-05 18:51:48,4,False
SESS0004380,2026-06-24 15:03:00,2026-06-24 15:14:53,11,False
SESS0004381,2026-06-05 19:09:00,2026-06-05 19:10:30,2,False
SESS0004382,2026-06-24 23:32:00,2026-06-24 23:36:24,2,False
SESS0004383,2026-06-29 18:54:00,2026-06-29 19:03:25,5,False
SESS0004384,2026-07-02 18:25:00,2026-07-02 18:51:21,14,False
SESS0004385,2026-07-03 20:14:00,2026-07-03 20:20:29,3,False
SESS0004386,2026-06-30 18:05:00,2026-06-30 18:10:28,4,False
SESS0004387,2026-06-13 18:57:00,2026-06-13 19:13:48,12,True
SESS0004388,2026-06-07 15:06:00,2026-06-07 15:20:28,9,True
SESS0004389,2026-06-24 23:41:00,2026-06-24 23:43:07,2,False
SESS0004390,2026-06-15 18:48:00,2026-06-15 19:05:01,8,False
SESS0004391,2026-06-12 19:41:00,2026-06-12 19:45:25,3,False
SESS0004392,2026-06-05 23:10:00,2026-06-05 23:15:32,3,False
SESS0004393,2026-06-19 17:46:00,2026-06-19 17:58:19,9,True
SESS0004394,2026-06-11 13:56:00,2026-06-11 14:01:05,2,False
SESS0004395,2026-06-16 20:06:00,2026-06-16 20:11:41,3,False
SESS0004396,2026-06-29 19:30:00,2026-06-29 19:40:15,7,False
SESS0004397,2026-07-02 15:20:00,2026-07-02 15:32:47,8,False
SESS0004398,2026-06-21 16:35:00,2026-06-21 16:44:13,6,True
SESS0004399,2026-06-29 20:58:00,2026-06-29 21:08:27,5,False
SESS0004400,2026-06-26 23:13:00,2026-06-26 23:22:07,6,False
SESS0004401,2026-06-30 18:27:00,2026-06-30 18:42:48,10,False
SESS0004402,2026-06-18 16:33:00,2026-06-18 16:36:16,2,False
SESS0004403,2026-06-17 22:35:00,2026-06-17 22:46:16,6,True
SESS0004404,2026-06-28 17:33:00,2026-06-28 17:36:25,2,False
SESS0004405,2026-06-08 22:19:00,2026-06-08 22:26:32,3,False
SESS0004406,2026-06-04 21:16:00,2026-06-04 21:20:39,3,False
SESS0004407,2026-06-24 20:50:00,2026-06-24 20:56:49,5,False
SESS0004408,2026-07-01 15:45:00,2026-07-01 15:55:47,5,True
SESS0004409,2026-06-05 18:19:00,2026-06-05 18:29:13,6,False
SESS0004410,2026-06-05 18:06:00,2026-06-05 18:09:21,2,False
SESS0004411,2026-06-28 23:47:00,2026-06-28 23:48:09,2,False
SESS0004412,2026-06-25 19:57:00,2026-06-25 19:59:41,2,False
SESS0004413,2026-06-17 20:33:00,2026-06-17 20:37:10,2,False
SESS0004414,2026-06-20 16:02:00,2026-06-20 16:12:14,6,True
SESS0004415,2026-06-07 20:16:00,2026-06-07 20:20:23,4,False
SESS0004416,2026-06-08 20:16:00,2026-06-08 20:34:15,9,False
SESS0004417,2026-06-07 16:30:00,2026-06-07 16:36:39,5,False
SESS0004418,2026-06-18 23:56:00,2026-06-19 00:04:15,5,False
SESS0004419,2026-06-23 22:05:00,2026-06-23 22:10:04,3,False
SESS0004420,2026-06-29 14:55:00,2026-06-29 14:59:55,3,False
SESS0004421,2026-06-29 18:49:00,2026-06-29 18:57:35,5,False
SESS0004422,2026-06-19 19:29:00,2026-06-19 19:35:30,3,False
SESS0004423,2026-06-09 21:05:00,2026-06-09 21:10:46,3,False
SESS0004424,2026-06-16 15:51:00,2026-06-16 16:00:46,7,False
SESS0004425,2026-06-05 18:20:00,2026-06-05 18:25:33,3,False
SESS0004426,2026-06-26 18:14:00,2026-06-26 18:20:20,4,False
SESS0004427,2026-06-24 23:19:00,2026-06-24 23:25:18,3,False
SESS0004428,2026-07-01 19:33:00,2026-07-01 19:41:23,6,True
SESS0004429,2026-06-10 20:27:00,2026-06-10 20:40:24,7,False
SESS0004430,2026-06-14 19:07:00,2026-06-14 19:10:16,2,False
SESS0004431,2026-06-12 19:40:00,2026-06-12 19:42:17,2,False
SESS0004432,2026-06-30 17:57:00,2026-06-30 18:07:57,5,False
SESS0004433,2026-06-15 22:24:00,2026-06-15 22:31:46,4,False
SESS0004434,2026-06-05 17:56:00,2026-06-05 18:04:53,5,False
SESS0004435,2026-06-17 23:04:00,2026-06-17 23:11:08,5,False
SESS0004436,2026-06-17 15:06:00,2026-06-17 15:24:43,11,False
SESS0004437,2026-06-22 21:09:00,2026-06-22 21:10:33,2,False
SESS0004438,2026-06-29 19:52:00,2026-06-29 19:55:00,2,False
SESS0004439,2026-06-10 14:35:00,2026-06-10 14:40:06,4,False
SESS0004440,2026-07-02 21:42:00,2026-07-02 21:52:51,7,False
SESS0004441,2026-06-16 20:41:00,2026-06-16 20:46:24,2,False
SESS0004442,2026-06-09 17:35:00,2026-06-09 17:39:41,3,False
SESS0004443,2026-06-21 22:48:00,2026-06-21 22:53:30,4,False
SESS0004444,2026-06-18 19:45:00,2026-06-18 19:47:09,2,False
SESS0004445,2026-06-05 18:10:00,2026-06-05 18:17:19,5,False
SESS0004446,2026-06-16 15:50:00,2026-06-16 15:56:23,4,False
SESS0004447,2026-06-26 20:51:00,2026-06-26 21:05:03,9,False
SESS0004448,2026-06-09 15:45:00,2026-06-09 15:52:50,4,False
SESS0004449,2026-06-05 17:16:00,2026-06-05 17:27:42,5,True
SESS0004450,2026-06-21 16:29:00,2026-06-21 16:41:55,7,True
SESS0004451,2026-06-29 19:23:00,2026-06-29 19:24:51,2,False
SESS0004452,2026-06-29 14:45:00,2026-06-29 14:54:12,4,False
SESS0004453,2026-06-15 21:52:00,2026-06-15 22:11:12,10,True
SESS0004454,2026-07-03 20:44:00,2026-07-03 20:51:15,5,True
SESS0004455,2026-06-15 15:31:00,2026-06-15 15:36:39,4,False
SESS0004456,2026-06-10 21:35:00,2026-06-10 21:42:38,3,False
SESS0004457,2026-06-05 18:55:00,2026-06-05 19:00:31,3,False
SESS0004458,2026-06-07 16:23:00,2026-06-07 16:43:22,11,True
SESS0004459,2026-06-10 18:47:00,2026-06-10 19:00:07,8,False
SESS0004460,2026-07-01 15:26:00,2026-07-01 15:30:47,3,False
SESS0004461,2026-06-20 23:51:00,2026-06-20 23:55:23,2,False
SESS0004462,2026-06-08 16:39:00,2026-06-08 16:47:32,5,False
SESS0004463,2026-06-10 23:53:00,2026-06-10 23:57:46,4,False
SESS0004464,2026-06-26 23:47:00,2026-06-26 23:49:19,2,False
SESS0004465,2026-06-21 20:48:00,2026-06-21 20:56:21,4,False
SESS0004466,2026-06-05 21:12:00,2026-06-05 21:17:20,5,False
SESS0004467,2026-06-23 22:12:00,2026-06-23 22:15:43,2,False
SESS0004468,2026-06-17 14:36:00,2026-06-17 14:40:43,5,True
SESS0004469,2026-06-15 22:56:00,2026-06-15 23:08:02,7,False
SESS0004470,2026-06-19 18:16:00,2026-06-19 18:21:31,4,False
SESS0004471,2026-06-12 15:03:00,2026-06-12 15:18:04,8,False
SESS0004472,2026-06-18 23:42:00,2026-06-18 23:47:05,3,False
SESS0004473,2026-06-17 23:54:00,2026-06-18 00:08:40,9,True
SESS0004474,2026-06-24 21:47:00,2026-06-24 21:55:22,4,False
SESS0004475,2026-06-17 19:26:00,2026-06-17 19:29:51,3,False
SESS0004476,2026-06-18 17:45:00,2026-06-18 17:51:52,4,False
SESS0004477,2026-06-25 21:31:00,2026-06-25 21:34:39,2,False
SESS0004478,2026-07-01 17:39:00,2026-07-01 17:52:11,8,False
SESS0004479,2026-06-22 18:50:00,2026-06-22 19:02:35,6,False
SESS0004480,2026-06-05 20:19:00,2026-06-05 20:25:20,3,False
SESS0004481,2026-06-27 20:28:00,2026-06-27 20:30:15,2,False
SESS0004482,2026-06-25 16:42:00,2026-06-25 16:43:25,2,False
SESS0004483,2026-06-30 15:54:00,2026-06-30 15:57:26,4,False
SESS0004484,2026-06-05 17:29:00,2026-06-05 17:31:43,2,False
SESS0004485,2026-06-29 16:53:00,2026-06-29 16:56:35,2,False
SESS0004486,2026-06-04 15:08:00,2026-06-04 15:15:08,4,False
SESS0004487,2026-06-19 14:06:00,2026-06-19 14:13:09,4,False
SESS0004488,2026-06-20 20:32:00,2026-06-20 20:35:21,2,False
SESS0004489,2026-06-13 16:49:00,2026-06-13 16:52:38,2,False
SESS0004490,2026-06-19 17:54:00,2026-06-19 17:57:25,2,False
SESS0004491,2026-06-08 17:01:00,2026-06-08 17:07:09,5,False
SESS0004492,2026-06-20 17:49:00,2026-06-20 17:51:46,2,False
SESS0004493,2026-06-13 18:08:00,2026-06-13 18:12:11,2,False
SESS0004494,2026-06-15 20:49:00,2026-06-15 20:54:24,3,False
SESS0004495,2026-06-21 18:43:00,2026-06-21 18:55:11,8,False
SESS0004496,2026-07-02 19:22:00,2026-07-02 19:27:00,2,False
SESS0004497,2026-06-21 18:29:00,2026-06-21 18:42:55,6,True
SESS0004498,2026-06-18 16:13:00,2026-06-18 16:21:22,4,False
SESS0004499,2026-06-18 17:40:00,2026-06-18 17:51:10,8,False
SESS0004500,2026-06-30 17:56:00,2026-06-30 18:07:17,6,False
SESS0004501,2026-06-08 23:54:00,2026-06-08 23:57:15,2,False
SESS0004502,2026-06-30 15:47:00,2026-06-30 16:00:27,9,True
SESS0004503,2026-06-14 19:49:00,2026-06-14 20:04:04,8,True
SESS0004504,2026-07-02 19:40:00,2026-07-02 19:58:01,10,False
SESS0004505,2026-06-15 22:00:00,2026-06-15 22:10:42,5,False
SESS0004506,2026-06-25 20:56:00,2026-06-25 21:04:01,5,False
SESS0004507,2026-06-27 23:23:00,2026-06-27 23:26:28,2,False
SESS0004508,2026-06-13 20:25:00,2026-06-13 20:37:32,9,False
SESS0004509,2026-06-29 21:16:00,2026-06-29 21:26:59,9,False
SESS0004510,2026-06-14 20:02:00,2026-06-14 20:11:39,5,False
SESS0004511,2026-06-25 16:52:00,2026-06-25 17:02:30,6,True
SESS0004512,2026-06-28 17:31:00,2026-06-28 17:39:20,6,True
SESS0004513,2026-06-16 23:14:00,2026-06-16 23:17:55,3,False
SESS0004514,2026-06-19 15:09:00,2026-06-19 15:17:47,5,False
SESS0004515,2026-06-07 19:16:00,2026-06-07 19:21:15,3,False
SESS0004516,2026-06-05 18:42:00,2026-06-05 18:54:21,6,False
SESS0004517,2026-06-07 18:43:00,2026-06-07 18:49:32,6,True
SESS0004518,2026-06-29 20:38:00,2026-06-29 20:40:14,2,False
SESS0004519,2026-06-19 18:58:00,2026-06-19 19:01:57,3,False
SESS0004520,2026-06-22 09:08:00,2026-06-22 09:13:33,2,False
SESS0004521,2026-06-05 18:45:00,2026-06-05 18:57:29,6,False
SESS0004522,2026-06-12 18:17:00,2026-06-12 18:19:04,2,False
SESS0004523,2026-06-13 19:31:00,2026-06-13 19:39:52,6,False
SESS0004524,2026-07-01 18:05:00,2026-07-01 18:20:51,8,False
SESS0004525,2026-06-20 21:44:00,2026-06-20 21:48:35,3,False
SESS0004526,2026-06-23 23:32:00,2026-06-23 23:43:09,6,False
SESS0004527,2026-07-03 15:49:00,2026-07-03 15:56:43,6,False
SESS0004528,2026-06-23 14:43:00,2026-06-23 14:48:26,4,False
SESS0004529,2026-06-05 23:17:00,2026-06-05 23:29:34,9,True
SESS0004530,2026-06-17 16:25:00,2026-06-17 16:34:59,5,False
SESS0004531,2026-07-03 15:58:00,2026-07-03 16:10:57,6,False
SESS0004532,2026-06-30 23:40:00,2026-06-30 23:50:15,6,False
SESS0004533,2026-06-19 19:06:00,2026-06-19 19:09:32,2,False
SESS0004534,2026-06-25 18:02:00,2026-06-25 18:11:13,7,True
SESS0004535,2026-06-16 20:11:00,2026-06-16 20:21:35,6,False
SESS0004536,2026-07-02 17:20:00,2026-07-02 17:30:58,6,False
SESS0004537,2026-06-13 17:46:00,2026-06-13 17:49:03,2,False
SESS0004538,2026-06-28 16:14:00,2026-06-28 16:21:37,5,False
SESS0004539,2026-06-08 15:38:00,2026-06-08 15:45:48,6,True
SESS0004540,2026-06-15 17:46:00,2026-06-15 17:58:19,6,True
SESS0004541,2026-06-11 15:26:00,2026-06-11 15:33:27,5,False
SESS0004542,2026-06-05 20:08:00,2026-06-05 20:12:45,3,False
SESS0004543,2026-07-02 22:30:00,2026-07-02 22:33:34,2,False
SESS0004544,2026-06-25 18:33:00,2026-06-25 18:38:58,4,False
SESS0004545,2026-06-21 19:00:00,2026-06-21 19:07:28,4,False
SESS0004546,2026-06-04 19:55:00,2026-06-04 20:01:13,5,False
SESS0004547,2026-06-11 15:07:00,2026-06-11 15:09:52,2,False
SESS0004548,2026-06-08 18:36:00,2026-06-08 18:42:54,4,False
SESS0004549,2026-06-17 22:41:00,2026-06-17 22:49:35,5,False
SESS0004550,2026-06-09 21:43:00,2026-06-09 22:05:01,12,True
SESS0004551,2026-07-01 17:26:00,2026-07-01 17:30:06,3,False
SESS0004552,2026-06-28 23:52:00,2026-06-28 23:58:57,3,False
SESS0004553,2026-06-16 21:50:00,2026-06-16 21:56:10,3,False
SESS0004554,2026-06-15 14:11:00,2026-06-15 14:22:21,9,False
SESS0004555,2026-06-11 18:58:00,2026-06-11 19:08:09,5,True
SESS0004556,2026-06-15 21:25:00,2026-06-15 21:37:50,8,False
SESS0004557,2026-06-16 20:09:00,2026-06-16 20:16:59,4,False
SESS0004558,2026-06-30 18:43:00,2026-06-30 18:48:07,2,False
SESS0004559,2026-06-26 21:25:00,2026-06-26 21:38:41,8,True
SESS0004560,2026-06-16 20:41:00,2026-06-16 20:52:01,6,False
SESS0004561,2026-06-07 17:10:00,2026-06-07 17:23:50,7,False
SESS0004562,2026-06-14 19:52:00,2026-06-14 20:01:23,6,False
SESS0004563,2026-06-15 16:03:00,2026-06-15 16:08:20,3,False
SESS0004564,2026-06-10 22:31:00,2026-06-10 22:40:17,5,False
SESS0004565,2026-06-09 19:38:00,2026-06-09 19:55:28,9,True
SESS0004566,2026-07-03 20:51:00,2026-07-03 20:55:39,4,False
SESS0004567,2026-06-22 16:44:00,2026-06-22 16:58:41,8,False
SESS0004568,2026-07-02 20:23:00,2026-07-02 20:30:13,4,False
SESS0004569,2026-06-07 19:17:00,2026-06-07 19:20:26,2,False
SESS0004570,2026-06-07 21:49:00,2026-06-07 21:57:46,6,False
SESS0004571,2026-06-15 17:24:00,2026-06-15 17:37:09,6,True
SESS0004572,2026-06-17 17:22:00,2026-06-17 17:26:17,2,False
SESS0004573,2026-06-17 15:16:00,2026-06-17 15:17:42,2,False
SESS0004574,2026-06-17 19:28:00,2026-06-17 19:31:59,2,False
SESS0004575,2026-06-09 16:32:00,2026-06-09 16:36:25,2,False
SESS0004576,2026-06-15 19:03:00,2026-06-15 19:14:00,5,False
SESS0004577,2026-06-10 18:55:00,2026-06-10 19:04:37,5,False
SESS0004578,2026-06-30 21:24:00,2026-06-30 21:27:02,4,False
SESS0004579,2026-06-30 19:34:00,2026-06-30 19:39:18,3,False
SESS0004580,2026-06-15 18:07:00,2026-06-15 18:09:26,2,False
SESS0004581,2026-06-17 22:20:00,2026-06-17 22:25:05,3,False
SESS0004582,2026-06-29 14:43:00,2026-06-29 14:51:49,5,False
SESS0004583,2026-06-16 18:50:00,2026-06-16 18:58:26,6,False
SESS0004584,2026-06-10 18:25:00,2026-06-10 18:34:27,7,True
SESS0004585,2026-07-03 19:38:00,2026-07-03 19:51:53,10,True
SESS0004586,2026-06-29 18:47:00,2026-06-29 18:54:09,5,False
SESS0004587,2026-06-27 15:34:00,2026-06-27 15:38:12,2,False
SESS0004588,2026-06-14 20:11:00,2026-06-14 20:16:21,2,False
SESS0004589,2026-06-21 19:40:00,2026-06-21 19:52:23,6,False
SESS0004590,2026-06-21 17:12:00,2026-06-21 17:18:21,5,False
SESS0004591,2026-06-25 09:02:00,2026-06-25 09:08:36,6,False
SESS0004592,2026-06-27 18:12:00,2026-06-27 18:25:51,8,True
SESS0004593,2026-06-06 21:38:00,2026-06-06 21:42:20,3,False
SESS0004594,2026-06-28 19:13:00,2026-06-28 19:21:21,5,False
SESS0004595,2026-06-12 14:43:00,2026-06-12 14:47:47,3,False
SESS0004596,2026-07-03 15:13:00,2026-07-03 15:17:08,3,False
SESS0004597,2026-06-21 15:10:00,2026-06-21 15:16:44,5,False
SESS0004598,2026-06-22 18:12:00,2026-06-22 18:17:55,3,False
SESS0004599,2026-06-10 18:34:00,2026-06-10 18:43:33,5,False
SESS0004600,2026-06-21 16:56:00,2026-06-21 17:02:43,3,False
SESS0004601,2026-06-12 18:53:00,2026-06-12 18:58:00,3,False
SESS0004602,2026-06-19 16:34:00,2026-06-19 16:38:54,5,False
SESS0004603,2026-06-08 23:44:00,2026-06-08 23:50:21,4,False
SESS0004604,2026-06-27 17:29:00,2026-06-27 17:32:51,3,False
SESS0004605,2026-06-10 16:37:00,2026-06-10 16:50:36,8,True
SESS0004606,2026-07-02 16:11:00,2026-07-02 16:17:33,3,False
SESS0004607,2026-06-09 20:11:00,2026-06-09 20:15:17,3,False
SESS0004608,2026-06-20 18:22:00,2026-06-20 18:25:29,2,False
SESS0004609,2026-06-19 18:36:00,2026-06-19 18:40:26,4,False
SESS0004610,2026-06-20 19:22:00,2026-06-20 19:27:01,4,False
SESS0004611,2026-06-14 20:23:00,2026-06-14 20:40:48,10,False
SESS0004612,2026-06-10 22:24:00,2026-06-10 22:27:43,2,False
SESS0004613,2026-07-01 20:04:00,2026-07-01 20:21:49,12,True
SESS0004614,2026-06-18 18:15:00,2026-06-18 18:20:00,2,False
SESS0004615,2026-06-29 20:32:00,2026-06-29 20:47:36,11,False
SESS0004616,2026-06-10 17:19:00,2026-06-10 17:25:35,4,False
SESS0004617,2026-06-06 22:35:00,2026-06-06 22:54:21,11,False
SESS0004618,2026-06-11 15:28:00,2026-06-11 15:42:13,8,False
SESS0004619,2026-06-22 20:03:00,2026-06-22 20:12:08,6,True
SESS0004620,2026-06-18 17:19:00,2026-06-18 17:25:51,5,False
SESS0004621,2026-06-12 21:40:00,2026-06-12 22:07:33,14,False
SESS0004622,2026-06-27 19:54:00,2026-06-27 19:57:59,2,False
SESS0004623,2026-06-08 19:58:00,2026-06-08 20:03:31,4,False
SESS0004624,2026-06-26 18:24:00,2026-06-26 18:32:40,5,False
SESS0004625,2026-06-11 23:06:00,2026-06-11 23:08:59,3,False
SESS0004626,2026-06-27 22:51:00,2026-06-27 22:56:19,6,False
SESS0004627,2026-07-03 16:35:00,2026-07-03 16:45:35,7,True
SESS0004628,2026-06-16 14:05:00,2026-06-16 14:22:30,9,False
SESS0004629,2026-06-19 18:53:00,2026-06-19 19:00:51,4,False
SESS0004630,2026-06-26 18:22:00,2026-06-26 18:32:35,6,False
SESS0004631,2026-06-22 23:20:00,2026-06-22 23:29:58,5,False
SESS0004632,2026-06-25 15:41:00,2026-06-25 15:48:47,6,True
SESS0004633,2026-06-06 15:19:00,2026-06-06 15:34:12,9,True
SESS0004634,2026-06-27 22:22:00,2026-06-27 22:26:51,2,False
SESS0004635,2026-06-26 21:36:00,2026-06-26 21:39:43,2,False
SESS0004636,2026-06-15 23:50:00,2026-06-15 23:58:54,5,False
SESS0004637,2026-06-24 20:56:00,2026-06-24 21:08:14,6,False
SESS0004638,2026-06-30 23:32:00,2026-06-30 23:36:13,3,False
SESS0004639,2026-06-06 20:03:00,2026-06-06 20:06:49,3,False
SESS0004640,2026-06-23 12:08:00,2026-06-23 12:19:34,5,False
SESS0004641,2026-06-20 19:26:00,2026-06-20 19:31:30,3,False
SESS0004642,2026-06-07 19:41:00,2026-06-07 19:53:23,7,True
SESS0004643,2026-06-13 19:29:00,2026-06-13 19:39:25,6,True
SESS0004644,2026-07-01 20:19:00,2026-07-01 20:24:27,3,False
SESS0004645,2026-06-29 19:11:00,2026-06-29 19:20:29,6,False
SESS0004646,2026-06-04 18:57:00,2026-06-04 19:04:10,6,False
SESS0004647,2026-06-07 15:37:00,2026-06-07 15:41:27,2,False
SESS0004648,2026-06-16 20:18:00,2026-06-16 20:28:00,5,False
SESS0004649,2026-06-05 21:32:00,2026-06-05 21:34:47,2,False
SESS0004650,2026-07-01 16:30:00,2026-07-01 16:40:22,6,False
SESS0004651,2026-06-11 16:38:00,2026-06-11 16:50:01,6,False
SESS0004652,2026-07-02 13:35:00,2026-07-02 13:42:57,6,True
SESS0004653,2026-06-12 16:50:00,2026-06-12 16:53:57,2,False
SESS0004654,2026-06-15 20:01:00,2026-06-15 20:05:39,3,False
SESS0004655,2026-06-04 18:02:00,2026-06-04 18:05:57,3,False
SESS0004656,2026-06-08 23:28:00,2026-06-08 23:31:44,3,False
SESS0004657,2026-07-01 23:10:00,2026-07-01 23:20:07,7,False
SESS0004658,2026-06-12 13:45:00,2026-06-12 13:56:10,6,False
SESS0004659,2026-07-03 23:51:00,2026-07-04 00:08:12,10,True
SESS0004660,2026-06-20 17:11:00,2026-06-20 17:15:30,3,False
SESS0004661,2026-06-22 19:42:00,2026-06-22 19:46:30,2,False
SESS0004662,2026-06-10 17:42:00,2026-06-10 17:45:17,2,False
SESS0004663,2026-07-01 20:36:00,2026-07-01 20:39:25,2,False
SESS0004664,2026-06-25 22:59:00,2026-06-25 23:03:14,2,False
SESS0004665,2026-06-22 16:09:00,2026-06-22 16:15:13,5,False
SESS0004666,2026-06-17 22:43:00,2026-06-17 22:49:05,4,False
SESS0004667,2026-06-05 23:47:00,2026-06-06 00:12:12,14,False
SESS0004668,2026-06-20 20:12:00,2026-06-20 20:18:48,4,False
SESS0004669,2026-07-01 16:40:00,2026-07-01 16:42:56,2,False
SESS0004670,2026-06-11 16:05:00,2026-06-11 16:08:20,3,False
SESS0004671,2026-07-01 20:17:00,2026-07-01 20:28:25,6,True
SESS0004672,2026-06-26 14:17:00,2026-06-26 14:29:57,7,False
SESS0004673,2026-06-14 20:11:00,2026-06-14 20:15:49,2,False
SESS0004674,2026-06-19 17:48:00,2026-06-19 17:55:03,3,False
SESS0004675,2026-07-01 15:26:00,2026-07-01 15:30:19,4,False
SESS0004676,2026-06-27 22:40:00,2026-06-27 22:45:46,3,False
SESS0004677,2026-06-04 16:15:00,2026-06-04 16:19:13,2,False
SESS0004678,2026-06-09 18:33:00,2026-06-09 18:37:22,4,False
SESS0004679,2026-06-27 17:38:00,2026-06-27 17:41:13,3,False
SESS0004680,2026-06-24 18:07:00,2026-06-24 18:09:42,2,False
SESS0004681,2026-06-29 23:31:00,2026-06-29 23:41:04,7,False
SESS0004682,2026-07-02 22:04:00,2026-07-02 22:08:08,4,False
SESS0004683,2026-06-30 15:11:00,2026-06-30 15:27:35,9,False
SESS0004684,2026-07-01 20:11:00,2026-07-01 20:15:50,2,False
SESS0004685,2026-06-05 17:55:00,2026-06-05 18:01:57,5,False
SESS0004686,2026-06-05 16:48:00,2026-06-05 16:52:40,2,False
SESS0004687,2026-06-09 21:52:00,2026-06-09 21:57:04,3,False
SESS0004688,2026-06-11 18:28:00,2026-06-11 18:37:56,5,False
SESS0004689,2026-06-21 22:57:00,2026-06-21 22:59:53,2,False
SESS0004690,2026-06-06 22:38:00,2026-06-06 22:59:22,10,True
SESS0004691,2026-07-03 23:02:00,2026-07-03 23:07:01,3,False
SESS0004692,2026-06-11 20:47:00,2026-06-11 20:48:38,2,False
SESS0004693,2026-06-29 14:21:00,2026-06-29 14:30:44,5,False
SESS0004694,2026-06-20 23:22:00,2026-06-20 23:34:15,6,True
SESS0004695,2026-06-16 22:28:00,2026-06-16 22:32:33,3,False
SESS0004696,2026-07-03 18:50:00,2026-07-03 18:56:18,5,False
SESS0004697,2026-06-18 20:20:00,2026-06-18 20:29:26,5,False
SESS0004698,2026-06-10 23:18:00,2026-06-10 23:23:23,3,False
SESS0004699,2026-07-01 19:43:00,2026-07-01 19:47:34,4,False
SESS0004700,2026-06-24 20:43:00,2026-06-24 20:52:30,6,True
SESS0004701,2026-06-04 18:32:00,2026-06-04 18:37:15,3,False
SESS0004702,2026-06-05 19:46:00,2026-06-05 19:47:50,3,False
SESS0004703,2026-06-14 19:41:00,2026-06-14 19:48:57,6,False
SESS0004704,2026-06-16 13:01:00,2026-06-16 13:10:10,5,False
SESS0004705,2026-06-22 19:38:00,2026-06-22 19:50:14,7,True
SESS0004706,2026-06-17 20:58:00,2026-06-17 21:06:58,5,False
SESS0004707,2026-06-07 16:09:00,2026-06-07 16:17:12,4,False
SESS0004708,2026-06-19 17:57:00,2026-06-19 17:57:58,2,False
SESS0004709,2026-06-17 16:53:00,2026-06-17 16:55:51,4,False
SESS0004710,2026-06-15 20:10:00,2026-06-15 20:22:56,8,False
SESS0004711,2026-06-26 17:09:00,2026-06-26 17:14:16,3,False
SESS0004712,2026-06-21 23:04:00,2026-06-21 23:15:15,7,False
SESS0004713,2026-06-07 16:57:00,2026-06-07 17:07:59,6,False
SESS0004714,2026-06-08 21:10:00,2026-06-08 21:19:58,7,False
SESS0004715,2026-07-01 12:52:00,2026-07-01 13:03:39,5,True
SESS0004716,2026-06-04 21:08:00,2026-06-04 21:10:52,2,False
SESS0004717,2026-06-04 14:07:00,2026-06-04 14:15:58,5,False
SESS0004718,2026-06-13 17:38:00,2026-06-13 17:42:31,3,False
SESS0004719,2026-06-17 22:08:00,2026-06-17 22:13:46,3,False
SESS0004720,2026-06-15 20:53:00,2026-06-15 20:56:23,2,False
SESS0004721,2026-06-12 14:09:00,2026-06-12 14:19:12,6,True
SESS0004722,2026-06-08 15:16:00,2026-06-08 15:25:13,5,False
SESS0004723,2026-06-20 20:30:00,2026-06-20 20:38:58,6,False
SESS0004724,2026-06-20 17:48:00,2026-06-20 17:52:04,3,False
SESS0004725,2026-07-01 20:31:00,2026-07-01 20:36:56,3,False
SESS0004726,2026-06-25 21:21:00,2026-06-25 21:33:37,6,True
SESS0004727,2026-06-16 20:34:00,2026-06-16 20:42:30,5,True
SESS0004728,2026-06-20 17:07:00,2026-06-20 17:16:36,6,True
SESS0004729,2026-07-01 23:30:00,2026-07-01 23:40:59,6,False
SESS0004730,2026-06-20 20:06:00,2026-06-20 20:12:37,5,True
SESS0004731,2026-06-21 21:30:00,2026-06-21 21:44:13,8,False
SESS0004732,2026-06-05 20:15:00,2026-06-05 20:27:19,8,True
SESS0004733,2026-06-15 14:24:00,2026-06-15 14:30:31,4,False
SESS0004734,2026-06-28 17:46:00,2026-06-28 17:51:03,3,False
SESS0004735,2026-07-03 12:27:00,2026-07-03 12:42:10,14,False
SESS0004736,2026-06-11 17:07:00,2026-06-11 17:11:37,3,False
SESS0004737,2026-06-25 17:18:00,2026-06-25 17:19:45,2,False
SESS0004738,2026-07-03 18:01:00,2026-07-03 18:04:41,3,False
SESS0004739,2026-06-23 18:18:00,2026-06-23 18:23:19,3,False
SESS0004740,2026-06-05 19:29:00,2026-06-05 19:30:30,2,False
SESS0004741,2026-07-01 18:39:00,2026-07-01 18:43:09,3,False
SESS0004742,2026-06-22 22:38:00,2026-06-22 22:39:40,2,False
SESS0004743,2026-06-14 20:49:00,2026-06-14 20:51:53,2,False
SESS0004744,2026-06-11 17:38:00,2026-06-11 17:49:54,7,True
SESS0004745,2026-06-09 19:16:00,2026-06-09 19:19:54,5,True
SESS0004746,2026-06-26 19:53:00,2026-06-26 19:55:48,2,False
SESS0004747,2026-06-08 18:50:00,2026-06-08 19:05:45,10,False
SESS0004748,2026-06-25 14:05:00,2026-06-25 14:16:12,6,True
SESS0004749,2026-06-17 15:04:00,2026-06-17 15:05:31,2,False
SESS0004750,2026-06-21 20:21:00,2026-06-21 20:28:18,4,False
SESS0004751,2026-06-04 22:52:00,2026-06-04 22:57:11,2,False
SESS0004752,2026-06-13 21:23:00,2026-06-13 21:27:52,4,False
SESS0004753,2026-06-22 19:18:00,2026-06-22 19:23:54,3,False
SESS0004754,2026-06-19 23:44:00,2026-06-19 23:52:17,5,True
SESS0004755,2026-06-21 17:12:00,2026-06-21 17:28:04,10,True
SESS0004756,2026-06-22 22:13:00,2026-06-22 22:22:40,4,False
SESS0004757,2026-06-20 22:30:00,2026-06-20 22:33:19,2,False
SESS0004758,2026-06-24 22:49:00,2026-06-24 22:55:12,4,False
SESS0004759,2026-06-15 20:45:00,2026-06-15 20:49:19,4,False
SESS0004760,2026-06-26 19:16:00,2026-06-26 19:18:04,2,False
SESS0004761,2026-06-28 19:31:00,2026-06-28 19:39:42,7,False
SESS0004762,2026-06-08 20:41:00,2026-06-08 20:45:36,2,False
SESS0004763,2026-06-18 14:42:00,2026-06-18 14:49:59,5,True
SESS0004764,2026-06-12 18:15:00,2026-06-12 18:23:39,6,False
SESS0004765,2026-06-20 20:05:00,2026-06-20 20:14:04,8,False
SESS0004766,2026-06-23 19:26:00,2026-06-23 19:33:09,4,False
SESS0004767,2026-06-21 19:43:00,2026-06-21 19:49:18,3,False
SESS0004768,2026-07-01 20:40:00,2026-07-01 20:44:59,2,False
SESS0004769,2026-06-16 19:25:00,2026-06-16 19:28:57,2,False
SESS0004770,2026-06-18 21:24:00,2026-06-18 21:27:20,2,False
SESS0004771,2026-06-26 20:37:00,2026-06-26 20:54:14,12,False
SESS0004772,2026-06-30 22:31:00,2026-06-30 22:37:41,4,False
SESS0004773,2026-06-13 23:22:00,2026-06-13 23:28:26,3,False
SESS0004774,2026-06-30 17:54:00,2026-06-30 18:04:45,8,False
SESS0004775,2026-06-11 19:23:00,2026-06-11 19:26:38,2,False
SESS0004776,2026-06-29 22:28:00,2026-06-29 22:39:41,7,True
SESS0004777,2026-06-09 22:05:00,2026-06-09 22:07:13,2,False
SESS0004778,2026-06-23 18:44:00,2026-06-23 18:57:38,9,True
SESS0004779,2026-06-15 22:04:00,2026-06-15 22:09:37,3,False
SESS0004780,2026-06-11 18:54:00,2026-06-11 18:56:23,2,False
SESS0004781,2026-06-20 16:17:00,2026-06-20 16:22:53,3,False
SESS0004782,2026-06-09 21:16:00,2026-06-09 21:35:42,11,True
SESS0004783,2026-06-22 16:47:00,2026-06-22 16:50:29,2,False
SESS0004784,2026-06-20 23:01:00,2026-06-20 23:03:09,2,False
SESS0004785,2026-06-18 23:16:00,2026-06-18 23:19:20,2,False
SESS0004786,2026-06-21 22:56:00,2026-06-21 23:05:49,7,False
SESS0004787,2026-06-28 23:21:00,2026-06-28 23:29:20,6,False
SESS0004788,2026-06-26 22:57:00,2026-06-26 23:09:06,6,True
SESS0004789,2026-06-29 18:18:00,2026-06-29 18:21:35,2,False
SESS0004790,2026-07-02 23:21:00,2026-07-02 23:36:23,8,True
SESS0004791,2026-06-13 22:37:00,2026-06-13 22:44:01,6,False
SESS0004792,2026-06-21 23:15:00,2026-06-21 23:21:03,3,False
SESS0004793,2026-06-06 19:18:00,2026-06-06 19:29:21,6,False
SESS0004794,2026-06-15 17:27:00,2026-06-15 17:33:06,6,False
SESS0004795,2026-06-07 19:49:00,2026-06-07 19:54:03,3,False
SESS0004796,2026-06-23 15:07:00,2026-06-23 15:11:21,2,False
SESS0004797,2026-06-26 20:08:00,2026-06-26 20:22:54,8,True
SESS0004798,2026-06-29 23:24:00,2026-06-29 23:36:58,7,False
SESS0004799,2026-06-24 21:42:00,2026-06-24 21:55:16,10,False
SESS0004800,2026-06-08 23:20:00,2026-06-08 23:25:22,3,False
SESS0004801,2026-06-13 20:04:00,2026-06-13 20:11:58,6,True
SESS0004802,2026-06-07 17:53:00,2026-06-07 17:58:26,4,False
SESS0004803,2026-06-15 15:59:00,2026-06-15 16:08:48,7,True
SESS0004804,2026-06-12 17:57:00,2026-06-12 18:10:11,9,False
SESS0004805,2026-06-08 20:33:00,2026-06-08 20:47:40,9,False
SESS0004806,2026-06-14 21:33:00,2026-06-14 21:43:35,6,False
SESS0004807,2026-07-02 17:26:00,2026-07-02 17:31:00,3,False
SESS0004808,2026-06-23 23:38:00,2026-06-23 23:44:31,4,False
SESS0004809,2026-06-10 18:14:00,2026-06-10 18:22:57,6,True
SESS0004810,2026-06-09 19:42:00,2026-06-09 19:52:03,7,False
SESS0004811,2026-06-08 23:12:00,2026-06-08 23:23:54,7,True
SESS0004812,2026-06-07 19:31:00,2026-06-07 19:34:22,2,False
SESS0004813,2026-06-26 19:40:00,2026-06-26 19:42:02,3,False
SESS0004814,2026-06-16 19:23:00,2026-06-16 19:25:59,2,False
SESS0004815,2026-06-28 22:44:00,2026-06-28 22:46:36,2,False
SESS0004816,2026-06-06 23:48:00,2026-06-06 23:57:27,6,False
SESS0004817,2026-06-22 21:29:00,2026-06-22 21:39:41,8,True
SESS0004818,2026-06-10 17:21:00,2026-06-10 17:26:44,3,False
SESS0004819,2026-06-26 16:01:00,2026-06-26 16:05:57,3,False
SESS0004820,2026-06-20 19:47:00,2026-06-20 19:52:13,3,False
SESS0004821,2026-06-28 18:57:00,2026-06-28 19:00:54,4,False
SESS0004822,2026-06-20 19:37:00,2026-06-20 19:39:59,2,False
SESS0004823,2026-06-06 16:21:00,2026-06-06 16:30:46,6,True
SESS0004824,2026-06-13 22:00:00,2026-06-13 22:05:03,3,False
SESS0004825,2026-06-10 16:30:00,2026-06-10 16:38:54,6,False
SESS0004826,2026-06-07 20:41:00,2026-06-07 20:47:04,4,False
SESS0004827,2026-06-10 23:12:00,2026-06-10 23:19:45,6,True
SESS0004828,2026-07-01 19:27:00,2026-07-01 19:35:59,8,True
SESS0004829,2026-06-29 21:57:00,2026-06-29 22:02:29,4,False
SESS0004830,2026-06-26 12:17:00,2026-06-26 12:21:41,4,False
SESS0004831,2026-06-22 16:31:00,2026-06-22 16:33:14,2,False
SESS0004832,2026-06-30 17:23:00,2026-06-30 17:27:42,4,False
SESS0004833,2026-06-25 12:12:00,2026-06-25 12:16:42,3,False
SESS0004834,2026-06-20 18:21:00,2026-06-20 18:24:15,2,False
SESS0004835,2026-06-13 19:59:00,2026-06-13 20:04:16,4,False
SESS0004836,2026-06-17 19:40:00,2026-06-17 19:43:38,2,False
SESS0004837,2026-06-10 16:15:00,2026-06-10 16:31:52,11,True
SESS0004838,2026-07-01 18:33:00,2026-07-01 18:35:43,3,False
SESS0004839,2026-06-19 19:58:00,2026-06-19 20:10:46,7,False
SESS0004840,2026-06-05 22:17:00,2026-06-05 22:27:09,7,True
SESS0004841,2026-06-04 20:11:00,2026-06-04 20:19:35,4,False
SESS0004842,2026-06-15 15:07:00,2026-06-15 15:10:49,2,False
SESS0004843,2026-06-22 16:43:00,2026-06-22 16:52:53,6,False
SESS0004844,2026-06-25 16:25:00,2026-06-25 16:28:02,3,False
SESS0004845,2026-06-25 21:43:00,2026-06-25 21:53:06,6,False
SESS0004846,2026-06-22 20:24:00,2026-06-22 20:28:12,3,False
SESS0004847,2026-06-23 21:54:00,2026-06-23 22:00:38,4,False
SESS0004848,2026-06-04 20:46:00,2026-06-04 20:58:11,5,False
SESS0004849,2026-06-30 17:01:00,2026-06-30 17:13:21,6,False
SESS0004850,2026-06-14 19:30:00,2026-06-14 19:33:13,2,False
SESS0004851,2026-06-07 16:32:00,2026-06-07 16:40:38,4,False
SESS0004852,2026-06-15 16:36:00,2026-06-15 16:39:29,3,False
SESS0004853,2026-06-15 15:58:00,2026-06-15 16:08:43,5,False
SESS0004854,2026-06-21 16:59:00,2026-06-21 17:03:04,3,False
SESS0004855,2026-06-20 18:55:00,2026-06-20 18:58:22,2,False
SESS0004856,2026-06-17 22:46:00,2026-06-17 22:49:21,2,False
SESS0004857,2026-06-07 15:04:00,2026-06-07 15:08:33,3,False
SESS0004858,2026-06-26 22:12:00,2026-06-26 22:19:32,6,False
SESS0004859,2026-06-09 16:57:00,2026-06-09 17:13:59,9,False
SESS0004860,2026-07-01 23:07:00,2026-07-01 23:11:55,7,False
SESS0004861,2026-06-24 20:33:00,2026-06-24 20:39:27,5,False
SESS0004862,2026-06-09 14:29:00,2026-06-09 14:38:38,6,True
SESS0004863,2026-06-08 16:26:00,2026-06-08 16:30:32,6,False
SESS0004864,2026-06-04 18:32:00,2026-06-04 18:44:30,5,True
SESS0004865,2026-06-18 17:22:00,2026-06-18 17:25:02,2,False
SESS0004866,2026-06-07 21:28:00,2026-06-07 21:35:32,6,False
SESS0004867,2026-06-25 18:09:00,2026-06-25 18:13:47,4,False
SESS0004868,2026-06-08 17:43:00,2026-06-08 17:57:52,9,False
SESS0004869,2026-06-18 17:52:00,2026-06-18 17:55:31,3,False
SESS0004870,2026-06-24 17:05:00,2026-06-24 17:09:05,2,False
SESS0004871,2026-06-08 17:24:00,2026-06-08 17:35:16,9,False
SESS0004872,2026-06-10 21:22:00,2026-06-10 21:31:13,7,True
SESS0004873,2026-06-15 23:28:00,2026-06-15 23:32:26,2,False
SESS0004874,2026-06-13 23:20:00,2026-06-13 23:24:27,3,False
SESS0004875,2026-06-10 23:17:00,2026-06-10 23:18:22,2,False
SESS0004876,2026-06-11 18:29:00,2026-06-11 18:31:19,2,False
SESS0004877,2026-06-09 20:01:00,2026-06-09 20:05:29,3,False
SESS0004878,2026-07-02 17:02:00,2026-07-02 17:12:44,7,True
SESS0004879,2026-06-08 18:12:00,2026-06-08 18:14:08,2,False
SESS0004880,2026-06-25 23:13:00,2026-06-25 23:28:22,9,True
SESS0004881,2026-06-07 22:45:00,2026-06-07 22:53:52,4,False
SESS0004882,2026-06-09 23:41:00,2026-06-09 23:48:40,4,False
SESS0004883,2026-07-02 23:06:00,2026-07-02 23:09:29,3,False
SESS0004884,2026-06-07 18:21:00,2026-06-07 18:28:19,5,True
SESS0004885,2026-06-20 17:03:00,2026-06-20 17:10:38,4,False
SESS0004886,2026-06-04 14:28:00,2026-06-04 14:31:47,2,False
SESS0004887,2026-06-05 17:40:00,2026-06-05 17:44:33,2,False
SESS0004888,2026-06-11 20:58:00,2026-06-11 21:03:31,4,False
SESS0004889,2026-06-08 22:17:00,2026-06-08 22:33:49,11,False
SESS0004890,2026-07-02 16:17:00,2026-07-02 16:21:33,2,False
SESS0004891,2026-06-17 22:49:00,2026-06-17 22:55:48,4,False
SESS0004892,2026-06-08 17:05:00,2026-06-08 17:15:22,5,False
SESS0004893,2026-06-06 22:19:00,2026-06-06 22:23:07,4,False
SESS0004894,2026-06-25 20:34:00,2026-06-25 20:40:36,4,False
SESS0004895,2026-06-17 17:00:00,2026-06-17 17:07:33,7,True
SESS0004896,2026-07-02 16:32:00,2026-07-02 16:35:55,3,False
SESS0004897,2026-06-18 20:37:00,2026-06-18 20:50:25,7,False
SESS0004898,2026-06-20 19:59:00,2026-06-20 20:14:51,11,False
SESS0004899,2026-06-29 15:07:00,2026-06-29 15:12:08,5,False
SESS0004900,2026-06-17 18:12:00,2026-06-17 18:15:06,2,False
SESS0004901,2026-06-07 19:24:00,2026-06-07 19:33:28,8,True
SESS0004902,2026-07-01 19:23:00,2026-07-01 19:28:15,3,False
SESS0004903,2026-06-24 20:10:00,2026-06-24 20:14:05,2,False
SESS0004904,2026-06-28 19:20:00,2026-06-28 19:25:58,3,False
SESS0004905,2026-06-24 21:29:00,2026-06-24 21:34:29,3,False
SESS0004906,2026-07-02 16:46:00,2026-07-02 16:48:59,2,False
