customerId,sessionId
CUST00003,SESS0000001
CUST00005,SESS0000002
CUST00005,SESS0000003
CUST00005,SESS0000004
CUST00009,SESS0000005
CUST00009,SESS0000006
CUST00009,SESS0000007
CUST00009,SESS0000008
CUST00009,SESS0000009
CUST00010,SESS0000010
CUST00010,SESS0000011
CUST00010,SESS0000012
CUST00010,SESS0000013
CUST00011,SESS0000014
CUST00013,SESS0000015
CUST00015,SESS0000016
CUST00016,SESS0000017
CUST00016,SESS0000018
CUST00017,SESS0000019
CUST00017,SESS0000020
CUST00018,SESS0000021
CUST00018,SESS0000022
CUST00018,SESS0000023
CUST00018,SESS0000024
CUST00018,SESS0000025
CUST00018,SESS0000026
CUST00018,SESS0000027
CUST00018,SESS0000028
CUST00018,SESS0000029
CUST00019,SESS0000030
CUST00019,SESS0000031
CUST00019,SESS0000032
CUST00021,SESS0000033
CUST00022,SESS0000034
CUST00024,SESS0000035
CUST00024,SESS0000036
CUST00026,SESS0000037
CUST00026,SESS0000038
CUST00026,SESS0000039
CUST00027,SESS0000040
CUST00027,SESS0000041
CUST00027,SESS0000042
CUST00028,SESS0000043
CUST00028,SESS0000044
CUST00029,SESS0000045
CUST00029,SESS0000046
CUST00029,SESS0000047
CUST00030,SESS0000048
CUST00030,SESS0000049
CUST00031,SESS0000050
CUST00031,SESS0000051
CUST00032,SESS0000052
CUST00032,SESS0000053
CUST00032,SESS0000054
CUST00033,SESS0000055
CUST00033,SESS0000056
CUST00034,SESS0000057
CUST00034,SESS0000058
CUST00034,SESS0000059
CUST00035,SESS0000060
CUST00035,SESS0000061
CUST00035,SESS0000062
CUST00036,SESS0000063
CUST00036,SESS0000064
CUST00037,SESS0000065
CUST00037,SESS0000066
CUST00037,SESS0000067
CUST00037,SESS0000068
CUST00037,SESS0000069
CUST00037,SESS0000070
CUST00037,SESS0000071
CUST00038,SESS0000072
CUST00038,SESS0000073
CUST00038,SESS0000074
CUST00038,SESS0000075
CUST00039,SESS0000076
CUST00039,SESS0000077
CUST00040,SESS0000078
CUST00040,SESS0000079
CUST00041,SESS0000080
CUST00041,SESS0000081
CUST00041,SESS0000082
CUST00041,SESS0000083
CUST00043,SESS0000084
CUST00044,SESS0000085
CUST00044,SESS0000086
CUST00044,SESS0000087
CUST00044,SESS0000088
CUST00045,SESS0000089
CUST00046,SESS0000090
CUST00046,SESS0000091
CUST00046,SESS0000092
CUST00047,SESS0000093
CUST00048,SESS0000094
CUST00048,SESS0000095
CUST00048,SESS0000096
CUST00048,SESS0000097
CUST00048,SESS0000098
CUST00048,SESS0000099
CUST00049,SESS0000100
CUST00050,SESS0000101
CUST00050,SESS0000102
CUST00050,SESS0000103
CUST00051,SESS0000104
CUST00051,SESS0000105
CUST00051,SESS0000106
CUST00051,SESS0000107
CUST00052,SESS0000108
CUST00052,SESS0000109
CUST00053,SESS0000110
CUST00053,SESS0000111
CUST00054,SESS0000112
CUST00055,SESS0000113
CUST00056,SESS0000114
CUST00056,SESS0000115
CUST00057,SESS0000116
CUST00057,SESS0000117
CUST00057,SESS0000118
CUST00057,SESS0000119
CUST00057,SESS0000120
CUST00058,SESS0000121
CUST00058,SESS0000122
CUST00058,SESS0000123
CUST00058,SESS0000124
CUST00059,SESS0000125
CUST00059,SESS0000126
CUST00059,SESS0000127
CUST00060,SESS0000128
CUST00060,SESS0000129
CUST00060,SESS0000130
CUST00061,SESS0000131
CUST00061,SESS0000132
CUST00062,SESS0000133
CUST00062,SESS0000134
CUST00062,SESS0000135
CUST00063,SESS0000136
CUST00063,SESS0000137
CUST00065,SESS0000138
CUST00065,SESS0000139
CUST00066,SESS0000140
CUST00066,SESS0000141
CUST00066,SESS0000142
CUST00067,SESS0000143
CUST00067,SESS0000144
CUST00069,SESS0000145
CUST00069,SESS0000146
CUST00069,SESS0000147
CUST00069,SESS0000148
CUST00069,SESS0000149
CUST00069,SESS0000150
CUST00070,SESS0000151
CUST00070,SESS0000152
CUST00071,SESS0000153
CUST00071,SESS0000154
CUST00072,SESS0000155
CUST00072,SESS0000156
CUST00072,SESS0000157
CUST00074,SESS0000158
CUST00074,SESS0000159
CUST00076,SESS0000160
CUST00077,SESS0000161
CUST00077,SESS0000162
CUST00077,SESS0000163
CUST00077,SESS0000164
CUST00078,SESS0000165
CUST00078,SESS0000166
CUST00079,SESS0000167
CUST00079,SESS0000168
CUST00081,SESS0000169
CUST00081,SESS0000170
CUST00082,SESS0000171
CUST00083,SESS0000172
CUST00084,SESS0000173
CUST00085,SESS0000174
CUST00085,SESS0000175
CUST00085,SESS0000176
CUST00085,SESS0000177
CUST00085,SESS0000178
CUST00085,SESS0000179
CUST00085,SESS0000180
CUST00085,SESS0000181
CUST00085,SESS0000182
CUST00085,SESS0000183
CUST00086,SESS0000184
CUST00086,SESS0000185
CUST00087,SESS0000186
CUST00087,SESS0000187
CUST00088,SESS0000188
CUST00089,SESS0000189
CUST00089,SESS0000190
CUST00089,SESS0000191
CUST00089,SESS0000192
CUST00089,SESS0000193
CUST00090,SESS0000194
CUST00090,SESS0000195
CUST00091,SESS0000196
CUST00091,SESS0000197
CUST00092,SESS0000198
CUST00092,SESS0000199
CUST00092,SESS0000200
CUST00092,SESS0000201
CUST00092,SESS0000202
CUST00092,SESS0000203
CUST00093,SESS0000204
CUST00093,SESS0000205
CUST00093,SESS0000206
CUST00094,SESS0000207
CUST00094,SESS0000208
CUST00094,SESS0000209
CUST00094,SESS0000210
CUST00094,SESS0000211
CUST00094,SESS0000212
CUST00094,SESS0000213
CUST00095,SESS0000214
CUST00095,SESS0000215
CUST00096,SESS0000216
CUST00096,SESS0000217
CUST00097,SESS0000218
CUST00098,SESS0000219
CUST00098,SESS0000220
CUST00098,SESS0000221
CUST00098,SESS0000222
CUST00098,SESS0000223
CUST00098,SESS0000224
CUST00098,SESS0000225
CUST00098,SESS0000226
CUST00098,SESS0000227
CUST00098,SESS0000228
CUST00098,SESS0000229
CUST00098,SESS0000230
CUST00098,SESS0000231
CUST00099,SESS0000232
CUST00099,SESS0000233
CUST00099,SESS0000234
CUST00099,SESS0000235
CUST00099,SESS0000236
CUST00099,SESS0000237
CUST00099,SESS0000238
CUST00099,SESS0000239
CUST00099,SESS0000240
CUST00099,SESS0000241
CUST00102,SESS0000242
CUST00103,SESS0000243
CUST00104,SESS0000244
CUST00105,SESS0000245
CUST00107,SESS0000246
CUST00107,SESS0000247
CUST00107,SESS0000248
CUST00108,SESS0000249
CUST00108,SESS0000250
CUST00109,SESS0000251
CUST00109,SESS0000252
CUST00109,SESS0000253
CUST00109,SESS0000254
CUST00109,SESS0000255
CUST00109,SESS0000256
CUST00111,SESS0000257
CUST00111,SESS0000258
CUST00111,SESS0000259
CUST00112,SESS0000260
CUST00112,SESS0000261
CUST00112,SESS0000262
CUST00112,SESS0000263
CUST00113,SESS0000264
CUST00113,SESS0000265
CUST00113,SESS0000266
CUST00113,SESS0000267
CUST00113,SESS0000268
CUST00115,SESS0000269
CUST00116,SESS0000270
CUST00117,SESS0000271
CUST00117,SESS0000272
CUST00118,SESS0000273
CUST00118,SESS0000274
CUST00120,SESS0000275
CUST00120,SESS0000276
CUST00120,SESS0000277
CUST00120,SESS0000278
CUST00121,SESS0000279
CUST00121,SESS0000280
CUST00121,SESS0000281
CUST00122,SESS0000282
CUST00122,SESS0000283
CUST00124,SESS0000284
CUST00125,SESS0000285
CUST00125,SESS0000286
CUST00125,SESS0000287
CUST00125,SESS0000288
CUST00125,SESS0000289
CUST00125,SESS0000290
CUST00125,SESS0000291
CUST00126,SESS0000292
CUST00126,SESS0000293
CUST00126,SESS0000294
CUST00126,SESS0000295
CUST00128,SESS0000296
CUST00129,SESS0000297
CUST00129,SESS0000298
CUST00129,SESS0000299
CUST00130,SESS0000300
CUST00130,SESS0000301
CUST00131,SESS0000302
CUST00132,SESS0000303
CUST00133,SESS0000304
CUST00133,SESS0000305
CUST00133,SESS0000306
CUST00133,SESS0000307
CUST00134,SESS0000308
CUST00134,SESS0000309
CUST00134,SESS0000310
CUST00134,SESS0000311
CUST00135,SESS0000312
CUST00135,SESS0000313
CUST00135,SESS0000314
CUST00136,SESS0000315
CUST00136,SESS0000316
CUST00136,SESS0000317
CUST00136,SESS0000318
CUST00136,SESS0000319
CUST00136,SESS0000320
CUST00136,SESS0000321
CUST00136,SESS0000322
CUST00136,SESS0000323
CUST00137,SESS0000324
CUST00137,SESS0000325
CUST00138,SESS0000326
CUST00138,SESS0000327
CUST00140,SESS0000328
CUST00140,SESS0000329
CUST00140,SESS0000330
CUST00140,SESS0000331
CUST00140,SESS0000332
CUST00141,SESS0000333
CUST00141,SESS0000334
CUST00141,SESS0000335
CUST00142,SESS0000336
CUST00142,SESS0000337
CUST00143,SESS0000338
CUST00144,SESS0000339
CUST00145,SESS0000340
CUST00145,SESS0000341
CUST00146,SESS0000342
CUST00146,SESS0000343
CUST00147,SESS0000344
CUST00147,SESS0000345
CUST00148,SESS0000346
CUST00149,SESS0000347
CUST00149,SESS0000348
CUST00149,SESS0000349
CUST00150,SESS0000350
CUST00150,SESS0000351
CUST00150,SESS0000352
CUST00150,SESS0000353
CUST00150,SESS0000354
CUST00151,SESS0000355
CUST00152,SESS0000356
CUST00152,SESS0000357
CUST00152,SESS0000358
CUST00152,SESS0000359
CUST00153,SESS0000360
CUST00153,SESS0000361
CUST00153,SESS0000362
CUST00153,SESS0000363
CUST00153,SESS0000364
CUST00153,SESS0000365
CUST00153,SESS0000366
CUST00153,SESS0000367
CUST00153,SESS0000368
CUST00154,SESS0000369
CUST00155,SESS0000370
CUST00155,SESS0000371
CUST00155,SESS0000372
CUST00156,SESS0000373
CUST00156,SESS0000374
CUST00156,SESS0000375
CUST00157,SESS0000376
CUST00157,SESS0000377
CUST00158,SESS0000378
CUST00158,SESS0000379
CUST00158,SESS0000380
CUST00158,SESS0000381
CUST00158,SESS0000382
CUST00159,SESS0000383
CUST00160,SESS0000384
CUST00161,SESS0000385
CUST00161,SESS0000386
CUST00162,SESS0000387
CUST00162,SESS0000388
CUST00163,SESS0000389
CUST00163,SESS0000390
CUST00163,SESS0000391
CUST00163,SESS0000392
CUST00164,SESS0000393
CUST00164,SESS0000394
CUST00164,SESS0000395
CUST00164,SESS0000396
CUST00164,SESS0000397
CUST00164,SESS0000398
CUST00165,SESS0000399
CUST00165,SESS0000400
CUST00165,SESS0000401
CUST00166,SESS0000402
CUST00167,SESS0000403
CUST00167,SESS0000404
CUST00169,SESS0000405
CUST00171,SESS0000406
CUST00172,SESS0000407
CUST00172,SESS0000408
CUST00172,SESS0000409
CUST00172,SESS0000410
CUST00172,SESS0000411
CUST00173,SESS0000412
CUST00175,SESS0000413
CUST00175,SESS0000414
CUST00176,SESS0000415
CUST00176,SESS0000416
CUST00176,SESS0000417
CUST00176,SESS0000418
CUST00176,SESS0000419
CUST00176,SESS0000420
CUST00177,SESS0000421
CUST00177,SESS0000422
CUST00177,SESS0000423
CUST00177,SESS0000424
CUST00177,SESS0000425
CUST00180,SESS0000426
CUST00181,SESS0000427
CUST00183,SESS0000428
CUST00183,SESS0000429
CUST00183,SESS0000430
CUST00183,SESS0000431
CUST00183,SESS0000432
CUST00183,SESS0000433
CUST00183,SESS0000434
CUST00183,SESS0000435
CUST00183,SESS0000436
CUST00183,SESS0000437
CUST00184,SESS0000438
CUST00184,SESS0000439
CUST00184,SESS0000440
CUST00184,SESS0000441
CUST00184,SESS0000442
CUST00184,SESS0000443
CUST00186,SESS0000444
CUST00187,SESS0000445
CUST00187,SESS0000446
CUST00187,SESS0000447
CUST00188,SESS0000448
CUST00188,SESS0000449
CUST00188,SESS0000450
CUST00188,SESS0000451
CUST00188,SESS0000452
CUST00188,SESS0000453
CUST00188,SESS0000454
CUST00188,SESS0000455
CUST00188,SESS0000456
CUST00188,SESS0000457
CUST00189,SESS0000458
CUST00189,SESS0000459
CUST00190,SESS0000460
CUST00190,SESS0000461
CUST00190,SESS0000462
CUST00190,SESS0000463
CUST00191,SESS0000464
CUST00192,SESS0000465
CUST00192,SESS0000466
CUST00192,SESS0000467
CUST00192,SESS0000468
CUST00193,SESS0000469
CUST00193,SESS0000470
CUST00193,SESS0000471
CUST00193,SESS0000472
CUST00193,SESS0000473
CUST00194,SESS0000474
CUST00194,SESS0000475
CUST00194,SESS0000476
CUST00194,SESS0000477
CUST00194,SESS0000478
CUST00195,SESS0000479
CUST00195,SESS0000480
CUST00195,SESS0000481
CUST00195,SESS0000482
CUST00196,SESS0000483
CUST00196,SESS0000484
CUST00196,SESS0000485
CUST00197,SESS0000486
CUST00197,SESS0000487
CUST00199,SESS0000488
CUST00200,SESS0000489
CUST00200,SESS0000490
CUST00200,SESS0000491
CUST00202,SESS0000492
CUST00203,SESS0000493
CUST00204,SESS0000494
CUST00204,SESS0000495
CUST00204,SESS0000496
CUST00204,SESS0000497
CUST00204,SESS0000498
CUST00204,SESS0000499
CUST00204,SESS0000500
CUST00204,SESS0000501
CUST00204,SESS0000502
CUST00205,SESS0000503
CUST00205,SESS0000504
CUST00205,SESS0000505
CUST00206,SESS0000506
CUST00206,SESS0000507
CUST00206,SESS0000508
CUST00207,SESS0000509
CUST00207,SESS0000510
CUST00207,SESS0000511
CUST00207,SESS0000512
CUST00207,SESS0000513
CUST00207,SESS0000514
CUST00208,SESS0000515
CUST00208,SESS0000516
CUST00209,SESS0000517
CUST00209,SESS0000518
CUST00209,SESS0000519
CUST00209,SESS0000520
CUST00209,SESS0000521
CUST00210,SESS0000522
CUST00211,SESS0000523
CUST00211,SESS0000524
CUST00212,SESS0000525
CUST00212,SESS0000526
CUST00212,SESS0000527
CUST00212,SESS0000528
CUST00212,SESS0000529
CUST00212,SESS0000530
CUST00213,SESS0000531
CUST00213,SESS0000532
CUST00215,SESS0000533
CUST00216,SESS0000534
CUST00216,SESS0000535
CUST00217,SESS0000536
CUST00217,SESS0000537
CUST00217,SESS0000538
CUST00217,SESS0000539
CUST00217,SESS0000540
CUST00218,SESS0000541
CUST00218,SESS0000542
CUST00218,SESS0000543
CUST00220,SESS0000544
CUST00220,SESS0000545
CUST00220,SESS0000546
CUST00221,SESS0000547
CUST00222,SESS0000548
CUST00222,SESS0000549
CUST00222,SESS0000550
CUST00222,SESS0000551
CUST00223,SESS0000552
CUST00223,SESS0000553
CUST00223,SESS0000554
CUST00223,SESS0000555
CUST00225,SESS0000556
CUST00225,SESS0000557
CUST00227,SESS0000558
CUST00227,SESS0000559
CUST00228,SESS0000560
CUST00228,SESS0000561
CUST00228,SESS0000562
CUST00229,SESS0000563
CUST00229,SESS0000564
CUST00229,SESS0000565
CUST00229,SESS0000566
CUST00230,SESS0000567
CUST00230,SESS0000568
CUST00231,SESS0000569
CUST00231,SESS0000570
CUST00231,SESS0000571
CUST00231,SESS0000572
CUST00231,SESS0000573
CUST00232,SESS0000574
CUST00232,SESS0000575
CUST00233,SESS0000576
CUST00234,SESS0000577
CUST00234,SESS0000578
CUST00234,SESS0000579
CUST00234,SESS0000580
CUST00234,SESS0000581
CUST00236,SESS0000582
CUST00237,SESS0000583
CUST00238,SESS0000584
CUST00238,SESS0000585
CUST00239,SESS0000586
CUST00239,SESS0000587
CUST00239,SESS0000588
CUST00239,SESS0000589
CUST00240,SESS0000590
CUST00240,SESS0000591
CUST00240,SESS0000592
CUST00240,SESS0000593
CUST00240,SESS0000594
CUST00240,SESS0000595
CUST00240,SESS0000596
CUST00240,SESS0000597
CUST00240,SESS0000598
CUST00240,SESS0000599
CUST00240,SESS0000600
CUST00240,SESS0000601
CUST00241,SESS0000602
CUST00242,SESS0000603
CUST00242,SESS0000604
CUST00244,SESS0000605
CUST00244,SESS0000606
CUST00246,SESS0000607
CUST00247,SESS0000608
CUST00247,SESS0000609
CUST00248,SESS0000610
CUST00248,SESS0000611
CUST00248,SESS0000612
CUST00249,SESS0000613
CUST00249,SESS0000614
CUST00250,SESS0000615
CUST00250,SESS0000616
CUST00250,SESS0000617
CUST00251,SESS0000618
CUST00251,SESS0000619
CUST00252,SESS0000620
CUST00253,SESS0000621
CUST00253,SESS0000622
CUST00253,SESS0000623
CUST00254,SESS0000624
CUST00254,SESS0000625
CUST00254,SESS0000626
CUST00255,SESS0000627
CUST00255,SESS0000628
CUST00257,SESS0000629
CUST00257,SESS0000630
CUST00257,SESS0000631
CUST00258,SESS0000632
CUST00258,SESS0000633
CUST00258,SESS0000634
CUST00258,SESS0000635
CUST00259,SESS0000636
CUST00259,SESS0000637
CUST00259,SESS0000638
CUST00259,SESS0000639
CUST00259,SESS0000640
CUST00259,SESS0000641
CUST00259,SESS0000642
CUST00260,SESS0000643
CUST00261,SESS0000644
CUST00261,SESS0000645
CUST00262,SESS0000646
CUST00262,SESS0000647
CUST00262,SESS0000648
CUST00262,SESS0000649
CUST00263,SESS0000650
CUST00264,SESS0000651
CUST00264,SESS0000652
CUST00264,SESS0000653
CUST00264,SESS0000654
CUST00264,SESS0000655
CUST00264,SESS0000656
CUST00265,SESS0000657
CUST00265,SESS0000658
CUST00265,SESS0000659
CUST00268,SESS0000660
CUST00268,SESS0000661
CUST00268,SESS0000662
CUST00268,SESS0000663
CUST00268,SESS0000664
CUST00268,SESS0000665
CUST00269,SESS0000666
CUST00269,SESS0000667
CUST00269,SESS0000668
CUST00269,SESS0000669
CUST00269,SESS0000670
CUST00269,SESS0000671
CUST00270,SESS0000672
CUST00270,SESS0000673
CUST00270,SESS0000674
CUST00270,SESS0000675
CUST00270,SESS0000676
CUST00270,SESS0000677
CUST00271,SESS0000678
CUST00271,SESS0000679
CUST00271,SESS0000680
CUST00271,SESS0000681
CUST00271,SESS0000682
CUST00271,SESS0000683
CUST00271,SESS0000684
CUST00271,SESS0000685
CUST00272,SESS0000686
CUST00273,SESS0000687
CUST00273,SESS0000688
CUST00273,SESS0000689
CUST00273,SESS0000690
CUST00274,SESS0000691
CUST00274,SESS0000692
CUST00274,SESS0000693
CUST00275,SESS0000694
CUST00275,SESS0000695
CUST00275,SESS0000696
CUST00275,SESS0000697
CUST00276,SESS0000698
CUST00276,SESS0000699
CUST00277,SESS0000700
CUST00278,SESS0000701
CUST00278,SESS0000702
CUST00278,SESS0000703
CUST00279,SESS0000704
CUST00280,SESS0000705
CUST00281,SESS0000706
CUST00281,SESS0000707
CUST00281,SESS0000708
CUST00282,SESS0000709
CUST00283,SESS0000710
CUST00283,SESS0000711
CUST00283,SESS0000712
CUST00283,SESS0000713
CUST00283,SESS0000714
CUST00284,SESS0000715
CUST00284,SESS0000716
CUST00284,SESS0000717
CUST00284,SESS0000718
CUST00285,SESS0000719
CUST00285,SESS0000720
CUST00285,SESS0000721
CUST00285,SESS0000722
CUST00285,SESS0000723
CUST00285,SESS0000724
CUST00286,SESS0000725
CUST00286,SESS0000726
CUST00287,SESS0000727
CUST00287,SESS0000728
CUST00287,SESS0000729
CUST00287,SESS0000730
CUST00288,SESS0000731
CUST00288,SESS0000732
CUST00289,SESS0000733
CUST00290,SESS0000734
CUST00290,SESS0000735
CUST00290,SESS0000736
CUST00292,SESS0000737
CUST00292,SESS0000738
CUST00292,SESS0000739
CUST00292,SESS0000740
CUST00294,SESS0000741
CUST00294,SESS0000742
CUST00294,SESS0000743
CUST00294,SESS0000744
CUST00294,SESS0000745
CUST00297,SESS0000746
CUST00298,SESS0000747
CUST00298,SESS0000748
CUST00298,SESS0000749
CUST00298,SESS0000750
CUST00299,SESS0000751
CUST00301,SESS0000752
CUST00302,SESS0000753
CUST00302,SESS0000754
CUST00302,SESS0000755
CUST00302,SESS0000756
CUST00302,SESS0000757
CUST00302,SESS0000758
CUST00303,SESS0000759
CUST00303,SESS0000760
CUST00303,SESS0000761
CUST00303,SESS0000762
CUST00303,SESS0000763
CUST00305,SESS0000764
CUST00305,SESS0000765
CUST00307,SESS0000766
CUST00307,SESS0000767
CUST00308,SESS0000768
CUST00308,SESS0000769
CUST00308,SESS0000770
CUST00308,SESS0000771
CUST00309,SESS0000772
CUST00310,SESS0000773
CUST00310,SESS0000774
CUST00310,SESS0000775
CUST00310,SESS0000776
CUST00310,SESS0000777
CUST00310,SESS0000778
CUST00310,SESS0000779
CUST00310,SESS0000780
CUST00310,SESS0000781
CUST00310,SESS0000782
CUST00311,SESS0000783
CUST00311,SESS0000784
CUST00312,SESS0000785
CUST00312,SESS0000786
CUST00313,SESS0000787
CUST00313,SESS0000788
CUST00313,SESS0000789
CUST00314,SESS0000790
CUST00314,SESS0000791
CUST00314,SESS0000792
CUST00315,SESS0000793
CUST00315,SESS0000794
CUST00315,SESS0000795
CUST00316,SESS0000796
CUST00316,SESS0000797
CUST00317,SESS0000798
CUST00318,SESS0000799
CUST00318,SESS0000800
CUST00318,SESS0000801
CUST00319,SESS0000802
CUST00319,SESS0000803
CUST00319,SESS0000804
CUST00319,SESS0000805
CUST00319,SESS0000806
CUST00321,SESS0000807
CUST00321,SESS0000808
CUST00322,SESS0000809
CUST00322,SESS0000810
CUST00322,SESS0000811
CUST00323,SESS0000812
CUST00323,SESS0000813
CUST00324,SESS0000814
CUST00324,SESS0000815
CUST00324,SESS0000816
CUST00324,SESS0000817
CUST00324,SESS0000818
CUST00326,SESS0000819
CUST00326,SESS0000820
CUST00326,SESS0000821
CUST00326,SESS0000822
CUST00327,SESS0000823
CUST00328,SESS0000824
CUST00328,SESS0000825
CUST00328,SESS0000826
CUST00328,SESS0000827
CUST00328,SESS0000828
CUST00329,SESS0000829
CUST00329,SESS0000830
CUST00332,SESS0000831
CUST00332,SESS0000832
CUST00332,SESS0000833
CUST00332,SESS0000834
CUST00333,SESS0000835
CUST00333,SESS0000836
CUST00333,SESS0000837
CUST00333,SESS0000838
CUST00335,SESS0000839
CUST00335,SESS0000840
CUST00335,SESS0000841
CUST00335,SESS0000842
CUST00336,SESS0000843
CUST00336,SESS0000844
CUST00336,SESS0000845
CUST00337,SESS0000846
CUST00337,SESS0000847
CUST00337,SESS0000848
CUST00337,SESS0000849
CUST00337,SESS0000850
CUST00337,SESS0000851
CUST00338,SESS0000852
CUST00338,SESS0000853
CUST00338,SESS0000854
CUST00338,SESS0000855
CUST00339,SESS0000856
CUST00339,SESS0000857
CUST00339,SESS0000858
CUST00339,SESS0000859
CUST00339,SESS0000860
CUST00339,SESS0000861
CUST00340,SESS0000862
CUST00341,SESS0000863
CUST00341,SESS0000864
CUST00341,SESS0000865
CUST00341,SESS0000866
CUST00341,SESS0000867
CUST00341,SESS0000868
CUST00343,SESS0000869
CUST00343,SESS0000870
CUST00344,SESS0000871
CUST00344,SESS0000872
CUST00345,SESS0000873
CUST00347,SESS0000874
CUST00348,SESS0000875
CUST00349,SESS0000876
CUST00349,SESS0000877
CUST00349,SESS0000878
CUST00349,SESS0000879
CUST00349,SESS0000880
CUST00350,SESS0000881
CUST00350,SESS0000882
CUST00350,SESS0000883
CUST00350,SESS0000884
CUST00350,SESS0000885
CUST00352,SESS0000886
CUST00352,SESS0000887
CUST00353,SESS0000888
CUST00354,SESS0000889
CUST00354,SESS0000890
CUST00355,SESS0000891
CUST00355,SESS0000892
CUST00355,SESS0000893
CUST00355,SESS0000894
CUST00355,SESS0000895
CUST00356,SESS0000896
CUST00356,SESS0000897
CUST00356,SESS0000898
CUST00356,SESS0000899
CUST00357,SESS0000900
CUST00358,SESS0000901
CUST00359,SESS0000902
CUST00359,SESS0000903
CUST00359,SESS0000904
CUST00359,SESS0000905
CUST00359,SESS0000906
CUST00360,SESS0000907
CUST00360,SESS0000908
CUST00360,SESS0000909
CUST00360,SESS0000910
CUST00360,SESS0000911
CUST00361,SESS0000912
CUST00362,SESS0000913
CUST00363,SESS0000914
CUST00363,SESS0000915
CUST00363,SESS0000916
CUST00364,SESS0000917
CUST00364,SESS0000918
CUST00364,SESS0000919
CUST00364,SESS0000920
CUST00364,SESS0000921
CUST00364,SESS0000922
CUST00364,SESS0000923
CUST00364,SESS0000924
CUST00365,SESS0000925
CUST00365,SESS0000926
CUST00367,SESS0000927
CUST00368,SESS0000928
CUST00368,SESS0000929
CUST00368,SESS0000930
CUST00368,SESS0000931
CUST00368,SESS0000932
CUST00368,SESS0000933
CUST00369,SESS0000934
CUST00369,SESS0000935
CUST00369,SESS0000936
CUST00372,SESS0000937
CUST00373,SESS0000938
CUST00373,SESS0000939
CUST00373,SESS0000940
CUST00373,SESS0000941
CUST00373,SESS0000942
CUST00373,SESS0000943
CUST00373,SESS0000944
CUST00374,SESS0000945
CUST00375,SESS0000946
CUST00375,SESS0000947
CUST00376,SESS0000948
CUST00376,SESS0000949
CUST00376,SESS0000950
CUST00376,SESS0000951
CUST00377,SESS0000952
CUST00378,SESS0000953
CUST00379,SESS0000954
CUST00379,SESS0000955
CUST00380,SESS0000956
CUST00380,SESS0000957
CUST00380,SESS0000958
CUST00381,SESS0000959
CUST00381,SESS0000960
CUST00381,SESS0000961
CUST00381,SESS0000962
CUST00381,SESS0000963
CUST00381,SESS0000964
CUST00381,SESS0000965
CUST00384,SESS0000966
CUST00384,SESS0000967
CUST00384,SESS0000968
CUST00384,SESS0000969
CUST00385,SESS0000970
CUST00386,SESS0000971
CUST00386,SESS0000972
CUST00387,SESS0000973
CUST00389,SESS0000974
CUST00389,SESS0000975
CUST00389,SESS0000976
CUST00389,SESS0000977
CUST00389,SESS0000978
CUST00389,SESS0000979
CUST00391,SESS0000980
CUST00391,SESS0000981
CUST00391,SESS0000982
CUST00391,SESS0000983
CUST00392,SESS0000984
CUST00392,SESS0000985
CUST00392,SESS0000986
CUST00392,SESS0000987
CUST00392,SESS0000988
CUST00392,SESS0000989
CUST00392,SESS0000990
CUST00392,SESS0000991
CUST00392,SESS0000992
CUST00392,SESS0000993
CUST00392,SESS0000994
CUST00393,SESS0000995
CUST00394,SESS0000996
CUST00394,SESS0000997
CUST00394,SESS0000998
CUST00394,SESS0000999
CUST00394,SESS0001000
CUST00394,SESS0001001
CUST00395,SESS0001002
CUST00395,SESS0001003
CUST00395,SESS0001004
CUST00395,SESS0001005
CUST00395,SESS0001006
CUST00396,SESS0001007
CUST00396,SESS0001008
CUST00397,SESS0001009
CUST00397,SESS0001010
CUST00397,SESS0001011
CUST00397,SESS0001012
CUST00399,SESS0001013
CUST00399,SESS0001014
CUST00400,SESS0001015
CUST00400,SESS0001016
CUST00401,SESS0001017
CUST00401,SESS0001018
CUST00401,SESS0001019
CUST00401,SESS0001020
CUST00402,SESS0001021
CUST00402,SESS0001022
CUST00404,SESS0001023
CUST00404,SESS0001024
CUST00404,SESS0001025
CUST00404,SESS0001026
CUST00405,SESS0001027
CUST00405,SESS0001028
CUST00405,SESS0001029
CUST00406,SESS0001030
CUST00407,SESS0001031
CUST00407,SESS0001032
CUST00408,SESS0001033
CUST00408,SESS0001034
CUST00409,SESS0001035
CUST00409,SESS0001036
CUST00409,SESS0001037
CUST00410,SESS0001038
CUST00411,SESS0001039
CUST00411,SESS0001040
CUST00411,SESS0001041
CUST00412,SESS0001042
CUST00412,SESS0001043
CUST00412,SESS0001044
CUST00412,SESS0001045
CUST00413,SESS0001046
CUST00413,SESS0001047
CUST00414,SESS0001048
CUST00415,SESS0001049
CUST00415,SESS0001050
CUST00415,SESS0001051
CUST00415,SESS0001052
CUST00415,SESS0001053
CUST00415,SESS0001054
CUST00416,SESS0001055
CUST00416,SESS0001056
CUST00416,SESS0001057
CUST00417,SESS0001058
CUST00417,SESS0001059
CUST00417,SESS0001060
CUST00417,SESS0001061
CUST00417,SESS0001062
CUST00417,SESS0001063
CUST00417,SESS0001064
CUST00417,SESS0001065
CUST00418,SESS0001066
CUST00419,SESS0001067
CUST00419,SESS0001068
CUST00419,SESS0001069
CUST00420,SESS0001070
CUST00420,SESS0001071
CUST00420,SESS0001072
CUST00421,SESS0001073
CUST00422,SESS0001074
CUST00423,SESS0001075
CUST00423,SESS0001076
CUST00423,SESS0001077
CUST00423,SESS0001078
CUST00423,SESS0001079
CUST00424,SESS0001080
CUST00424,SESS0001081
CUST00424,SESS0001082
CUST00424,SESS0001083
CUST00424,SESS0001084
CUST00424,SESS0001085
CUST00424,SESS0001086
CUST00424,SESS0001087
CUST00425,SESS0001088
CUST00425,SESS0001089
CUST00425,SESS0001090
CUST00425,SESS0001091
CUST00427,SESS0001092
CUST00427,SESS0001093
CUST00429,SESS0001094
CUST00429,SESS0001095
CUST00429,SESS0001096
CUST00429,SESS0001097
CUST00432,SESS0001098
CUST00433,SESS0001099
CUST00433,SESS0001100
CUST00433,SESS0001101
CUST00434,SESS0001102
CUST00434,SESS0001103
CUST00435,SESS0001104
CUST00435,SESS0001105
CUST00435,SESS0001106
CUST00435,SESS0001107
CUST00435,SESS0001108
CUST00435,SESS0001109
CUST00435,SESS0001110
CUST00436,SESS0001111
CUST00436,SESS0001112
CUST00436,SESS0001113
CUST00437,SESS0001114
CUST00437,SESS0001115
CUST00437,SESS0001116
CUST00437,SESS0001117
CUST00437,SESS0001118
CUST00437,SESS0001119
CUST00437,SESS0001120
CUST00438,SESS0001121
CUST00440,SESS0001122
CUST00440,SESS0001123
CUST00440,SESS0001124
CUST00440,SESS0001125
CUST00442,SESS0001126
CUST00442,SESS0001127
CUST00444,SESS0001128
CUST00444,SESS0001129
CUST00444,SESS0001130
CUST00445,SESS0001131
CUST00445,SESS0001132
CUST00445,SESS0001133
CUST00446,SESS0001134
CUST00446,SESS0001135
CUST00446,SESS0001136
CUST00447,SESS0001137
CUST00447,SESS0001138
CUST00448,SESS0001139
CUST00449,SESS0001140
CUST00449,SESS0001141
CUST00449,SESS0001142
CUST00449,SESS0001143
CUST00449,SESS0001144
CUST00450,SESS0001145
CUST00450,SESS0001146
CUST00450,SESS0001147
CUST00450,SESS0001148
CUST00450,SESS0001149
CUST00450,SESS0001150
CUST00451,SESS0001151
CUST00451,SESS0001152
CUST00451,SESS0001153
CUST00451,SESS0001154
CUST00453,SESS0001155
CUST00454,SESS0001156
CUST00454,SESS0001157
CUST00455,SESS0001158
CUST00455,SESS0001159
CUST00455,SESS0001160
CUST00455,SESS0001161
CUST00456,SESS0001162
CUST00456,SESS0001163
CUST00456,SESS0001164
CUST00457,SESS0001165
CUST00458,SESS0001166
CUST00461,SESS0001167
CUST00461,SESS0001168
CUST00461,SESS0001169
CUST00462,SESS0001170
CUST00462,SESS0001171
CUST00462,SESS0001172
CUST00463,SESS0001173
CUST00464,SESS0001174
CUST00464,SESS0001175
CUST00464,SESS0001176
CUST00464,SESS0001177
CUST00464,SESS0001178
CUST00465,SESS0001179
CUST00465,SESS0001180
CUST00466,SESS0001181
CUST00466,SESS0001182
CUST00466,SESS0001183
CUST00467,SESS0001184
CUST00467,SESS0001185
CUST00467,SESS0001186
CUST00467,SESS0001187
CUST00468,SESS0001188
CUST00468,SESS0001189
CUST00469,SESS0001190
CUST00469,SESS0001191
CUST00469,SESS0001192
CUST00470,SESS0001193
CUST00470,SESS0001194
CUST00470,SESS0001195
CUST00470,SESS0001196
CUST00471,SESS0001197
CUST00471,SESS0001198
CUST00471,SESS0001199
CUST00471,SESS0001200
CUST00472,SESS0001201
CUST00472,SESS0001202
CUST00472,SESS0001203
CUST00472,SESS0001204
CUST00472,SESS0001205
CUST00473,SESS0001206
CUST00473,SESS0001207
CUST00473,SESS0001208
CUST00473,SESS0001209
CUST00473,SESS0001210
CUST00474,SESS0001211
CUST00474,SESS0001212
CUST00474,SESS0001213
CUST00474,SESS0001214
CUST00474,SESS0001215
CUST00475,SESS0001216
CUST00475,SESS0001217
CUST00475,SESS0001218
CUST00476,SESS0001219
CUST00476,SESS0001220
CUST00476,SESS0001221
CUST00477,SESS0001222
CUST00477,SESS0001223
CUST00477,SESS0001224
CUST00477,SESS0001225
CUST00478,SESS0001226
CUST00478,SESS0001227
CUST00478,SESS0001228
CUST00478,SESS0001229
CUST00479,SESS0001230
CUST00479,SESS0001231
CUST00479,SESS0001232
CUST00479,SESS0001233
CUST00480,SESS0001234
CUST00480,SESS0001235
CUST00480,SESS0001236
CUST00480,SESS0001237
CUST00480,SESS0001238
CUST00480,SESS0001239
CUST00481,SESS0001240
CUST00481,SESS0001241
CUST00481,SESS0001242
CUST00482,SESS0001243
CUST00483,SESS0001244
CUST00483,SESS0001245
CUST00484,SESS0001246
CUST00484,SESS0001247
CUST00485,SESS0001248
CUST00485,SESS0001249
CUST00485,SESS0001250
CUST00485,SESS0001251
CUST00485,SESS0001252
CUST00485,SESS0001253
CUST00485,SESS0001254
CUST00485,SESS0001255
CUST00486,SESS0001256
CUST00486,SESS0001257
CUST00486,SESS0001258
CUST00487,SESS0001259
CUST00487,SESS0001260
CUST00487,SESS0001261
CUST00488,SESS0001262
CUST00488,SESS0001263
CUST00488,SESS0001264
CUST00489,SESS0001265
CUST00490,SESS0001266
CUST00491,SESS0001267
CUST00491,SESS0001268
CUST00492,SESS0001269
CUST00492,SESS0001270
CUST00492,SESS0001271
CUST00492,SESS0001272
CUST00493,SESS0001273
CUST00493,SESS0001274
CUST00494,SESS0001275
CUST00494,SESS0001276
CUST00494,SESS0001277
CUST00494,SESS0001278
CUST00495,SESS0001279
CUST00495,SESS0001280
CUST00496,SESS0001281
CUST00496,SESS0001282
CUST00497,SESS0001283
CUST00497,SESS0001284
CUST00498,SESS0001285
CUST00499,SESS0001286
CUST00499,SESS0001287
CUST00499,SESS0001288
CUST00500,SESS0001289
CUST00500,SESS0001290
CUST00500,SESS0001291
CUST00500,SESS0001292
CUST00502,SESS0001293
CUST00503,SESS0001294
CUST00505,SESS0001295
CUST00505,SESS0001296
CUST00507,SESS0001297
CUST00507,SESS0001298
CUST00507,SESS0001299
CUST00509,SESS0001300
CUST00510,SESS0001301
CUST00510,SESS0001302
CUST00510,SESS0001303
CUST00510,SESS0001304
CUST00510,SESS0001305
CUST00510,SESS0001306
CUST00511,SESS0001307
CUST00511,SESS0001308
CUST00511,SESS0001309
CUST00511,SESS0001310
CUST00511,SESS0001311
CUST00511,SESS0001312
CUST00513,SESS0001313
CUST00513,SESS0001314
CUST00513,SESS0001315
CUST00514,SESS0001316
CUST00514,SESS0001317
CUST00516,SESS0001318
CUST00516,SESS0001319
CUST00517,SESS0001320
CUST00517,SESS0001321
CUST00517,SESS0001322
CUST00519,SESS0001323
CUST00519,SESS0001324
CUST00519,SESS0001325
CUST00519,SESS0001326
CUST00522,SESS0001327
CUST00523,SESS0001328
CUST00523,SESS0001329
CUST00523,SESS0001330
CUST00524,SESS0001331
CUST00524,SESS0001332
CUST00525,SESS0001333
CUST00525,SESS0001334
CUST00525,SESS0001335
CUST00525,SESS0001336
CUST00525,SESS0001337
CUST00525,SESS0001338
CUST00525,SESS0001339
CUST00526,SESS0001340
CUST00527,SESS0001341
CUST00528,SESS0001342
CUST00528,SESS0001343
CUST00528,SESS0001344
CUST00529,SESS0001345
CUST00529,SESS0001346
CUST00530,SESS0001347
CUST00531,SESS0001348
CUST00531,SESS0001349
CUST00531,SESS0001350
CUST00533,SESS0001351
CUST00533,SESS0001352
CUST00535,SESS0001353
CUST00535,SESS0001354
CUST00535,SESS0001355
CUST00535,SESS0001356
CUST00536,SESS0001357
CUST00537,SESS0001358
CUST00537,SESS0001359
CUST00538,SESS0001360
CUST00538,SESS0001361
CUST00538,SESS0001362
CUST00538,SESS0001363
CUST00538,SESS0001364
CUST00539,SESS0001365
CUST00539,SESS0001366
CUST00539,SESS0001367
CUST00539,SESS0001368
CUST00539,SESS0001369
CUST00541,SESS0001370
CUST00542,SESS0001371
CUST00542,SESS0001372
CUST00542,SESS0001373
CUST00543,SESS0001374
CUST00543,SESS0001375
CUST00544,SESS0001376
CUST00545,SESS0001377
CUST00545,SESS0001378
CUST00545,SESS0001379
CUST00545,SESS0001380
CUST00545,SESS0001381
CUST00546,SESS0001382
CUST00546,SESS0001383
CUST00546,SESS0001384
CUST00547,SESS0001385
CUST00547,SESS0001386
CUST00547,SESS0001387
CUST00547,SESS0001388
CUST00547,SESS0001389
CUST00548,SESS0001390
CUST00548,SESS0001391
CUST00548,SESS0001392
CUST00548,SESS0001393
CUST00548,SESS0001394
CUST00549,SESS0001395
CUST00550,SESS0001396
CUST00551,SESS0001397
CUST00552,SESS0001398
CUST00552,SESS0001399
CUST00552,SESS0001400
CUST00553,SESS0001401
CUST00554,SESS0001402
CUST00555,SESS0001403
CUST00555,SESS0001404
CUST00555,SESS0001405
CUST00555,SESS0001406
CUST00556,SESS0001407
CUST00556,SESS0001408
CUST00557,SESS0001409
CUST00557,SESS0001410
CUST00557,SESS0001411
CUST00557,SESS0001412
CUST00557,SESS0001413
CUST00557,SESS0001414
CUST00557,SESS0001415
CUST00558,SESS0001416
CUST00558,SESS0001417
CUST00558,SESS0001418
CUST00558,SESS0001419
CUST00558,SESS0001420
CUST00559,SESS0001421
CUST00559,SESS0001422
CUST00559,SESS0001423
CUST00559,SESS0001424
CUST00560,SESS0001425
CUST00561,SESS0001426
CUST00561,SESS0001427
CUST00561,SESS0001428
CUST00562,SESS0001429
CUST00562,SESS0001430
CUST00563,SESS0001431
CUST00564,SESS0001432
CUST00564,SESS0001433
CUST00564,SESS0001434
CUST00564,SESS0001435
CUST00566,SESS0001436
CUST00566,SESS0001437
CUST00567,SESS0001438
CUST00568,SESS0001439
CUST00568,SESS0001440
CUST00568,SESS0001441
CUST00568,SESS0001442
CUST00569,SESS0001443
CUST00569,SESS0001444
CUST00570,SESS0001445
CUST00570,SESS0001446
CUST00570,SESS0001447
CUST00572,SESS0001448
CUST00573,SESS0001449
CUST00575,SESS0001450
CUST00576,SESS0001451
CUST00576,SESS0001452
CUST00576,SESS0001453
CUST00576,SESS0001454
CUST00576,SESS0001455
CUST00577,SESS0001456
CUST00578,SESS0001457
CUST00578,SESS0001458
CUST00578,SESS0001459
CUST00578,SESS0001460
CUST00580,SESS0001461
CUST00581,SESS0001462
CUST00581,SESS0001463
CUST00581,SESS0001464
CUST00582,SESS0001465
CUST00582,SESS0001466
CUST00582,SESS0001467
CUST00582,SESS0001468
CUST00583,SESS0001469
CUST00583,SESS0001470
CUST00583,SESS0001471
CUST00584,SESS0001472
CUST00584,SESS0001473
CUST00584,SESS0001474
CUST00585,SESS0001475
CUST00586,SESS0001476
CUST00586,SESS0001477
CUST00586,SESS0001478
CUST00587,SESS0001479
CUST00587,SESS0001480
CUST00588,SESS0001481
CUST00589,SESS0001482
CUST00589,SESS0001483
CUST00589,SESS0001484
CUST00589,SESS0001485
CUST00590,SESS0001486
CUST00590,SESS0001487
CUST00590,SESS0001488
CUST00590,SESS0001489
CUST00590,SESS0001490
CUST00590,SESS0001491
CUST00590,SESS0001492
CUST00590,SESS0001493
CUST00590,SESS0001494
CUST00592,SESS0001495
CUST00592,SESS0001496
CUST00593,SESS0001497
CUST00593,SESS0001498
CUST00593,SESS0001499
CUST00593,SESS0001500
CUST00594,SESS0001501
CUST00595,SESS0001502
CUST00595,SESS0001503
CUST00595,SESS0001504
CUST00595,SESS0001505
CUST00595,SESS0001506
CUST00598,SESS0001507
CUST00598,SESS0001508
CUST00598,SESS0001509
CUST00598,SESS0001510
CUST00598,SESS0001511
CUST00598,SESS0001512
CUST00598,SESS0001513
CUST00600,SESS0001514
CUST00600,SESS0001515
CUST00600,SESS0001516
CUST00601,SESS0001517
CUST00601,SESS0001518
CUST00606,SESS0001519
CUST00606,SESS0001520
CUST00607,SESS0001521
CUST00608,SESS0001522
CUST00608,SESS0001523
CUST00608,SESS0001524
CUST00608,SESS0001525
CUST00608,SESS0001526
CUST00608,SESS0001527
CUST00608,SESS0001528
CUST00609,SESS0001529
CUST00609,SESS0001530
CUST00609,SESS0001531
CUST00609,SESS0001532
CUST00609,SESS0001533
CUST00610,SESS0001534
CUST00610,SESS0001535
CUST00610,SESS0001536
CUST00611,SESS0001537
CUST00611,SESS0001538
CUST00611,SESS0001539
CUST00612,SESS0001540
CUST00612,SESS0001541
CUST00613,SESS0001542
CUST00613,SESS0001543
CUST00615,SESS0001544
CUST00615,SESS0001545
CUST00615,SESS0001546
CUST00616,SESS0001547
CUST00616,SESS0001548
CUST00618,SESS0001549
CUST00618,SESS0001550
CUST00618,SESS0001551
CUST00618,SESS0001552
CUST00618,SESS0001553
CUST00618,SESS0001554
CUST00619,SESS0001555
CUST00619,SESS0001556
CUST00619,SESS0001557
CUST00619,SESS0001558
CUST00619,SESS0001559
CUST00619,SESS0001560
CUST00620,SESS0001561
CUST00620,SESS0001562
CUST00620,SESS0001563
CUST00620,SESS0001564
CUST00620,SESS0001565
CUST00622,SESS0001566
CUST00622,SESS0001567
CUST00622,SESS0001568
CUST00624,SESS0001569
CUST00624,SESS0001570
CUST00626,SESS0001571
CUST00626,SESS0001572
CUST00626,SESS0001573
CUST00626,SESS0001574
CUST00628,SESS0001575
CUST00628,SESS0001576
CUST00628,SESS0001577
CUST00628,SESS0001578
CUST00628,SESS0001579
CUST00628,SESS0001580
CUST00628,SESS0001581
CUST00629,SESS0001582
CUST00629,SESS0001583
CUST00633,SESS0001584
CUST00633,SESS0001585
CUST00633,SESS0001586
CUST00633,SESS0001587
CUST00633,SESS0001588
CUST00633,SESS0001589
CUST00634,SESS0001590
CUST00634,SESS0001591
CUST00634,SESS0001592
CUST00634,SESS0001593
CUST00634,SESS0001594
CUST00634,SESS0001595
CUST00635,SESS0001596
CUST00635,SESS0001597
CUST00635,SESS0001598
CUST00635,SESS0001599
CUST00635,SESS0001600
CUST00635,SESS0001601
CUST00636,SESS0001602
CUST00636,SESS0001603
CUST00636,SESS0001604
CUST00636,SESS0001605
CUST00636,SESS0001606
CUST00636,SESS0001607
CUST00636,SESS0001608
CUST00636,SESS0001609
CUST00637,SESS0001610
CUST00637,SESS0001611
CUST00641,SESS0001612
CUST00643,SESS0001613
CUST00643,SESS0001614
CUST00643,SESS0001615
CUST00643,SESS0001616
CUST00643,SESS0001617
CUST00643,SESS0001618
CUST00644,SESS0001619
CUST00646,SESS0001620
CUST00646,SESS0001621
CUST00647,SESS0001622
CUST00647,SESS0001623
CUST00647,SESS0001624
CUST00647,SESS0001625
CUST00647,SESS0001626
CUST00648,SESS0001627
CUST00648,SESS0001628
CUST00648,SESS0001629
CUST00648,SESS0001630
CUST00649,SESS0001631
CUST00649,SESS0001632
CUST00649,SESS0001633
CUST00650,SESS0001634
CUST00650,SESS0001635
CUST00650,SESS0001636
CUST00650,SESS0001637
CUST00650,SESS0001638
CUST00650,SESS0001639
CUST00651,SESS0001640
CUST00651,SESS0001641
CUST00651,SESS0001642
CUST00651,SESS0001643
CUST00653,SESS0001644
CUST00653,SESS0001645
CUST00653,SESS0001646
CUST00653,SESS0001647
CUST00654,SESS0001648
CUST00654,SESS0001649
CUST00654,SESS0001650
CUST00654,SESS0001651
CUST00655,SESS0001652
CUST00655,SESS0001653
CUST00655,SESS0001654
CUST00655,SESS0001655
CUST00657,SESS0001656
CUST00658,SESS0001657
CUST00659,SESS0001658
CUST00660,SESS0001659
CUST00661,SESS0001660
CUST00661,SESS0001661
CUST00662,SESS0001662
CUST00663,SESS0001663
CUST00663,SESS0001664
CUST00663,SESS0001665
CUST00663,SESS0001666
CUST00664,SESS0001667
CUST00664,SESS0001668
CUST00665,SESS0001669
CUST00666,SESS0001670
CUST00666,SESS0001671
CUST00667,SESS0001672
CUST00667,SESS0001673
CUST00667,SESS0001674
CUST00669,SESS0001675
CUST00669,SESS0001676
CUST00670,SESS0001677
CUST00672,SESS0001678
CUST00672,SESS0001679
CUST00672,SESS0001680
CUST00674,SESS0001681
CUST00675,SESS0001682
CUST00675,SESS0001683
CUST00676,SESS0001684
CUST00676,SESS0001685
CUST00678,SESS0001686
CUST00678,SESS0001687
CUST00679,SESS0001688
CUST00679,SESS0001689
CUST00679,SESS0001690
CUST00679,SESS0001691
CUST00680,SESS0001692
CUST00681,SESS0001693
CUST00681,SESS0001694
CUST00681,SESS0001695
CUST00681,SESS0001696
CUST00681,SESS0001697
CUST00682,SESS0001698
CUST00683,SESS0001699
CUST00683,SESS0001700
CUST00683,SESS0001701
CUST00683,SESS0001702
CUST00683,SESS0001703
CUST00683,SESS0001704
CUST00683,SESS0001705
CUST00683,SESS0001706
CUST00683,SESS0001707
CUST00683,SESS0001708
CUST00684,SESS0001709
CUST00684,SESS0001710
CUST00684,SESS0001711
CUST00685,SESS0001712
CUST00686,SESS0001713
CUST00686,SESS0001714
CUST00686,SESS0001715
CUST00686,SESS0001716
CUST00687,SESS0001717
CUST00687,SESS0001718
CUST00687,SESS0001719
CUST00690,SESS0001720
CUST00690,SESS0001721
CUST00690,SESS0001722
CUST00690,SESS0001723
CUST00690,SESS0001724
CUST00691,SESS0001725
CUST00692,SESS0001726
CUST00693,SESS0001727
CUST00694,SESS0001728
CUST00694,SESS0001729
CUST00694,SESS0001730
CUST00694,SESS0001731
CUST00694,SESS0001732
CUST00695,SESS0001733
CUST00696,SESS0001734
CUST00696,SESS0001735
CUST00697,SESS0001736
CUST00698,SESS0001737
CUST00698,SESS0001738
CUST00700,SESS0001739
CUST00700,SESS0001740
CUST00701,SESS0001741
CUST00701,SESS0001742
CUST00702,SESS0001743
CUST00705,SESS0001744
CUST00706,SESS0001745
CUST00706,SESS0001746
CUST00706,SESS0001747
CUST00707,SESS0001748
CUST00707,SESS0001749
CUST00709,SESS0001750
CUST00709,SESS0001751
CUST00709,SESS0001752
CUST00709,SESS0001753
CUST00709,SESS0001754
CUST00709,SESS0001755
CUST00710,SESS0001756
CUST00710,SESS0001757
CUST00710,SESS0001758
CUST00712,SESS0001759
CUST00712,SESS0001760
CUST00712,SESS0001761
CUST00715,SESS0001762
CUST00715,SESS0001763
CUST00716,SESS0001764
CUST00716,SESS0001765
CUST00717,SESS0001766
CUST00717,SESS0001767
CUST00718,SESS0001768
CUST00718,SESS0001769
CUST00718,SESS0001770
CUST00718,SESS0001771
CUST00718,SESS0001772
CUST00718,SESS0001773
CUST00719,SESS0001774
CUST00719,SESS0001775
CUST00720,SESS0001776
CUST00721,SESS0001777
CUST00721,SESS0001778
CUST00721,SESS0001779
CUST00721,SESS0001780
CUST00721,SESS0001781
CUST00721,SESS0001782
CUST00722,SESS0001783
CUST00722,SESS0001784
CUST00723,SESS0001785
CUST00723,SESS0001786
CUST00723,SESS0001787
CUST00723,SESS0001788
CUST00725,SESS0001789
CUST00725,SESS0001790
CUST00725,SESS0001791
CUST00725,SESS0001792
CUST00725,SESS0001793
CUST00726,SESS0001794
CUST00726,SESS0001795
CUST00726,SESS0001796
CUST00726,SESS0001797
CUST00727,SESS0001798
CUST00727,SESS0001799
CUST00727,SESS0001800
CUST00728,SESS0001801
CUST00728,SESS0001802
CUST00728,SESS0001803
CUST00728,SESS0001804
CUST00728,SESS0001805
CUST00729,SESS0001806
CUST00729,SESS0001807
CUST00729,SESS0001808
CUST00729,SESS0001809
CUST00730,SESS0001810
CUST00730,SESS0001811
CUST00731,SESS0001812
CUST00731,SESS0001813
CUST00732,SESS0001814
CUST00732,SESS0001815
CUST00733,SESS0001816
CUST00733,SESS0001817
CUST00733,SESS0001818
CUST00733,SESS0001819
CUST00733,SESS0001820
CUST00733,SESS0001821
CUST00733,SESS0001822
CUST00733,SESS0001823
CUST00733,SESS0001824
CUST00734,SESS0001825
CUST00734,SESS0001826
CUST00735,SESS0001827
CUST00735,SESS0001828
CUST00735,SESS0001829
CUST00735,SESS0001830
CUST00736,SESS0001831
CUST00738,SESS0001832
CUST00740,SESS0001833
CUST00740,SESS0001834
CUST00740,SESS0001835
CUST00741,SESS0001836
CUST00741,SESS0001837
CUST00741,SESS0001838
CUST00742,SESS0001839
CUST00742,SESS0001840
CUST00743,SESS0001841
CUST00743,SESS0001842
CUST00744,SESS0001843
CUST00744,SESS0001844
CUST00744,SESS0001845
CUST00744,SESS0001846
CUST00745,SESS0001847
CUST00745,SESS0001848
CUST00745,SESS0001849
CUST00745,SESS0001850
CUST00746,SESS0001851
CUST00746,SESS0001852
CUST00746,SESS0001853
CUST00746,SESS0001854
CUST00746,SESS0001855
CUST00747,SESS0001856
CUST00747,SESS0001857
CUST00747,SESS0001858
CUST00748,SESS0001859
CUST00748,SESS0001860
CUST00748,SESS0001861
CUST00748,SESS0001862
CUST00749,SESS0001863
CUST00749,SESS0001864
CUST00749,SESS0001865
CUST00749,SESS0001866
CUST00751,SESS0001867
CUST00751,SESS0001868
CUST00751,SESS0001869
CUST00752,SESS0001870
CUST00752,SESS0001871
CUST00752,SESS0001872
CUST00753,SESS0001873
CUST00753,SESS0001874
CUST00754,SESS0001875
CUST00754,SESS0001876
CUST00754,SESS0001877
CUST00755,SESS0001878
CUST00755,SESS0001879
CUST00757,SESS0001880
CUST00758,SESS0001881
CUST00758,SESS0001882
CUST00759,SESS0001883
CUST00759,SESS0001884
CUST00759,SESS0001885
CUST00759,SESS0001886
CUST00759,SESS0001887
CUST00762,SESS0001888
CUST00763,SESS0001889
CUST00763,SESS0001890
CUST00763,SESS0001891
CUST00763,SESS0001892
CUST00763,SESS0001893
CUST00763,SESS0001894
CUST00764,SESS0001895
CUST00764,SESS0001896
CUST00764,SESS0001897
CUST00764,SESS0001898
CUST00766,SESS0001899
CUST00766,SESS0001900
CUST00767,SESS0001901
CUST00767,SESS0001902
CUST00767,SESS0001903
CUST00767,SESS0001904
CUST00768,SESS0001905
CUST00768,SESS0001906
CUST00768,SESS0001907
CUST00769,SESS0001908
CUST00769,SESS0001909
CUST00769,SESS0001910
CUST00769,SESS0001911
CUST00770,SESS0001912
CUST00770,SESS0001913
CUST00770,SESS0001914
CUST00771,SESS0001915
CUST00771,SESS0001916
CUST00771,SESS0001917
CUST00771,SESS0001918
CUST00772,SESS0001919
CUST00772,SESS0001920
CUST00772,SESS0001921
CUST00772,SESS0001922
CUST00772,SESS0001923
CUST00772,SESS0001924
CUST00773,SESS0001925
CUST00773,SESS0001926
CUST00773,SESS0001927
CUST00773,SESS0001928
CUST00773,SESS0001929
CUST00774,SESS0001930
CUST00774,SESS0001931
CUST00775,SESS0001932
CUST00775,SESS0001933
CUST00775,SESS0001934
CUST00775,SESS0001935
CUST00775,SESS0001936
CUST00775,SESS0001937
CUST00776,SESS0001938
CUST00777,SESS0001939
CUST00777,SESS0001940
CUST00778,SESS0001941
CUST00778,SESS0001942
CUST00778,SESS0001943
CUST00779,SESS0001944
CUST00780,SESS0001945
CUST00780,SESS0001946
CUST00781,SESS0001947
CUST00781,SESS0001948
CUST00781,SESS0001949
CUST00783,SESS0001950
CUST00783,SESS0001951
CUST00783,SESS0001952
CUST00784,SESS0001953
CUST00784,SESS0001954
CUST00786,SESS0001955
CUST00786,SESS0001956
CUST00786,SESS0001957
CUST00787,SESS0001958
CUST00787,SESS0001959
CUST00788,SESS0001960
CUST00788,SESS0001961
CUST00788,SESS0001962
CUST00789,SESS0001963
CUST00789,SESS0001964
CUST00790,SESS0001965
CUST00790,SESS0001966
CUST00790,SESS0001967
CUST00790,SESS0001968
CUST00790,SESS0001969
CUST00791,SESS0001970
CUST00791,SESS0001971
CUST00792,SESS0001972
CUST00792,SESS0001973
CUST00792,SESS0001974
CUST00792,SESS0001975
CUST00792,SESS0001976
CUST00794,SESS0001977
CUST00794,SESS0001978
CUST00794,SESS0001979
CUST00794,SESS0001980
CUST00795,SESS0001981
CUST00795,SESS0001982
CUST00795,SESS0001983
CUST00795,SESS0001984
CUST00795,SESS0001985
CUST00795,SESS0001986
CUST00796,SESS0001987
CUST00797,SESS0001988
CUST00797,SESS0001989
CUST00797,SESS0001990
CUST00797,SESS0001991
CUST00797,SESS0001992
CUST00797,SESS0001993
CUST00797,SESS0001994
CUST00797,SESS0001995
CUST00797,SESS0001996
CUST00797,SESS0001997
CUST00799,SESS0001998
CUST00799,SESS0001999
CUST00801,SESS0002000
CUST00802,SESS0002001
CUST00802,SESS0002002
CUST00802,SESS0002003
CUST00802,SESS0002004
CUST00803,SESS0002005
CUST00803,SESS0002006
CUST00804,SESS0002007
CUST00805,SESS0002008
CUST00805,SESS0002009
CUST00805,SESS0002010
CUST00806,SESS0002011
CUST00806,SESS0002012
CUST00806,SESS0002013
CUST00806,SESS0002014
CUST00806,SESS0002015
CUST00806,SESS0002016
CUST00807,SESS0002017
CUST00807,SESS0002018
CUST00807,SESS0002019
CUST00807,SESS0002020
CUST00807,SESS0002021
CUST00807,SESS0002022
CUST00808,SESS0002023
CUST00808,SESS0002024
CUST00809,SESS0002025
CUST00809,SESS0002026
CUST00809,SESS0002027
CUST00811,SESS0002028
CUST00812,SESS0002029
CUST00812,SESS0002030
CUST00812,SESS0002031
CUST00814,SESS0002032
CUST00814,SESS0002033
CUST00814,SESS0002034
CUST00814,SESS0002035
CUST00814,SESS0002036
CUST00815,SESS0002037
CUST00815,SESS0002038
CUST00815,SESS0002039
CUST00815,SESS0002040
CUST00815,SESS0002041
CUST00815,SESS0002042
CUST00818,SESS0002043
CUST00819,SESS0002044
CUST00819,SESS0002045
CUST00819,SESS0002046
CUST00820,SESS0002047
CUST00820,SESS0002048
CUST00821,SESS0002049
CUST00821,SESS0002050
CUST00821,SESS0002051
CUST00821,SESS0002052
CUST00821,SESS0002053
CUST00821,SESS0002054
CUST00821,SESS0002055
CUST00821,SESS0002056
CUST00821,SESS0002057
CUST00822,SESS0002058
CUST00822,SESS0002059
CUST00822,SESS0002060
CUST00823,SESS0002061
CUST00823,SESS0002062
CUST00823,SESS0002063
CUST00824,SESS0002064
CUST00824,SESS0002065
CUST00824,SESS0002066
CUST00825,SESS0002067
CUST00826,SESS0002068
CUST00826,SESS0002069
CUST00826,SESS0002070
CUST00826,SESS0002071
CUST00826,SESS0002072
CUST00826,SESS0002073
CUST00826,SESS0002074
CUST00827,SESS0002075
CUST00827,SESS0002076
CUST00827,SESS0002077
CUST00827,SESS0002078
CUST00828,SESS0002079
CUST00828,SESS0002080
CUST00830,SESS0002081
CUST00830,SESS0002082
CUST00831,SESS0002083
CUST00831,SESS0002084
CUST00831,SESS0002085
CUST00831,SESS0002086
CUST00831,SESS0002087
CUST00832,SESS0002088
CUST00832,SESS0002089
CUST00832,SESS0002090
CUST00832,SESS0002091
CUST00833,SESS0002092
CUST00833,SESS0002093
CUST00833,SESS0002094
CUST00834,SESS0002095
CUST00834,SESS0002096
CUST00835,SESS0002097
CUST00836,SESS0002098
CUST00836,SESS0002099
CUST00837,SESS0002100
CUST00837,SESS0002101
CUST00840,SESS0002102
CUST00840,SESS0002103
CUST00840,SESS0002104
CUST00840,SESS0002105
CUST00840,SESS0002106
CUST00840,SESS0002107
CUST00840,SESS0002108
CUST00840,SESS0002109
CUST00840,SESS0002110
CUST00841,SESS0002111
CUST00841,SESS0002112
CUST00841,SESS0002113
CUST00841,SESS0002114
CUST00841,SESS0002115
CUST00841,SESS0002116
CUST00841,SESS0002117
CUST00841,SESS0002118
CUST00841,SESS0002119
CUST00842,SESS0002120
CUST00842,SESS0002121
CUST00843,SESS0002122
CUST00843,SESS0002123
CUST00844,SESS0002124
CUST00844,SESS0002125
CUST00844,SESS0002126
CUST00844,SESS0002127
CUST00844,SESS0002128
CUST00845,SESS0002129
CUST00846,SESS0002130
CUST00847,SESS0002131
CUST00847,SESS0002132
CUST00848,SESS0002133
CUST00848,SESS0002134
CUST00849,SESS0002135
CUST00849,SESS0002136
CUST00849,SESS0002137
CUST00850,SESS0002138
CUST00852,SESS0002139
CUST00852,SESS0002140
CUST00852,SESS0002141
CUST00853,SESS0002142
CUST00853,SESS0002143
CUST00855,SESS0002144
CUST00855,SESS0002145
CUST00856,SESS0002146
CUST00856,SESS0002147
CUST00856,SESS0002148
CUST00857,SESS0002149
CUST00859,SESS0002150
CUST00859,SESS0002151
CUST00860,SESS0002152
CUST00860,SESS0002153
CUST00860,SESS0002154
CUST00860,SESS0002155
CUST00860,SESS0002156
CUST00863,SESS0002157
CUST00863,SESS0002158
CUST00864,SESS0002159
CUST00864,SESS0002160
CUST00864,SESS0002161
CUST00864,SESS0002162
CUST00864,SESS0002163
CUST00864,SESS0002164
CUST00865,SESS0002165
CUST00865,SESS0002166
CUST00865,SESS0002167
CUST00865,SESS0002168
CUST00865,SESS0002169
CUST00867,SESS0002170
CUST00868,SESS0002171
CUST00869,SESS0002172
CUST00869,SESS0002173
CUST00869,SESS0002174
CUST00869,SESS0002175
CUST00869,SESS0002176
CUST00869,SESS0002177
CUST00870,SESS0002178
CUST00870,SESS0002179
CUST00872,SESS0002180
CUST00872,SESS0002181
CUST00872,SESS0002182
CUST00872,SESS0002183
CUST00872,SESS0002184
CUST00872,SESS0002185
CUST00872,SESS0002186
CUST00872,SESS0002187
CUST00873,SESS0002188
CUST00874,SESS0002189
CUST00875,SESS0002190
CUST00877,SESS0002191
CUST00877,SESS0002192
CUST00878,SESS0002193
CUST00878,SESS0002194
CUST00879,SESS0002195
CUST00879,SESS0002196
CUST00880,SESS0002197
CUST00880,SESS0002198
CUST00880,SESS0002199
CUST00880,SESS0002200
CUST00880,SESS0002201
CUST00881,SESS0002202
CUST00881,SESS0002203
CUST00882,SESS0002204
CUST00882,SESS0002205
CUST00882,SESS0002206
CUST00882,SESS0002207
CUST00882,SESS0002208
CUST00882,SESS0002209
CUST00882,SESS0002210
CUST00882,SESS0002211
CUST00883,SESS0002212
CUST00883,SESS0002213
CUST00884,SESS0002214
CUST00885,SESS0002215
CUST00885,SESS0002216
CUST00885,SESS0002217
CUST00886,SESS0002218
CUST00886,SESS0002219
CUST00886,SESS0002220
CUST00887,SESS0002221
CUST00887,SESS0002222
CUST00888,SESS0002223
CUST00888,SESS0002224
CUST00888,SESS0002225
CUST00888,SESS0002226
CUST00888,SESS0002227
CUST00889,SESS0002228
CUST00889,SESS0002229
CUST00889,SESS0002230
CUST00890,SESS0002231
CUST00890,SESS0002232
CUST00891,SESS0002233
CUST00891,SESS0002234
CUST00892,SESS0002235
CUST00893,SESS0002236
CUST00894,SESS0002237
CUST00894,SESS0002238
CUST00894,SESS0002239
CUST00894,SESS0002240
CUST00894,SESS0002241
CUST00895,SESS0002242
CUST00897,SESS0002243
CUST00898,SESS0002244
CUST00898,SESS0002245
CUST00898,SESS0002246
CUST00898,SESS0002247
CUST00898,SESS0002248
CUST00898,SESS0002249
CUST00899,SESS0002250
CUST00899,SESS0002251
CUST00899,SESS0002252
CUST00900,SESS0002253
CUST00900,SESS0002254
CUST00900,SESS0002255
CUST00901,SESS0002256
CUST00901,SESS0002257
CUST00903,SESS0002258
CUST00903,SESS0002259
CUST00903,SESS0002260
CUST00903,SESS0002261
CUST00903,SESS0002262
CUST00903,SESS0002263
CUST00903,SESS0002264
CUST00903,SESS0002265
CUST00906,SESS0002266
CUST00906,SESS0002267
CUST00907,SESS0002268
CUST00907,SESS0002269
CUST00908,SESS0002270
CUST00909,SESS0002271
CUST00909,SESS0002272
CUST00910,SESS0002273
CUST00910,SESS0002274
CUST00910,SESS0002275
CUST00911,SESS0002276
CUST00913,SESS0002277
CUST00914,SESS0002278
CUST00914,SESS0002279
CUST00915,SESS0002280
CUST00915,SESS0002281
CUST00916,SESS0002282
CUST00917,SESS0002283
CUST00917,SESS0002284
CUST00917,SESS0002285
CUST00917,SESS0002286
CUST00917,SESS0002287
CUST00918,SESS0002288
CUST00918,SESS0002289
CUST00918,SESS0002290
CUST00919,SESS0002291
CUST00919,SESS0002292
CUST00920,SESS0002293
CUST00921,SESS0002294
CUST00921,SESS0002295
CUST00921,SESS0002296
CUST00921,SESS0002297
CUST00921,SESS0002298
CUST00921,SESS0002299
CUST00921,SESS0002300
CUST00924,SESS0002301
CUST00924,SESS0002302
CUST00925,SESS0002303
CUST00925,SESS0002304
CUST00925,SESS0002305
CUST00926,SESS0002306
CUST00926,SESS0002307
CUST00926,SESS0002308
CUST00926,SESS0002309
CUST00927,SESS0002310
CUST00927,SESS0002311
CUST00927,SESS0002312
CUST00927,SESS0002313
CUST00927,SESS0002314
CUST00927,SESS0002315
CUST00928,SESS0002316
CUST00928,SESS0002317
CUST00928,SESS0002318
CUST00929,SESS0002319
CUST00929,SESS0002320
CUST00930,SESS0002321
CUST00930,SESS0002322
CUST00931,SESS0002323
CUST00932,SESS0002324
CUST00932,SESS0002325
CUST00932,SESS0002326
CUST00932,SESS0002327
CUST00932,SESS0002328
CUST00932,SESS0002329
CUST00932,SESS0002330
CUST00932,SESS0002331
CUST00933,SESS0002332
CUST00933,SESS0002333
CUST00935,SESS0002334
CUST00936,SESS0002335
CUST00937,SESS0002336
CUST00938,SESS0002337
CUST00938,SESS0002338
CUST00938,SESS0002339
CUST00938,SESS0002340
CUST00938,SESS0002341
CUST00938,SESS0002342
CUST00938,SESS0002343
CUST00938,SESS0002344
CUST00938,SESS0002345
CUST00939,SESS0002346
CUST00939,SESS0002347
CUST00940,SESS0002348
CUST00940,SESS0002349
CUST00941,SESS0002350
CUST00941,SESS0002351
CUST00943,SESS0002352
CUST00944,SESS0002353
CUST00944,SESS0002354
CUST00944,SESS0002355
CUST00945,SESS0002356
CUST00945,SESS0002357
CUST00945,SESS0002358
CUST00945,SESS0002359
CUST00945,SESS0002360
CUST00946,SESS0002361
CUST00946,SESS0002362
CUST00948,SESS0002363
CUST00950,SESS0002364
CUST00951,SESS0002365
CUST00951,SESS0002366
CUST00952,SESS0002367
CUST00952,SESS0002368
CUST00952,SESS0002369
CUST00953,SESS0002370
CUST00953,SESS0002371
CUST00953,SESS0002372
CUST00955,SESS0002373
CUST00956,SESS0002374
CUST00957,SESS0002375
CUST00960,SESS0002376
CUST00961,SESS0002377
CUST00961,SESS0002378
CUST00961,SESS0002379
CUST00962,SESS0002380
CUST00962,SESS0002381
CUST00962,SESS0002382
CUST00962,SESS0002383
CUST00963,SESS0002384
CUST00963,SESS0002385
CUST00963,SESS0002386
CUST00963,SESS0002387
CUST00963,SESS0002388
CUST00963,SESS0002389
CUST00963,SESS0002390
CUST00963,SESS0002391
CUST00964,SESS0002392
CUST00964,SESS0002393
CUST00964,SESS0002394
CUST00965,SESS0002395
CUST00965,SESS0002396
CUST00966,SESS0002397
CUST00966,SESS0002398
CUST00966,SESS0002399
CUST00966,SESS0002400
CUST00966,SESS0002401
CUST00967,SESS0002402
CUST00968,SESS0002403
CUST00969,SESS0002404
CUST00969,SESS0002405
CUST00969,SESS0002406
CUST00969,SESS0002407
CUST00969,SESS0002408
CUST00971,SESS0002409
CUST00972,SESS0002410
CUST00972,SESS0002411
CUST00972,SESS0002412
CUST00972,SESS0002413
CUST00972,SESS0002414
CUST00972,SESS0002415
CUST00972,SESS0002416
CUST00973,SESS0002417
CUST00973,SESS0002418
CUST00973,SESS0002419
CUST00973,SESS0002420
CUST00973,SESS0002421
CUST00974,SESS0002422
CUST00975,SESS0002423
CUST00975,SESS0002424
CUST00975,SESS0002425
CUST00975,SESS0002426
CUST00976,SESS0002427
CUST00976,SESS0002428
CUST00977,SESS0002429
CUST00977,SESS0002430
CUST00977,SESS0002431
CUST00977,SESS0002432
CUST00977,SESS0002433
CUST00978,SESS0002434
CUST00978,SESS0002435
CUST00979,SESS0002436
CUST00979,SESS0002437
CUST00979,SESS0002438
CUST00983,SESS0002439
CUST00983,SESS0002440
CUST00984,SESS0002441
CUST00984,SESS0002442
CUST00984,SESS0002443
CUST00985,SESS0002444
CUST00985,SESS0002445
CUST00985,SESS0002446
CUST00985,SESS0002447
CUST00986,SESS0002448
CUST00987,SESS0002449
CUST00987,SESS0002450
CUST00987,SESS0002451
CUST00987,SESS0002452
CUST00988,SESS0002453
CUST00988,SESS0002454
CUST00988,SESS0002455
CUST00988,SESS0002456
CUST00988,SESS0002457
CUST00988,SESS0002458
CUST00988,SESS0002459
CUST00991,SESS0002460
CUST00991,SESS0002461
CUST00992,SESS0002462
CUST00993,SESS0002463
CUST00993,SESS0002464
CUST00994,SESS0002465
CUST00994,SESS0002466
CUST00998,SESS0002467
CUST00998,SESS0002468
CUST00998,SESS0002469
CUST00998,SESS0002470
CUST00998,SESS0002471
CUST00998,SESS0002472
CUST00998,SESS0002473
CUST00998,SESS0002474
CUST01000,SESS0002475
CUST01000,SESS0002476
CUST01001,SESS0002477
CUST01001,SESS0002478
CUST01001,SESS0002479
CUST01001,SESS0002480
CUST01001,SESS0002481
CUST01001,SESS0002482
CUST01001,SESS0002483
CUST01001,SESS0002484
CUST01002,SESS0002485
CUST01002,SESS0002486
CUST01003,SESS0002487
CUST01003,SESS0002488
CUST01003,SESS0002489
CUST01003,SESS0002490
CUST01003,SESS0002491
CUST01003,SESS0002492
CUST01004,SESS0002493
CUST01004,SESS0002494
CUST01004,SESS0002495
CUST01004,SESS0002496
CUST01005,SESS0002497
CUST01005,SESS0002498
CUST01005,SESS0002499
CUST01005,SESS0002500
CUST01005,SESS0002501
CUST01005,SESS0002502
CUST01008,SESS0002503
CUST01008,SESS0002504
CUST01008,SESS0002505
CUST01008,SESS0002506
CUST01009,SESS0002507
CUST01010,SESS0002508
CUST01010,SESS0002509
CUST01011,SESS0002510
CUST01011,SESS0002511
CUST01011,SESS0002512
CUST01012,SESS0002513
CUST01012,SESS0002514
CUST01012,SESS0002515
CUST01012,SESS0002516
CUST01012,SESS0002517
CUST01013,SESS0002518
CUST01014,SESS0002519
CUST01014,SESS0002520
CUST01014,SESS0002521
CUST01015,SESS0002522
CUST01015,SESS0002523
CUST01015,SESS0002524
CUST01016,SESS0002525
CUST01016,SESS0002526
CUST01016,SESS0002527
CUST01016,SESS0002528
CUST01017,SESS0002529
CUST01017,SESS0002530
CUST01017,SESS0002531
CUST01019,SESS0002532
CUST01019,SESS0002533
CUST01019,SESS0002534
CUST01020,SESS0002535
CUST01020,SESS0002536
CUST01020,SESS0002537
CUST01021,SESS0002538
CUST01023,SESS0002539
CUST01024,SESS0002540
CUST01024,SESS0002541
CUST01025,SESS0002542
CUST01025,SESS0002543
CUST01025,SESS0002544
CUST01026,SESS0002545
CUST01026,SESS0002546
CUST01027,SESS0002547
CUST01027,SESS0002548
CUST01028,SESS0002549
CUST01028,SESS0002550
CUST01028,SESS0002551
CUST01030,SESS0002552
CUST01030,SESS0002553
CUST01030,SESS0002554
CUST01032,SESS0002555
CUST01032,SESS0002556
CUST01033,SESS0002557
CUST01033,SESS0002558
CUST01033,SESS0002559
CUST01034,SESS0002560
CUST01035,SESS0002561
CUST01035,SESS0002562
CUST01035,SESS0002563
CUST01035,SESS0002564
CUST01036,SESS0002565
CUST01036,SESS0002566
CUST01036,SESS0002567
CUST01036,SESS0002568
CUST01036,SESS0002569
CUST01037,SESS0002570
CUST01037,SESS0002571
CUST01037,SESS0002572
CUST01037,SESS0002573
CUST01037,SESS0002574
CUST01037,SESS0002575
CUST01037,SESS0002576
CUST01037,SESS0002577
CUST01038,SESS0002578
CUST01038,SESS0002579
CUST01039,SESS0002580
CUST01039,SESS0002581
CUST01039,SESS0002582
CUST01040,SESS0002583
CUST01040,SESS0002584
CUST01040,SESS0002585
CUST01041,SESS0002586
CUST01041,SESS0002587
CUST01041,SESS0002588
CUST01042,SESS0002589
CUST01042,SESS0002590
CUST01043,SESS0002591
CUST01043,SESS0002592
CUST01043,SESS0002593
CUST01043,SESS0002594
CUST01043,SESS0002595
CUST01044,SESS0002596
CUST01044,SESS0002597
CUST01044,SESS0002598
CUST01045,SESS0002599
CUST01045,SESS0002600
CUST01045,SESS0002601
CUST01045,SESS0002602
CUST01045,SESS0002603
CUST01045,SESS0002604
CUST01045,SESS0002605
CUST01045,SESS0002606
CUST01045,SESS0002607
CUST01045,SESS0002608
CUST01046,SESS0002609
CUST01046,SESS0002610
CUST01047,SESS0002611
CUST01047,SESS0002612
CUST01048,SESS0002613
CUST01048,SESS0002614
CUST01050,SESS0002615
CUST01050,SESS0002616
CUST01050,SESS0002617
CUST01051,SESS0002618
CUST01051,SESS0002619
CUST01051,SESS0002620
CUST01051,SESS0002621
CUST01052,SESS0002622
CUST01052,SESS0002623
CUST01052,SESS0002624
CUST01052,SESS0002625
CUST01053,SESS0002626
CUST01053,SESS0002627
CUST01053,SESS0002628
CUST01053,SESS0002629
CUST01053,SESS0002630
CUST01054,SESS0002631
CUST01054,SESS0002632
CUST01054,SESS0002633
CUST01054,SESS0002634
CUST01055,SESS0002635
CUST01055,SESS0002636
CUST01056,SESS0002637
CUST01056,SESS0002638
CUST01056,SESS0002639
CUST01056,SESS0002640
CUST01058,SESS0002641
CUST01058,SESS0002642
CUST01058,SESS0002643
CUST01059,SESS0002644
CUST01059,SESS0002645
CUST01059,SESS0002646
CUST01062,SESS0002647
CUST01063,SESS0002648
CUST01063,SESS0002649
CUST01063,SESS0002650
CUST01064,SESS0002651
CUST01065,SESS0002652
CUST01066,SESS0002653
CUST01066,SESS0002654
CUST01067,SESS0002655
CUST01067,SESS0002656
CUST01067,SESS0002657
CUST01067,SESS0002658
CUST01068,SESS0002659
CUST01068,SESS0002660
CUST01068,SESS0002661
CUST01068,SESS0002662
CUST01068,SESS0002663
CUST01069,SESS0002664
CUST01069,SESS0002665
CUST01069,SESS0002666
CUST01070,SESS0002667
CUST01071,SESS0002668
CUST01071,SESS0002669
CUST01072,SESS0002670
CUST01073,SESS0002671
CUST01073,SESS0002672
CUST01073,SESS0002673
CUST01073,SESS0002674
CUST01076,SESS0002675
CUST01076,SESS0002676
CUST01076,SESS0002677
CUST01077,SESS0002678
CUST01077,SESS0002679
CUST01077,SESS0002680
CUST01078,SESS0002681
CUST01079,SESS0002682
CUST01079,SESS0002683
CUST01079,SESS0002684
CUST01080,SESS0002685
CUST01080,SESS0002686
CUST01080,SESS0002687
CUST01080,SESS0002688
CUST01080,SESS0002689
CUST01084,SESS0002690
CUST01084,SESS0002691
CUST01084,SESS0002692
CUST01085,SESS0002693
CUST01086,SESS0002694
CUST01087,SESS0002695
CUST01089,SESS0002696
CUST01089,SESS0002697
CUST01089,SESS0002698
CUST01090,SESS0002699
CUST01090,SESS0002700
CUST01090,SESS0002701
CUST01090,SESS0002702
CUST01091,SESS0002703
CUST01091,SESS0002704
CUST01091,SESS0002705
CUST01091,SESS0002706
CUST01092,SESS0002707
CUST01092,SESS0002708
CUST01092,SESS0002709
CUST01093,SESS0002710
CUST01093,SESS0002711
CUST01093,SESS0002712
CUST01093,SESS0002713
CUST01094,SESS0002714
CUST01094,SESS0002715
CUST01094,SESS0002716
CUST01094,SESS0002717
CUST01095,SESS0002718
CUST01095,SESS0002719
CUST01095,SESS0002720
CUST01096,SESS0002721
CUST01096,SESS0002722
CUST01096,SESS0002723
CUST01096,SESS0002724
CUST01096,SESS0002725
CUST01097,SESS0002726
CUST01097,SESS0002727
CUST01098,SESS0002728
CUST01100,SESS0002729
CUST01100,SESS0002730
CUST01101,SESS0002731
CUST01101,SESS0002732
CUST01101,SESS0002733
CUST01102,SESS0002734
CUST01102,SESS0002735
CUST01102,SESS0002736
CUST01103,SESS0002737
CUST01104,SESS0002738
CUST01105,SESS0002739
CUST01105,SESS0002740
CUST01105,SESS0002741
CUST01105,SESS0002742
CUST01105,SESS0002743
CUST01105,SESS0002744
CUST01106,SESS0002745
CUST01107,SESS0002746
CUST01107,SESS0002747
CUST01107,SESS0002748
CUST01107,SESS0002749
CUST01108,SESS0002750
CUST01108,SESS0002751
CUST01108,SESS0002752
CUST01109,SESS0002753
CUST01109,SESS0002754
CUST01110,SESS0002755
CUST01111,SESS0002756
CUST01111,SESS0002757
CUST01111,SESS0002758
CUST01111,SESS0002759
CUST01111,SESS0002760
CUST01112,SESS0002761
CUST01114,SESS0002762
CUST01114,SESS0002763
CUST01116,SESS0002764
CUST01116,SESS0002765
CUST01116,SESS0002766
CUST01116,SESS0002767
CUST01116,SESS0002768
CUST01116,SESS0002769
CUST01116,SESS0002770
CUST01117,SESS0002771
CUST01117,SESS0002772
CUST01117,SESS0002773
CUST01117,SESS0002774
CUST01117,SESS0002775
CUST01117,SESS0002776
CUST01117,SESS0002777
CUST01119,SESS0002778
CUST01119,SESS0002779
CUST01119,SESS0002780
CUST01119,SESS0002781
CUST01119,SESS0002782
CUST01119,SESS0002783
CUST01119,SESS0002784
CUST01119,SESS0002785
CUST01119,SESS0002786
CUST01119,SESS0002787
CUST01121,SESS0002788
CUST01122,SESS0002789
CUST01122,SESS0002790
CUST01122,SESS0002791
CUST01122,SESS0002792
CUST01123,SESS0002793
CUST01124,SESS0002794
CUST01125,SESS0002795
CUST01125,SESS0002796
CUST01125,SESS0002797
CUST01125,SESS0002798
CUST01126,SESS0002799
CUST01126,SESS0002800
CUST01126,SESS0002801
CUST01127,SESS0002802
CUST01127,SESS0002803
CUST01128,SESS0002804
CUST01128,SESS0002805
CUST01129,SESS0002806
CUST01129,SESS0002807
CUST01129,SESS0002808
CUST01129,SESS0002809
CUST01130,SESS0002810
CUST01130,SESS0002811
CUST01131,SESS0002812
CUST01131,SESS0002813
CUST01131,SESS0002814
CUST01132,SESS0002815
CUST01132,SESS0002816
CUST01133,SESS0002817
CUST01133,SESS0002818
CUST01133,SESS0002819
CUST01133,SESS0002820
CUST01134,SESS0002821
CUST01134,SESS0002822
CUST01136,SESS0002823
CUST01137,SESS0002824
CUST01137,SESS0002825
CUST01137,SESS0002826
CUST01138,SESS0002827
CUST01138,SESS0002828
CUST01138,SESS0002829
CUST01138,SESS0002830
CUST01138,SESS0002831
CUST01138,SESS0002832
CUST01138,SESS0002833
CUST01138,SESS0002834
CUST01139,SESS0002835
CUST01139,SESS0002836
CUST01140,SESS0002837
CUST01140,SESS0002838
CUST01140,SESS0002839
CUST01140,SESS0002840
CUST01141,SESS0002841
CUST01141,SESS0002842
CUST01144,SESS0002843
CUST01144,SESS0002844
CUST01144,SESS0002845
CUST01144,SESS0002846
CUST01145,SESS0002847
CUST01146,SESS0002848
CUST01146,SESS0002849
CUST01146,SESS0002850
CUST01146,SESS0002851
CUST01147,SESS0002852
CUST01149,SESS0002853
CUST01149,SESS0002854
CUST01149,SESS0002855
CUST01149,SESS0002856
CUST01151,SESS0002857
CUST01151,SESS0002858
CUST01151,SESS0002859
CUST01151,SESS0002860
CUST01153,SESS0002861
CUST01153,SESS0002862
CUST01153,SESS0002863
CUST01153,SESS0002864
CUST01153,SESS0002865
CUST01153,SESS0002866
CUST01154,SESS0002867
CUST01154,SESS0002868
CUST01154,SESS0002869
CUST01155,SESS0002870
CUST01156,SESS0002871
CUST01156,SESS0002872
CUST01156,SESS0002873
CUST01156,SESS0002874
CUST01156,SESS0002875
CUST01157,SESS0002876
CUST01157,SESS0002877
CUST01157,SESS0002878
CUST01157,SESS0002879
CUST01157,SESS0002880
CUST01157,SESS0002881
CUST01157,SESS0002882
CUST01158,SESS0002883
CUST01158,SESS0002884
CUST01158,SESS0002885
CUST01158,SESS0002886
CUST01158,SESS0002887
CUST01158,SESS0002888
CUST01159,SESS0002889
CUST01159,SESS0002890
CUST01160,SESS0002891
CUST01161,SESS0002892
CUST01161,SESS0002893
CUST01161,SESS0002894
CUST01162,SESS0002895
CUST01163,SESS0002896
CUST01164,SESS0002897
CUST01164,SESS0002898
CUST01165,SESS0002899
CUST01165,SESS0002900
CUST01165,SESS0002901
CUST01165,SESS0002902
CUST01167,SESS0002903
CUST01167,SESS0002904
CUST01168,SESS0002905
CUST01170,SESS0002906
CUST01170,SESS0002907
CUST01170,SESS0002908
CUST01171,SESS0002909
CUST01171,SESS0002910
CUST01171,SESS0002911
CUST01173,SESS0002912
CUST01173,SESS0002913
CUST01173,SESS0002914
CUST01173,SESS0002915
CUST01173,SESS0002916
CUST01174,SESS0002917
CUST01175,SESS0002918
CUST01176,SESS0002919
CUST01176,SESS0002920
CUST01177,SESS0002921
CUST01177,SESS0002922
CUST01177,SESS0002923
CUST01177,SESS0002924
CUST01177,SESS0002925
CUST01177,SESS0002926
CUST01178,SESS0002927
CUST01178,SESS0002928
CUST01179,SESS0002929
CUST01179,SESS0002930
CUST01180,SESS0002931
CUST01180,SESS0002932
CUST01181,SESS0002933
CUST01182,SESS0002934
CUST01182,SESS0002935
CUST01182,SESS0002936
CUST01182,SESS0002937
CUST01182,SESS0002938
CUST01182,SESS0002939
CUST01182,SESS0002940
CUST01182,SESS0002941
CUST01182,SESS0002942
CUST01183,SESS0002943
CUST01183,SESS0002944
CUST01183,SESS0002945
CUST01183,SESS0002946
CUST01183,SESS0002947
CUST01184,SESS0002948
CUST01185,SESS0002949
CUST01185,SESS0002950
CUST01185,SESS0002951
CUST01186,SESS0002952
CUST01187,SESS0002953
CUST01187,SESS0002954
CUST01187,SESS0002955
CUST01187,SESS0002956
CUST01187,SESS0002957
CUST01189,SESS0002958
CUST01189,SESS0002959
CUST01189,SESS0002960
CUST01190,SESS0002961
CUST01192,SESS0002962
CUST01192,SESS0002963
CUST01192,SESS0002964
CUST01194,SESS0002965
CUST01196,SESS0002966
CUST01196,SESS0002967
CUST01197,SESS0002968
CUST01197,SESS0002969
CUST01197,SESS0002970
CUST01197,SESS0002971
CUST01197,SESS0002972
CUST01197,SESS0002973
CUST01197,SESS0002974
CUST01197,SESS0002975
CUST01198,SESS0002976
CUST01200,SESS0002977
CUST01200,SESS0002978
CUST01201,SESS0002979
CUST01201,SESS0002980
CUST01201,SESS0002981
CUST01202,SESS0002982
CUST01202,SESS0002983
CUST01202,SESS0002984
CUST01202,SESS0002985
CUST01204,SESS0002986
CUST01205,SESS0002987
CUST01205,SESS0002988
CUST01205,SESS0002989
CUST01206,SESS0002990
CUST01206,SESS0002991
CUST01206,SESS0002992
CUST01207,SESS0002993
CUST01207,SESS0002994
CUST01207,SESS0002995
CUST01208,SESS0002996
CUST01208,SESS0002997
CUST01208,SESS0002998
CUST01209,SESS0002999
CUST01209,SESS0003000
CUST01209,SESS0003001
CUST01210,SESS0003002
CUST01211,SESS0003003
CUST01214,SESS0003004
CUST01214,SESS0003005
CUST01215,SESS0003006
CUST01215,SESS0003007
CUST01215,SESS0003008
CUST01216,SESS0003009
CUST01216,SESS0003010
CUST01216,SESS0003011
CUST01217,SESS0003012
CUST01217,SESS0003013
CUST01217,SESS0003014
CUST01217,SESS0003015
CUST01217,SESS0003016
CUST01218,SESS0003017
CUST01218,SESS0003018
CUST01218,SESS0003019
CUST01218,SESS0003020
CUST01218,SESS0003021
CUST01219,SESS0003022
CUST01219,SESS0003023
CUST01220,SESS0003024
CUST01220,SESS0003025
CUST01220,SESS0003026
CUST01220,SESS0003027
CUST01220,SESS0003028
CUST01220,SESS0003029
CUST01220,SESS0003030
CUST01220,SESS0003031
CUST01221,SESS0003032
CUST01221,SESS0003033
CUST01221,SESS0003034
CUST01222,SESS0003035
CUST01222,SESS0003036
CUST01222,SESS0003037
CUST01222,SESS0003038
CUST01223,SESS0003039
CUST01225,SESS0003040
CUST01225,SESS0003041
CUST01225,SESS0003042
CUST01227,SESS0003043
CUST01228,SESS0003044
CUST01228,SESS0003045
CUST01228,SESS0003046
CUST01228,SESS0003047
CUST01229,SESS0003048
CUST01230,SESS0003049
CUST01230,SESS0003050
CUST01230,SESS0003051
CUST01230,SESS0003052
CUST01230,SESS0003053
CUST01230,SESS0003054
CUST01230,SESS0003055
CUST01231,SESS0003056
CUST01231,SESS0003057
CUST01232,SESS0003058
CUST01232,SESS0003059
CUST01232,SESS0003060
CUST01233,SESS0003061
CUST01234,SESS0003062
CUST01234,SESS0003063
CUST01235,SESS0003064
CUST01235,SESS0003065
CUST01235,SESS0003066
CUST01236,SESS0003067
CUST01236,SESS0003068
CUST01236,SESS0003069
CUST01236,SESS0003070
CUST01237,SESS0003071
CUST01237,SESS0003072
CUST01237,SESS0003073
CUST01238,SESS0003074
CUST01238,SESS0003075
CUST01239,SESS0003076
CUST01240,SESS0003077
CUST01240,SESS0003078
CUST01240,SESS0003079
CUST01240,SESS0003080
CUST01240,SESS0003081
CUST01241,SESS0003082
CUST01241,SESS0003083
CUST01242,SESS0003084
CUST01243,SESS0003085
CUST01244,SESS0003086
CUST01244,SESS0003087
CUST01244,SESS0003088
CUST01245,SESS0003089
CUST01246,SESS0003090
CUST01246,SESS0003091
CUST01246,SESS0003092
CUST01246,SESS0003093
CUST01248,SESS0003094
CUST01248,SESS0003095
CUST01249,SESS0003096
CUST01250,SESS0003097
CUST01251,SESS0003098
CUST01251,SESS0003099
CUST01251,SESS0003100
CUST01251,SESS0003101
CUST01251,SESS0003102
CUST01251,SESS0003103
CUST01251,SESS0003104
CUST01251,SESS0003105
CUST01252,SESS0003106
CUST01252,SESS0003107
CUST01252,SESS0003108
CUST01252,SESS0003109
CUST01252,SESS0003110
CUST01252,SESS0003111
CUST01253,SESS0003112
CUST01253,SESS0003113
CUST01253,SESS0003114
CUST01254,SESS0003115
CUST01255,SESS0003116
CUST01255,SESS0003117
CUST01255,SESS0003118
CUST01255,SESS0003119
CUST01256,SESS0003120
CUST01256,SESS0003121
CUST01257,SESS0003122
CUST01259,SESS0003123
CUST01259,SESS0003124
CUST01259,SESS0003125
CUST01260,SESS0003126
CUST01261,SESS0003127
CUST01261,SESS0003128
CUST01261,SESS0003129
CUST01263,SESS0003130
CUST01263,SESS0003131
CUST01263,SESS0003132
CUST01263,SESS0003133
CUST01263,SESS0003134
CUST01264,SESS0003135
CUST01265,SESS0003136
CUST01265,SESS0003137
CUST01265,SESS0003138
CUST01265,SESS0003139
CUST01267,SESS0003140
CUST01267,SESS0003141
CUST01267,SESS0003142
CUST01267,SESS0003143
CUST01267,SESS0003144
CUST01270,SESS0003145
CUST01270,SESS0003146
CUST01270,SESS0003147
CUST01270,SESS0003148
CUST01270,SESS0003149
CUST01271,SESS0003150
CUST01272,SESS0003151
CUST01272,SESS0003152
CUST01272,SESS0003153
CUST01273,SESS0003154
CUST01273,SESS0003155
CUST01273,SESS0003156
CUST01273,SESS0003157
CUST01273,SESS0003158
CUST01273,SESS0003159
CUST01273,SESS0003160
CUST01274,SESS0003161
CUST01275,SESS0003162
CUST01275,SESS0003163
CUST01276,SESS0003164
CUST01276,SESS0003165
CUST01276,SESS0003166
CUST01277,SESS0003167
CUST01278,SESS0003168
CUST01278,SESS0003169
CUST01278,SESS0003170
CUST01279,SESS0003171
CUST01280,SESS0003172
CUST01280,SESS0003173
CUST01280,SESS0003174
CUST01280,SESS0003175
CUST01280,SESS0003176
CUST01280,SESS0003177
CUST01281,SESS0003178
CUST01281,SESS0003179
CUST01282,SESS0003180
CUST01282,SESS0003181
CUST01283,SESS0003182
CUST01284,SESS0003183
CUST01287,SESS0003184
CUST01287,SESS0003185
CUST01288,SESS0003186
CUST01288,SESS0003187
CUST01288,SESS0003188
CUST01289,SESS0003189
CUST01289,SESS0003190
CUST01289,SESS0003191
CUST01291,SESS0003192
CUST01291,SESS0003193
CUST01292,SESS0003194
CUST01292,SESS0003195
CUST01292,SESS0003196
CUST01292,SESS0003197
CUST01293,SESS0003198
CUST01294,SESS0003199
CUST01294,SESS0003200
CUST01294,SESS0003201
CUST01295,SESS0003202
CUST01295,SESS0003203
CUST01295,SESS0003204
CUST01295,SESS0003205
CUST01296,SESS0003206
CUST01297,SESS0003207
CUST01297,SESS0003208
CUST01297,SESS0003209
CUST01297,SESS0003210
CUST01298,SESS0003211
CUST01301,SESS0003212
CUST01301,SESS0003213
CUST01301,SESS0003214
CUST01302,SESS0003215
CUST01302,SESS0003216
CUST01302,SESS0003217
CUST01304,SESS0003218
CUST01304,SESS0003219
CUST01307,SESS0003220
CUST01307,SESS0003221
CUST01308,SESS0003222
CUST01308,SESS0003223
CUST01309,SESS0003224
CUST01309,SESS0003225
CUST01309,SESS0003226
CUST01309,SESS0003227
CUST01309,SESS0003228
CUST01309,SESS0003229
CUST01310,SESS0003230
CUST01310,SESS0003231
CUST01311,SESS0003232
CUST01313,SESS0003233
CUST01313,SESS0003234
CUST01313,SESS0003235
CUST01313,SESS0003236
CUST01314,SESS0003237
CUST01314,SESS0003238
CUST01314,SESS0003239
CUST01315,SESS0003240
CUST01315,SESS0003241
CUST01315,SESS0003242
CUST01315,SESS0003243
CUST01316,SESS0003244
CUST01317,SESS0003245
CUST01318,SESS0003246
CUST01318,SESS0003247
CUST01319,SESS0003248
CUST01321,SESS0003249
CUST01321,SESS0003250
CUST01321,SESS0003251
CUST01322,SESS0003252
CUST01322,SESS0003253
CUST01322,SESS0003254
CUST01323,SESS0003255
CUST01323,SESS0003256
CUST01323,SESS0003257
CUST01323,SESS0003258
CUST01323,SESS0003259
CUST01323,SESS0003260
CUST01324,SESS0003261
CUST01324,SESS0003262
CUST01325,SESS0003263
CUST01327,SESS0003264
CUST01327,SESS0003265
CUST01328,SESS0003266
CUST01328,SESS0003267
CUST01329,SESS0003268
CUST01329,SESS0003269
CUST01329,SESS0003270
CUST01329,SESS0003271
CUST01329,SESS0003272
CUST01329,SESS0003273
CUST01330,SESS0003274
CUST01330,SESS0003275
CUST01330,SESS0003276
CUST01331,SESS0003277
CUST01332,SESS0003278
CUST01332,SESS0003279
CUST01332,SESS0003280
CUST01333,SESS0003281
CUST01333,SESS0003282
CUST01333,SESS0003283
CUST01333,SESS0003284
CUST01333,SESS0003285
CUST01333,SESS0003286
CUST01335,SESS0003287
CUST01336,SESS0003288
CUST01336,SESS0003289
CUST01337,SESS0003290
CUST01337,SESS0003291
CUST01337,SESS0003292
CUST01337,SESS0003293
CUST01337,SESS0003294
CUST01338,SESS0003295
CUST01338,SESS0003296
CUST01340,SESS0003297
CUST01340,SESS0003298
CUST01340,SESS0003299
CUST01340,SESS0003300
CUST01341,SESS0003301
CUST01341,SESS0003302
CUST01341,SESS0003303
CUST01341,SESS0003304
CUST01341,SESS0003305
CUST01341,SESS0003306
CUST01342,SESS0003307
CUST01343,SESS0003308
CUST01343,SESS0003309
CUST01343,SESS0003310
CUST01343,SESS0003311
CUST01343,SESS0003312
CUST01344,SESS0003313
CUST01344,SESS0003314
CUST01344,SESS0003315
CUST01345,SESS0003316
CUST01345,SESS0003317
CUST01346,SESS0003318
CUST01347,SESS0003319
CUST01347,SESS0003320
CUST01347,SESS0003321
CUST01347,SESS0003322
CUST01347,SESS0003323
CUST01347,SESS0003324
CUST01348,SESS0003325
CUST01348,SESS0003326
CUST01348,SESS0003327
CUST01348,SESS0003328
CUST01349,SESS0003329
CUST01349,SESS0003330
CUST01349,SESS0003331
CUST01350,SESS0003332
CUST01350,SESS0003333
CUST01350,SESS0003334
CUST01350,SESS0003335
CUST01350,SESS0003336
CUST01350,SESS0003337
CUST01350,SESS0003338
CUST01351,SESS0003339
CUST01351,SESS0003340
CUST01353,SESS0003341
CUST01353,SESS0003342
CUST01354,SESS0003343
CUST01355,SESS0003344
CUST01355,SESS0003345
CUST01356,SESS0003346
CUST01356,SESS0003347
CUST01356,SESS0003348
CUST01356,SESS0003349
CUST01356,SESS0003350
CUST01357,SESS0003351
CUST01357,SESS0003352
CUST01357,SESS0003353
CUST01357,SESS0003354
CUST01357,SESS0003355
CUST01357,SESS0003356
CUST01357,SESS0003357
CUST01357,SESS0003358
CUST01358,SESS0003359
CUST01358,SESS0003360
CUST01358,SESS0003361
CUST01359,SESS0003362
CUST01360,SESS0003363
CUST01360,SESS0003364
CUST01360,SESS0003365
CUST01361,SESS0003366
CUST01361,SESS0003367
CUST01361,SESS0003368
CUST01363,SESS0003369
CUST01363,SESS0003370
CUST01364,SESS0003371
CUST01364,SESS0003372
CUST01364,SESS0003373
CUST01364,SESS0003374
CUST01364,SESS0003375
CUST01364,SESS0003376
CUST01364,SESS0003377
CUST01365,SESS0003378
CUST01365,SESS0003379
CUST01365,SESS0003380
CUST01366,SESS0003381
CUST01367,SESS0003382
CUST01367,SESS0003383
CUST01367,SESS0003384
CUST01367,SESS0003385
CUST01368,SESS0003386
CUST01368,SESS0003387
CUST01368,SESS0003388
CUST01368,SESS0003389
CUST01368,SESS0003390
CUST01368,SESS0003391
CUST01369,SESS0003392
CUST01369,SESS0003393
CUST01369,SESS0003394
CUST01370,SESS0003395
CUST01370,SESS0003396
CUST01371,SESS0003397
CUST01371,SESS0003398
CUST01371,SESS0003399
CUST01371,SESS0003400
CUST01371,SESS0003401
CUST01371,SESS0003402
CUST01371,SESS0003403
CUST01373,SESS0003404
CUST01373,SESS0003405
CUST01373,SESS0003406
CUST01375,SESS0003407
CUST01376,SESS0003408
CUST01376,SESS0003409
CUST01376,SESS0003410
CUST01376,SESS0003411
CUST01376,SESS0003412
CUST01377,SESS0003413
CUST01380,SESS0003414
CUST01380,SESS0003415
CUST01380,SESS0003416
CUST01381,SESS0003417
CUST01382,SESS0003418
CUST01382,SESS0003419
CUST01382,SESS0003420
CUST01382,SESS0003421
CUST01382,SESS0003422
CUST01383,SESS0003423
CUST01383,SESS0003424
CUST01383,SESS0003425
CUST01383,SESS0003426
CUST01383,SESS0003427
CUST01384,SESS0003428
CUST01384,SESS0003429
CUST01386,SESS0003430
CUST01386,SESS0003431
CUST01386,SESS0003432
CUST01386,SESS0003433
CUST01386,SESS0003434
CUST01386,SESS0003435
CUST01386,SESS0003436
CUST01388,SESS0003437
CUST01388,SESS0003438
CUST01388,SESS0003439
CUST01390,SESS0003440
CUST01390,SESS0003441
CUST01390,SESS0003442
CUST01390,SESS0003443
CUST01390,SESS0003444
CUST01390,SESS0003445
CUST01392,SESS0003446
CUST01393,SESS0003447
CUST01393,SESS0003448
CUST01393,SESS0003449
CUST01393,SESS0003450
CUST01393,SESS0003451
CUST01393,SESS0003452
CUST01394,SESS0003453
CUST01394,SESS0003454
CUST01394,SESS0003455
CUST01394,SESS0003456
CUST01394,SESS0003457
CUST01394,SESS0003458
CUST01394,SESS0003459
CUST01394,SESS0003460
CUST01394,SESS0003461
CUST01394,SESS0003462
CUST01395,SESS0003463
CUST01397,SESS0003464
CUST01397,SESS0003465
CUST01397,SESS0003466
CUST01397,SESS0003467
CUST01398,SESS0003468
CUST01400,SESS0003469
CUST01400,SESS0003470
CUST01400,SESS0003471
CUST01400,SESS0003472
CUST01400,SESS0003473
CUST01401,SESS0003474
CUST01402,SESS0003475
CUST01402,SESS0003476
CUST01402,SESS0003477
CUST01402,SESS0003478
CUST01404,SESS0003479
CUST01405,SESS0003480
CUST01406,SESS0003481
CUST01406,SESS0003482
CUST01407,SESS0003483
CUST01408,SESS0003484
CUST01408,SESS0003485
CUST01408,SESS0003486
CUST01409,SESS0003487
CUST01411,SESS0003488
CUST01411,SESS0003489
CUST01411,SESS0003490
CUST01412,SESS0003491
CUST01414,SESS0003492
CUST01415,SESS0003493
CUST01415,SESS0003494
CUST01415,SESS0003495
CUST01415,SESS0003496
CUST01415,SESS0003497
CUST01415,SESS0003498
CUST01415,SESS0003499
CUST01415,SESS0003500
CUST01416,SESS0003501
CUST01417,SESS0003502
CUST01417,SESS0003503
CUST01417,SESS0003504
CUST01417,SESS0003505
CUST01417,SESS0003506
CUST01417,SESS0003507
CUST01417,SESS0003508
CUST01418,SESS0003509
CUST01418,SESS0003510
CUST01420,SESS0003511
CUST01421,SESS0003512
CUST01421,SESS0003513
CUST01422,SESS0003514
CUST01422,SESS0003515
CUST01423,SESS0003516
CUST01423,SESS0003517
CUST01423,SESS0003518
CUST01423,SESS0003519
CUST01423,SESS0003520
CUST01424,SESS0003521
CUST01424,SESS0003522
CUST01424,SESS0003523
CUST01425,SESS0003524
CUST01425,SESS0003525
CUST01425,SESS0003526
CUST01425,SESS0003527
CUST01426,SESS0003528
CUST01426,SESS0003529
CUST01426,SESS0003530
CUST01426,SESS0003531
CUST01427,SESS0003532
CUST01427,SESS0003533
CUST01427,SESS0003534
CUST01427,SESS0003535
CUST01427,SESS0003536
CUST01428,SESS0003537
CUST01428,SESS0003538
CUST01428,SESS0003539
CUST01428,SESS0003540
CUST01430,SESS0003541
CUST01432,SESS0003542
CUST01432,SESS0003543
CUST01432,SESS0003544
CUST01433,SESS0003545
CUST01434,SESS0003546
CUST01434,SESS0003547
CUST01434,SESS0003548
CUST01435,SESS0003549
CUST01436,SESS0003550
CUST01437,SESS0003551
CUST01438,SESS0003552
CUST01438,SESS0003553
CUST01439,SESS0003554
CUST01440,SESS0003555
CUST01441,SESS0003556
CUST01441,SESS0003557
CUST01442,SESS0003558
CUST01442,SESS0003559
CUST01442,SESS0003560
CUST01442,SESS0003561
CUST01443,SESS0003562
CUST01443,SESS0003563
CUST01443,SESS0003564
CUST01443,SESS0003565
CUST01443,SESS0003566
CUST01443,SESS0003567
CUST01444,SESS0003568
CUST01444,SESS0003569
CUST01444,SESS0003570
CUST01444,SESS0003571
CUST01445,SESS0003572
CUST01446,SESS0003573
CUST01446,SESS0003574
CUST01447,SESS0003575
CUST01449,SESS0003576
CUST01449,SESS0003577
CUST01449,SESS0003578
CUST01449,SESS0003579
CUST01449,SESS0003580
CUST01451,SESS0003581
CUST01452,SESS0003582
CUST01453,SESS0003583
CUST01453,SESS0003584
CUST01455,SESS0003585
CUST01456,SESS0003586
CUST01456,SESS0003587
CUST01456,SESS0003588
CUST01456,SESS0003589
CUST01456,SESS0003590
CUST01457,SESS0003591
CUST01457,SESS0003592
CUST01458,SESS0003593
CUST01458,SESS0003594
CUST01458,SESS0003595
CUST01458,SESS0003596
CUST01458,SESS0003597
CUST01459,SESS0003598
CUST01459,SESS0003599
CUST01459,SESS0003600
CUST01460,SESS0003601
CUST01460,SESS0003602
CUST01460,SESS0003603
CUST01461,SESS0003604
CUST01461,SESS0003605
CUST01462,SESS0003606
CUST01463,SESS0003607
CUST01463,SESS0003608
CUST01463,SESS0003609
CUST01463,SESS0003610
CUST01464,SESS0003611
CUST01464,SESS0003612
CUST01464,SESS0003613
CUST01464,SESS0003614
CUST01464,SESS0003615
CUST01465,SESS0003616
CUST01465,SESS0003617
CUST01465,SESS0003618
CUST01466,SESS0003619
CUST01467,SESS0003620
CUST01467,SESS0003621
CUST01467,SESS0003622
CUST01467,SESS0003623
CUST01467,SESS0003624
CUST01468,SESS0003625
CUST01468,SESS0003626
CUST01468,SESS0003627
CUST01468,SESS0003628
CUST01469,SESS0003629
CUST01470,SESS0003630
CUST01470,SESS0003631
CUST01470,SESS0003632
CUST01470,SESS0003633
CUST01470,SESS0003634
CUST01470,SESS0003635
CUST01470,SESS0003636
CUST01470,SESS0003637
CUST01472,SESS0003638
CUST01472,SESS0003639
CUST01473,SESS0003640
CUST01473,SESS0003641
CUST01473,SESS0003642
CUST01473,SESS0003643
CUST01473,SESS0003644
CUST01473,SESS0003645
CUST01474,SESS0003646
CUST01474,SESS0003647
CUST01474,SESS0003648
CUST01474,SESS0003649
CUST01474,SESS0003650
CUST01474,SESS0003651
CUST01475,SESS0003652
CUST01475,SESS0003653
CUST01476,SESS0003654
CUST01476,SESS0003655
CUST01479,SESS0003656
CUST01479,SESS0003657
CUST01479,SESS0003658
CUST01480,SESS0003659
CUST01480,SESS0003660
CUST01481,SESS0003661
CUST01482,SESS0003662
CUST01482,SESS0003663
CUST01482,SESS0003664
CUST01483,SESS0003665
CUST01483,SESS0003666
CUST01483,SESS0003667
CUST01483,SESS0003668
CUST01484,SESS0003669
CUST01484,SESS0003670
CUST01484,SESS0003671
CUST01485,SESS0003672
CUST01485,SESS0003673
CUST01486,SESS0003674
CUST01486,SESS0003675
CUST01486,SESS0003676
CUST01486,SESS0003677
CUST01486,SESS0003678
CUST01486,SESS0003679
CUST01486,SESS0003680
CUST01486,SESS0003681
CUST01486,SESS0003682
CUST01486,SESS0003683
CUST01487,SESS0003684
CUST01488,SESS0003685
CUST01488,SESS0003686
CUST01488,SESS0003687
CUST01490,SESS0003688
CUST01491,SESS0003689
CUST01491,SESS0003690
CUST01491,SESS0003691
CUST01491,SESS0003692
CUST01492,SESS0003693
CUST01493,SESS0003694
CUST01495,SESS0003695
CUST01495,SESS0003696
CUST01495,SESS0003697
CUST01495,SESS0003698
CUST01495,SESS0003699
CUST01496,SESS0003700
CUST01497,SESS0003701
CUST01498,SESS0003702
CUST01498,SESS0003703
CUST01498,SESS0003704
CUST01498,SESS0003705
CUST01498,SESS0003706
CUST01498,SESS0003707
CUST01499,SESS0003708
CUST01499,SESS0003709
CUST01499,SESS0003710
CUST01499,SESS0003711
CUST01500,SESS0003712
CUST01501,SESS0003713
CUST01501,SESS0003714
CUST01501,SESS0003715
CUST01502,SESS0003716
CUST01502,SESS0003717
CUST01503,SESS0003718
CUST01503,SESS0003719
CUST01504,SESS0003720
CUST01504,SESS0003721
CUST01504,SESS0003722
CUST01506,SESS0003723
CUST01506,SESS0003724
CUST01507,SESS0003725
CUST01508,SESS0003726
CUST01508,SESS0003727
CUST01508,SESS0003728
CUST01510,SESS0003729
CUST01511,SESS0003730
CUST01511,SESS0003731
CUST01511,SESS0003732
CUST01511,SESS0003733
CUST01513,SESS0003734
CUST01517,SESS0003735
CUST01517,SESS0003736
CUST01518,SESS0003737
CUST01519,SESS0003738
CUST01519,SESS0003739
CUST01519,SESS0003740
CUST01519,SESS0003741
CUST01519,SESS0003742
CUST01520,SESS0003743
CUST01520,SESS0003744
CUST01520,SESS0003745
CUST01521,SESS0003746
CUST01521,SESS0003747
CUST01521,SESS0003748
CUST01524,SESS0003749
CUST01524,SESS0003750
CUST01524,SESS0003751
CUST01525,SESS0003752
CUST01525,SESS0003753
CUST01526,SESS0003754
CUST01526,SESS0003755
CUST01527,SESS0003756
CUST01527,SESS0003757
CUST01528,SESS0003758
CUST01528,SESS0003759
CUST01528,SESS0003760
CUST01528,SESS0003761
CUST01529,SESS0003762
CUST01529,SESS0003763
CUST01529,SESS0003764
CUST01529,SESS0003765
CUST01529,SESS0003766
CUST01529,SESS0003767
CUST01529,SESS0003768
CUST01529,SESS0003769
CUST01529,SESS0003770
CUST01529,SESS0003771
CUST01529,SESS0003772
CUST01529,SESS0003773
CUST01529,SESS0003774
CUST01529,SESS0003775
CUST01529,SESS0003776
CUST01529,SESS0003777
CUST01529,SESS0003778
CUST01529,SESS0003779
CUST01530,SESS0003780
CUST01531,SESS0003781
CUST01531,SESS0003782
CUST01531,SESS0003783
CUST01531,SESS0003784
CUST01531,SESS0003785
CUST01532,SESS0003786
CUST01532,SESS0003787
CUST01532,SESS0003788
CUST01532,SESS0003789
CUST01532,SESS0003790
CUST01532,SESS0003791
CUST01532,SESS0003792
CUST01532,SESS0003793
CUST01533,SESS0003794
CUST01533,SESS0003795
CUST01533,SESS0003796
CUST01535,SESS0003797
CUST01535,SESS0003798
CUST01535,SESS0003799
CUST01535,SESS0003800
CUST01535,SESS0003801
CUST01535,SESS0003802
CUST01536,SESS0003803
CUST01536,SESS0003804
CUST01536,SESS0003805
CUST01540,SESS0003806
CUST01540,SESS0003807
CUST01541,SESS0003808
CUST01541,SESS0003809
CUST01542,SESS0003810
CUST01542,SESS0003811
CUST01542,SESS0003812
CUST01543,SESS0003813
CUST01543,SESS0003814
CUST01544,SESS0003815
CUST01544,SESS0003816
CUST01545,SESS0003817
CUST01545,SESS0003818
CUST01546,SESS0003819
CUST01546,SESS0003820
CUST01546,SESS0003821
CUST01547,SESS0003822
CUST01547,SESS0003823
CUST01547,SESS0003824
CUST01547,SESS0003825
CUST01547,SESS0003826
CUST01547,SESS0003827
CUST01547,SESS0003828
CUST01547,SESS0003829
CUST01547,SESS0003830
CUST01547,SESS0003831
CUST01549,SESS0003832
CUST01549,SESS0003833
CUST01549,SESS0003834
CUST01549,SESS0003835
CUST01550,SESS0003836
CUST01551,SESS0003837
CUST01551,SESS0003838
CUST01551,SESS0003839
CUST01551,SESS0003840
CUST01551,SESS0003841
CUST01551,SESS0003842
CUST01551,SESS0003843
CUST01551,SESS0003844
CUST01551,SESS0003845
CUST01552,SESS0003846
CUST01552,SESS0003847
CUST01553,SESS0003848
CUST01553,SESS0003849
CUST01554,SESS0003850
CUST01554,SESS0003851
CUST01555,SESS0003852
CUST01555,SESS0003853
CUST01557,SESS0003854
CUST01557,SESS0003855
CUST01558,SESS0003856
CUST01558,SESS0003857
CUST01558,SESS0003858
CUST01559,SESS0003859
CUST01559,SESS0003860
CUST01560,SESS0003861
CUST01560,SESS0003862
CUST01562,SESS0003863
CUST01564,SESS0003864
CUST01566,SESS0003865
CUST01567,SESS0003866
CUST01567,SESS0003867
CUST01567,SESS0003868
CUST01567,SESS0003869
CUST01567,SESS0003870
CUST01567,SESS0003871
CUST01568,SESS0003872
CUST01568,SESS0003873
CUST01569,SESS0003874
CUST01569,SESS0003875
CUST01571,SESS0003876
CUST01571,SESS0003877
CUST01571,SESS0003878
CUST01571,SESS0003879
CUST01571,SESS0003880
CUST01572,SESS0003881
CUST01573,SESS0003882
CUST01573,SESS0003883
CUST01574,SESS0003884
CUST01576,SESS0003885
CUST01576,SESS0003886
CUST01578,SESS0003887
CUST01579,SESS0003888
CUST01581,SESS0003889
CUST01582,SESS0003890
CUST01582,SESS0003891
CUST01582,SESS0003892
CUST01582,SESS0003893
CUST01582,SESS0003894
CUST01582,SESS0003895
CUST01582,SESS0003896
CUST01583,SESS0003897
CUST01584,SESS0003898
CUST01584,SESS0003899
CUST01584,SESS0003900
CUST01585,SESS0003901
CUST01585,SESS0003902
CUST01587,SESS0003903
CUST01587,SESS0003904
CUST01588,SESS0003905
CUST01588,SESS0003906
CUST01588,SESS0003907
CUST01588,SESS0003908
CUST01588,SESS0003909
CUST01589,SESS0003910
CUST01589,SESS0003911
CUST01589,SESS0003912
CUST01589,SESS0003913
CUST01589,SESS0003914
CUST01590,SESS0003915
CUST01590,SESS0003916
CUST01591,SESS0003917
CUST01592,SESS0003918
CUST01592,SESS0003919
CUST01592,SESS0003920
CUST01592,SESS0003921
CUST01592,SESS0003922
CUST01592,SESS0003923
CUST01595,SESS0003924
CUST01596,SESS0003925
CUST01597,SESS0003926
CUST01597,SESS0003927
CUST01597,SESS0003928
CUST01598,SESS0003929
CUST01600,SESS0003930
CUST01601,SESS0003931
CUST01602,SESS0003932
CUST01602,SESS0003933
CUST01602,SESS0003934
CUST01602,SESS0003935
CUST01602,SESS0003936
CUST01604,SESS0003937
CUST01605,SESS0003938
CUST01605,SESS0003939
CUST01606,SESS0003940
CUST01606,SESS0003941
CUST01606,SESS0003942
CUST01607,SESS0003943
CUST01608,SESS0003944
CUST01608,SESS0003945
CUST01608,SESS0003946
CUST01608,SESS0003947
CUST01610,SESS0003948
CUST01611,SESS0003949
CUST01611,SESS0003950
CUST01611,SESS0003951
CUST01612,SESS0003952
CUST01612,SESS0003953
CUST01613,SESS0003954
CUST01614,SESS0003955
CUST01614,SESS0003956
CUST01614,SESS0003957
CUST01614,SESS0003958
CUST01615,SESS0003959
CUST01616,SESS0003960
CUST01616,SESS0003961
CUST01616,SESS0003962
CUST01617,SESS0003963
CUST01617,SESS0003964
CUST01617,SESS0003965
CUST01617,SESS0003966
CUST01617,SESS0003967
CUST01617,SESS0003968
CUST01617,SESS0003969
CUST01617,SESS0003970
CUST01618,SESS0003971
CUST01618,SESS0003972
CUST01618,SESS0003973
CUST01618,SESS0003974
CUST01620,SESS0003975
CUST01620,SESS0003976
CUST01620,SESS0003977
CUST01620,SESS0003978
CUST01620,SESS0003979
CUST01620,SESS0003980
CUST01620,SESS0003981
CUST01621,SESS0003982
CUST01621,SESS0003983
CUST01622,SESS0003984
CUST01622,SESS0003985
CUST01622,SESS0003986
CUST01622,SESS0003987
CUST01624,SESS0003988
CUST01624,SESS0003989
CUST01624,SESS0003990
CUST01624,SESS0003991
CUST01624,SESS0003992
CUST01624,SESS0003993
CUST01624,SESS0003994
CUST01625,SESS0003995
CUST01626,SESS0003996
CUST01627,SESS0003997
CUST01627,SESS0003998
CUST01627,SESS0003999
CUST01627,SESS0004000
CUST01627,SESS0004001
CUST01627,SESS0004002
CUST01627,SESS0004003
CUST01627,SESS0004004
CUST01628,SESS0004005
CUST01628,SESS0004006
CUST01628,SESS0004007
CUST01628,SESS0004008
CUST01628,SESS0004009
CUST01629,SESS0004010
CUST01630,SESS0004011
CUST01630,SESS0004012
CUST01630,SESS0004013
CUST01630,SESS0004014
CUST01631,SESS0004015
CUST01631,SESS0004016
CUST01631,SESS0004017
CUST01631,SESS0004018
CUST01633,SESS0004019
CUST01633,SESS0004020
CUST01633,SESS0004021
CUST01634,SESS0004022
CUST01634,SESS0004023
CUST01634,SESS0004024
CUST01634,SESS0004025
CUST01635,SESS0004026
CUST01636,SESS0004027
CUST01637,SESS0004028
CUST01637,SESS0004029
CUST01639,SESS0004030
CUST01639,SESS0004031
CUST01640,SESS0004032
CUST01641,SESS0004033
CUST01641,SESS0004034
CUST01642,SESS0004035
CUST01642,SESS0004036
CUST01642,SESS0004037
CUST01642,SESS0004038
CUST01642,SESS0004039
CUST01643,SESS0004040
CUST01643,SESS0004041
CUST01644,SESS0004042
CUST01644,SESS0004043
CUST01644,SESS0004044
CUST01644,SESS0004045
CUST01645,SESS0004046
CUST01645,SESS0004047
CUST01645,SESS0004048
CUST01645,SESS0004049
CUST01646,SESS0004050
CUST01646,SESS0004051
CUST01647,SESS0004052
CUST01647,SESS0004053
CUST01647,SESS0004054
CUST01647,SESS0004055
CUST01647,SESS0004056
CUST01649,SESS0004057
CUST01650,SESS0004058
CUST01651,SESS0004059
CUST01651,SESS0004060
CUST01651,SESS0004061
CUST01651,SESS0004062
CUST01651,SESS0004063
CUST01653,SESS0004064
CUST01653,SESS0004065
CUST01654,SESS0004066
CUST01654,SESS0004067
CUST01654,SESS0004068
CUST01654,SESS0004069
CUST01654,SESS0004070
CUST01656,SESS0004071
CUST01656,SESS0004072
CUST01657,SESS0004073
CUST01657,SESS0004074
CUST01657,SESS0004075
CUST01657,SESS0004076
CUST01660,SESS0004077
CUST01660,SESS0004078
CUST01660,SESS0004079
CUST01660,SESS0004080
CUST01660,SESS0004081
CUST01660,SESS0004082
CUST01661,SESS0004083
CUST01661,SESS0004084
CUST01661,SESS0004085
CUST01661,SESS0004086
CUST01662,SESS0004087
CUST01662,SESS0004088
CUST01662,SESS0004089
CUST01662,SESS0004090
CUST01662,SESS0004091
CUST01664,SESS0004092
CUST01665,SESS0004093
CUST01666,SESS0004094
CUST01668,SESS0004095
CUST01668,SESS0004096
CUST01669,SESS0004097
CUST01669,SESS0004098
CUST01669,SESS0004099
CUST01669,SESS0004100
CUST01669,SESS0004101
CUST01670,SESS0004102
CUST01670,SESS0004103
CUST01670,SESS0004104
CUST01671,SESS0004105
CUST01671,SESS0004106
CUST01672,SESS0004107
CUST01673,SESS0004108
CUST01673,SESS0004109
CUST01674,SESS0004110
CUST01674,SESS0004111
CUST01674,SESS0004112
CUST01674,SESS0004113
CUST01677,SESS0004114
CUST01677,SESS0004115
CUST01677,SESS0004116
CUST01678,SESS0004117
CUST01678,SESS0004118
CUST01678,SESS0004119
CUST01680,SESS0004120
CUST01680,SESS0004121
CUST01680,SESS0004122
CUST01681,SESS0004123
CUST01681,SESS0004124
CUST01681,SESS0004125
CUST01681,SESS0004126
CUST01682,SESS0004127
CUST01683,SESS0004128
CUST01684,SESS0004129
CUST01684,SESS0004130
CUST01684,SESS0004131
CUST01684,SESS0004132
CUST01684,SESS0004133
CUST01684,SESS0004134
CUST01685,SESS0004135
CUST01686,SESS0004136
CUST01686,SESS0004137
CUST01686,SESS0004138
CUST01686,SESS0004139
CUST01687,SESS0004140
CUST01687,SESS0004141
CUST01688,SESS0004142
CUST01688,SESS0004143
CUST01689,SESS0004144
CUST01689,SESS0004145
CUST01689,SESS0004146
CUST01690,SESS0004147
CUST01690,SESS0004148
CUST01690,SESS0004149
CUST01691,SESS0004150
CUST01692,SESS0004151
CUST01692,SESS0004152
CUST01692,SESS0004153
CUST01692,SESS0004154
CUST01693,SESS0004155
CUST01695,SESS0004156
CUST01695,SESS0004157
CUST01695,SESS0004158
CUST01695,SESS0004159
CUST01695,SESS0004160
CUST01695,SESS0004161
CUST01696,SESS0004162
CUST01697,SESS0004163
CUST01697,SESS0004164
CUST01698,SESS0004165
CUST01699,SESS0004166
CUST01699,SESS0004167
CUST01700,SESS0004168
CUST01703,SESS0004169
CUST01703,SESS0004170
CUST01703,SESS0004171
CUST01703,SESS0004172
CUST01704,SESS0004173
CUST01704,SESS0004174
CUST01704,SESS0004175
CUST01704,SESS0004176
CUST01706,SESS0004177
CUST01707,SESS0004178
CUST01707,SESS0004179
CUST01707,SESS0004180
CUST01707,SESS0004181
CUST01707,SESS0004182
CUST01708,SESS0004183
CUST01709,SESS0004184
CUST01709,SESS0004185
CUST01710,SESS0004186
CUST01710,SESS0004187
CUST01712,SESS0004188
CUST01712,SESS0004189
CUST01713,SESS0004190
CUST01713,SESS0004191
CUST01714,SESS0004192
CUST01714,SESS0004193
CUST01715,SESS0004194
CUST01715,SESS0004195
CUST01715,SESS0004196
CUST01715,SESS0004197
CUST01715,SESS0004198
CUST01715,SESS0004199
CUST01715,SESS0004200
CUST01715,SESS0004201
CUST01716,SESS0004202
CUST01716,SESS0004203
CUST01717,SESS0004204
CUST01717,SESS0004205
CUST01717,SESS0004206
CUST01718,SESS0004207
CUST01718,SESS0004208
CUST01718,SESS0004209
CUST01721,SESS0004210
CUST01721,SESS0004211
CUST01721,SESS0004212
CUST01721,SESS0004213
CUST01721,SESS0004214
CUST01721,SESS0004215
CUST01721,SESS0004216
CUST01722,SESS0004217
CUST01723,SESS0004218
CUST01724,SESS0004219
CUST01725,SESS0004220
CUST01725,SESS0004221
CUST01726,SESS0004222
CUST01726,SESS0004223
CUST01726,SESS0004224
CUST01726,SESS0004225
CUST01726,SESS0004226
CUST01726,SESS0004227
CUST01727,SESS0004228
CUST01727,SESS0004229
CUST01729,SESS0004230
CUST01729,SESS0004231
CUST01729,SESS0004232
CUST01729,SESS0004233
CUST01729,SESS0004234
CUST01730,SESS0004235
CUST01730,SESS0004236
CUST01730,SESS0004237
CUST01730,SESS0004238
CUST01732,SESS0004239
CUST01732,SESS0004240
CUST01732,SESS0004241
CUST01732,SESS0004242
CUST01732,SESS0004243
CUST01732,SESS0004244
CUST01732,SESS0004245
CUST01732,SESS0004246
CUST01733,SESS0004247
CUST01733,SESS0004248
CUST01733,SESS0004249
CUST01734,SESS0004250
CUST01734,SESS0004251
CUST01734,SESS0004252
CUST01734,SESS0004253
CUST01735,SESS0004254
CUST01735,SESS0004255
CUST01735,SESS0004256
CUST01737,SESS0004257
CUST01738,SESS0004258
CUST01738,SESS0004259
CUST01738,SESS0004260
CUST01741,SESS0004261
CUST01741,SESS0004262
CUST01742,SESS0004263
CUST01743,SESS0004264
CUST01743,SESS0004265
CUST01743,SESS0004266
CUST01744,SESS0004267
CUST01745,SESS0004268
CUST01745,SESS0004269
CUST01746,SESS0004270
CUST01746,SESS0004271
CUST01746,SESS0004272
CUST01746,SESS0004273
CUST01746,SESS0004274
CUST01747,SESS0004275
CUST01747,SESS0004276
CUST01748,SESS0004277
CUST01748,SESS0004278
CUST01749,SESS0004279
CUST01750,SESS0004280
CUST01750,SESS0004281
CUST01750,SESS0004282
CUST01751,SESS0004283
CUST01751,SESS0004284
CUST01751,SESS0004285
CUST01752,SESS0004286
CUST01752,SESS0004287
CUST01752,SESS0004288
CUST01753,SESS0004289
CUST01756,SESS0004290
CUST01756,SESS0004291
CUST01756,SESS0004292
CUST01757,SESS0004293
CUST01757,SESS0004294
CUST01757,SESS0004295
CUST01757,SESS0004296
CUST01757,SESS0004297
CUST01757,SESS0004298
CUST01758,SESS0004299
CUST01759,SESS0004300
CUST01759,SESS0004301
CUST01759,SESS0004302
CUST01760,SESS0004303
CUST01761,SESS0004304
CUST01761,SESS0004305
CUST01761,SESS0004306
CUST01762,SESS0004307
CUST01762,SESS0004308
CUST01763,SESS0004309
CUST01764,SESS0004310
CUST01764,SESS0004311
CUST01764,SESS0004312
CUST01764,SESS0004313
CUST01765,SESS0004314
CUST01765,SESS0004315
CUST01765,SESS0004316
CUST01765,SESS0004317
CUST01765,SESS0004318
CUST01765,SESS0004319
CUST01766,SESS0004320
CUST01766,SESS0004321
CUST01768,SESS0004322
CUST01768,SESS0004323
CUST01768,SESS0004324
CUST01768,SESS0004325
CUST01768,SESS0004326
CUST01768,SESS0004327
CUST01768,SESS0004328
CUST01768,SESS0004329
CUST01769,SESS0004330
CUST01769,SESS0004331
CUST01769,SESS0004332
CUST01769,SESS0004333
CUST01769,SESS0004334
CUST01769,SESS0004335
CUST01770,SESS0004336
CUST01771,SESS0004337
CUST01772,SESS0004338
CUST01773,SESS0004339
CUST01773,SESS0004340
CUST01773,SESS0004341
CUST01774,SESS0004342
CUST01774,SESS0004343
CUST01774,SESS0004344
CUST01774,SESS0004345
CUST01775,SESS0004346
CUST01775,SESS0004347
CUST01776,SESS0004348
CUST01776,SESS0004349
CUST01777,SESS0004350
CUST01777,SESS0004351
CUST01778,SESS0004352
CUST01778,SESS0004353
CUST01778,SESS0004354
CUST01778,SESS0004355
CUST01779,SESS0004356
CUST01779,SESS0004357
CUST01779,SESS0004358
CUST01780,SESS0004359
CUST01781,SESS0004360
CUST01781,SESS0004361
CUST01781,SESS0004362
CUST01782,SESS0004363
CUST01783,SESS0004364
CUST01783,SESS0004365
CUST01783,SESS0004366
CUST01783,SESS0004367
CUST01783,SESS0004368
CUST01783,SESS0004369
CUST01784,SESS0004370
CUST01784,SESS0004371
CUST01784,SESS0004372
CUST01785,SESS0004373
CUST01785,SESS0004374
CUST01785,SESS0004375
CUST01785,SESS0004376
CUST01787,SESS0004377
CUST01788,SESS0004378
CUST01789,SESS0004379
CUST01790,SESS0004380
CUST01790,SESS0004381
CUST01790,SESS0004382
CUST01790,SESS0004383
CUST01790,SESS0004384
CUST01792,SESS0004385
CUST01792,SESS0004386
CUST01792,SESS0004387
CUST01793,SESS0004388
CUST01793,SESS0004389
CUST01794,SESS0004390
CUST01794,SESS0004391
CUST01795,SESS0004392
CUST01796,SESS0004393
CUST01796,SESS0004394
CUST01796,SESS0004395
CUST01797,SESS0004396
CUST01797,SESS0004397
CUST01797,SESS0004398
CUST01798,SESS0004399
CUST01798,SESS0004400
CUST01799,SESS0004401
CUST01799,SESS0004402
CUST01799,SESS0004403
CUST01799,SESS0004404
CUST01799,SESS0004405
CUST01800,SESS0004406
CUST01800,SESS0004407
CUST01800,SESS0004408
CUST01800,SESS0004409
CUST01800,SESS0004410
CUST01800,SESS0004411
CUST01801,SESS0004412
CUST01801,SESS0004413
CUST01801,SESS0004414
CUST01801,SESS0004415
CUST01801,SESS0004416
CUST01802,SESS0004417
CUST01803,SESS0004418
CUST01803,SESS0004419
CUST01803,SESS0004420
CUST01803,SESS0004421
CUST01803,SESS0004422
CUST01803,SESS0004423
CUST01804,SESS0004424
CUST01804,SESS0004425
CUST01804,SESS0004426
CUST01804,SESS0004427
CUST01804,SESS0004428
CUST01806,SESS0004429
CUST01807,SESS0004430
CUST01807,SESS0004431
CUST01807,SESS0004432
CUST01807,SESS0004433
CUST01808,SESS0004434
CUST01808,SESS0004435
CUST01809,SESS0004436
CUST01809,SESS0004437
CUST01809,SESS0004438
CUST01810,SESS0004439
CUST01810,SESS0004440
CUST01810,SESS0004441
CUST01810,SESS0004442
CUST01810,SESS0004443
CUST01810,SESS0004444
CUST01810,SESS0004445
CUST01811,SESS0004446
CUST01811,SESS0004447
CUST01811,SESS0004448
CUST01811,SESS0004449
CUST01811,SESS0004450
CUST01812,SESS0004451
CUST01812,SESS0004452
CUST01812,SESS0004453
CUST01812,SESS0004454
CUST01812,SESS0004455
CUST01814,SESS0004456
CUST01814,SESS0004457
CUST01814,SESS0004458
CUST01814,SESS0004459
CUST01815,SESS0004460
CUST01815,SESS0004461
CUST01816,SESS0004462
CUST01816,SESS0004463
CUST01818,SESS0004464
CUST01818,SESS0004465
CUST01818,SESS0004466
CUST01818,SESS0004467
CUST01819,SESS0004468
CUST01819,SESS0004469
CUST01819,SESS0004470
CUST01820,SESS0004471
CUST01820,SESS0004472
CUST01820,SESS0004473
CUST01820,SESS0004474
CUST01821,SESS0004475
CUST01821,SESS0004476
CUST01822,SESS0004477
CUST01823,SESS0004478
CUST01823,SESS0004479
CUST01823,SESS0004480
CUST01824,SESS0004481
CUST01824,SESS0004482
CUST01824,SESS0004483
CUST01826,SESS0004484
CUST01826,SESS0004485
CUST01826,SESS0004486
CUST01826,SESS0004487
CUST01826,SESS0004488
CUST01826,SESS0004489
CUST01826,SESS0004490
CUST01827,SESS0004491
CUST01828,SESS0004492
CUST01828,SESS0004493
CUST01828,SESS0004494
CUST01828,SESS0004495
CUST01828,SESS0004496
CUST01829,SESS0004497
CUST01829,SESS0004498
CUST01829,SESS0004499
CUST01829,SESS0004500
CUST01830,SESS0004501
CUST01830,SESS0004502
CUST01830,SESS0004503
CUST01830,SESS0004504
CUST01830,SESS0004505
CUST01831,SESS0004506
CUST01831,SESS0004507
CUST01832,SESS0004508
CUST01832,SESS0004509
CUST01832,SESS0004510
CUST01833,SESS0004511
CUST01833,SESS0004512
CUST01833,SESS0004513
CUST01833,SESS0004514
CUST01833,SESS0004515
CUST01834,SESS0004516
CUST01834,SESS0004517
CUST01834,SESS0004518
CUST01834,SESS0004519
CUST01835,SESS0004520
CUST01835,SESS0004521
CUST01836,SESS0004522
CUST01836,SESS0004523
CUST01836,SESS0004524
CUST01837,SESS0004525
CUST01837,SESS0004526
CUST01837,SESS0004527
CUST01837,SESS0004528
CUST01837,SESS0004529
CUST01837,SESS0004530
CUST01837,SESS0004531
CUST01837,SESS0004532
CUST01838,SESS0004533
CUST01838,SESS0004534
CUST01838,SESS0004535
CUST01839,SESS0004536
CUST01839,SESS0004537
CUST01839,SESS0004538
CUST01841,SESS0004539
CUST01841,SESS0004540
CUST01841,SESS0004541
CUST01841,SESS0004542
CUST01841,SESS0004543
CUST01842,SESS0004544
CUST01842,SESS0004545
CUST01842,SESS0004546
CUST01843,SESS0004547
CUST01843,SESS0004548
CUST01843,SESS0004549
CUST01843,SESS0004550
CUST01844,SESS0004551
CUST01844,SESS0004552
CUST01845,SESS0004553
CUST01846,SESS0004554
CUST01846,SESS0004555
CUST01846,SESS0004556
CUST01846,SESS0004557
CUST01846,SESS0004558
CUST01846,SESS0004559
CUST01846,SESS0004560
CUST01846,SESS0004561
CUST01847,SESS0004562
CUST01847,SESS0004563
CUST01848,SESS0004564
CUST01849,SESS0004565
CUST01849,SESS0004566
CUST01849,SESS0004567
CUST01849,SESS0004568
CUST01850,SESS0004569
CUST01851,SESS0004570
CUST01851,SESS0004571
CUST01852,SESS0004572
CUST01853,SESS0004573
CUST01853,SESS0004574
CUST01853,SESS0004575
CUST01853,SESS0004576
CUST01854,SESS0004577
CUST01855,SESS0004578
CUST01856,SESS0004579
CUST01857,SESS0004580
CUST01857,SESS0004581
CUST01857,SESS0004582
CUST01857,SESS0004583
CUST01859,SESS0004584
CUST01860,SESS0004585
CUST01860,SESS0004586
CUST01860,SESS0004587
CUST01861,SESS0004588
CUST01861,SESS0004589
CUST01862,SESS0004590
CUST01862,SESS0004591
CUST01864,SESS0004592
CUST01864,SESS0004593
CUST01864,SESS0004594
CUST01865,SESS0004595
CUST01866,SESS0004596
CUST01867,SESS0004597
CUST01867,SESS0004598
CUST01867,SESS0004599
CUST01867,SESS0004600
CUST01868,SESS0004601
CUST01868,SESS0004602
CUST01871,SESS0004603
CUST01872,SESS0004604
CUST01872,SESS0004605
CUST01872,SESS0004606
CUST01872,SESS0004607
CUST01872,SESS0004608
CUST01873,SESS0004609
CUST01873,SESS0004610
CUST01875,SESS0004611
CUST01876,SESS0004612
CUST01877,SESS0004613
CUST01877,SESS0004614
CUST01878,SESS0004615
CUST01878,SESS0004616
CUST01879,SESS0004617
CUST01880,SESS0004618
CUST01880,SESS0004619
CUST01880,SESS0004620
CUST01880,SESS0004621
CUST01880,SESS0004622
CUST01880,SESS0004623
CUST01880,SESS0004624
CUST01881,SESS0004625
CUST01882,SESS0004626
CUST01882,SESS0004627
CUST01883,SESS0004628
CUST01884,SESS0004629
CUST01885,SESS0004630
CUST01885,SESS0004631
CUST01885,SESS0004632
CUST01885,SESS0004633
CUST01885,SESS0004634
CUST01885,SESS0004635
CUST01886,SESS0004636
CUST01886,SESS0004637
CUST01886,SESS0004638
CUST01887,SESS0004639
CUST01887,SESS0004640
CUST01887,SESS0004641
CUST01887,SESS0004642
CUST01887,SESS0004643
CUST01887,SESS0004644
CUST01887,SESS0004645
CUST01887,SESS0004646
CUST01887,SESS0004647
CUST01888,SESS0004648
CUST01888,SESS0004649
CUST01890,SESS0004650
CUST01890,SESS0004651
CUST01890,SESS0004652
CUST01891,SESS0004653
CUST01891,SESS0004654
CUST01892,SESS0004655
CUST01893,SESS0004656
CUST01893,SESS0004657
CUST01893,SESS0004658
CUST01893,SESS0004659
CUST01893,SESS0004660
CUST01893,SESS0004661
CUST01894,SESS0004662
CUST01894,SESS0004663
CUST01894,SESS0004664
CUST01895,SESS0004665
CUST01895,SESS0004666
CUST01896,SESS0004667
CUST01897,SESS0004668
CUST01897,SESS0004669
CUST01897,SESS0004670
CUST01898,SESS0004671
CUST01898,SESS0004672
CUST01898,SESS0004673
CUST01899,SESS0004674
CUST01899,SESS0004675
CUST01899,SESS0004676
CUST01899,SESS0004677
CUST01899,SESS0004678
CUST01900,SESS0004679
CUST01900,SESS0004680
CUST01900,SESS0004681
CUST01902,SESS0004682
CUST01904,SESS0004683
CUST01905,SESS0004684
CUST01905,SESS0004685
CUST01905,SESS0004686
CUST01906,SESS0004687
CUST01907,SESS0004688
CUST01908,SESS0004689
CUST01908,SESS0004690
CUST01908,SESS0004691
CUST01909,SESS0004692
CUST01912,SESS0004693
CUST01912,SESS0004694
CUST01914,SESS0004695
CUST01914,SESS0004696
CUST01915,SESS0004697
CUST01915,SESS0004698
CUST01915,SESS0004699
CUST01915,SESS0004700
CUST01916,SESS0004701
CUST01916,SESS0004702
CUST01916,SESS0004703
CUST01916,SESS0004704
CUST01916,SESS0004705
CUST01917,SESS0004706
CUST01918,SESS0004707
CUST01918,SESS0004708
CUST01919,SESS0004709
CUST01919,SESS0004710
CUST01919,SESS0004711
CUST01919,SESS0004712
CUST01921,SESS0004713
CUST01921,SESS0004714
CUST01921,SESS0004715
CUST01922,SESS0004716
CUST01923,SESS0004717
CUST01923,SESS0004718
CUST01923,SESS0004719
CUST01923,SESS0004720
CUST01924,SESS0004721
CUST01924,SESS0004722
CUST01924,SESS0004723
CUST01924,SESS0004724
CUST01925,SESS0004725
CUST01925,SESS0004726
CUST01925,SESS0004727
CUST01926,SESS0004728
CUST01926,SESS0004729
CUST01926,SESS0004730
CUST01927,SESS0004731
CUST01927,SESS0004732
CUST01927,SESS0004733
CUST01927,SESS0004734
CUST01927,SESS0004735
CUST01928,SESS0004736
CUST01928,SESS0004737
CUST01928,SESS0004738
CUST01929,SESS0004739
CUST01929,SESS0004740
CUST01929,SESS0004741
CUST01929,SESS0004742
CUST01929,SESS0004743
CUST01930,SESS0004744
CUST01930,SESS0004745
CUST01930,SESS0004746
CUST01931,SESS0004747
CUST01932,SESS0004748
CUST01932,SESS0004749
CUST01934,SESS0004750
CUST01934,SESS0004751
CUST01935,SESS0004752
CUST01936,SESS0004753
CUST01936,SESS0004754
CUST01936,SESS0004755
CUST01936,SESS0004756
CUST01936,SESS0004757
CUST01936,SESS0004758
CUST01937,SESS0004759
CUST01938,SESS0004760
CUST01938,SESS0004761
CUST01938,SESS0004762
CUST01939,SESS0004763
CUST01939,SESS0004764
CUST01939,SESS0004765
CUST01939,SESS0004766
CUST01939,SESS0004767
CUST01939,SESS0004768
CUST01939,SESS0004769
CUST01940,SESS0004770
CUST01940,SESS0004771
CUST01940,SESS0004772
CUST01940,SESS0004773
CUST01940,SESS0004774
CUST01940,SESS0004775
CUST01940,SESS0004776
CUST01940,SESS0004777
CUST01940,SESS0004778
CUST01941,SESS0004779
CUST01942,SESS0004780
CUST01942,SESS0004781
CUST01942,SESS0004782
CUST01942,SESS0004783
CUST01942,SESS0004784
CUST01942,SESS0004785
CUST01943,SESS0004786
CUST01943,SESS0004787
CUST01943,SESS0004788
CUST01943,SESS0004789
CUST01943,SESS0004790
CUST01944,SESS0004791
CUST01945,SESS0004792
CUST01945,SESS0004793
CUST01947,SESS0004794
CUST01947,SESS0004795
CUST01947,SESS0004796
CUST01949,SESS0004797
CUST01949,SESS0004798
CUST01951,SESS0004799
CUST01951,SESS0004800
CUST01952,SESS0004801
CUST01952,SESS0004802
CUST01954,SESS0004803
CUST01956,SESS0004804
CUST01956,SESS0004805
CUST01957,SESS0004806
CUST01958,SESS0004807
CUST01958,SESS0004808
CUST01958,SESS0004809
CUST01958,SESS0004810
CUST01958,SESS0004811
CUST01958,SESS0004812
CUST01958,SESS0004813
CUST01958,SESS0004814
CUST01960,SESS0004815
CUST01960,SESS0004816
CUST01961,SESS0004817
CUST01961,SESS0004818
CUST01961,SESS0004819
CUST01962,SESS0004820
CUST01962,SESS0004821
CUST01962,SESS0004822
CUST01963,SESS0004823
CUST01963,SESS0004824
CUST01963,SESS0004825
CUST01963,SESS0004826
CUST01964,SESS0004827
CUST01964,SESS0004828
CUST01964,SESS0004829
CUST01964,SESS0004830
CUST01965,SESS0004831
CUST01966,SESS0004832
CUST01967,SESS0004833
CUST01969,SESS0004834
CUST01969,SESS0004835
CUST01969,SESS0004836
CUST01969,SESS0004837
CUST01970,SESS0004838
CUST01970,SESS0004839
CUST01970,SESS0004840
CUST01970,SESS0004841
CUST01971,SESS0004842
CUST01971,SESS0004843
CUST01972,SESS0004844
CUST01973,SESS0004845
CUST01974,SESS0004846
CUST01975,SESS0004847
CUST01976,SESS0004848
CUST01976,SESS0004849
CUST01976,SESS0004850
CUST01977,SESS0004851
CUST01977,SESS0004852
CUST01978,SESS0004853
CUST01980,SESS0004854
CUST01980,SESS0004855
CUST01980,SESS0004856
CUST01982,SESS0004857
CUST01982,SESS0004858
CUST01982,SESS0004859
CUST01982,SESS0004860
CUST01983,SESS0004861
CUST01984,SESS0004862
CUST01984,SESS0004863
CUST01984,SESS0004864
CUST01984,SESS0004865
CUST01985,SESS0004866
CUST01985,SESS0004867
CUST01985,SESS0004868
CUST01985,SESS0004869
CUST01985,SESS0004870
CUST01985,SESS0004871
CUST01985,SESS0004872
CUST01987,SESS0004873
CUST01987,SESS0004874
CUST01987,SESS0004875
CUST01989,SESS0004876
CUST01990,SESS0004877
CUST01990,SESS0004878
CUST01991,SESS0004879
CUST01991,SESS0004880
CUST01991,SESS0004881
CUST01991,SESS0004882
CUST01991,SESS0004883
CUST01991,SESS0004884
CUST01991,SESS0004885
CUST01992,SESS0004886
CUST01992,SESS0004887
CUST01993,SESS0004888
CUST01993,SESS0004889
CUST01994,SESS0004890
CUST01994,SESS0004891
CUST01994,SESS0004892
CUST01994,SESS0004893
CUST01994,SESS0004894
CUST01994,SESS0004895
CUST01995,SESS0004896
CUST01996,SESS0004897
CUST01997,SESS0004898
CUST01997,SESS0004899
CUST01998,SESS0004900
CUST01998,SESS0004901
CUST01998,SESS0004902
CUST01999,SESS0004903
CUST01999,SESS0004904
CUST02000,SESS0004905
CUST02000,SESS0004906
