sessionId,productId,eventType,eventTime
SESS0000001,P00098,상품_상세조회,2026-06-19 23:28:28
SESS0000002,P00149,상품_상세조회,2026-06-12 23:45:09
SESS0000003,P00148,상품_상세조회,2026-06-13 23:36:01
SESS0000004,P00012,상품_상세조회,2026-06-18 13:28:44
SESS0000004,P00004,찜하기,2026-06-18 13:30:36
SESS0000004,P00005,장바구니_담기,2026-06-18 13:32:04
SESS0000005,P00013,상품_상세조회,2026-06-20 22:00:29
SESS0000005,P00001,찜하기,2026-06-20 22:01:17
SESS0000006,P00014,상품_상세조회,2026-06-11 23:42:05
SESS0000007,P00060,상품_상세조회,2026-06-30 18:03:57
SESS0000007,P00049,장바구니_담기,2026-06-30 18:06:09
SESS0000007,P00060,상품_상세조회,2026-06-30 18:08:51
SESS0000007,P00054,상품_상세조회,2026-06-30 18:11:14
SESS0000007,P00050,상품_상세조회,2026-06-30 18:11:34
SESS0000007,P00131,상품_상세조회,2026-06-30 18:12:44
SESS0000008,P00039,상품_상세조회,2026-06-28 19:49:49
SESS0000009,P00128,상품_상세조회,2026-06-27 18:08:11
SESS0000010,P00010,상품_상세조회,2026-07-03 20:47:23
SESS0000011,P00096,상품_상세조회,2026-06-28 16:18:04
SESS0000011,P00097,상품_상세조회,2026-06-28 16:18:57
SESS0000011,P00101,상품_상세조회,2026-06-28 16:19:18
SESS0000011,P00101,찜하기,2026-06-28 16:22:03
SESS0000012,P00067,상품_상세조회,2026-06-22 20:11:35
SESS0000012,P00005,상품_상세조회,2026-06-22 20:17:38
SESS0000012,P00008,찜하기,2026-06-22 20:20:27
SESS0000012,P00004,상품_상세조회,2026-06-22 20:23:10
SESS0000012,P00007,장바구니_담기,2026-06-22 20:24:38
SESS0000013,P00061,상품_상세조회,2026-06-26 19:24:13
SESS0000013,P00067,장바구니_담기,2026-06-26 19:25:49
SESS0000014,P00087,상품_상세조회,2026-06-08 18:16:13
SESS0000014,P00086,장바구니_담기,2026-06-08 18:19:07
SESS0000014,P00087,상품_상세조회,2026-06-08 18:21:13
SESS0000014,P00083,상품_상세조회,2026-06-08 18:23:49
SESS0000014,P00085,상품_상세조회,2026-06-08 18:24:07
SESS0000014,P00076,찜하기,2026-06-08 18:26:53
SESS0000014,P00083,상품_상세조회,2026-06-08 18:29:00
SESS0000014,P00090,상품_상세조회,2026-06-08 18:31:11
SESS0000015,P00137,상품_상세조회,2026-06-23 16:18:54
SESS0000015,P00005,상품_상세조회,2026-06-23 16:21:12
SESS0000016,P00119,상품_상세조회,2026-06-23 17:48:21
SESS0000017,P00062,상품_상세조회,2026-06-30 17:03:30
SESS0000017,P00065,찜하기,2026-06-30 17:04:56
SESS0000017,P00065,장바구니_담기,2026-06-30 17:07:24
SESS0000017,P00069,상품_상세조회,2026-06-30 17:08:57
SESS0000019,P00116,상품_상세조회,2026-06-12 16:46:10
SESS0000019,P00112,상품_상세조회,2026-06-12 16:46:45
SESS0000019,P00112,상품_상세조회,2026-06-12 16:49:25
SESS0000019,P00112,상품_상세조회,2026-06-12 16:50:05
SESS0000019,P00107,장바구니_담기,2026-06-12 16:51:35
SESS0000019,P00110,구매완료,2026-06-12 16:54:26
SESS0000020,P00127,상품_상세조회,2026-07-02 19:45:04
SESS0000020,P00128,상품_상세조회,2026-07-02 19:45:19
SESS0000021,P00156,상품_상세조회,2026-06-26 22:13:01
SESS0000021,P00153,상품_상세조회,2026-06-26 22:14:13
SESS0000021,P00155,찜하기,2026-06-26 22:16:31
SESS0000022,P00039,상품_상세조회,2026-06-10 18:22:54
SESS0000022,P00036,찜하기,2026-06-10 18:23:43
SESS0000023,P00054,상품_상세조회,2026-06-25 16:36:46
SESS0000023,P00059,상품_상세조회,2026-06-25 16:39:32
SESS0000023,P00059,상품_상세조회,2026-06-25 16:41:06
SESS0000023,P00050,장바구니_담기,2026-06-25 16:43:12
SESS0000023,P00046,구매완료,2026-06-25 16:46:18
SESS0000024,P00161,상품_상세조회,2026-06-14 17:58:57
SESS0000024,P00157,상품_상세조회,2026-06-14 18:01:15
SESS0000024,P00164,상품_상세조회,2026-06-14 18:02:51
SESS0000024,P00042,상품_상세조회,2026-06-14 18:07:30
SESS0000025,P00066,상품_상세조회,2026-06-21 17:04:24
SESS0000025,P00054,상품_상세조회,2026-06-21 17:09:58
SESS0000025,P00055,장바구니_담기,2026-06-21 17:11:31
SESS0000025,P00060,구매완료,2026-06-21 17:13:55
SESS0000026,P00001,상품_상세조회,2026-06-21 23:07:25
SESS0000026,P00046,상품_상세조회,2026-06-21 23:10:17
SESS0000028,P00074,상품_상세조회,2026-06-09 19:37:45
SESS0000028,P00072,상품_상세조회,2026-06-09 19:38:59
SESS0000028,P00062,상품_상세조회,2026-06-09 19:40:53
SESS0000028,P00073,상품_상세조회,2026-06-09 19:43:27
SESS0000028,P00068,찜하기,2026-06-09 19:44:46
SESS0000028,P00064,장바구니_담기,2026-06-09 19:46:13
SESS0000028,P00072,구매완료,2026-06-09 19:49:59
SESS0000029,P00122,상품_상세조회,2026-06-07 20:13:46
SESS0000029,P00135,장바구니_담기,2026-06-07 20:15:51
SESS0000029,P00129,상품_상세조회,2026-06-07 20:17:10
SESS0000029,P00133,상품_상세조회,2026-06-07 20:19:50
SESS0000029,P00042,상품_상세조회,2026-06-07 20:22:44
SESS0000029,P00033,상품_상세조회,2026-06-07 20:24:45
SESS0000029,P00040,장바구니_담기,2026-06-07 20:27:42
SESS0000030,P00108,상품_상세조회,2026-07-02 18:47:02
SESS0000031,P00104,상품_상세조회,2026-06-27 18:19:41
SESS0000031,P00095,상품_상세조회,2026-06-27 18:21:43
SESS0000031,P00013,상품_상세조회,2026-06-27 18:24:50
SESS0000031,P00009,찜하기,2026-06-27 18:26:54
SESS0000032,P00083,상품_상세조회,2026-06-05 20:34:05
SESS0000032,P00158,상품_상세조회,2026-06-05 20:41:31
SESS0000032,P00162,찜하기,2026-06-05 20:43:29
SESS0000033,P00064,상품_상세조회,2026-06-20 15:15:23
SESS0000033,P00064,상품_상세조회,2026-06-20 15:16:47
SESS0000034,P00091,상품_상세조회,2026-06-09 21:17:23
SESS0000035,P00104,상품_상세조회,2026-06-22 18:23:34
SESS0000035,P00097,찜하기,2026-06-22 18:26:31
SESS0000035,P00097,장바구니_담기,2026-06-22 18:29:00
SESS0000035,P00096,상품_상세조회,2026-06-22 18:30:29
SESS0000035,P00101,상품_상세조회,2026-06-22 18:30:46
SESS0000035,P00103,장바구니_담기,2026-06-22 18:33:41
SESS0000035,P00102,구매완료,2026-06-22 18:36:05
SESS0000036,P00012,상품_상세조회,2026-06-09 20:38:08
SESS0000036,P00005,상품_상세조회,2026-06-09 20:39:55
SESS0000036,P00015,상품_상세조회,2026-06-09 20:45:45
SESS0000036,P00004,상품_상세조회,2026-06-09 20:47:48
SESS0000037,P00061,상품_상세조회,2026-06-11 17:58:56
SESS0000038,P00005,상품_상세조회,2026-06-14 21:10:50
SESS0000038,P00004,장바구니_담기,2026-06-14 21:13:06
SESS0000038,P00013,구매완료,2026-06-14 21:15:52
SESS0000039,P00008,상품_상세조회,2026-06-07 16:06:22
SESS0000039,P00010,장바구니_담기,2026-06-07 16:08:39
SESS0000039,P00002,구매완료,2026-06-07 16:11:27
SESS0000040,P00087,상품_상세조회,2026-06-04 16:25:27
SESS0000041,P00002,상품_상세조회,2026-06-06 18:40:14
SESS0000041,P00004,상품_상세조회,2026-06-06 18:41:07
SESS0000041,P00009,장바구니_담기,2026-06-06 18:42:28
SESS0000041,P00009,구매완료,2026-06-06 18:46:26
SESS0000042,P00013,상품_상세조회,2026-06-30 19:23:01
SESS0000042,P00010,장바구니_담기,2026-06-30 19:26:00
SESS0000042,P00005,구매완료,2026-06-30 19:28:27
SESS0000043,P00058,상품_상세조회,2026-06-16 20:12:10
SESS0000044,P00060,상품_상세조회,2026-06-06 17:45:12
SESS0000045,P00106,상품_상세조회,2026-06-28 23:25:47
SESS0000045,P00110,장바구니_담기,2026-06-28 23:28:40
SESS0000045,P00115,상품_상세조회,2026-06-28 23:29:42
SESS0000045,P00106,상품_상세조회,2026-06-28 23:31:26
SESS0000045,P00110,상품_상세조회,2026-06-28 23:33:47
SESS0000045,P00118,상품_상세조회,2026-06-28 23:36:22
SESS0000045,P00108,장바구니_담기,2026-06-28 23:38:04
SESS0000046,P00146,상품_상세조회,2026-06-20 18:21:34
SESS0000046,P00148,찜하기,2026-06-20 18:21:55
SESS0000049,P00026,상품_상세조회,2026-06-05 22:37:54
SESS0000049,P00026,상품_상세조회,2026-06-05 22:40:22
SESS0000049,P00019,장바구니_담기,2026-06-05 22:41:21
SESS0000049,P00020,구매완료,2026-06-05 22:42:54
SESS0000050,P00066,상품_상세조회,2026-06-06 21:20:06
SESS0000050,P00066,상품_상세조회,2026-06-06 21:21:44
SESS0000051,P00172,상품_상세조회,2026-06-18 19:51:36
SESS0000051,P00180,찜하기,2026-06-18 19:52:15
SESS0000051,P00179,상품_상세조회,2026-06-18 19:53:50
SESS0000052,P00075,상품_상세조회,2026-06-06 19:20:47
SESS0000052,P00073,상품_상세조회,2026-06-06 19:21:28
SESS0000053,P00116,상품_상세조회,2026-06-19 21:21:38
SESS0000053,P00117,찜하기,2026-06-19 21:23:57
SESS0000053,P00117,상품_상세조회,2026-06-19 21:24:35
SESS0000053,P00062,상품_상세조회,2026-06-19 21:27:34
SESS0000054,P00065,상품_상세조회,2026-06-18 16:39:19
SESS0000054,P00065,찜하기,2026-06-18 16:41:52
SESS0000056,P00071,상품_상세조회,2026-06-30 23:23:02
SESS0000056,P00063,상품_상세조회,2026-06-30 23:23:39
SESS0000056,P00066,상품_상세조회,2026-06-30 23:25:54
SESS0000056,P00066,상품_상세조회,2026-06-30 23:28:27
SESS0000056,P00065,장바구니_담기,2026-06-30 23:29:56
SESS0000056,P00070,구매완료,2026-06-30 23:32:28
SESS0000057,P00109,상품_상세조회,2026-06-17 21:56:58
SESS0000057,P00119,상품_상세조회,2026-06-17 21:58:13
SESS0000059,P00092,상품_상세조회,2026-06-27 18:55:29
SESS0000059,P00097,찜하기,2026-06-27 18:56:32
SESS0000059,P00099,상품_상세조회,2026-06-27 18:57:57
SESS0000060,P00112,상품_상세조회,2026-07-03 21:21:28
SESS0000060,P00110,장바구니_담기,2026-07-03 21:23:52
SESS0000060,P00107,구매완료,2026-07-03 21:27:22
SESS0000061,P00108,상품_상세조회,2026-06-08 16:19:43
SESS0000061,P00115,상품_상세조회,2026-06-08 16:21:30
SESS0000061,P00089,상품_상세조회,2026-06-08 16:31:42
SESS0000061,P00087,찜하기,2026-06-08 16:34:06
SESS0000061,P00083,상품_상세조회,2026-06-08 16:35:09
SESS0000061,P00086,상품_상세조회,2026-06-08 16:38:07
SESS0000061,P00085,장바구니_담기,2026-06-08 16:39:20
SESS0000061,P00085,구매완료,2026-06-08 16:43:49
SESS0000062,P00093,상품_상세조회,2026-06-17 21:03:27
SESS0000062,P00092,찜하기,2026-06-17 21:05:47
SESS0000066,P00120,상품_상세조회,2026-06-24 20:19:58
SESS0000067,P00012,상품_상세조회,2026-06-24 21:58:25
SESS0000068,P00070,상품_상세조회,2026-06-27 21:14:01
SESS0000068,P00073,상품_상세조회,2026-06-27 21:16:30
SESS0000069,P00135,상품_상세조회,2026-06-04 23:41:44
SESS0000069,P00010,상품_상세조회,2026-06-04 23:43:46
SESS0000070,P00133,상품_상세조회,2026-06-18 19:45:26
SESS0000071,P00050,상품_상세조회,2026-06-09 19:32:00
SESS0000071,P00123,상품_상세조회,2026-06-09 19:34:58
SESS0000072,P00070,상품_상세조회,2026-06-15 17:34:16
SESS0000072,P00071,장바구니_담기,2026-06-15 17:36:04
SESS0000072,P00075,구매완료,2026-06-15 17:41:01
SESS0000073,P00005,상품_상세조회,2026-06-05 17:18:45
SESS0000073,P00009,장바구니_담기,2026-06-05 17:20:46
SESS0000073,P00003,구매완료,2026-06-05 17:22:45
SESS0000074,P00068,상품_상세조회,2026-06-16 20:12:11
SESS0000074,P00063,장바구니_담기,2026-06-16 20:13:44
SESS0000074,P00065,구매완료,2026-06-16 20:17:12
SESS0000075,P00123,상품_상세조회,2026-06-18 19:19:44
SESS0000075,P00130,장바구니_담기,2026-06-18 19:21:31
SESS0000076,P00007,상품_상세조회,2026-06-29 22:42:08
SESS0000077,P00160,상품_상세조회,2026-06-24 16:37:40
SESS0000078,P00008,상품_상세조회,2026-06-26 14:17:39
SESS0000079,P00003,상품_상세조회,2026-06-22 21:33:41
SESS0000079,P00002,장바구니_담기,2026-06-22 21:34:47
SESS0000079,P00006,구매완료,2026-06-22 21:38:13
SESS0000081,P00088,상품_상세조회,2026-06-21 22:29:04
SESS0000082,P00133,상품_상세조회,2026-06-20 17:10:07
SESS0000083,P00164,상품_상세조회,2026-06-28 15:42:57
SESS0000084,P00073,상품_상세조회,2026-07-02 23:31:16
SESS0000085,P00010,상품_상세조회,2026-06-21 18:28:54
SESS0000086,P00062,상품_상세조회,2026-06-16 19:56:39
SESS0000086,P00062,찜하기,2026-06-16 19:57:02
SESS0000087,P00068,상품_상세조회,2026-06-09 14:55:06
SESS0000087,P00061,상품_상세조회,2026-06-09 14:57:13
SESS0000087,P00070,상품_상세조회,2026-06-09 14:57:49
SESS0000087,P00069,장바구니_담기,2026-06-09 14:58:13
SESS0000087,P00069,구매완료,2026-06-09 15:01:42
SESS0000088,P00086,상품_상세조회,2026-06-08 14:20:36
SESS0000088,P00079,장바구니_담기,2026-06-08 14:21:12
SESS0000088,P00076,구매완료,2026-06-08 14:24:33
SESS0000089,P00077,상품_상세조회,2026-06-24 17:43:11
SESS0000089,P00085,상품_상세조회,2026-06-24 17:45:19
SESS0000090,P00085,상품_상세조회,2026-06-05 20:21:23
SESS0000090,P00086,상품_상세조회,2026-06-05 20:21:39
SESS0000090,P00081,상품_상세조회,2026-06-05 20:23:26
SESS0000091,P00093,상품_상세조회,2026-06-27 21:02:21
SESS0000091,P00091,찜하기,2026-06-27 21:04:42
SESS0000091,P00093,상품_상세조회,2026-06-27 21:06:36
SESS0000091,P00086,상품_상세조회,2026-06-27 21:11:11
SESS0000091,P00076,상품_상세조회,2026-06-27 21:13:58
SESS0000092,P00089,상품_상세조회,2026-06-19 19:49:41
SESS0000092,P00079,상품_상세조회,2026-06-19 19:52:11
SESS0000092,P00076,상품_상세조회,2026-06-19 19:56:57
SESS0000092,P00077,찜하기,2026-06-19 19:58:35
SESS0000092,P00085,상품_상세조회,2026-06-19 19:59:48
SESS0000092,P00079,상품_상세조회,2026-06-19 20:00:33
SESS0000092,P00165,상품_상세조회,2026-06-19 20:04:21
SESS0000092,P00157,장바구니_담기,2026-06-19 20:05:55
SESS0000093,P00117,상품_상세조회,2026-06-19 17:06:53
SESS0000093,P00107,장바구니_담기,2026-06-19 17:08:23
SESS0000093,P00110,구매완료,2026-06-19 17:12:24
SESS0000094,P00106,상품_상세조회,2026-06-23 12:53:09
SESS0000094,P00115,상품_상세조회,2026-06-23 12:54:51
SESS0000094,P00138,상품_상세조회,2026-06-23 12:58:01
SESS0000094,P00041,상품_상세조회,2026-06-23 13:05:14
SESS0000096,P00081,상품_상세조회,2026-06-25 16:11:35
SESS0000096,P00080,장바구니_담기,2026-06-25 16:13:21
SESS0000096,P00089,구매완료,2026-06-25 16:17:37
SESS0000097,P00063,상품_상세조회,2026-06-18 23:44:38
SESS0000098,P00095,상품_상세조회,2026-06-30 18:36:09
SESS0000098,P00093,장바구니_담기,2026-06-30 18:36:58
SESS0000100,P00103,상품_상세조회,2026-06-25 20:12:11
SESS0000100,P00104,찜하기,2026-06-25 20:14:21
SESS0000100,P00094,상품_상세조회,2026-06-25 20:16:56
SESS0000100,P00098,상품_상세조회,2026-06-25 20:18:35
SESS0000101,P00031,상품_상세조회,2026-06-04 14:46:57
SESS0000101,P00042,장바구니_담기,2026-06-04 14:48:43
SESS0000101,P00039,구매완료,2026-06-04 14:53:27
SESS0000103,P00049,상품_상세조회,2026-06-24 20:52:44
SESS0000103,P00048,상품_상세조회,2026-06-24 20:54:34
SESS0000103,P00056,장바구니_담기,2026-06-24 20:54:55
SESS0000103,P00048,구매완료,2026-06-24 20:59:10
SESS0000104,P00105,상품_상세조회,2026-06-26 22:29:14
SESS0000105,P00163,상품_상세조회,2026-06-18 20:30:08
SESS0000105,P00161,장바구니_담기,2026-06-18 20:30:30
SESS0000107,P00095,상품_상세조회,2026-06-07 15:37:03
SESS0000107,P00105,장바구니_담기,2026-06-07 15:38:58
SESS0000107,P00100,구매완료,2026-06-07 15:44:09
SESS0000108,P00015,상품_상세조회,2026-06-08 20:58:44
SESS0000109,P00144,상품_상세조회,2026-06-25 23:41:03
SESS0000109,P00136,상품_상세조회,2026-06-25 23:43:31
SESS0000109,P00101,상품_상세조회,2026-06-25 23:46:13
SESS0000109,P00104,장바구니_담기,2026-06-25 23:48:11
SESS0000110,P00099,상품_상세조회,2026-06-26 15:40:46
SESS0000110,P00097,상품_상세조회,2026-06-26 15:41:42
SESS0000110,P00093,상품_상세조회,2026-06-26 15:42:50
SESS0000111,P00101,상품_상세조회,2026-06-12 20:45:31
SESS0000113,P00098,상품_상세조회,2026-06-10 19:06:35
SESS0000113,P00104,찜하기,2026-06-10 19:09:31
SESS0000113,P00099,상품_상세조회,2026-06-10 19:11:07
SESS0000113,P00100,찜하기,2026-06-10 19:13:01
SESS0000113,P00091,상품_상세조회,2026-06-10 19:15:37
SESS0000114,P00097,상품_상세조회,2026-06-15 18:28:56
SESS0000114,P00104,찜하기,2026-06-15 18:29:27
SESS0000114,P00095,상품_상세조회,2026-06-15 18:31:20
SESS0000114,P00102,상품_상세조회,2026-06-15 18:33:13
SESS0000115,P00005,상품_상세조회,2026-07-03 14:09:42
SESS0000115,P00015,상품_상세조회,2026-07-03 14:12:23
SESS0000115,P00015,상품_상세조회,2026-07-03 14:12:45
SESS0000116,P00092,상품_상세조회,2026-06-13 14:06:24
SESS0000116,P00101,장바구니_담기,2026-06-13 14:08:02
SESS0000117,P00103,상품_상세조회,2026-06-14 18:40:33
SESS0000117,P00092,장바구니_담기,2026-06-14 18:42:58
SESS0000117,P00100,구매완료,2026-06-14 18:46:30
SESS0000118,P00132,상품_상세조회,2026-07-03 18:02:38
SESS0000118,P00132,찜하기,2026-07-03 18:04:14
SESS0000118,P00124,상품_상세조회,2026-07-03 18:07:09
SESS0000118,P00134,장바구니_담기,2026-07-03 18:07:33
SESS0000118,P00126,구매완료,2026-07-03 18:10:53
SESS0000119,P00080,상품_상세조회,2026-07-01 20:28:48
SESS0000120,P00101,상품_상세조회,2026-06-29 15:37:27
SESS0000121,P00090,상품_상세조회,2026-07-02 17:56:24
SESS0000121,P00085,상품_상세조회,2026-07-02 17:57:51
SESS0000121,P00076,상품_상세조회,2026-07-02 18:00:46
SESS0000121,P00077,장바구니_담기,2026-07-02 18:01:17
SESS0000122,P00130,상품_상세조회,2026-06-15 21:49:30
SESS0000122,P00125,찜하기,2026-06-15 21:49:59
SESS0000122,P00132,장바구니_담기,2026-06-15 21:50:41
SESS0000122,P00126,상품_상세조회,2026-06-15 21:52:26
SESS0000122,P00039,상품_상세조회,2026-06-15 21:59:44
SESS0000122,P00041,찜하기,2026-06-15 22:00:06
SESS0000123,P00134,상품_상세조회,2026-06-14 18:08:11
SESS0000123,P00135,장바구니_담기,2026-06-14 18:10:23
SESS0000123,P00131,구매완료,2026-06-14 18:13:41
SESS0000124,P00103,상품_상세조회,2026-06-04 13:37:36
SESS0000124,P00101,찜하기,2026-06-04 13:39:24
SESS0000124,P00103,상품_상세조회,2026-06-04 13:40:20
SESS0000124,P00102,장바구니_담기,2026-06-04 13:40:39
SESS0000124,P00095,구매완료,2026-06-04 13:44:52
SESS0000125,P00143,상품_상세조회,2026-06-06 20:11:54
SESS0000125,P00143,장바구니_담기,2026-06-06 20:14:11
SESS0000125,P00147,상품_상세조회,2026-06-06 20:16:04
SESS0000128,P00155,상품_상세조회,2026-06-23 23:31:20
SESS0000129,P00005,상품_상세조회,2026-06-04 20:05:44
SESS0000129,P00011,상품_상세조회,2026-06-04 20:08:24
SESS0000129,P00011,장바구니_담기,2026-06-04 20:08:41
SESS0000129,P00004,구매완료,2026-06-04 20:11:41
SESS0000130,P00042,상품_상세조회,2026-06-10 16:24:53
SESS0000131,P00080,상품_상세조회,2026-06-22 14:32:51
SESS0000132,P00091,상품_상세조회,2026-06-23 22:54:38
SESS0000132,P00099,상품_상세조회,2026-06-23 22:56:20
SESS0000132,P00095,상품_상세조회,2026-06-23 22:57:38
SESS0000132,P00095,장바구니_담기,2026-06-23 22:59:40
SESS0000132,P00095,구매완료,2026-06-23 23:05:11
SESS0000133,P00147,상품_상세조회,2026-07-03 16:22:29
SESS0000133,P00104,상품_상세조회,2026-07-03 16:25:05
SESS0000133,P00103,찜하기,2026-07-03 16:27:33
SESS0000135,P00066,상품_상세조회,2026-06-29 18:50:59
SESS0000135,P00064,상품_상세조회,2026-06-29 18:53:58
SESS0000136,P00081,상품_상세조회,2026-07-02 20:32:08
SESS0000136,P00089,상품_상세조회,2026-07-02 20:33:19
SESS0000137,P00149,상품_상세조회,2026-06-15 20:58:33
SESS0000138,P00024,상품_상세조회,2026-06-13 21:45:40
SESS0000139,P00130,상품_상세조회,2026-06-10 22:25:37
SESS0000141,P00106,상품_상세조회,2026-06-07 15:17:39
SESS0000141,P00108,찜하기,2026-06-07 15:18:08
SESS0000142,P00160,상품_상세조회,2026-06-06 20:24:33
SESS0000142,P00162,상품_상세조회,2026-06-06 20:27:17
SESS0000143,P00086,상품_상세조회,2026-06-14 19:14:34
SESS0000143,P00088,찜하기,2026-06-14 19:14:55
SESS0000143,P00081,장바구니_담기,2026-06-14 19:17:10
SESS0000143,P00089,구매완료,2026-06-14 19:19:03
SESS0000144,P00140,상품_상세조회,2026-06-17 19:26:35
SESS0000144,P00143,상품_상세조회,2026-06-17 19:28:51
SESS0000145,P00043,상품_상세조회,2026-06-16 20:30:09
SESS0000147,P00128,상품_상세조회,2026-06-29 22:27:27
SESS0000148,P00051,상품_상세조회,2026-07-02 18:09:20
SESS0000149,P00042,상품_상세조회,2026-06-28 19:24:10
SESS0000151,P00014,상품_상세조회,2026-06-17 21:12:50
SESS0000152,P00011,상품_상세조회,2026-07-03 16:08:26
SESS0000153,P00145,상품_상세조회,2026-06-17 20:17:57
SESS0000154,P00141,상품_상세조회,2026-06-11 17:04:53
SESS0000154,P00142,상품_상세조회,2026-06-11 17:06:06
SESS0000154,P00141,상품_상세조회,2026-06-11 17:07:47
SESS0000154,P00139,상품_상세조회,2026-06-11 17:09:12
SESS0000155,P00134,상품_상세조회,2026-06-06 19:14:08
SESS0000156,P00083,상품_상세조회,2026-06-17 17:45:38
SESS0000156,P00083,찜하기,2026-06-17 17:47:51
SESS0000156,P00089,장바구니_담기,2026-06-17 17:49:56
SESS0000157,P00012,상품_상세조회,2026-06-25 15:14:31
SESS0000159,P00140,상품_상세조회,2026-06-24 22:42:01
SESS0000159,P00060,상품_상세조회,2026-06-24 22:43:31
SESS0000159,P00047,상품_상세조회,2026-06-24 22:46:11
SESS0000160,P00161,상품_상세조회,2026-06-09 19:30:39
SESS0000160,P00165,상품_상세조회,2026-06-09 19:30:59
SESS0000161,P00135,상품_상세조회,2026-06-10 19:55:14
SESS0000161,P00001,상품_상세조회,2026-06-10 19:58:59
SESS0000161,P00001,찜하기,2026-06-10 20:01:51
SESS0000162,P00109,상품_상세조회,2026-06-16 19:47:27
SESS0000162,P00110,상품_상세조회,2026-06-16 19:50:23
SESS0000162,P00113,장바구니_담기,2026-06-16 19:51:47
SESS0000162,P00117,상품_상세조회,2026-06-16 19:52:36
SESS0000162,P00108,장바구니_담기,2026-06-16 19:53:19
SESS0000162,P00116,구매완료,2026-06-16 19:56:59
SESS0000163,P00076,상품_상세조회,2026-06-05 17:34:30
SESS0000164,P00088,상품_상세조회,2026-06-18 18:36:04
SESS0000164,P00015,상품_상세조회,2026-06-18 18:38:41
SESS0000165,P00086,상품_상세조회,2026-06-27 19:06:56
SESS0000165,P00087,찜하기,2026-06-27 19:08:21
SESS0000165,P00087,장바구니_담기,2026-06-27 19:08:43
SESS0000165,P00076,구매완료,2026-06-27 19:12:01
SESS0000166,P00100,상품_상세조회,2026-06-05 15:29:24
SESS0000166,P00088,상품_상세조회,2026-06-05 15:33:57
SESS0000166,P00089,찜하기,2026-06-05 15:34:44
SESS0000166,P00089,상품_상세조회,2026-06-05 15:35:06
SESS0000167,P00015,상품_상세조회,2026-06-11 18:22:05
SESS0000167,P00122,상품_상세조회,2026-06-11 18:24:22
SESS0000168,P00089,상품_상세조회,2026-06-11 15:18:58
SESS0000168,P00090,상품_상세조회,2026-06-11 15:27:28
SESS0000168,P00110,상품_상세조회,2026-06-11 15:29:32
SESS0000168,P00120,상품_상세조회,2026-06-11 15:30:47
SESS0000168,P00114,찜하기,2026-06-11 15:32:44
SESS0000168,P00120,장바구니_담기,2026-06-11 15:34:32
SESS0000169,P00092,상품_상세조회,2026-06-29 23:18:11
SESS0000169,P00064,상품_상세조회,2026-06-29 23:20:23
SESS0000170,P00010,상품_상세조회,2026-06-17 22:05:17
SESS0000170,P00001,상품_상세조회,2026-06-17 22:06:23
SESS0000170,P00011,상품_상세조회,2026-06-17 22:08:31
SESS0000171,P00002,상품_상세조회,2026-06-05 19:11:33
SESS0000175,P00106,상품_상세조회,2026-06-17 12:06:33
SESS0000175,P00120,상품_상세조회,2026-06-17 12:07:56
SESS0000175,P00106,장바구니_담기,2026-06-17 12:09:59
SESS0000175,P00109,구매완료,2026-06-17 12:11:48
SESS0000176,P00006,상품_상세조회,2026-06-12 19:11:45
SESS0000176,P00119,상품_상세조회,2026-06-12 19:14:14
SESS0000178,P00008,상품_상세조회,2026-06-14 18:58:05
SESS0000178,P00015,장바구니_담기,2026-06-14 18:59:39
SESS0000178,P00007,상품_상세조회,2026-06-14 19:01:26
SESS0000178,P00007,상품_상세조회,2026-06-14 19:01:45
SESS0000179,P00110,상품_상세조회,2026-06-17 11:21:58
SESS0000179,P00041,상품_상세조회,2026-06-17 11:25:49
SESS0000179,P00043,상품_상세조회,2026-06-17 11:27:07
SESS0000179,P00033,상품_상세조회,2026-06-17 11:28:59
SESS0000180,P00142,상품_상세조회,2026-06-17 12:49:06
SESS0000181,P00161,상품_상세조회,2026-06-06 14:21:04
SESS0000181,P00155,찜하기,2026-06-06 14:22:24
SESS0000183,P00115,상품_상세조회,2026-06-04 22:52:40
SESS0000183,P00119,상품_상세조회,2026-06-04 22:54:30
SESS0000184,P00123,상품_상세조회,2026-06-05 23:28:38
SESS0000184,P00121,상품_상세조회,2026-06-05 23:30:15
SESS0000184,P00130,장바구니_담기,2026-06-05 23:31:01
SESS0000185,P00111,상품_상세조회,2026-06-26 23:56:51
SESS0000185,P00120,장바구니_담기,2026-06-26 23:59:40
SESS0000185,P00120,구매완료,2026-06-27 00:04:13
SESS0000186,P00154,상품_상세조회,2026-06-20 21:07:19
SESS0000186,P00158,찜하기,2026-06-20 21:08:10
SESS0000186,P00160,상품_상세조회,2026-06-20 21:09:02
SESS0000186,P00154,상품_상세조회,2026-06-20 21:11:01
SESS0000186,P00156,상품_상세조회,2026-06-20 21:13:08
SESS0000186,P00154,찜하기,2026-06-20 21:14:13
SESS0000186,P00161,장바구니_담기,2026-06-20 21:16:38
SESS0000187,P00103,상품_상세조회,2026-06-22 17:18:35
SESS0000188,P00113,상품_상세조회,2026-06-26 23:31:36
SESS0000188,P00109,장바구니_담기,2026-06-26 23:34:26
SESS0000188,P00109,상품_상세조회,2026-06-26 23:37:00
SESS0000188,P00111,상품_상세조회,2026-06-26 23:39:59
SESS0000189,P00065,상품_상세조회,2026-07-01 23:07:45
SESS0000190,P00015,상품_상세조회,2026-06-29 20:12:00
SESS0000190,P00012,상품_상세조회,2026-06-29 20:14:47
SESS0000190,P00003,상품_상세조회,2026-06-29 20:16:03
SESS0000191,P00023,상품_상세조회,2026-06-04 22:32:14
SESS0000191,P00022,상품_상세조회,2026-06-04 22:33:29
SESS0000191,P00025,찜하기,2026-06-04 22:36:19
SESS0000191,P00028,상품_상세조회,2026-06-04 22:39:08
SESS0000192,P00077,상품_상세조회,2026-06-23 23:47:47
SESS0000192,P00078,찜하기,2026-06-23 23:49:25
SESS0000193,P00111,상품_상세조회,2026-06-21 23:13:10
SESS0000193,P00008,상품_상세조회,2026-06-21 23:15:21
SESS0000193,P00012,상품_상세조회,2026-06-21 23:17:06
SESS0000193,P00001,찜하기,2026-06-21 23:18:11
SESS0000194,P00096,상품_상세조회,2026-06-17 21:52:09
SESS0000194,P00100,장바구니_담기,2026-06-17 21:53:14
SESS0000195,P00146,상품_상세조회,2026-07-02 18:48:34
SESS0000196,P00077,상품_상세조회,2026-06-06 15:21:20
SESS0000196,P00084,상품_상세조회,2026-06-06 15:23:08
SESS0000196,P00080,찜하기,2026-06-06 15:23:51
SESS0000196,P00077,장바구니_담기,2026-06-06 15:25:42
SESS0000198,P00075,상품_상세조회,2026-06-08 15:43:52
SESS0000198,P00064,찜하기,2026-06-08 15:45:39
SESS0000198,P00061,상품_상세조회,2026-06-08 15:46:23
SESS0000198,P00070,상품_상세조회,2026-06-08 15:47:51
SESS0000199,P00089,상품_상세조회,2026-06-25 17:28:12
SESS0000199,P00085,상품_상세조회,2026-06-25 17:30:49
SESS0000200,P00099,상품_상세조회,2026-06-13 19:22:42
SESS0000201,P00068,상품_상세조회,2026-06-14 18:05:03
SESS0000201,P00073,찜하기,2026-06-14 18:07:28
SESS0000201,P00069,상품_상세조회,2026-06-14 18:09:56
SESS0000202,P00099,상품_상세조회,2026-06-09 17:36:09
SESS0000202,P00102,상품_상세조회,2026-06-09 17:38:45
SESS0000203,P00105,상품_상세조회,2026-06-21 20:45:18
SESS0000204,P00130,상품_상세조회,2026-06-26 20:25:44
SESS0000205,P00030,상품_상세조회,2026-06-04 16:00:45
SESS0000206,P00006,상품_상세조회,2026-06-08 17:48:01
SESS0000206,P00022,상품_상세조회,2026-06-08 17:55:37
SESS0000207,P00076,상품_상세조회,2026-06-22 19:20:09
SESS0000207,P00081,찜하기,2026-06-22 19:21:50
SESS0000207,P00090,장바구니_담기,2026-06-22 19:23:20
SESS0000209,P00153,상품_상세조회,2026-06-26 21:12:52
SESS0000209,P00151,상품_상세조회,2026-06-26 21:15:22
SESS0000209,P00157,장바구니_담기,2026-06-26 21:16:19
SESS0000209,P00164,구매완료,2026-06-26 21:19:08
SESS0000210,P00070,상품_상세조회,2026-06-14 19:47:12
SESS0000210,P00061,상품_상세조회,2026-06-14 19:49:19
SESS0000211,P00158,상품_상세조회,2026-06-14 23:26:51
SESS0000211,P00155,상품_상세조회,2026-06-14 23:28:54
SESS0000211,P00151,장바구니_담기,2026-06-14 23:30:47
SESS0000211,P00161,구매완료,2026-06-14 23:33:31
SESS0000213,P00006,상품_상세조회,2026-06-16 19:32:27
SESS0000213,P00012,상품_상세조회,2026-06-16 19:33:45
SESS0000213,P00001,상품_상세조회,2026-06-16 19:35:54
SESS0000213,P00008,장바구니_담기,2026-06-16 19:36:24
SESS0000213,P00005,구매완료,2026-06-16 19:39:02
SESS0000214,P00067,상품_상세조회,2026-06-11 23:06:44
SESS0000215,P00133,상품_상세조회,2026-07-03 23:56:57
SESS0000216,P00009,상품_상세조회,2026-06-10 21:58:12
SESS0000216,P00058,상품_상세조회,2026-06-10 22:01:23
SESS0000216,P00048,찜하기,2026-06-10 22:02:44
SESS0000217,P00069,상품_상세조회,2026-06-19 23:49:58
SESS0000217,P00070,찜하기,2026-06-19 23:51:49
SESS0000218,P00144,상품_상세조회,2026-06-04 19:16:55
SESS0000219,P00039,상품_상세조회,2026-07-03 22:09:14
SESS0000219,P00043,찜하기,2026-07-03 22:11:21
SESS0000219,P00045,상품_상세조회,2026-07-03 22:12:04
SESS0000219,P00033,장바구니_담기,2026-07-03 22:13:01
SESS0000220,P00068,상품_상세조회,2026-06-28 23:58:41
SESS0000220,P00063,찜하기,2026-06-29 00:00:02
SESS0000221,P00061,상품_상세조회,2026-06-07 21:49:39
SESS0000221,P00137,상품_상세조회,2026-06-07 21:52:30
SESS0000221,P00138,장바구니_담기,2026-06-07 21:54:41
SESS0000223,P00072,상품_상세조회,2026-07-01 15:54:33
SESS0000223,P00061,장바구니_담기,2026-07-01 15:55:33
SESS0000223,P00071,구매완료,2026-07-01 15:59:02
SESS0000225,P00130,상품_상세조회,2026-06-05 21:43:07
SESS0000225,P00067,상품_상세조회,2026-06-05 21:46:26
SESS0000225,P00068,상품_상세조회,2026-06-05 21:47:33
SESS0000225,P00001,상품_상세조회,2026-06-05 21:50:38
SESS0000225,P00010,상품_상세조회,2026-06-05 21:51:41
SESS0000225,P00010,상품_상세조회,2026-06-05 21:52:49
SESS0000225,P00012,장바구니_담기,2026-06-05 21:55:45
SESS0000226,P00153,상품_상세조회,2026-07-03 19:57:18
SESS0000226,P00160,찜하기,2026-07-03 19:58:13
SESS0000227,P00145,상품_상세조회,2026-07-03 23:56:54
SESS0000228,P00053,상품_상세조회,2026-06-09 18:46:06
SESS0000229,P00048,상품_상세조회,2026-06-06 22:06:52
SESS0000229,P00046,장바구니_담기,2026-06-06 22:07:07
SESS0000229,P00053,구매완료,2026-06-06 22:11:34
SESS0000230,P00074,상품_상세조회,2026-07-01 22:20:18
SESS0000230,P00070,장바구니_담기,2026-07-01 22:21:33
SESS0000230,P00071,상품_상세조회,2026-07-01 22:23:45
SESS0000230,P00065,상품_상세조회,2026-07-01 22:24:11
SESS0000231,P00009,상품_상세조회,2026-06-28 19:47:31
SESS0000231,P00094,상품_상세조회,2026-06-28 19:51:20
SESS0000231,P00097,찜하기,2026-06-28 19:53:50
SESS0000231,P00105,장바구니_담기,2026-06-28 19:54:49
SESS0000231,P00099,구매완료,2026-06-28 19:57:06
SESS0000232,P00163,상품_상세조회,2026-06-12 18:38:33
SESS0000233,P00009,상품_상세조회,2026-06-22 19:21:19
SESS0000233,P00005,장바구니_담기,2026-06-22 19:21:42
SESS0000233,P00006,구매완료,2026-06-22 19:24:29
SESS0000234,P00070,상품_상세조회,2026-06-12 17:33:11
SESS0000234,P00063,상품_상세조회,2026-06-12 17:34:11
SESS0000234,P00063,찜하기,2026-06-12 17:35:09
SESS0000234,P00068,상품_상세조회,2026-06-12 17:35:42
SESS0000235,P00130,상품_상세조회,2026-06-23 21:06:44
SESS0000236,P00156,상품_상세조회,2026-06-05 20:35:58
SESS0000236,P00160,장바구니_담기,2026-06-05 20:38:52
SESS0000236,P00162,구매완료,2026-06-05 20:42:03
SESS0000237,P00153,상품_상세조회,2026-06-22 20:51:31
SESS0000238,P00059,상품_상세조회,2026-07-03 18:43:39
SESS0000239,P00063,상품_상세조회,2026-07-02 20:46:53
SESS0000239,P00066,장바구니_담기,2026-07-02 20:48:45
SESS0000240,P00141,상품_상세조회,2026-06-16 21:43:59
SESS0000240,P00147,상품_상세조회,2026-06-16 21:44:38
SESS0000240,P00139,장바구니_담기,2026-06-16 21:47:13
SESS0000240,P00137,상품_상세조회,2026-06-16 21:47:38
SESS0000240,P00146,찜하기,2026-06-16 21:49:35
SESS0000240,P00150,상품_상세조회,2026-06-16 21:52:11
SESS0000241,P00002,상품_상세조회,2026-06-06 17:07:58
SESS0000242,P00062,상품_상세조회,2026-06-08 13:11:43
SESS0000242,P00064,장바구니_담기,2026-06-08 13:12:39
SESS0000242,P00075,상품_상세조회,2026-06-08 13:15:29
SESS0000243,P00100,상품_상세조회,2026-06-10 21:48:30
SESS0000243,P00099,상품_상세조회,2026-06-10 21:49:36
SESS0000243,P00007,상품_상세조회,2026-06-10 21:57:14
SESS0000243,P00004,찜하기,2026-06-10 21:58:52
SESS0000243,P00001,장바구니_담기,2026-06-10 22:01:00
SESS0000244,P00180,상품_상세조회,2026-07-03 18:50:10
SESS0000245,P00067,상품_상세조회,2026-07-01 18:12:49
SESS0000245,P00063,찜하기,2026-07-01 18:15:23
SESS0000245,P00074,장바구니_담기,2026-07-01 18:17:40
SESS0000245,P00063,상품_상세조회,2026-07-01 18:20:17
SESS0000245,P00070,장바구니_담기,2026-07-01 18:22:21
SESS0000246,P00139,상품_상세조회,2026-06-19 15:54:44
SESS0000247,P00146,상품_상세조회,2026-06-13 23:52:10
SESS0000247,P00139,상품_상세조회,2026-06-13 23:54:02
SESS0000247,P00138,상품_상세조회,2026-06-13 23:58:14
SESS0000247,P00150,상품_상세조회,2026-06-13 23:58:54
SESS0000247,P00144,장바구니_담기,2026-06-13 23:59:42
SESS0000247,P00138,상품_상세조회,2026-06-14 00:00:34
SESS0000247,P00155,상품_상세조회,2026-06-14 00:02:52
SESS0000247,P00165,상품_상세조회,2026-06-14 00:05:51
SESS0000249,P00091,상품_상세조회,2026-06-16 19:36:55
SESS0000249,P00103,장바구니_담기,2026-06-16 19:39:23
SESS0000249,P00104,구매완료,2026-06-16 19:44:38
SESS0000250,P00113,상품_상세조회,2026-06-09 17:32:34
SESS0000250,P00118,상품_상세조회,2026-06-09 17:34:04
SESS0000252,P00002,상품_상세조회,2026-06-12 20:25:27
SESS0000252,P00003,상품_상세조회,2026-06-12 20:28:38
SESS0000252,P00004,상품_상세조회,2026-06-12 20:30:45
SESS0000252,P00008,장바구니_담기,2026-06-12 20:32:57
SESS0000252,P00008,구매완료,2026-06-12 20:36:15
SESS0000253,P00129,상품_상세조회,2026-06-11 21:44:36
SESS0000253,P00124,장바구니_담기,2026-06-11 21:46:20
SESS0000253,P00128,구매완료,2026-06-11 21:49:55
SESS0000254,P00119,상품_상세조회,2026-06-27 22:23:07
SESS0000254,P00111,장바구니_담기,2026-06-27 22:25:21
SESS0000254,P00109,구매완료,2026-06-27 22:31:02
SESS0000255,P00043,상품_상세조회,2026-06-20 18:43:33
SESS0000255,P00045,상품_상세조회,2026-06-20 18:45:47
SESS0000255,P00038,찜하기,2026-06-20 18:46:18
SESS0000255,P00031,장바구니_담기,2026-06-20 18:47:43
SESS0000255,P00041,구매완료,2026-06-20 18:50:51
SESS0000256,P00013,상품_상세조회,2026-07-01 17:27:50
SESS0000256,P00013,찜하기,2026-07-01 17:30:07
SESS0000256,P00008,상품_상세조회,2026-07-01 17:32:45
SESS0000257,P00007,상품_상세조회,2026-06-06 23:57:08
SESS0000258,P00009,상품_상세조회,2026-06-11 19:54:13
SESS0000258,P00009,상품_상세조회,2026-06-11 19:57:00
SESS0000258,P00007,상품_상세조회,2026-06-11 19:59:29
SESS0000258,P00004,상품_상세조회,2026-06-11 20:01:55
SESS0000259,P00064,상품_상세조회,2026-06-26 18:05:40
SESS0000259,P00065,장바구니_담기,2026-06-26 18:07:50
SESS0000259,P00070,구매완료,2026-06-26 18:09:53
SESS0000260,P00152,상품_상세조회,2026-06-16 17:06:22
SESS0000261,P00067,상품_상세조회,2026-06-09 14:05:03
SESS0000261,P00062,상품_상세조회,2026-06-09 14:05:32
SESS0000261,P00063,상품_상세조회,2026-06-09 14:07:46
SESS0000262,P00085,상품_상세조회,2026-06-30 17:23:46
SESS0000262,P00088,장바구니_담기,2026-06-30 17:24:40
SESS0000262,P00080,구매완료,2026-06-30 17:25:43
SESS0000263,P00080,상품_상세조회,2026-06-24 23:05:45
SESS0000263,P00108,상품_상세조회,2026-06-24 23:09:17
SESS0000264,P00090,상품_상세조회,2026-06-19 21:05:18
SESS0000264,P00078,장바구니_담기,2026-06-19 21:08:02
SESS0000264,P00084,상품_상세조회,2026-06-19 21:09:50
SESS0000264,P00081,상품_상세조회,2026-06-19 21:11:08
SESS0000265,P00003,상품_상세조회,2026-06-26 19:39:44
SESS0000265,P00013,장바구니_담기,2026-06-26 19:42:31
SESS0000266,P00012,상품_상세조회,2026-06-23 14:35:53
SESS0000266,P00006,상품_상세조회,2026-06-23 14:37:31
SESS0000266,P00124,상품_상세조회,2026-06-23 14:39:45
SESS0000266,P00128,상품_상세조회,2026-06-23 14:42:26
SESS0000268,P00092,상품_상세조회,2026-06-20 13:20:55
SESS0000269,P00069,상품_상세조회,2026-06-21 20:32:28
SESS0000269,P00063,상품_상세조회,2026-06-21 20:34:52
SESS0000269,P00061,상품_상세조회,2026-06-21 20:35:12
SESS0000269,P00069,상품_상세조회,2026-06-21 20:37:11
SESS0000270,P00078,상품_상세조회,2026-06-04 18:07:32
SESS0000270,P00089,장바구니_담기,2026-06-04 18:09:14
SESS0000271,P00158,상품_상세조회,2026-06-21 18:20:53
SESS0000272,P00006,상품_상세조회,2026-06-09 20:32:48
SESS0000272,P00009,찜하기,2026-06-09 20:34:08
SESS0000272,P00001,상품_상세조회,2026-06-09 20:35:15
SESS0000272,P00014,찜하기,2026-06-09 20:35:37
SESS0000272,P00008,상품_상세조회,2026-06-09 20:36:09
SESS0000272,P00015,찜하기,2026-06-09 20:37:07
SESS0000272,P00009,장바구니_담기,2026-06-09 20:38:08
SESS0000273,P00095,상품_상세조회,2026-06-07 20:46:54
SESS0000274,P00118,상품_상세조회,2026-06-17 16:09:26
SESS0000274,P00119,장바구니_담기,2026-06-17 16:11:59
SESS0000274,P00117,상품_상세조회,2026-06-17 16:13:18
SESS0000275,P00108,상품_상세조회,2026-06-07 19:27:54
SESS0000275,P00109,상품_상세조회,2026-06-07 19:30:50
SESS0000276,P00117,상품_상세조회,2026-06-30 17:41:55
SESS0000278,P00082,상품_상세조회,2026-06-27 16:52:17
SESS0000279,P00145,상품_상세조회,2026-06-08 15:21:48
SESS0000279,P00140,찜하기,2026-06-08 15:24:22
SESS0000279,P00149,상품_상세조회,2026-06-08 15:26:38
SESS0000280,P00014,상품_상세조회,2026-07-03 18:44:04
SESS0000280,P00006,상품_상세조회,2026-07-03 18:44:33
SESS0000280,P00005,상품_상세조회,2026-07-03 18:45:56
SESS0000280,P00009,찜하기,2026-07-03 18:46:11
SESS0000281,P00105,상품_상세조회,2026-07-03 20:11:22
SESS0000282,P00092,상품_상세조회,2026-06-24 19:39:22
SESS0000282,P00094,장바구니_담기,2026-06-24 19:41:05
SESS0000282,P00102,구매완료,2026-06-24 19:44:06
SESS0000283,P00076,상품_상세조회,2026-07-03 23:03:17
SESS0000283,P00145,상품_상세조회,2026-07-03 23:08:44
SESS0000283,P00091,상품_상세조회,2026-07-03 23:12:15
SESS0000283,P00102,장바구니_담기,2026-07-03 23:14:58
SESS0000283,P00098,구매완료,2026-07-03 23:20:01
SESS0000285,P00140,상품_상세조회,2026-06-04 17:52:47
SESS0000287,P00058,상품_상세조회,2026-06-08 21:23:26
SESS0000287,P00057,장바구니_담기,2026-06-08 21:24:57
SESS0000287,P00052,구매완료,2026-06-08 21:30:32
SESS0000288,P00068,상품_상세조회,2026-06-15 17:15:02
SESS0000288,P00064,상품_상세조회,2026-06-15 17:16:14
SESS0000288,P00063,장바구니_담기,2026-06-15 17:17:33
SESS0000290,P00054,상품_상세조회,2026-06-06 14:46:36
SESS0000290,P00053,찜하기,2026-06-06 14:47:52
SESS0000291,P00124,상품_상세조회,2026-06-27 18:33:47
SESS0000292,P00153,상품_상세조회,2026-06-20 21:47:42
SESS0000292,P00161,찜하기,2026-06-20 21:48:05
SESS0000292,P00160,장바구니_담기,2026-06-20 21:50:32
SESS0000292,P00160,구매완료,2026-06-20 21:55:09
SESS0000293,P00003,상품_상세조회,2026-06-11 18:08:26
SESS0000294,P00005,상품_상세조회,2026-06-16 22:19:47
SESS0000295,P00076,상품_상세조회,2026-06-18 13:03:15
SESS0000296,P00048,상품_상세조회,2026-06-04 23:45:04
SESS0000296,P00055,상품_상세조회,2026-06-04 23:47:15
SESS0000296,P00049,찜하기,2026-06-04 23:49:33
SESS0000297,P00004,상품_상세조회,2026-07-03 23:53:52
SESS0000297,P00002,장바구니_담기,2026-07-03 23:54:51
SESS0000297,P00005,구매완료,2026-07-03 23:58:43
SESS0000298,P00009,상품_상세조회,2026-06-05 23:21:23
SESS0000298,P00007,상품_상세조회,2026-06-05 23:25:43
SESS0000298,P00011,상품_상세조회,2026-06-05 23:28:35
SESS0000298,P00011,장바구니_담기,2026-06-05 23:30:09
SESS0000299,P00148,상품_상세조회,2026-06-30 21:47:22
SESS0000299,P00138,찜하기,2026-06-30 21:49:56
SESS0000300,P00157,상품_상세조회,2026-06-17 17:18:36
SESS0000300,P00162,찜하기,2026-06-17 17:19:59
SESS0000300,P00152,장바구니_담기,2026-06-17 17:22:15
SESS0000300,P00158,상품_상세조회,2026-06-17 17:23:37
SESS0000300,P00161,상품_상세조회,2026-06-17 17:24:34
SESS0000300,P00153,장바구니_담기,2026-06-17 17:26:34
SESS0000300,P00165,구매완료,2026-06-17 17:29:47
SESS0000302,P00083,상품_상세조회,2026-06-11 17:03:51
SESS0000303,P00076,상품_상세조회,2026-06-05 21:14:46
SESS0000304,P00128,상품_상세조회,2026-06-14 20:36:09
SESS0000305,P00119,상품_상세조회,2026-06-29 17:12:36
SESS0000305,P00117,상품_상세조회,2026-06-29 17:12:55
SESS0000306,P00098,상품_상세조회,2026-06-30 19:36:25
SESS0000306,P00094,장바구니_담기,2026-06-30 19:38:36
SESS0000306,P00098,상품_상세조회,2026-06-30 19:40:13
SESS0000307,P00085,상품_상세조회,2026-06-30 19:54:30
SESS0000307,P00007,상품_상세조회,2026-06-30 19:58:51
SESS0000307,P00007,장바구니_담기,2026-06-30 19:59:52
SESS0000307,P00002,상품_상세조회,2026-06-30 20:02:49
SESS0000307,P00008,장바구니_담기,2026-06-30 20:04:44
SESS0000307,P00004,구매완료,2026-06-30 20:08:07
SESS0000308,P00071,상품_상세조회,2026-06-18 18:55:47
SESS0000310,P00063,상품_상세조회,2026-06-06 19:54:21
SESS0000310,P00068,찜하기,2026-06-06 19:54:52
SESS0000311,P00015,상품_상세조회,2026-06-08 12:31:33
SESS0000312,P00066,상품_상세조회,2026-06-25 16:01:37
SESS0000312,P00071,장바구니_담기,2026-06-25 16:01:58
SESS0000312,P00062,구매완료,2026-06-25 16:06:16
SESS0000313,P00123,상품_상세조회,2026-06-26 21:14:59
SESS0000313,P00122,장바구니_담기,2026-06-26 21:16:05
SESS0000313,P00131,구매완료,2026-06-26 21:19:22
SESS0000315,P00150,상품_상세조회,2026-06-08 14:23:11
SESS0000315,P00143,상품_상세조회,2026-06-08 14:25:32
SESS0000315,P00137,상품_상세조회,2026-06-08 14:28:22
SESS0000317,P00142,상품_상세조회,2026-06-13 20:58:45
SESS0000317,P00149,찜하기,2026-06-13 21:00:38
SESS0000317,P00145,장바구니_담기,2026-06-13 21:03:26
SESS0000317,P00145,구매완료,2026-06-13 21:07:57
SESS0000319,P00158,상품_상세조회,2026-06-15 19:49:49
SESS0000320,P00121,상품_상세조회,2026-06-26 00:02:46
SESS0000320,P00130,장바구니_담기,2026-06-26 00:05:33
SESS0000320,P00123,구매완료,2026-06-26 00:10:10
SESS0000322,P00004,상품_상세조회,2026-06-10 22:00:22
SESS0000322,P00014,찜하기,2026-06-10 22:01:42
SESS0000322,P00009,상품_상세조회,2026-06-10 22:03:35
SESS0000322,P00013,장바구니_담기,2026-06-10 22:03:56
SESS0000322,P00003,구매완료,2026-06-10 22:05:55
SESS0000323,P00043,상품_상세조회,2026-06-09 16:57:28
SESS0000325,P00084,상품_상세조회,2026-06-26 14:20:22
SESS0000325,P00077,장바구니_담기,2026-06-26 14:22:49
SESS0000325,P00076,상품_상세조회,2026-06-26 14:24:05
SESS0000326,P00082,상품_상세조회,2026-06-23 17:30:53
SESS0000326,P00085,상품_상세조회,2026-06-23 17:31:27
SESS0000326,P00088,상품_상세조회,2026-06-23 17:34:19
SESS0000326,P00078,상품_상세조회,2026-06-23 17:35:59
SESS0000326,P00085,찜하기,2026-06-23 17:38:02
SESS0000327,P00006,상품_상세조회,2026-06-12 17:34:45
SESS0000327,P00011,장바구니_담기,2026-06-12 17:36:54
SESS0000327,P00014,구매완료,2026-06-12 17:41:44
SESS0000328,P00128,상품_상세조회,2026-06-13 20:11:50
SESS0000328,P00123,찜하기,2026-06-13 20:12:57
SESS0000329,P00163,상품_상세조회,2026-07-01 19:35:53
SESS0000330,P00154,상품_상세조회,2026-06-10 22:22:18
SESS0000330,P00162,상품_상세조회,2026-06-10 22:24:57
SESS0000330,P00163,상품_상세조회,2026-06-10 22:25:43
SESS0000330,P00012,상품_상세조회,2026-06-10 22:29:55
SESS0000330,P00013,상품_상세조회,2026-06-10 22:32:42
SESS0000330,P00008,상품_상세조회,2026-06-10 22:33:52
SESS0000330,P00113,상품_상세조회,2026-06-10 22:37:27
SESS0000330,P00110,상품_상세조회,2026-06-10 22:39:24
SESS0000330,P00114,상품_상세조회,2026-06-10 22:40:44
SESS0000331,P00133,상품_상세조회,2026-06-27 22:49:30
SESS0000331,P00127,장바구니_담기,2026-06-27 22:51:35
SESS0000331,P00122,구매완료,2026-06-27 22:55:11
SESS0000332,P00122,상품_상세조회,2026-06-12 23:24:41
SESS0000333,P00135,상품_상세조회,2026-06-26 11:12:47
SESS0000333,P00134,장바구니_담기,2026-06-26 11:13:41
SESS0000334,P00069,상품_상세조회,2026-06-10 20:18:26
SESS0000334,P00063,찜하기,2026-06-10 20:19:46
SESS0000334,P00075,장바구니_담기,2026-06-10 20:20:25
SESS0000334,P00068,구매완료,2026-06-10 20:24:21
SESS0000335,P00152,상품_상세조회,2026-06-30 22:20:59
SESS0000336,P00133,상품_상세조회,2026-06-27 23:46:07
SESS0000336,P00134,장바구니_담기,2026-06-27 23:49:04
SESS0000337,P00160,상품_상세조회,2026-06-21 17:30:36
SESS0000337,P00159,찜하기,2026-06-21 17:31:59
SESS0000337,P00158,상품_상세조회,2026-06-21 17:32:19
SESS0000337,P00071,상품_상세조회,2026-06-21 17:34:56
SESS0000337,P00061,찜하기,2026-06-21 17:35:36
SESS0000337,P00061,상품_상세조회,2026-06-21 17:36:06
SESS0000337,P00063,장바구니_담기,2026-06-21 17:37:30
SESS0000337,P00068,상품_상세조회,2026-06-21 17:40:03
SESS0000337,P00062,상품_상세조회,2026-06-21 17:42:27
SESS0000337,P00074,찜하기,2026-06-21 17:44:24
SESS0000338,P00170,상품_상세조회,2026-06-20 21:40:23
SESS0000338,P00172,상품_상세조회,2026-06-20 21:41:54
SESS0000339,P00108,상품_상세조회,2026-06-13 20:15:23
SESS0000340,P00133,상품_상세조회,2026-06-06 16:28:53
SESS0000340,P00122,상품_상세조회,2026-06-06 16:31:41
SESS0000340,P00122,상품_상세조회,2026-06-06 16:34:09
SESS0000340,P00123,상품_상세조회,2026-06-06 16:36:57
SESS0000341,P00067,상품_상세조회,2026-06-15 18:09:35
SESS0000342,P00006,상품_상세조회,2026-06-26 19:31:42
SESS0000342,P00001,상품_상세조회,2026-06-26 19:33:33
SESS0000342,P00101,상품_상세조회,2026-06-26 19:35:40
SESS0000343,P00118,상품_상세조회,2026-06-07 15:15:51
SESS0000343,P00116,찜하기,2026-06-07 15:18:39
SESS0000343,P00120,상품_상세조회,2026-06-07 15:19:06
SESS0000343,P00117,상품_상세조회,2026-06-07 15:19:22
SESS0000343,P00106,상품_상세조회,2026-06-07 15:21:45
SESS0000343,P00111,상품_상세조회,2026-06-07 15:24:19
SESS0000343,P00114,상품_상세조회,2026-06-07 15:25:19
SESS0000343,P00113,상품_상세조회,2026-06-07 15:27:31
SESS0000345,P00131,상품_상세조회,2026-06-16 20:28:10
SESS0000345,P00129,상품_상세조회,2026-06-16 20:29:51
SESS0000346,P00086,상품_상세조회,2026-06-18 17:34:18
SESS0000347,P00052,상품_상세조회,2026-06-08 16:34:39
SESS0000347,P00052,상품_상세조회,2026-06-08 16:35:20
SESS0000348,P00016,상품_상세조회,2026-06-28 16:01:58
SESS0000350,P00047,상품_상세조회,2026-06-10 18:51:39
SESS0000351,P00049,상품_상세조회,2026-06-08 19:59:18
SESS0000351,P00118,상품_상세조회,2026-06-08 20:05:53
SESS0000352,P00126,상품_상세조회,2026-06-05 17:38:20
SESS0000352,P00131,찜하기,2026-06-05 17:40:48
SESS0000353,P00165,상품_상세조회,2026-06-17 19:45:29
SESS0000353,P00157,상품_상세조회,2026-06-17 19:46:16
SESS0000353,P00153,상품_상세조회,2026-06-17 19:48:19
SESS0000355,P00113,상품_상세조회,2026-06-22 18:39:03
SESS0000355,P00076,상품_상세조회,2026-06-22 18:44:19
SESS0000355,P00086,상품_상세조회,2026-06-22 18:45:52
SESS0000355,P00081,찜하기,2026-06-22 18:48:22
SESS0000356,P00085,상품_상세조회,2026-07-01 17:38:00
SESS0000356,P00086,상품_상세조회,2026-07-01 17:40:20
SESS0000356,P00087,찜하기,2026-07-01 17:42:17
SESS0000357,P00115,상품_상세조회,2026-06-13 20:17:09
SESS0000357,P00112,상품_상세조회,2026-06-13 20:18:00
SESS0000357,P00114,상품_상세조회,2026-06-13 20:19:11
SESS0000358,P00093,상품_상세조회,2026-07-03 21:05:19
SESS0000358,P00105,장바구니_담기,2026-07-03 21:06:05
SESS0000359,P00115,상품_상세조회,2026-06-23 22:35:14
SESS0000360,P00044,상품_상세조회,2026-07-02 23:49:27
SESS0000360,P00005,상품_상세조회,2026-07-02 23:53:45
SESS0000360,P00007,장바구니_담기,2026-07-02 23:56:21
SESS0000360,P00003,구매완료,2026-07-02 23:58:40
SESS0000361,P00056,상품_상세조회,2026-06-24 17:19:22
SESS0000361,P00058,상품_상세조회,2026-06-24 17:21:12
SESS0000361,P00049,찜하기,2026-06-24 17:21:55
SESS0000361,P00055,상품_상세조회,2026-06-24 17:23:50
SESS0000361,P00048,장바구니_담기,2026-06-24 17:25:29
SESS0000361,P00058,구매완료,2026-06-24 17:28:18
SESS0000362,P00036,상품_상세조회,2026-06-11 19:18:51
SESS0000362,P00041,상품_상세조회,2026-06-11 19:20:44
SESS0000363,P00140,상품_상세조회,2026-06-29 19:53:39
SESS0000363,P00138,장바구니_담기,2026-06-29 19:56:21
SESS0000363,P00146,구매완료,2026-06-29 19:59:18
SESS0000364,P00052,상품_상세조회,2026-06-14 16:47:27
SESS0000366,P00121,상품_상세조회,2026-06-22 15:20:02
SESS0000366,P00132,장바구니_담기,2026-06-22 15:21:37
SESS0000366,P00125,구매완료,2026-06-22 15:25:15
SESS0000367,P00061,상품_상세조회,2026-06-09 23:49:45
SESS0000367,P00065,찜하기,2026-06-09 23:50:32
SESS0000367,P00074,상품_상세조회,2026-06-09 23:51:04
SESS0000367,P00068,상품_상세조회,2026-06-09 23:53:09
SESS0000367,P00066,상품_상세조회,2026-06-09 23:55:45
SESS0000367,P00066,장바구니_담기,2026-06-09 23:58:12
SESS0000368,P00151,상품_상세조회,2026-06-07 18:08:37
SESS0000368,P00165,상품_상세조회,2026-06-07 18:09:44
SESS0000369,P00123,상품_상세조회,2026-06-15 19:21:39
SESS0000369,P00128,장바구니_담기,2026-06-15 19:22:19
SESS0000369,P00135,상품_상세조회,2026-06-15 19:23:57
SESS0000369,P00129,장바구니_담기,2026-06-15 19:25:47
SESS0000369,P00130,구매완료,2026-06-15 19:30:00
SESS0000371,P00126,상품_상세조회,2026-06-22 20:49:30
SESS0000372,P00133,상품_상세조회,2026-06-04 23:02:38
SESS0000372,P00131,상품_상세조회,2026-06-04 23:05:19
SESS0000372,P00122,찜하기,2026-06-04 23:05:59
SESS0000373,P00063,상품_상세조회,2026-06-18 23:29:47
SESS0000373,P00075,찜하기,2026-06-18 23:31:12
SESS0000373,P00065,장바구니_담기,2026-06-18 23:33:11
SESS0000373,P00071,구매완료,2026-06-18 23:37:07
SESS0000374,P00091,상품_상세조회,2026-06-21 00:03:24
SESS0000375,P00007,상품_상세조회,2026-06-09 20:00:08
SESS0000375,P00005,상품_상세조회,2026-06-09 20:01:49
SESS0000375,P00002,찜하기,2026-06-09 20:04:23
SESS0000376,P00141,상품_상세조회,2026-06-04 22:55:27
SESS0000377,P00132,상품_상세조회,2026-06-14 19:59:01
SESS0000377,P00128,상품_상세조회,2026-06-14 20:00:00
SESS0000377,P00125,상품_상세조회,2026-06-14 20:00:16
SESS0000377,P00121,상품_상세조회,2026-06-14 20:01:46
SESS0000377,P00128,상품_상세조회,2026-06-14 20:03:07
SESS0000377,P00156,상품_상세조회,2026-06-14 20:05:54
SESS0000377,P00160,상품_상세조회,2026-06-14 20:07:34
SESS0000377,P00161,찜하기,2026-06-14 20:07:59
SESS0000377,P00153,상품_상세조회,2026-06-14 20:09:38
SESS0000377,P00161,상품_상세조회,2026-06-14 20:11:15
SESS0000377,P00156,상품_상세조회,2026-06-14 20:11:42
SESS0000378,P00071,상품_상세조회,2026-06-13 17:35:59
SESS0000378,P00066,상품_상세조회,2026-06-13 17:37:22
SESS0000378,P00063,상품_상세조회,2026-06-13 17:38:10
SESS0000378,P00050,상품_상세조회,2026-06-13 17:42:35
SESS0000378,P00052,상품_상세조회,2026-06-13 17:43:55
SESS0000380,P00073,상품_상세조회,2026-06-29 16:54:18
SESS0000380,P00074,장바구니_담기,2026-06-29 16:55:32
SESS0000382,P00003,상품_상세조회,2026-06-21 20:01:28
SESS0000382,P00002,상품_상세조회,2026-06-21 20:01:58
SESS0000382,P00009,장바구니_담기,2026-06-21 20:03:55
SESS0000382,P00014,구매완료,2026-06-21 20:08:25
SESS0000383,P00091,상품_상세조회,2026-06-22 17:16:03
SESS0000383,P00094,상품_상세조회,2026-06-22 17:16:46
SESS0000384,P00165,상품_상세조회,2026-06-07 15:46:20
SESS0000384,P00156,상품_상세조회,2026-06-07 15:47:28
SESS0000384,P00158,상품_상세조회,2026-06-07 15:48:13
SESS0000385,P00043,상품_상세조회,2026-06-11 23:36:41
SESS0000385,P00164,상품_상세조회,2026-06-11 23:43:18
SESS0000385,P00157,찜하기,2026-06-11 23:45:18
SESS0000386,P00037,상품_상세조회,2026-06-25 17:48:12
SESS0000389,P00011,상품_상세조회,2026-06-15 21:12:02
SESS0000389,P00001,상품_상세조회,2026-06-15 21:14:26
SESS0000390,P00025,상품_상세조회,2026-06-22 15:43:03
SESS0000390,P00023,장바구니_담기,2026-06-22 15:44:30
SESS0000390,P00029,상품_상세조회,2026-06-22 15:44:45
SESS0000390,P00079,상품_상세조회,2026-06-22 15:49:05
SESS0000391,P00026,상품_상세조회,2026-06-29 19:17:40
SESS0000391,P00075,상품_상세조회,2026-06-29 19:22:13
SESS0000392,P00129,상품_상세조회,2026-06-21 16:23:22
SESS0000392,P00082,상품_상세조회,2026-06-21 16:25:57
SESS0000392,P00077,상품_상세조회,2026-06-21 16:26:25
SESS0000392,P00083,장바구니_담기,2026-06-21 16:27:42
SESS0000392,P00085,구매완료,2026-06-21 16:32:41
SESS0000393,P00156,상품_상세조회,2026-06-04 19:29:47
SESS0000393,P00154,장바구니_담기,2026-06-04 19:30:47
SESS0000393,P00155,구매완료,2026-06-04 19:32:00
SESS0000395,P00040,상품_상세조회,2026-06-10 21:02:14
SESS0000396,P00131,상품_상세조회,2026-06-08 21:51:36
SESS0000396,P00135,장바구니_담기,2026-06-08 21:52:40
SESS0000396,P00123,구매완료,2026-06-08 21:56:03
SESS0000397,P00044,상품_상세조회,2026-06-11 22:56:31
SESS0000398,P00158,상품_상세조회,2026-07-02 18:20:20
SESS0000398,P00165,장바구니_담기,2026-07-02 18:23:07
SESS0000399,P00127,상품_상세조회,2026-06-05 13:15:11
SESS0000399,P00127,상품_상세조회,2026-06-05 13:17:24
SESS0000399,P00127,장바구니_담기,2026-06-05 13:18:42
SESS0000399,P00124,구매완료,2026-06-05 13:20:56
SESS0000400,P00061,상품_상세조회,2026-06-14 19:13:59
SESS0000400,P00063,상품_상세조회,2026-06-14 19:16:22
SESS0000400,P00073,상품_상세조회,2026-06-14 19:19:12
SESS0000400,P00070,상품_상세조회,2026-06-14 19:21:52
SESS0000400,P00071,상품_상세조회,2026-06-14 19:23:42
SESS0000401,P00067,상품_상세조회,2026-06-08 15:19:13
SESS0000401,P00073,상품_상세조회,2026-06-08 15:21:42
SESS0000402,P00069,상품_상세조회,2026-06-12 18:40:15
SESS0000402,P00072,장바구니_담기,2026-06-12 18:42:51
SESS0000402,P00063,구매완료,2026-06-12 18:45:48
SESS0000403,P00090,상품_상세조회,2026-06-19 18:19:31
SESS0000403,P00076,상품_상세조회,2026-06-19 18:21:01
SESS0000403,P00081,상품_상세조회,2026-06-19 18:22:45
SESS0000403,P00100,상품_상세조회,2026-06-19 18:26:09
SESS0000404,P00167,상품_상세조회,2026-06-14 23:59:40
SESS0000404,P00180,상품_상세조회,2026-06-15 00:00:33
SESS0000404,P00179,찜하기,2026-06-15 00:02:12
SESS0000404,P00174,장바구니_담기,2026-06-15 00:03:45
SESS0000404,P00176,구매완료,2026-06-15 00:05:44
SESS0000406,P00070,상품_상세조회,2026-06-29 15:46:03
SESS0000406,P00065,찜하기,2026-06-29 15:47:08
SESS0000406,P00073,상품_상세조회,2026-06-29 15:47:33
SESS0000407,P00079,상품_상세조회,2026-06-08 18:41:04
SESS0000407,P00089,상품_상세조회,2026-06-08 18:43:53
SESS0000407,P00164,상품_상세조회,2026-06-08 18:49:59
SESS0000407,P00160,상품_상세조회,2026-06-08 18:51:58
SESS0000408,P00083,상품_상세조회,2026-06-16 23:43:16
SESS0000408,P00079,상품_상세조회,2026-06-16 23:44:06
SESS0000408,P00077,찜하기,2026-06-16 23:45:26
SESS0000408,P00089,상품_상세조회,2026-06-16 23:46:17
SESS0000408,P00164,상품_상세조회,2026-06-16 23:48:56
SESS0000408,P00164,장바구니_담기,2026-06-16 23:50:52
SESS0000408,P00156,구매완료,2026-06-16 23:54:37
SESS0000409,P00011,상품_상세조회,2026-07-01 23:53:10
SESS0000409,P00010,장바구니_담기,2026-07-01 23:53:55
SESS0000409,P00003,구매완료,2026-07-01 23:57:25
SESS0000410,P00083,상품_상세조회,2026-06-28 18:16:19
SESS0000410,P00082,장바구니_담기,2026-06-28 18:17:10
SESS0000410,P00089,구매완료,2026-06-28 18:21:09
SESS0000411,P00011,상품_상세조회,2026-06-04 16:58:35
SESS0000411,P00004,상품_상세조회,2026-06-04 16:59:01
SESS0000412,P00008,상품_상세조회,2026-06-26 18:52:47
SESS0000412,P00012,장바구니_담기,2026-06-26 18:53:32
SESS0000413,P00061,상품_상세조회,2026-06-04 17:18:25
SESS0000413,P00063,찜하기,2026-06-04 17:20:48
SESS0000415,P00009,상품_상세조회,2026-06-10 18:35:42
SESS0000415,P00006,장바구니_담기,2026-06-10 18:36:32
SESS0000416,P00007,상품_상세조회,2026-06-21 15:34:35
SESS0000416,P00002,찜하기,2026-06-21 15:36:13
SESS0000417,P00114,상품_상세조회,2026-06-30 19:01:54
SESS0000417,P00117,장바구니_담기,2026-06-30 19:03:25
SESS0000418,P00162,상품_상세조회,2026-06-30 14:25:54
SESS0000418,P00160,상품_상세조회,2026-06-30 14:26:46
SESS0000418,P00157,상품_상세조회,2026-06-30 14:28:18
SESS0000419,P00034,상품_상세조회,2026-06-12 21:07:07
SESS0000419,P00044,장바구니_담기,2026-06-12 21:07:48
SESS0000419,P00040,구매완료,2026-06-12 21:10:13
SESS0000420,P00142,상품_상세조회,2026-06-28 20:49:06
SESS0000420,P00139,상품_상세조회,2026-06-28 20:51:22
SESS0000420,P00141,찜하기,2026-06-28 20:54:12
SESS0000420,P00149,상품_상세조회,2026-06-28 20:56:23
SESS0000420,P00143,장바구니_담기,2026-06-28 20:58:41
SESS0000420,P00138,상품_상세조회,2026-06-28 20:59:31
SESS0000421,P00004,상품_상세조회,2026-07-02 18:25:25
SESS0000421,P00160,상품_상세조회,2026-07-02 18:27:40
SESS0000421,P00158,장바구니_담기,2026-07-02 18:30:26
SESS0000421,P00157,구매완료,2026-07-02 18:34:43
SESS0000422,P00068,상품_상세조회,2026-07-01 14:01:56
SESS0000422,P00073,상품_상세조회,2026-07-01 14:03:06
SESS0000424,P00108,상품_상세조회,2026-06-15 14:05:59
SESS0000424,P00111,상품_상세조회,2026-06-15 14:08:53
SESS0000425,P00119,상품_상세조회,2026-06-14 19:51:37
SESS0000425,P00117,장바구니_담기,2026-06-14 19:52:20
SESS0000426,P00075,상품_상세조회,2026-06-07 19:03:29
SESS0000428,P00084,상품_상세조회,2026-07-02 16:30:51
SESS0000428,P00086,상품_상세조회,2026-07-02 16:32:50
SESS0000428,P00085,찜하기,2026-07-02 16:33:10
SESS0000429,P00158,상품_상세조회,2026-06-06 18:32:08
SESS0000429,P00158,상품_상세조회,2026-06-06 18:34:30
SESS0000429,P00151,상품_상세조회,2026-06-06 18:35:49
SESS0000429,P00152,장바구니_담기,2026-06-06 18:36:41
SESS0000429,P00160,구매완료,2026-06-06 18:39:55
SESS0000430,P00100,상품_상세조회,2026-06-06 23:52:11
SESS0000430,P00093,상품_상세조회,2026-06-06 23:53:29
SESS0000430,P00091,상품_상세조회,2026-06-06 23:55:10
SESS0000430,P00096,상품_상세조회,2026-06-06 23:58:05
SESS0000431,P00122,상품_상세조회,2026-06-04 22:34:13
SESS0000431,P00133,장바구니_담기,2026-06-04 22:34:33
SESS0000431,P00123,구매완료,2026-06-04 22:37:46
SESS0000432,P00005,상품_상세조회,2026-06-07 19:12:11
SESS0000432,P00002,장바구니_담기,2026-06-07 19:14:17
SESS0000433,P00063,상품_상세조회,2026-06-09 16:49:47
SESS0000433,P00066,장바구니_담기,2026-06-09 16:50:23
SESS0000433,P00063,구매완료,2026-06-09 16:53:40
SESS0000434,P00080,상품_상세조회,2026-06-10 23:42:57
SESS0000434,P00080,상품_상세조회,2026-06-10 23:44:36
SESS0000434,P00002,상품_상세조회,2026-06-10 23:49:27
SESS0000434,P00012,상품_상세조회,2026-06-10 23:49:58
SESS0000434,P00014,상품_상세조회,2026-06-10 23:52:55
SESS0000434,P00122,상품_상세조회,2026-06-10 23:55:53
SESS0000435,P00065,상품_상세조회,2026-06-30 17:42:03
SESS0000436,P00005,상품_상세조회,2026-07-02 20:06:09
SESS0000436,P00015,상품_상세조회,2026-07-02 20:08:35
SESS0000436,P00005,장바구니_담기,2026-07-02 20:10:51
SESS0000436,P00001,상품_상세조회,2026-07-02 20:12:09
SESS0000438,P00144,상품_상세조회,2026-06-25 19:41:10
SESS0000439,P00107,상품_상세조회,2026-06-15 17:18:18
SESS0000441,P00122,상품_상세조회,2026-06-07 21:51:59
SESS0000441,P00124,상품_상세조회,2026-06-07 21:52:23
SESS0000441,P00132,상품_상세조회,2026-06-07 21:54:43
SESS0000441,P00132,상품_상세조회,2026-06-07 21:56:27
SESS0000443,P00020,상품_상세조회,2026-06-04 17:58:56
SESS0000443,P00025,찜하기,2026-06-04 18:00:41
SESS0000443,P00017,장바구니_담기,2026-06-04 18:01:50
SESS0000443,P00021,상품_상세조회,2026-06-04 18:02:34
SESS0000443,P00030,장바구니_담기,2026-06-04 18:04:48
SESS0000444,P00091,상품_상세조회,2026-06-30 20:22:19
SESS0000444,P00093,상품_상세조회,2026-06-30 20:24:02
SESS0000445,P00115,상품_상세조회,2026-06-06 15:21:10
SESS0000445,P00117,상품_상세조회,2026-06-06 15:23:08
SESS0000447,P00016,상품_상세조회,2026-06-07 17:42:26
SESS0000447,P00030,상품_상세조회,2026-06-07 17:43:50
SESS0000447,P00021,상품_상세조회,2026-06-07 17:44:50
SESS0000448,P00039,상품_상세조회,2026-06-15 19:20:17
SESS0000448,P00037,상품_상세조회,2026-06-15 19:23:05
SESS0000449,P00106,상품_상세조회,2026-06-25 15:40:38
SESS0000449,P00120,찜하기,2026-06-25 15:41:54
SESS0000449,P00116,상품_상세조회,2026-06-25 15:44:42
SESS0000449,P00120,장바구니_담기,2026-06-25 15:47:08
SESS0000450,P00011,상품_상세조회,2026-06-26 13:13:36
SESS0000450,P00002,장바구니_담기,2026-06-26 13:14:53
SESS0000450,P00013,구매완료,2026-06-26 13:18:44
SESS0000452,P00141,상품_상세조회,2026-06-18 23:12:13
SESS0000452,P00150,상품_상세조회,2026-06-18 23:13:54
SESS0000452,P00138,장바구니_담기,2026-06-18 23:14:53
SESS0000452,P00146,상품_상세조회,2026-06-18 23:17:02
SESS0000452,P00144,상품_상세조회,2026-06-18 23:18:15
SESS0000453,P00123,상품_상세조회,2026-06-04 20:37:36
SESS0000454,P00150,상품_상세조회,2026-06-09 18:28:40
SESS0000454,P00140,찜하기,2026-06-09 18:31:39
SESS0000454,P00145,상품_상세조회,2026-06-09 18:33:26
SESS0000455,P00119,상품_상세조회,2026-06-11 23:52:31
SESS0000455,P00113,찜하기,2026-06-11 23:54:04
SESS0000456,P00154,상품_상세조회,2026-06-08 20:54:24
SESS0000456,P00153,상품_상세조회,2026-06-08 20:57:13
SESS0000457,P00165,상품_상세조회,2026-06-13 20:22:38
SESS0000458,P00150,상품_상세조회,2026-06-16 13:56:32
SESS0000458,P00114,상품_상세조회,2026-06-16 13:59:07
SESS0000458,P00113,찜하기,2026-06-16 14:00:30
SESS0000458,P00107,상품_상세조회,2026-06-16 14:01:45
SESS0000458,P00110,상품_상세조회,2026-06-16 14:02:41
SESS0000458,P00119,찜하기,2026-06-16 14:04:28
SESS0000458,P00107,상품_상세조회,2026-06-16 14:06:43
SESS0000458,P00119,장바구니_담기,2026-06-16 14:08:02
SESS0000459,P00165,상품_상세조회,2026-06-10 23:24:47
SESS0000460,P00100,상품_상세조회,2026-06-04 18:34:59
SESS0000460,P00101,상품_상세조회,2026-06-04 18:35:23
SESS0000460,P00097,상품_상세조회,2026-06-04 18:37:46
SESS0000461,P00111,상품_상세조회,2026-06-18 17:25:50
SESS0000461,P00119,상품_상세조회,2026-06-18 17:28:12
SESS0000461,P00109,찜하기,2026-06-18 17:29:46
SESS0000461,P00118,상품_상세조회,2026-06-18 17:31:24
SESS0000461,P00034,상품_상세조회,2026-06-18 17:33:54
SESS0000461,P00032,상품_상세조회,2026-06-18 17:35:21
SESS0000461,P00039,상품_상세조회,2026-06-18 17:36:42
SESS0000461,P00044,장바구니_담기,2026-06-18 17:37:00
SESS0000461,P00040,구매완료,2026-06-18 17:39:41
SESS0000463,P00012,상품_상세조회,2026-06-20 12:42:14
SESS0000464,P00012,상품_상세조회,2026-06-30 23:14:11
SESS0000464,P00003,상품_상세조회,2026-06-30 23:16:44
SESS0000464,P00004,장바구니_담기,2026-06-30 23:19:30
SESS0000465,P00013,상품_상세조회,2026-06-27 19:38:45
SESS0000466,P00009,상품_상세조회,2026-06-11 14:21:18
SESS0000466,P00001,상품_상세조회,2026-06-11 14:22:25
SESS0000466,P00012,찜하기,2026-06-11 14:23:49
SESS0000466,P00013,상품_상세조회,2026-06-11 14:24:57
SESS0000468,P00013,상품_상세조회,2026-06-14 19:42:38
SESS0000468,P00124,상품_상세조회,2026-06-14 19:44:30
SESS0000468,P00130,찜하기,2026-06-14 19:47:16
SESS0000468,P00130,상품_상세조회,2026-06-14 19:48:26
SESS0000468,P00133,장바구니_담기,2026-06-14 19:51:16
SESS0000469,P00136,상품_상세조회,2026-06-21 20:01:52
SESS0000469,P00147,찜하기,2026-06-21 20:04:32
SESS0000469,P00147,상품_상세조회,2026-06-21 20:05:02
SESS0000471,P00007,상품_상세조회,2026-06-22 17:06:02
SESS0000471,P00007,장바구니_담기,2026-06-22 17:08:49
SESS0000473,P00037,상품_상세조회,2026-06-08 18:08:00
SESS0000473,P00039,상품_상세조회,2026-06-08 18:09:17
SESS0000474,P00077,상품_상세조회,2026-06-14 21:10:43
SESS0000476,P00176,상품_상세조회,2026-06-27 17:29:51
SESS0000477,P00067,상품_상세조회,2026-06-22 19:02:31
SESS0000477,P00067,상품_상세조회,2026-06-22 19:04:40
SESS0000478,P00086,상품_상세조회,2026-06-20 20:33:45
SESS0000478,P00085,상품_상세조회,2026-06-20 20:36:29
SESS0000479,P00070,상품_상세조회,2026-06-10 16:52:10
SESS0000480,P00007,상품_상세조회,2026-06-21 20:17:01
SESS0000480,P00009,상품_상세조회,2026-06-21 20:17:21
SESS0000480,P00011,상품_상세조회,2026-06-21 20:18:50
SESS0000480,P00004,찜하기,2026-06-21 20:20:22
SESS0000481,P00149,상품_상세조회,2026-06-08 16:26:18
SESS0000481,P00150,찜하기,2026-06-08 16:27:12
SESS0000481,P00149,상품_상세조회,2026-06-08 16:27:35
SESS0000482,P00165,상품_상세조회,2026-07-03 18:31:11
SESS0000483,P00153,상품_상세조회,2026-06-24 23:42:23
SESS0000484,P00124,상품_상세조회,2026-06-12 20:38:43
SESS0000484,P00123,장바구니_담기,2026-06-12 20:41:39
SESS0000485,P00005,상품_상세조회,2026-06-25 20:10:44
SESS0000485,P00015,찜하기,2026-06-25 20:12:53
SESS0000486,P00068,상품_상세조회,2026-06-05 15:03:10
SESS0000486,P00065,상품_상세조회,2026-06-05 15:04:41
SESS0000486,P00070,장바구니_담기,2026-06-05 15:05:47
SESS0000486,P00064,구매완료,2026-06-05 15:10:11
SESS0000488,P00109,상품_상세조회,2026-06-04 14:41:02
SESS0000489,P00099,상품_상세조회,2026-06-29 18:29:10
SESS0000490,P00081,상품_상세조회,2026-06-14 18:10:24
SESS0000491,P00086,상품_상세조회,2026-06-17 21:55:22
SESS0000491,P00084,상품_상세조회,2026-06-17 21:57:59
SESS0000491,P00089,장바구니_담기,2026-06-17 21:59:28
SESS0000491,P00079,상품_상세조회,2026-06-17 22:00:32
SESS0000492,P00166,상품_상세조회,2026-06-30 17:44:57
SESS0000492,P00166,상품_상세조회,2026-06-30 17:47:42
SESS0000492,P00169,찜하기,2026-06-30 17:50:20
SESS0000492,P00168,상품_상세조회,2026-06-30 17:50:44
SESS0000492,P00167,장바구니_담기,2026-06-30 17:52:09
SESS0000493,P00130,상품_상세조회,2026-06-11 19:09:34
SESS0000494,P00071,상품_상세조회,2026-06-05 21:07:15
SESS0000494,P00061,장바구니_담기,2026-06-05 21:08:15
SESS0000494,P00064,구매완료,2026-06-05 21:10:33
SESS0000496,P00055,상품_상세조회,2026-07-02 17:33:29
SESS0000497,P00001,상품_상세조회,2026-06-15 00:03:58
SESS0000497,P00012,상품_상세조회,2026-06-15 00:05:41
SESS0000497,P00006,장바구니_담기,2026-06-15 00:06:30
SESS0000498,P00144,상품_상세조회,2026-06-22 23:25:42
SESS0000498,P00141,상품_상세조회,2026-06-22 23:27:34
SESS0000498,P00143,찜하기,2026-06-22 23:30:33
SESS0000499,P00145,상품_상세조회,2026-06-21 17:31:10
SESS0000499,P00143,상품_상세조회,2026-06-21 17:33:14
SESS0000499,P00140,상품_상세조회,2026-06-21 17:33:57
SESS0000499,P00137,찜하기,2026-06-21 17:36:08
SESS0000499,P00144,상품_상세조회,2026-06-21 17:37:48
SESS0000499,P00150,상품_상세조회,2026-06-21 17:39:38
SESS0000499,P00142,장바구니_담기,2026-06-21 17:40:27
SESS0000500,P00144,상품_상세조회,2026-06-19 19:15:34
SESS0000500,P00150,상품_상세조회,2026-06-19 19:18:25
SESS0000500,P00148,상품_상세조회,2026-06-19 19:19:43
SESS0000502,P00004,상품_상세조회,2026-06-11 20:41:13
SESS0000502,P00008,장바구니_담기,2026-06-11 20:43:48
SESS0000502,P00001,구매완료,2026-06-11 20:45:01
SESS0000503,P00154,상품_상세조회,2026-06-13 23:40:46
SESS0000503,P00157,상품_상세조회,2026-06-13 23:43:12
SESS0000504,P00056,상품_상세조회,2026-06-19 20:38:32
SESS0000505,P00011,상품_상세조회,2026-06-25 22:46:06
SESS0000506,P00006,상품_상세조회,2026-06-09 20:15:15
SESS0000506,P00008,장바구니_담기,2026-06-09 20:17:02
SESS0000506,P00005,구매완료,2026-06-09 20:20:54
SESS0000508,P00023,상품_상세조회,2026-06-08 23:11:18
SESS0000508,P00112,상품_상세조회,2026-06-08 23:14:44
SESS0000508,P00113,상품_상세조회,2026-06-08 23:15:09
SESS0000508,P00107,장바구니_담기,2026-06-08 23:16:35
SESS0000508,P00109,구매완료,2026-06-08 23:22:23
SESS0000509,P00074,상품_상세조회,2026-06-08 21:50:39
SESS0000510,P00002,상품_상세조회,2026-06-07 14:45:55
SESS0000510,P00003,찜하기,2026-06-07 14:46:40
SESS0000510,P00009,장바구니_담기,2026-06-07 14:48:40
SESS0000511,P00124,상품_상세조회,2026-06-14 23:53:53
SESS0000512,P00011,상품_상세조회,2026-06-09 23:14:02
SESS0000513,P00131,상품_상세조회,2026-06-06 20:15:52
SESS0000514,P00155,상품_상세조회,2026-07-02 20:41:38
SESS0000514,P00159,상품_상세조회,2026-07-02 20:44:34
SESS0000515,P00088,상품_상세조회,2026-06-16 11:27:00
SESS0000515,P00077,장바구니_담기,2026-06-16 11:29:42
SESS0000515,P00087,구매완료,2026-06-16 11:33:34
SESS0000516,P00008,상품_상세조회,2026-06-17 17:32:27
SESS0000516,P00013,상품_상세조회,2026-06-17 17:34:19
SESS0000516,P00015,상품_상세조회,2026-06-17 17:36:17
SESS0000516,P00008,상품_상세조회,2026-06-17 17:38:22
SESS0000516,P00004,찜하기,2026-06-17 17:39:28
SESS0000516,P00005,상품_상세조회,2026-06-17 17:40:22
SESS0000516,P00005,찜하기,2026-06-17 17:41:22
SESS0000516,P00009,장바구니_담기,2026-06-17 17:43:44
SESS0000517,P00130,상품_상세조회,2026-06-11 20:59:03
SESS0000518,P00004,상품_상세조회,2026-06-23 21:00:42
SESS0000519,P00036,상품_상세조회,2026-06-11 22:33:58
SESS0000519,P00045,상품_상세조회,2026-06-11 22:34:31
SESS0000519,P00033,찜하기,2026-06-11 22:35:38
SESS0000520,P00152,상품_상세조회,2026-06-13 17:13:53
SESS0000521,P00070,상품_상세조회,2026-06-12 20:15:31
SESS0000521,P00142,상품_상세조회,2026-06-12 20:18:38
SESS0000523,P00153,상품_상세조회,2026-07-03 18:18:41
SESS0000524,P00089,상품_상세조회,2026-07-01 20:28:49
SESS0000524,P00088,상품_상세조회,2026-07-01 20:31:04
SESS0000524,P00080,장바구니_담기,2026-07-01 20:32:46
SESS0000524,P00090,상품_상세조회,2026-07-01 20:35:17
SESS0000524,P00152,상품_상세조회,2026-07-01 20:37:27
SESS0000524,P00160,찜하기,2026-07-01 20:38:27
SESS0000524,P00156,상품_상세조회,2026-07-01 20:38:59
SESS0000524,P00160,찜하기,2026-07-01 20:39:49
SESS0000525,P00132,상품_상세조회,2026-06-19 18:04:07
SESS0000525,P00127,장바구니_담기,2026-06-19 18:06:38
SESS0000525,P00121,상품_상세조회,2026-06-19 18:07:13
SESS0000525,P00129,상품_상세조회,2026-06-19 18:09:05
SESS0000525,P00126,상품_상세조회,2026-06-19 18:11:31
SESS0000525,P00121,찜하기,2026-06-19 18:11:53
SESS0000525,P00130,상품_상세조회,2026-06-19 18:14:43
SESS0000526,P00164,상품_상세조회,2026-06-15 19:19:10
SESS0000527,P00069,상품_상세조회,2026-06-11 22:33:18
SESS0000527,P00073,장바구니_담기,2026-06-11 22:34:05
SESS0000527,P00061,상품_상세조회,2026-06-11 22:34:57
SESS0000527,P00064,상품_상세조회,2026-06-11 22:36:57
SESS0000527,P00074,상품_상세조회,2026-06-11 22:38:49
SESS0000528,P00101,상품_상세조회,2026-06-29 20:24:32
SESS0000528,P00097,상품_상세조회,2026-06-29 20:27:12
SESS0000528,P00101,상품_상세조회,2026-06-29 20:27:39
SESS0000528,P00093,장바구니_담기,2026-06-29 20:29:49
SESS0000528,P00103,구매완료,2026-06-29 20:32:45
SESS0000529,P00110,상품_상세조회,2026-06-28 20:12:57
SESS0000529,P00106,장바구니_담기,2026-06-28 20:14:56
SESS0000529,P00108,상품_상세조회,2026-06-28 20:17:22
SESS0000529,P00119,찜하기,2026-06-28 20:20:14
SESS0000529,P00114,상품_상세조회,2026-06-28 20:23:05
SESS0000529,P00118,상품_상세조회,2026-06-28 20:24:45
SESS0000529,P00115,장바구니_담기,2026-06-28 20:27:33
SESS0000529,P00114,구매완료,2026-06-28 20:29:47
SESS0000530,P00014,상품_상세조회,2026-06-14 21:47:50
SESS0000530,P00009,장바구니_담기,2026-06-14 21:49:29
SESS0000530,P00006,구매완료,2026-06-14 21:53:37
SESS0000531,P00114,상품_상세조회,2026-07-03 20:16:18
SESS0000531,P00106,상품_상세조회,2026-07-03 20:17:20
SESS0000531,P00110,상품_상세조회,2026-07-03 20:19:02
SESS0000532,P00084,상품_상세조회,2026-06-19 17:42:03
SESS0000532,P00093,상품_상세조회,2026-06-19 17:45:43
SESS0000532,P00094,상품_상세조회,2026-06-19 17:47:22
SESS0000533,P00096,상품_상세조회,2026-06-11 12:18:05
SESS0000534,P00159,상품_상세조회,2026-06-29 18:12:20
SESS0000534,P00160,상품_상세조회,2026-06-29 18:13:02
SESS0000535,P00105,상품_상세조회,2026-06-08 22:33:46
SESS0000536,P00127,상품_상세조회,2026-06-09 19:05:18
SESS0000536,P00122,상품_상세조회,2026-06-09 19:06:09
SESS0000537,P00159,상품_상세조회,2026-06-09 19:22:48
SESS0000537,P00156,상품_상세조회,2026-06-09 19:23:05
SESS0000537,P00154,상품_상세조회,2026-06-09 19:25:50
SESS0000537,P00156,장바구니_담기,2026-06-09 19:28:21
SESS0000538,P00044,상품_상세조회,2026-06-16 21:03:49
SESS0000538,P00039,상품_상세조회,2026-06-16 21:04:45
SESS0000540,P00061,상품_상세조회,2026-06-07 17:39:50
SESS0000540,P00159,상품_상세조회,2026-06-07 17:41:51
SESS0000540,P00158,찜하기,2026-06-07 17:43:09
SESS0000540,P00160,상품_상세조회,2026-06-07 17:45:45
SESS0000541,P00046,상품_상세조회,2026-06-05 18:15:29
SESS0000541,P00047,장바구니_담기,2026-06-05 18:17:41
SESS0000541,P00056,구매완료,2026-06-05 18:18:54
SESS0000543,P00065,상품_상세조회,2026-06-20 17:06:26
SESS0000543,P00063,장바구니_담기,2026-06-20 17:07:50
SESS0000544,P00097,상품_상세조회,2026-07-02 16:25:28
SESS0000544,P00083,상품_상세조회,2026-07-02 16:27:00
SESS0000545,P00107,상품_상세조회,2026-06-05 15:35:04
SESS0000546,P00163,상품_상세조회,2026-06-26 20:55:18
SESS0000546,P00115,상품_상세조회,2026-06-26 20:58:41
SESS0000546,P00112,장바구니_담기,2026-06-26 21:01:37
SESS0000546,P00113,구매완료,2026-06-26 21:05:24
SESS0000547,P00003,상품_상세조회,2026-06-06 16:39:43
SESS0000549,P00013,상품_상세조회,2026-06-26 22:05:33
SESS0000550,P00161,상품_상세조회,2026-06-21 16:26:41
SESS0000550,P00160,상품_상세조회,2026-06-21 16:29:35
SESS0000551,P00104,상품_상세조회,2026-06-11 14:17:12
SESS0000551,P00095,상품_상세조회,2026-06-11 14:18:00
SESS0000552,P00158,상품_상세조회,2026-07-01 17:38:57
SESS0000552,P00026,상품_상세조회,2026-07-01 17:42:01
SESS0000552,P00022,장바구니_담기,2026-07-01 17:44:31
SESS0000552,P00025,구매완료,2026-07-01 17:46:14
SESS0000553,P00101,상품_상세조회,2026-06-19 22:21:46
SESS0000553,P00093,찜하기,2026-06-19 22:22:59
SESS0000553,P00101,상품_상세조회,2026-06-19 22:23:51
SESS0000553,P00096,상품_상세조회,2026-06-19 22:24:06
SESS0000553,P00095,상품_상세조회,2026-06-19 22:27:05
SESS0000554,P00062,상품_상세조회,2026-06-05 14:22:11
SESS0000554,P00064,장바구니_담기,2026-06-05 14:24:20
SESS0000555,P00158,상품_상세조회,2026-07-01 14:54:41
SESS0000555,P00162,찜하기,2026-07-01 14:57:02
SESS0000556,P00063,상품_상세조회,2026-06-28 20:55:57
SESS0000556,P00165,상품_상세조회,2026-06-28 20:59:33
SESS0000556,P00157,상품_상세조회,2026-06-28 21:01:15
SESS0000556,P00158,찜하기,2026-06-28 21:03:07
SESS0000556,P00160,상품_상세조회,2026-06-28 21:04:40
SESS0000556,P00161,상품_상세조회,2026-06-28 21:05:15
SESS0000556,P00163,상품_상세조회,2026-06-28 21:07:19
SESS0000557,P00082,상품_상세조회,2026-06-28 19:49:40
SESS0000557,P00086,상품_상세조회,2026-06-28 19:49:59
SESS0000557,P00077,상품_상세조회,2026-06-28 19:50:46
SESS0000557,P00080,장바구니_담기,2026-06-28 19:53:24
SESS0000557,P00090,상품_상세조회,2026-06-28 19:56:14
SESS0000558,P00160,상품_상세조회,2026-06-29 00:02:26
SESS0000560,P00094,상품_상세조회,2026-06-16 14:58:42
SESS0000560,P00094,상품_상세조회,2026-06-16 15:00:13
SESS0000560,P00101,상품_상세조회,2026-06-16 15:02:03
SESS0000560,P00083,상품_상세조회,2026-06-16 15:09:25
SESS0000560,P00086,상품_상세조회,2026-06-16 15:11:02
SESS0000560,P00082,상품_상세조회,2026-06-16 15:13:25
SESS0000560,P00079,상품_상세조회,2026-06-16 15:15:49
SESS0000563,P00078,상품_상세조회,2026-06-11 19:25:10
SESS0000565,P00108,상품_상세조회,2026-06-06 20:13:47
SESS0000567,P00044,상품_상세조회,2026-06-24 20:43:13
SESS0000567,P00043,장바구니_담기,2026-06-24 20:44:39
SESS0000568,P00160,상품_상세조회,2026-06-27 23:02:06
SESS0000569,P00006,상품_상세조회,2026-06-12 17:32:00
SESS0000569,P00002,상품_상세조회,2026-06-12 17:32:31
SESS0000569,P00006,장바구니_담기,2026-06-12 17:33:38
SESS0000569,P00009,상품_상세조회,2026-06-12 17:33:59
SESS0000570,P00158,상품_상세조회,2026-06-04 21:41:05
SESS0000570,P00090,상품_상세조회,2026-06-04 21:44:59
SESS0000573,P00015,상품_상세조회,2026-06-08 23:39:59
SESS0000573,P00009,장바구니_담기,2026-06-08 23:42:34
SESS0000573,P00005,상품_상세조회,2026-06-08 23:45:25
SESS0000574,P00087,상품_상세조회,2026-06-17 21:51:08
SESS0000575,P00151,상품_상세조회,2026-06-12 22:35:31
SESS0000575,P00159,상품_상세조회,2026-06-12 22:37:01
SESS0000575,P00153,상품_상세조회,2026-06-12 22:38:18
SESS0000576,P00008,상품_상세조회,2026-06-27 18:27:52
SESS0000577,P00090,상품_상세조회,2026-06-15 19:21:28
SESS0000578,P00148,상품_상세조회,2026-06-10 18:56:36
SESS0000578,P00150,찜하기,2026-06-10 18:57:27
SESS0000579,P00133,상품_상세조회,2026-06-18 19:02:27
SESS0000579,P00131,상품_상세조회,2026-06-18 19:03:27
SESS0000579,P00125,장바구니_담기,2026-06-18 19:06:20
SESS0000579,P00129,구매완료,2026-06-18 19:08:47
SESS0000580,P00146,상품_상세조회,2026-06-29 14:20:07
SESS0000580,P00148,찜하기,2026-06-29 14:21:41
SESS0000581,P00078,상품_상세조회,2026-07-01 17:42:02
SESS0000582,P00158,상품_상세조회,2026-06-22 14:58:57
SESS0000582,P00162,상품_상세조회,2026-06-22 14:59:42
SESS0000582,P00158,장바구니_담기,2026-06-22 15:02:38
SESS0000584,P00173,상품_상세조회,2026-07-02 13:49:53
SESS0000585,P00070,상품_상세조회,2026-06-07 19:19:22
SESS0000585,P00065,상품_상세조회,2026-06-07 19:21:14
SESS0000586,P00007,상품_상세조회,2026-06-23 19:46:06
SESS0000586,P00045,상품_상세조회,2026-06-23 19:51:43
SESS0000586,P00106,상품_상세조회,2026-06-23 19:55:15
SESS0000586,P00110,장바구니_담기,2026-06-23 19:56:37
SESS0000586,P00113,구매완료,2026-06-23 20:00:11
SESS0000587,P00059,상품_상세조회,2026-06-20 18:48:08
SESS0000588,P00132,상품_상세조회,2026-07-02 20:03:00
SESS0000588,P00129,장바구니_담기,2026-07-02 20:05:38
SESS0000589,P00069,상품_상세조회,2026-06-20 15:05:59
SESS0000589,P00074,찜하기,2026-06-20 15:07:44
SESS0000589,P00063,상품_상세조회,2026-06-20 15:09:26
SESS0000589,P00072,찜하기,2026-06-20 15:10:42
SESS0000589,P00069,장바구니_담기,2026-06-20 15:12:01
SESS0000589,P00073,구매완료,2026-06-20 15:15:26
SESS0000590,P00073,상품_상세조회,2026-06-05 21:12:09
SESS0000590,P00065,상품_상세조회,2026-06-05 21:12:47
SESS0000590,P00075,장바구니_담기,2026-06-05 21:13:19
SESS0000590,P00071,구매완료,2026-06-05 21:17:33
SESS0000591,P00031,상품_상세조회,2026-06-04 20:24:35
SESS0000591,P00007,상품_상세조회,2026-06-04 20:27:22
SESS0000591,P00012,장바구니_담기,2026-06-04 20:29:23
SESS0000591,P00007,구매완료,2026-06-04 20:32:13
SESS0000592,P00126,상품_상세조회,2026-06-05 22:33:14
SESS0000593,P00014,상품_상세조회,2026-06-06 22:55:58
SESS0000593,P00001,찜하기,2026-06-06 22:57:37
SESS0000594,P00050,상품_상세조회,2026-06-20 18:22:47
SESS0000594,P00057,장바구니_담기,2026-06-20 18:23:29
SESS0000594,P00046,구매완료,2026-06-20 18:24:54
SESS0000595,P00010,상품_상세조회,2026-06-09 14:26:19
SESS0000595,P00005,상품_상세조회,2026-06-09 14:26:51
SESS0000596,P00065,상품_상세조회,2026-06-22 19:43:55
SESS0000596,P00074,장바구니_담기,2026-06-22 19:44:12
SESS0000596,P00063,상품_상세조회,2026-06-22 19:46:40
SESS0000596,P00042,상품_상세조회,2026-06-22 19:49:34
SESS0000596,P00043,상품_상세조회,2026-06-22 19:54:20
SESS0000596,P00037,찜하기,2026-06-22 19:55:12
SESS0000596,P00041,장바구니_담기,2026-06-22 19:57:15
SESS0000596,P00044,구매완료,2026-06-22 20:00:15
SESS0000597,P00013,상품_상세조회,2026-06-11 20:35:24
SESS0000597,P00115,상품_상세조회,2026-06-11 20:38:41
SESS0000598,P00138,상품_상세조회,2026-06-19 19:54:12
SESS0000598,P00138,상품_상세조회,2026-06-19 19:54:29
SESS0000599,P00004,상품_상세조회,2026-06-12 20:24:56
SESS0000599,P00007,찜하기,2026-06-12 20:25:44
SESS0000599,P00015,상품_상세조회,2026-06-12 20:27:35
SESS0000599,P00006,장바구니_담기,2026-06-12 20:29:06
SESS0000600,P00107,상품_상세조회,2026-06-09 20:18:42
SESS0000601,P00153,상품_상세조회,2026-06-30 19:25:24
SESS0000601,P00151,장바구니_담기,2026-06-30 19:27:02
SESS0000601,P00155,구매완료,2026-06-30 19:31:54
SESS0000603,P00167,상품_상세조회,2026-06-17 13:29:18
SESS0000603,P00173,상품_상세조회,2026-06-17 13:29:42
SESS0000603,P00170,상품_상세조회,2026-06-17 13:30:21
SESS0000604,P00095,상품_상세조회,2026-06-17 16:53:31
SESS0000605,P00163,상품_상세조회,2026-06-18 19:30:48
SESS0000605,P00157,상품_상세조회,2026-06-18 19:32:28
SESS0000606,P00120,상품_상세조회,2026-06-06 11:10:12
SESS0000607,P00083,상품_상세조회,2026-07-01 15:40:15
SESS0000608,P00003,상품_상세조회,2026-06-22 16:20:17
SESS0000608,P00011,상품_상세조회,2026-06-22 16:22:49
SESS0000609,P00129,상품_상세조회,2026-06-30 18:23:55
SESS0000609,P00121,장바구니_담기,2026-06-30 18:24:18
SESS0000611,P00079,상품_상세조회,2026-06-24 19:16:13
SESS0000611,P00080,상품_상세조회,2026-06-24 19:16:39
SESS0000612,P00158,상품_상세조회,2026-06-27 20:23:26
SESS0000613,P00137,상품_상세조회,2026-06-11 17:49:58
SESS0000613,P00007,상품_상세조회,2026-06-11 17:52:42
SESS0000613,P00012,찜하기,2026-06-11 17:53:15
SESS0000613,P00003,장바구니_담기,2026-06-11 17:54:22
SESS0000613,P00003,상품_상세조회,2026-06-11 17:55:36
SESS0000614,P00007,상품_상세조회,2026-06-07 21:52:16
SESS0000614,P00004,찜하기,2026-06-07 21:54:33
SESS0000615,P00160,상품_상세조회,2026-06-25 17:32:09
SESS0000615,P00165,상품_상세조회,2026-06-25 17:34:15
SESS0000616,P00160,상품_상세조회,2026-06-15 18:18:51
SESS0000616,P00162,상품_상세조회,2026-06-15 18:21:39
SESS0000616,P00156,상품_상세조회,2026-06-15 18:22:26
SESS0000616,P00165,상품_상세조회,2026-06-15 18:25:07
SESS0000616,P00154,찜하기,2026-06-15 18:26:25
SESS0000616,P00162,장바구니_담기,2026-06-15 18:28:37
SESS0000617,P00153,상품_상세조회,2026-06-09 19:07:32
SESS0000617,P00154,상품_상세조회,2026-06-09 19:10:13
SESS0000618,P00002,상품_상세조회,2026-06-08 19:08:18
SESS0000618,P00014,상품_상세조회,2026-06-08 19:10:04
SESS0000618,P00005,장바구니_담기,2026-06-08 19:12:14
SESS0000618,P00012,상품_상세조회,2026-06-08 19:15:06
SESS0000618,P00011,장바구니_담기,2026-06-08 19:17:02
SESS0000618,P00015,구매완료,2026-06-08 19:21:30
SESS0000619,P00148,상품_상세조회,2026-06-06 16:54:10
SESS0000619,P00139,장바구니_담기,2026-06-06 16:57:01
SESS0000619,P00139,상품_상세조회,2026-06-06 16:57:47
SESS0000619,P00146,장바구니_담기,2026-06-06 17:00:35
SESS0000619,P00144,구매완료,2026-06-06 17:02:38
SESS0000620,P00008,상품_상세조회,2026-06-14 21:18:03
SESS0000621,P00071,상품_상세조회,2026-06-28 20:24:01
SESS0000621,P00071,장바구니_담기,2026-06-28 20:25:10
SESS0000623,P00155,상품_상세조회,2026-06-15 18:40:10
SESS0000623,P00080,상품_상세조회,2026-06-15 18:41:48
SESS0000623,P00076,장바구니_담기,2026-06-15 18:44:35
SESS0000623,P00084,구매완료,2026-06-15 18:48:16
SESS0000624,P00102,상품_상세조회,2026-06-20 22:21:50
SESS0000624,P00102,장바구니_담기,2026-06-20 22:24:29
SESS0000624,P00093,구매완료,2026-06-20 22:29:28
SESS0000625,P00064,상품_상세조회,2026-06-13 18:12:13
SESS0000626,P00107,상품_상세조회,2026-06-15 17:35:09
SESS0000626,P00112,상품_상세조회,2026-06-15 17:37:49
SESS0000626,P00120,찜하기,2026-06-15 17:39:05
SESS0000626,P00117,상품_상세조회,2026-06-15 17:40:37
SESS0000626,P00118,상품_상세조회,2026-06-15 17:43:03
SESS0000626,P00109,상품_상세조회,2026-06-15 17:45:37
SESS0000627,P00095,상품_상세조회,2026-06-21 22:53:06
SESS0000627,P00086,상품_상세조회,2026-06-21 22:54:26
SESS0000627,P00084,상품_상세조회,2026-06-21 22:54:46
SESS0000627,P00081,장바구니_담기,2026-06-21 22:55:49
SESS0000627,P00079,상품_상세조회,2026-06-21 22:57:35
SESS0000627,P00077,찜하기,2026-06-21 22:58:13
SESS0000627,P00086,상품_상세조회,2026-06-21 23:00:08
SESS0000628,P00022,상품_상세조회,2026-06-14 18:28:16
SESS0000629,P00003,상품_상세조회,2026-06-06 18:44:17
SESS0000629,P00008,찜하기,2026-06-06 18:45:05
SESS0000630,P00118,상품_상세조회,2026-06-22 23:35:41
SESS0000630,P00113,상품_상세조회,2026-06-22 23:36:19
SESS0000630,P00112,찜하기,2026-06-22 23:38:55
SESS0000630,P00112,장바구니_담기,2026-06-22 23:39:22
SESS0000632,P00075,상품_상세조회,2026-06-10 17:09:43
SESS0000633,P00052,상품_상세조회,2026-06-19 23:10:37
SESS0000633,P00048,찜하기,2026-06-19 23:12:04
SESS0000633,P00047,상품_상세조회,2026-06-19 23:12:45
SESS0000633,P00009,상품_상세조회,2026-06-19 23:15:17
SESS0000634,P00128,상품_상세조회,2026-06-07 21:38:14
SESS0000634,P00127,찜하기,2026-06-07 21:40:55
SESS0000634,P00130,상품_상세조회,2026-06-07 21:42:53
SESS0000635,P00034,상품_상세조회,2026-06-21 18:43:36
SESS0000636,P00121,상품_상세조회,2026-06-16 17:14:21
SESS0000636,P00127,상품_상세조회,2026-06-16 17:16:18
SESS0000636,P00135,상품_상세조회,2026-06-16 17:17:53
SESS0000636,P00124,상품_상세조회,2026-06-16 17:18:27
SESS0000636,P00045,상품_상세조회,2026-06-16 17:22:44
SESS0000637,P00044,상품_상세조회,2026-06-16 21:49:33
SESS0000637,P00037,상품_상세조회,2026-06-16 21:50:24
SESS0000637,P00038,찜하기,2026-06-16 21:51:31
SESS0000638,P00008,상품_상세조회,2026-06-04 18:55:04
SESS0000638,P00048,상품_상세조회,2026-06-04 18:57:58
SESS0000638,P00059,찜하기,2026-06-04 19:00:13
SESS0000639,P00162,상품_상세조회,2026-06-12 20:06:22
SESS0000639,P00160,장바구니_담기,2026-06-12 20:08:20
SESS0000639,P00158,구매완료,2026-06-12 20:09:17
SESS0000640,P00058,상품_상세조회,2026-06-29 20:00:19
SESS0000640,P00053,찜하기,2026-06-29 20:03:12
SESS0000641,P00012,상품_상세조회,2026-06-05 18:15:46
SESS0000643,P00082,상품_상세조회,2026-06-21 21:42:22
SESS0000643,P00079,찜하기,2026-06-21 21:43:45
SESS0000643,P00085,상품_상세조회,2026-06-21 21:45:03
SESS0000644,P00004,상품_상세조회,2026-06-27 23:48:09
SESS0000644,P00012,상품_상세조회,2026-06-27 23:50:27
SESS0000645,P00052,상품_상세조회,2026-06-25 20:00:20
SESS0000645,P00057,찜하기,2026-06-25 20:00:43
SESS0000646,P00061,상품_상세조회,2026-06-26 15:58:51
SESS0000647,P00160,상품_상세조회,2026-06-07 22:02:21
SESS0000647,P00160,상품_상세조회,2026-06-07 22:05:19
SESS0000647,P00154,상품_상세조회,2026-06-07 22:07:39
SESS0000647,P00154,상품_상세조회,2026-06-07 22:08:10
SESS0000647,P00036,상품_상세조회,2026-06-07 22:12:05
SESS0000649,P00174,상품_상세조회,2026-06-25 18:31:44
SESS0000651,P00040,상품_상세조회,2026-06-14 16:02:19
SESS0000653,P00124,상품_상세조회,2026-06-06 21:26:40
SESS0000653,P00127,장바구니_담기,2026-06-06 21:28:33
SESS0000654,P00071,상품_상세조회,2026-06-12 22:03:46
SESS0000654,P00072,상품_상세조회,2026-06-12 22:05:25
SESS0000654,P00064,상품_상세조회,2026-06-12 22:08:21
SESS0000654,P00071,찜하기,2026-06-12 22:08:37
SESS0000655,P00146,상품_상세조회,2026-06-05 22:47:41
SESS0000658,P00067,상품_상세조회,2026-07-03 19:55:12
SESS0000658,P00058,상품_상세조회,2026-07-03 20:00:39
SESS0000659,P00169,상품_상세조회,2026-06-24 15:05:26
SESS0000659,P00169,상품_상세조회,2026-06-24 15:07:04
SESS0000659,P00168,상품_상세조회,2026-06-24 15:09:18
SESS0000659,P00177,상품_상세조회,2026-06-24 15:10:03
SESS0000660,P00154,상품_상세조회,2026-06-19 16:30:41
SESS0000660,P00154,상품_상세조회,2026-06-19 16:32:49
SESS0000661,P00064,상품_상세조회,2026-06-17 17:36:51
SESS0000662,P00090,상품_상세조회,2026-07-01 20:00:45
SESS0000662,P00105,상품_상세조회,2026-07-01 20:02:38
SESS0000662,P00096,상품_상세조회,2026-07-01 20:04:27
SESS0000662,P00101,상품_상세조회,2026-07-01 20:07:17
SESS0000662,P00098,찜하기,2026-07-01 20:09:17
SESS0000663,P00151,상품_상세조회,2026-06-30 17:42:15
SESS0000663,P00163,상품_상세조회,2026-06-30 17:43:26
SESS0000663,P00160,찜하기,2026-06-30 17:45:15
SESS0000663,P00155,장바구니_담기,2026-06-30 17:47:06
SESS0000663,P00154,구매완료,2026-06-30 17:52:23
SESS0000664,P00129,상품_상세조회,2026-06-04 22:11:15
SESS0000664,P00132,장바구니_담기,2026-06-04 22:12:21
SESS0000665,P00080,상품_상세조회,2026-06-16 21:26:35
SESS0000665,P00079,상품_상세조회,2026-06-16 21:26:55
SESS0000665,P00088,상품_상세조회,2026-06-16 21:27:47
SESS0000665,P00086,장바구니_담기,2026-06-16 21:28:05
SESS0000665,P00077,구매완료,2026-06-16 21:30:09
SESS0000666,P00047,상품_상세조회,2026-07-03 22:21:30
SESS0000667,P00156,상품_상세조회,2026-06-23 19:41:54
SESS0000667,P00165,장바구니_담기,2026-06-23 19:44:06
SESS0000667,P00151,구매완료,2026-06-23 19:46:58
SESS0000669,P00158,상품_상세조회,2026-06-29 17:39:10
SESS0000669,P00152,상품_상세조회,2026-06-29 17:40:15
SESS0000669,P00152,찜하기,2026-06-29 17:41:14
SESS0000669,P00163,상품_상세조회,2026-06-29 17:42:45
SESS0000669,P00158,상품_상세조회,2026-06-29 17:43:44
SESS0000670,P00005,상품_상세조회,2026-06-21 23:22:05
SESS0000671,P00151,상품_상세조회,2026-06-22 18:02:14
SESS0000671,P00152,상품_상세조회,2026-06-22 18:02:35
SESS0000671,P00159,장바구니_담기,2026-06-22 18:03:34
SESS0000671,P00162,구매완료,2026-06-22 18:07:57
SESS0000672,P00054,상품_상세조회,2026-06-14 20:25:02
SESS0000672,P00003,상품_상세조회,2026-06-14 20:27:27
SESS0000672,P00012,찜하기,2026-06-14 20:27:55
SESS0000672,P00011,상품_상세조회,2026-06-14 20:28:21
SESS0000674,P00058,상품_상세조회,2026-06-30 22:15:35
SESS0000674,P00148,상품_상세조회,2026-06-30 22:20:27
SESS0000674,P00096,상품_상세조회,2026-06-30 22:23:55
SESS0000674,P00094,찜하기,2026-06-30 22:24:39
SESS0000675,P00059,상품_상세조회,2026-06-21 17:19:44
SESS0000675,P00055,상품_상세조회,2026-06-21 17:22:11
SESS0000675,P00057,찜하기,2026-06-21 17:24:55
SESS0000675,P00060,상품_상세조회,2026-06-21 17:26:55
SESS0000675,P00052,장바구니_담기,2026-06-21 17:28:34
SESS0000675,P00050,구매완료,2026-06-21 17:32:05
SESS0000676,P00122,상품_상세조회,2026-06-16 22:37:01
SESS0000676,P00128,찜하기,2026-06-16 22:39:41
SESS0000676,P00126,상품_상세조회,2026-06-16 22:42:09
SESS0000676,P00131,장바구니_담기,2026-06-16 22:42:53
SESS0000676,P00134,구매완료,2026-06-16 22:46:28
SESS0000677,P00003,상품_상세조회,2026-07-03 22:43:48
SESS0000677,P00011,상품_상세조회,2026-07-03 22:45:01
SESS0000678,P00122,상품_상세조회,2026-07-01 23:51:06
SESS0000679,P00139,상품_상세조회,2026-06-18 17:10:26
SESS0000679,P00141,상품_상세조회,2026-06-18 17:12:31
SESS0000679,P00142,찜하기,2026-06-18 17:14:17
SESS0000680,P00007,상품_상세조회,2026-06-25 18:45:29
SESS0000681,P00146,상품_상세조회,2026-06-21 20:58:41
SESS0000681,P00137,상품_상세조회,2026-06-21 20:59:10
SESS0000682,P00080,상품_상세조회,2026-06-09 19:59:14
SESS0000682,P00081,상품_상세조회,2026-06-09 20:00:28
SESS0000683,P00073,상품_상세조회,2026-06-06 19:24:52
SESS0000683,P00074,상품_상세조회,2026-06-06 19:26:59
SESS0000683,P00069,장바구니_담기,2026-06-06 19:28:25
SESS0000685,P00110,상품_상세조회,2026-06-21 19:43:01
SESS0000686,P00130,상품_상세조회,2026-06-04 13:05:41
SESS0000686,P00123,찜하기,2026-06-04 13:07:30
SESS0000686,P00122,상품_상세조회,2026-06-04 13:08:00
SESS0000686,P00122,장바구니_담기,2026-06-04 13:09:00
SESS0000686,P00133,상품_상세조회,2026-06-04 13:10:41
SESS0000686,P00135,상품_상세조회,2026-06-04 13:12:33
SESS0000687,P00015,상품_상세조회,2026-06-21 17:49:36
SESS0000687,P00010,찜하기,2026-06-21 17:50:18
SESS0000687,P00008,상품_상세조회,2026-06-21 17:50:57
SESS0000687,P00004,상품_상세조회,2026-06-21 17:53:25
SESS0000687,P00003,찜하기,2026-06-21 17:54:21
SESS0000687,P00012,상품_상세조회,2026-06-21 17:55:20
SESS0000688,P00056,상품_상세조회,2026-06-14 22:44:40
SESS0000688,P00056,상품_상세조회,2026-06-14 22:45:36
SESS0000688,P00141,상품_상세조회,2026-06-14 22:49:35
SESS0000688,P00149,상품_상세조회,2026-06-14 22:50:58
SESS0000688,P00147,장바구니_담기,2026-06-14 22:53:56
SESS0000688,P00148,구매완료,2026-06-14 22:56:11
SESS0000689,P00001,상품_상세조회,2026-06-22 19:15:04
SESS0000690,P00054,상품_상세조회,2026-06-10 20:06:50
SESS0000690,P00056,상품_상세조회,2026-06-10 20:07:53
SESS0000691,P00081,상품_상세조회,2026-06-21 19:37:45
SESS0000691,P00077,장바구니_담기,2026-06-21 19:40:32
SESS0000691,P00081,구매완료,2026-06-21 19:44:30
SESS0000693,P00076,상품_상세조회,2026-06-08 17:30:54
SESS0000693,P00077,장바구니_담기,2026-06-08 17:31:13
SESS0000693,P00082,구매완료,2026-06-08 17:34:30
SESS0000694,P00009,상품_상세조회,2026-06-18 19:41:31
SESS0000694,P00011,상품_상세조회,2026-06-18 19:42:10
SESS0000694,P00003,장바구니_담기,2026-06-18 19:44:13
SESS0000695,P00120,상품_상세조회,2026-06-24 23:20:57
SESS0000695,P00118,장바구니_담기,2026-06-24 23:23:09
SESS0000695,P00111,상품_상세조회,2026-06-24 23:25:11
SESS0000695,P00111,장바구니_담기,2026-06-24 23:27:03
SESS0000695,P00118,구매완료,2026-06-24 23:29:02
SESS0000696,P00065,상품_상세조회,2026-06-27 15:25:58
SESS0000696,P00068,장바구니_담기,2026-06-27 15:26:35
SESS0000696,P00073,구매완료,2026-06-27 15:30:33
SESS0000697,P00076,상품_상세조회,2026-06-11 16:45:54
SESS0000698,P00008,상품_상세조회,2026-06-24 23:18:54
SESS0000698,P00001,장바구니_담기,2026-06-24 23:21:35
SESS0000698,P00002,구매완료,2026-06-24 23:23:15
SESS0000699,P00071,상품_상세조회,2026-06-14 16:54:55
SESS0000699,P00065,상품_상세조회,2026-06-14 16:57:28
SESS0000699,P00061,상품_상세조회,2026-06-14 16:58:47
SESS0000699,P00063,찜하기,2026-06-14 16:59:59
SESS0000699,P00071,장바구니_담기,2026-06-14 17:01:49
SESS0000699,P00075,구매완료,2026-06-14 17:06:40
SESS0000700,P00062,상품_상세조회,2026-06-26 16:39:20
SESS0000701,P00087,상품_상세조회,2026-06-25 21:35:55
SESS0000702,P00119,상품_상세조회,2026-06-13 18:24:15
SESS0000704,P00086,상품_상세조회,2026-06-19 20:37:41
SESS0000705,P00111,상품_상세조회,2026-06-11 19:48:40
SESS0000705,P00117,찜하기,2026-06-11 19:49:03
SESS0000705,P00120,상품_상세조회,2026-06-11 19:51:57
SESS0000705,P00109,상품_상세조회,2026-06-11 19:53:45
SESS0000705,P00116,찜하기,2026-06-11 19:56:27
SESS0000705,P00117,장바구니_담기,2026-06-11 19:58:18
SESS0000706,P00155,상품_상세조회,2026-07-03 21:36:16
SESS0000706,P00160,장바구니_담기,2026-07-03 21:38:06
SESS0000706,P00158,상품_상세조회,2026-07-03 21:38:33
SESS0000706,P00160,상품_상세조회,2026-07-03 21:39:18
SESS0000706,P00160,장바구니_담기,2026-07-03 21:40:39
SESS0000706,P00154,구매완료,2026-07-03 21:42:28
SESS0000707,P00039,상품_상세조회,2026-06-22 21:31:51
SESS0000708,P00039,상품_상세조회,2026-06-18 21:48:05
SESS0000709,P00076,상품_상세조회,2026-06-29 18:07:50
SESS0000709,P00077,상품_상세조회,2026-06-29 18:10:35
SESS0000709,P00077,장바구니_담기,2026-06-29 18:13:34
SESS0000709,P00087,구매완료,2026-06-29 18:17:10
SESS0000710,P00113,상품_상세조회,2026-06-19 21:49:11
SESS0000711,P00004,상품_상세조회,2026-06-28 16:42:43
SESS0000711,P00014,장바구니_담기,2026-06-28 16:44:13
SESS0000711,P00010,상품_상세조회,2026-06-28 16:45:16
SESS0000712,P00007,상품_상세조회,2026-06-28 17:44:24
SESS0000713,P00007,상품_상세조회,2026-06-04 18:56:31
SESS0000713,P00012,찜하기,2026-06-04 18:57:29
SESS0000713,P00013,상품_상세조회,2026-06-04 18:58:24
SESS0000713,P00010,상품_상세조회,2026-06-04 18:58:44
SESS0000713,P00002,장바구니_담기,2026-06-04 18:59:56
SESS0000713,P00001,구매완료,2026-06-04 19:02:14
SESS0000714,P00008,상품_상세조회,2026-06-19 16:24:01
SESS0000715,P00163,상품_상세조회,2026-06-09 19:55:28
SESS0000715,P00153,상품_상세조회,2026-06-09 19:58:01
SESS0000715,P00156,상품_상세조회,2026-06-09 19:59:25
SESS0000715,P00155,상품_상세조회,2026-06-09 19:59:53
SESS0000715,P00157,상품_상세조회,2026-06-09 20:00:24
SESS0000715,P00165,찜하기,2026-06-09 20:02:40
SESS0000715,P00161,장바구니_담기,2026-06-09 20:03:21
SESS0000715,P00157,구매완료,2026-06-09 20:06:28
SESS0000716,P00138,상품_상세조회,2026-07-01 23:21:26
SESS0000717,P00136,상품_상세조회,2026-06-13 18:49:35
SESS0000717,P00149,상품_상세조회,2026-06-13 18:51:36
SESS0000717,P00150,찜하기,2026-06-13 18:53:44
SESS0000718,P00066,상품_상세조회,2026-06-09 23:46:49
SESS0000718,P00066,찜하기,2026-06-09 23:47:08
SESS0000718,P00073,상품_상세조회,2026-06-09 23:49:30
SESS0000719,P00138,상품_상세조회,2026-06-15 16:51:55
SESS0000720,P00141,상품_상세조회,2026-06-12 22:36:21
SESS0000720,P00146,상품_상세조회,2026-06-12 22:38:48
SESS0000720,P00138,장바구니_담기,2026-06-12 22:41:12
SESS0000720,P00150,구매완료,2026-06-12 22:44:07
SESS0000721,P00110,상품_상세조회,2026-06-26 17:41:34
SESS0000721,P00109,상품_상세조회,2026-06-26 17:43:04
SESS0000721,P00111,상품_상세조회,2026-06-26 17:44:38
SESS0000721,P00116,상품_상세조회,2026-06-26 17:47:37
SESS0000721,P00114,찜하기,2026-06-26 17:49:25
SESS0000721,P00113,상품_상세조회,2026-06-26 17:50:15
SESS0000721,P00116,상품_상세조회,2026-06-26 17:52:45
SESS0000721,P00108,상품_상세조회,2026-06-26 17:53:53
SESS0000721,P00120,장바구니_담기,2026-06-26 17:55:15
SESS0000721,P00106,구매완료,2026-06-26 17:58:49
SESS0000722,P00125,상품_상세조회,2026-06-16 23:58:16
SESS0000723,P00001,상품_상세조회,2026-06-21 07:28:58
SESS0000724,P00022,상품_상세조회,2026-06-21 19:43:49
SESS0000724,P00020,상품_상세조회,2026-06-21 19:45:34
SESS0000724,P00017,찜하기,2026-06-21 19:46:26
SESS0000724,P00019,상품_상세조회,2026-06-21 19:49:24
SESS0000724,P00025,찜하기,2026-06-21 19:51:33
SESS0000725,P00003,상품_상세조회,2026-06-25 17:16:57
SESS0000725,P00001,찜하기,2026-06-25 17:18:42
SESS0000725,P00005,상품_상세조회,2026-06-25 17:21:16
SESS0000725,P00001,찜하기,2026-06-25 17:22:46
SESS0000725,P00002,장바구니_담기,2026-06-25 17:23:49
SESS0000725,P00014,상품_상세조회,2026-06-25 17:25:22
SESS0000725,P00127,상품_상세조회,2026-06-25 17:29:48
SESS0000726,P00100,상품_상세조회,2026-06-26 22:00:18
SESS0000726,P00096,장바구니_담기,2026-06-26 22:03:01
SESS0000726,P00101,구매완료,2026-06-26 22:07:58
SESS0000727,P00141,상품_상세조회,2026-06-27 23:17:04
SESS0000727,P00142,상품_상세조회,2026-06-27 23:19:46
SESS0000727,P00141,상품_상세조회,2026-06-27 23:22:09
SESS0000727,P00005,상품_상세조회,2026-06-27 23:24:00
SESS0000728,P00002,상품_상세조회,2026-06-22 17:57:48
SESS0000728,P00011,상품_상세조회,2026-06-22 17:58:33
SESS0000728,P00004,찜하기,2026-06-22 18:01:31
SESS0000728,P00010,상품_상세조회,2026-06-22 18:02:26
SESS0000729,P00133,상품_상세조회,2026-06-06 19:46:40
SESS0000729,P00127,상품_상세조회,2026-06-06 19:47:27
SESS0000729,P00128,장바구니_담기,2026-06-06 19:49:50
SESS0000730,P00117,상품_상세조회,2026-06-28 23:39:42
SESS0000731,P00115,상품_상세조회,2026-06-30 18:00:49
SESS0000731,P00113,찜하기,2026-06-30 18:02:48
SESS0000732,P00143,상품_상세조회,2026-06-08 23:46:46
SESS0000732,P00144,상품_상세조회,2026-06-08 23:48:13
SESS0000732,P00147,상품_상세조회,2026-06-08 23:48:56
SESS0000732,P00146,장바구니_담기,2026-06-08 23:49:55
SESS0000732,P00138,상품_상세조회,2026-06-08 23:50:54
SESS0000733,P00015,상품_상세조회,2026-06-28 15:28:57
SESS0000733,P00006,상품_상세조회,2026-06-28 15:30:04
SESS0000733,P00008,장바구니_담기,2026-06-28 15:30:53
SESS0000734,P00143,상품_상세조회,2026-07-03 19:51:36
SESS0000734,P00142,상품_상세조회,2026-07-03 19:53:29
SESS0000735,P00051,상품_상세조회,2026-06-15 21:41:56
SESS0000735,P00053,상품_상세조회,2026-06-15 21:44:55
SESS0000736,P00001,상품_상세조회,2026-06-16 15:58:09
SESS0000737,P00048,상품_상세조회,2026-06-08 17:16:10
SESS0000738,P00108,상품_상세조회,2026-06-12 23:03:05
SESS0000738,P00107,장바구니_담기,2026-06-12 23:04:48
SESS0000738,P00118,구매완료,2026-06-12 23:08:07
SESS0000739,P00053,상품_상세조회,2026-06-06 18:49:30
SESS0000739,P00052,장바구니_담기,2026-06-06 18:52:00
SESS0000739,P00051,구매완료,2026-06-06 18:54:12
SESS0000740,P00075,상품_상세조회,2026-06-08 23:50:30
SESS0000740,P00036,상품_상세조회,2026-06-08 23:53:34
SESS0000740,P00033,상품_상세조회,2026-06-08 23:56:16
SESS0000740,P00035,장바구니_담기,2026-06-08 23:57:02
SESS0000741,P00159,상품_상세조회,2026-07-01 23:42:35
SESS0000741,P00156,장바구니_담기,2026-07-01 23:44:36
SESS0000741,P00165,구매완료,2026-07-01 23:47:24
SESS0000742,P00035,상품_상세조회,2026-06-04 21:12:00
SESS0000742,P00031,장바구니_담기,2026-06-04 21:13:06
SESS0000742,P00031,구매완료,2026-06-04 21:17:35
SESS0000743,P00134,상품_상세조회,2026-06-16 20:23:44
SESS0000743,P00123,찜하기,2026-06-16 20:26:03
SESS0000743,P00127,상품_상세조회,2026-06-16 20:27:51
SESS0000743,P00123,상품_상세조회,2026-06-16 20:29:06
SESS0000743,P00124,찜하기,2026-06-16 20:30:03
SESS0000743,P00132,상품_상세조회,2026-06-16 20:30:18
SESS0000744,P00132,상품_상세조회,2026-06-19 20:15:12
SESS0000744,P00126,장바구니_담기,2026-06-19 20:16:27
SESS0000745,P00060,상품_상세조회,2026-06-11 20:27:51
SESS0000745,P00051,찜하기,2026-06-11 20:29:57
SESS0000746,P00098,상품_상세조회,2026-06-11 19:44:54
SESS0000747,P00172,상품_상세조회,2026-06-25 19:01:09
SESS0000747,P00180,상품_상세조회,2026-06-25 19:03:12
SESS0000748,P00079,상품_상세조회,2026-06-10 23:26:44
SESS0000749,P00106,상품_상세조회,2026-06-21 17:14:12
SESS0000751,P00006,상품_상세조회,2026-06-22 17:01:47
SESS0000752,P00165,상품_상세조회,2026-06-28 16:14:17
SESS0000752,P00155,상품_상세조회,2026-06-28 16:16:42
SESS0000752,P00171,상품_상세조회,2026-06-28 16:24:08
SESS0000754,P00107,상품_상세조회,2026-06-07 19:39:23
SESS0000754,P00107,찜하기,2026-06-07 19:42:06
SESS0000755,P00044,상품_상세조회,2026-06-25 23:22:02
SESS0000755,P00034,상품_상세조회,2026-06-25 23:22:57
SESS0000755,P00038,장바구니_담기,2026-06-25 23:25:34
SESS0000755,P00045,구매완료,2026-06-25 23:26:23
SESS0000757,P00117,상품_상세조회,2026-06-25 22:16:40
SESS0000757,P00116,상품_상세조회,2026-06-25 22:18:30
SESS0000757,P00113,상품_상세조회,2026-06-25 22:19:47
SESS0000757,P00106,장바구니_담기,2026-06-25 22:21:59
SESS0000757,P00111,구매완료,2026-06-25 22:25:33
SESS0000758,P00110,상품_상세조회,2026-06-29 21:17:58
SESS0000758,P00115,상품_상세조회,2026-06-29 21:19:17
SESS0000758,P00107,장바구니_담기,2026-06-29 21:20:47
SESS0000758,P00115,구매완료,2026-06-29 21:25:05
SESS0000759,P00145,상품_상세조회,2026-06-12 19:18:45
SESS0000759,P00147,찜하기,2026-06-12 19:21:09
SESS0000759,P00137,장바구니_담기,2026-06-12 19:21:57
SESS0000759,P00139,상품_상세조회,2026-06-12 19:22:46
SESS0000760,P00147,상품_상세조회,2026-06-09 15:23:14
SESS0000761,P00062,상품_상세조회,2026-06-17 17:52:22
SESS0000762,P00072,상품_상세조회,2026-07-03 17:00:14
SESS0000762,P00075,장바구니_담기,2026-07-03 17:02:33
SESS0000762,P00069,구매완료,2026-07-03 17:05:45
SESS0000763,P00161,상품_상세조회,2026-06-11 15:20:36
SESS0000763,P00164,장바구니_담기,2026-06-11 15:23:24
SESS0000764,P00087,상품_상세조회,2026-06-13 22:22:37
SESS0000764,P00085,장바구니_담기,2026-06-13 22:24:02
SESS0000765,P00174,상품_상세조회,2026-06-04 18:53:51
SESS0000765,P00085,상품_상세조회,2026-06-04 18:57:31
SESS0000766,P00001,상품_상세조회,2026-06-19 21:46:02
SESS0000766,P00009,장바구니_담기,2026-06-19 21:46:28
SESS0000766,P00009,구매완료,2026-06-19 21:50:39
SESS0000768,P00096,상품_상세조회,2026-06-15 13:25:03
SESS0000770,P00125,상품_상세조회,2026-06-30 18:56:14
SESS0000770,P00128,상품_상세조회,2026-06-30 18:56:39
SESS0000770,P00126,상품_상세조회,2026-06-30 18:58:21
SESS0000770,P00133,상품_상세조회,2026-06-30 18:59:37
SESS0000770,P00126,장바구니_담기,2026-06-30 19:01:16
SESS0000770,P00133,상품_상세조회,2026-06-30 19:02:24
SESS0000771,P00080,상품_상세조회,2026-06-24 23:14:04
SESS0000772,P00015,상품_상세조회,2026-06-21 19:42:51
SESS0000772,P00008,찜하기,2026-06-21 19:45:29
SESS0000772,P00005,장바구니_담기,2026-06-21 19:46:17
SESS0000773,P00031,상품_상세조회,2026-06-17 18:36:30
SESS0000773,P00118,상품_상세조회,2026-06-17 18:44:38
SESS0000774,P00135,상품_상세조회,2026-06-26 23:41:23
SESS0000774,P00124,찜하기,2026-06-26 23:43:04
SESS0000774,P00131,장바구니_담기,2026-06-26 23:45:01
SESS0000774,P00127,상품_상세조회,2026-06-26 23:47:44
SESS0000774,P00123,상품_상세조회,2026-06-26 23:48:13
SESS0000774,P00124,상품_상세조회,2026-06-26 23:49:09
SESS0000774,P00124,상품_상세조회,2026-06-26 23:52:06
SESS0000775,P00129,상품_상세조회,2026-07-01 20:48:11
SESS0000776,P00159,상품_상세조회,2026-06-29 20:43:10
SESS0000776,P00154,장바구니_담기,2026-06-29 20:44:29
SESS0000776,P00161,구매완료,2026-06-29 20:49:24
SESS0000777,P00164,상품_상세조회,2026-06-26 17:23:21
SESS0000778,P00146,상품_상세조회,2026-06-15 17:21:41
SESS0000778,P00146,상품_상세조회,2026-06-15 17:22:34
SESS0000778,P00140,찜하기,2026-06-15 17:25:08
SESS0000778,P00141,장바구니_담기,2026-06-15 17:26:46
SESS0000778,P00137,상품_상세조회,2026-06-15 17:28:23
SESS0000779,P00032,상품_상세조회,2026-06-15 22:05:47
SESS0000779,P00040,장바구니_담기,2026-06-15 22:07:50
SESS0000779,P00045,상품_상세조회,2026-06-15 22:09:55
SESS0000780,P00046,상품_상세조회,2026-06-25 21:36:58
SESS0000780,P00047,장바구니_담기,2026-06-25 21:39:42
SESS0000780,P00059,구매완료,2026-06-25 21:42:04
SESS0000781,P00044,상품_상세조회,2026-06-04 16:45:03
SESS0000782,P00003,상품_상세조회,2026-06-24 19:31:51
SESS0000782,P00015,찜하기,2026-06-24 19:33:27
SESS0000783,P00011,상품_상세조회,2026-06-15 21:26:52
SESS0000784,P00150,상품_상세조회,2026-06-06 18:56:01
SESS0000784,P00138,찜하기,2026-06-06 18:58:57
SESS0000784,P00139,장바구니_담기,2026-06-06 19:01:34
SESS0000784,P00145,구매완료,2026-06-06 19:05:43
SESS0000785,P00063,상품_상세조회,2026-06-07 17:48:46
SESS0000786,P00084,상품_상세조회,2026-06-25 23:23:06
SESS0000786,P00081,상품_상세조회,2026-06-25 23:25:32
SESS0000786,P00077,상품_상세조회,2026-06-25 23:27:06
SESS0000787,P00160,상품_상세조회,2026-06-11 22:26:30
SESS0000787,P00154,상품_상세조회,2026-06-11 22:28:03
SESS0000788,P00095,상품_상세조회,2026-06-08 17:48:25
SESS0000788,P00098,상품_상세조회,2026-06-08 17:51:12
SESS0000788,P00095,상품_상세조회,2026-06-08 17:53:52
SESS0000789,P00010,상품_상세조회,2026-06-08 17:17:59
SESS0000789,P00012,찜하기,2026-06-08 17:18:39
SESS0000790,P00065,상품_상세조회,2026-06-26 15:51:27
SESS0000790,P00074,상품_상세조회,2026-06-26 15:53:11
SESS0000790,P00069,장바구니_담기,2026-06-26 15:55:55
SESS0000791,P00002,상품_상세조회,2026-07-03 20:51:17
SESS0000791,P00012,상품_상세조회,2026-07-03 20:52:16
SESS0000792,P00151,상품_상세조회,2026-06-09 16:47:13
SESS0000792,P00029,상품_상세조회,2026-06-09 16:49:53
SESS0000792,P00022,장바구니_담기,2026-06-09 16:52:52
SESS0000793,P00067,상품_상세조회,2026-06-12 16:15:22
SESS0000793,P00066,상품_상세조회,2026-06-12 16:16:55
SESS0000793,P00062,장바구니_담기,2026-06-12 16:19:14
SESS0000793,P00070,구매완료,2026-06-12 16:21:10
SESS0000795,P00065,상품_상세조회,2026-06-25 14:10:57
SESS0000795,P00075,장바구니_담기,2026-06-25 14:12:15
SESS0000795,P00063,상품_상세조회,2026-06-25 14:12:54
SESS0000796,P00075,상품_상세조회,2026-06-08 17:51:32
SESS0000797,P00106,상품_상세조회,2026-06-09 17:11:24
SESS0000797,P00106,장바구니_담기,2026-06-09 17:11:44
SESS0000797,P00109,상품_상세조회,2026-06-09 17:12:37
SESS0000797,P00112,장바구니_담기,2026-06-09 17:13:07
SESS0000797,P00108,구매완료,2026-06-09 17:15:19
SESS0000798,P00151,상품_상세조회,2026-06-09 18:56:01
SESS0000798,P00164,장바구니_담기,2026-06-09 18:56:47
SESS0000798,P00162,구매완료,2026-06-09 18:59:56
SESS0000799,P00073,상품_상세조회,2026-06-21 18:04:55
SESS0000799,P00073,찜하기,2026-06-21 18:05:45
SESS0000799,P00068,상품_상세조회,2026-06-21 18:06:50
SESS0000799,P00068,상품_상세조회,2026-06-21 18:07:38
SESS0000799,P00072,장바구니_담기,2026-06-21 18:09:20
SESS0000800,P00064,상품_상세조회,2026-06-17 17:34:30
SESS0000800,P00070,상품_상세조회,2026-06-17 17:35:52
SESS0000800,P00063,장바구니_담기,2026-06-17 17:37:44
SESS0000800,P00074,구매완료,2026-06-17 17:39:02
SESS0000801,P00025,상품_상세조회,2026-06-23 22:55:32
SESS0000801,P00021,장바구니_담기,2026-06-23 22:56:01
SESS0000801,P00030,상품_상세조회,2026-06-23 22:58:16
SESS0000802,P00010,상품_상세조회,2026-06-24 20:37:41
SESS0000803,P00111,상품_상세조회,2026-06-14 18:04:27
SESS0000803,P00110,상품_상세조회,2026-06-14 18:07:03
SESS0000803,P00108,상품_상세조회,2026-06-14 18:08:28
SESS0000803,P00119,상품_상세조회,2026-06-14 18:10:13
SESS0000804,P00028,상품_상세조회,2026-06-21 21:03:09
SESS0000804,P00029,상품_상세조회,2026-06-21 21:06:53
SESS0000804,P00024,상품_상세조회,2026-06-21 21:09:41
SESS0000804,P00016,찜하기,2026-06-21 21:12:27
SESS0000804,P00030,상품_상세조회,2026-06-21 21:14:40
SESS0000805,P00164,상품_상세조회,2026-06-04 19:59:53
SESS0000805,P00161,장바구니_담기,2026-06-04 20:01:44
SESS0000805,P00153,상품_상세조회,2026-06-04 20:02:52
SESS0000805,P00157,장바구니_담기,2026-06-04 20:05:20
SESS0000806,P00012,상품_상세조회,2026-06-14 15:29:53
SESS0000806,P00002,상품_상세조회,2026-06-14 15:31:08
SESS0000806,P00014,찜하기,2026-06-14 15:33:56
SESS0000806,P00015,상품_상세조회,2026-06-14 15:34:51
SESS0000806,P00002,장바구니_담기,2026-06-14 15:37:13
SESS0000807,P00084,상품_상세조회,2026-06-06 17:29:03
SESS0000808,P00074,상품_상세조회,2026-06-29 21:37:08
SESS0000808,P00072,상품_상세조회,2026-06-29 21:38:02
SESS0000809,P00143,상품_상세조회,2026-06-12 23:45:34
SESS0000810,P00088,상품_상세조회,2026-06-17 19:35:00
SESS0000810,P00089,상품_상세조회,2026-06-17 19:37:57
SESS0000811,P00003,상품_상세조회,2026-06-21 15:06:49
SESS0000811,P00009,장바구니_담기,2026-06-21 15:08:44
SESS0000811,P00004,구매완료,2026-06-21 15:10:58
SESS0000812,P00135,상품_상세조회,2026-06-04 20:02:28
SESS0000812,P00154,상품_상세조회,2026-06-04 20:06:34
SESS0000813,P00142,상품_상세조회,2026-06-22 15:12:01
SESS0000813,P00143,찜하기,2026-06-22 15:13:35
SESS0000813,P00138,장바구니_담기,2026-06-22 15:14:43
SESS0000813,P00142,상품_상세조회,2026-06-22 15:16:14
SESS0000813,P00143,찜하기,2026-06-22 15:17:18
SESS0000813,P00147,상품_상세조회,2026-06-22 15:18:10
SESS0000814,P00141,상품_상세조회,2026-06-14 19:07:51
SESS0000814,P00141,장바구니_담기,2026-06-14 19:09:33
SESS0000814,P00148,구매완료,2026-06-14 19:13:24
SESS0000815,P00010,상품_상세조회,2026-06-19 18:54:24
SESS0000816,P00078,상품_상세조회,2026-07-03 18:03:20
SESS0000816,P00088,상품_상세조회,2026-07-03 18:06:17
SESS0000816,P00083,장바구니_담기,2026-07-03 18:07:21
SESS0000816,P00084,구매완료,2026-07-03 18:09:47
SESS0000817,P00067,상품_상세조회,2026-06-30 20:45:32
SESS0000817,P00062,장바구니_담기,2026-06-30 20:47:23
SESS0000817,P00073,상품_상세조회,2026-06-30 20:49:43
SESS0000818,P00069,상품_상세조회,2026-06-28 09:02:51
SESS0000819,P00092,상품_상세조회,2026-06-22 18:18:59
SESS0000820,P00002,상품_상세조회,2026-06-09 23:54:30
SESS0000820,P00005,상품_상세조회,2026-06-09 23:57:17
SESS0000822,P00064,상품_상세조회,2026-06-27 20:11:02
SESS0000822,P00061,찜하기,2026-06-27 20:13:30
SESS0000823,P00153,상품_상세조회,2026-06-14 19:34:25
SESS0000824,P00124,상품_상세조회,2026-06-05 14:03:18
SESS0000825,P00137,상품_상세조회,2026-06-04 15:34:42
SESS0000825,P00136,상품_상세조회,2026-06-04 15:35:30
SESS0000826,P00084,상품_상세조회,2026-06-04 20:08:23
SESS0000826,P00090,상품_상세조회,2026-06-04 20:10:59
SESS0000826,P00087,상품_상세조회,2026-06-04 20:13:13
SESS0000826,P00074,상품_상세조회,2026-06-04 20:18:06
SESS0000826,P00067,상품_상세조회,2026-06-04 20:19:54
SESS0000828,P00022,상품_상세조회,2026-06-16 18:44:36
SESS0000828,P00111,상품_상세조회,2026-06-16 18:50:14
SESS0000828,P00111,장바구니_담기,2026-06-16 18:53:09
SESS0000828,P00115,상품_상세조회,2026-06-16 18:55:55
SESS0000830,P00078,상품_상세조회,2026-07-02 20:56:57
SESS0000830,P00083,장바구니_담기,2026-07-02 20:58:16
SESS0000830,P00090,구매완료,2026-07-02 21:01:44
SESS0000831,P00022,상품_상세조회,2026-06-09 19:38:15
SESS0000831,P00027,장바구니_담기,2026-06-09 19:39:59
SESS0000831,P00017,구매완료,2026-06-09 19:41:29
SESS0000832,P00091,상품_상세조회,2026-06-18 19:37:46
SESS0000832,P00092,상품_상세조회,2026-06-18 19:38:34
SESS0000833,P00002,상품_상세조회,2026-06-21 18:54:23
SESS0000833,P00011,상품_상세조회,2026-06-21 18:54:52
SESS0000833,P00006,상품_상세조회,2026-06-21 18:56:39
SESS0000833,P00008,상품_상세조회,2026-06-21 18:58:53
SESS0000833,P00006,상품_상세조회,2026-06-21 18:59:18
SESS0000833,P00011,장바구니_담기,2026-06-21 19:00:21
SESS0000834,P00003,상품_상세조회,2026-06-05 18:36:24
SESS0000834,P00012,상품_상세조회,2026-06-05 18:39:10
SESS0000834,P00003,상품_상세조회,2026-06-05 18:39:55
SESS0000834,P00012,장바구니_담기,2026-06-05 18:42:19
SESS0000834,P00008,구매완료,2026-06-05 18:46:05
SESS0000835,P00077,상품_상세조회,2026-06-18 20:55:00
SESS0000836,P00018,상품_상세조회,2026-06-12 19:31:16
SESS0000836,P00026,찜하기,2026-06-12 19:33:43
SESS0000838,P00144,상품_상세조회,2026-06-28 15:28:01
SESS0000838,P00149,상품_상세조회,2026-06-28 15:28:30
SESS0000839,P00164,상품_상세조회,2026-06-07 23:49:13
SESS0000839,P00161,상품_상세조회,2026-06-07 23:51:44
SESS0000839,P00165,찜하기,2026-06-07 23:54:25
SESS0000840,P00037,상품_상세조회,2026-06-20 21:29:45
SESS0000841,P00034,상품_상세조회,2026-06-15 20:59:15
SESS0000841,P00034,찜하기,2026-06-15 21:01:42
SESS0000841,P00036,장바구니_담기,2026-06-15 21:03:56
SESS0000841,P00041,상품_상세조회,2026-06-15 21:05:00
SESS0000842,P00118,상품_상세조회,2026-06-26 23:08:01
SESS0000842,P00107,상품_상세조회,2026-06-26 23:08:21
SESS0000842,P00153,상품_상세조회,2026-06-26 23:09:17
SESS0000842,P00155,찜하기,2026-06-26 23:10:35
SESS0000842,P00160,장바구니_담기,2026-06-26 23:13:31
SESS0000842,P00151,상품_상세조회,2026-06-26 23:14:24
SESS0000843,P00013,상품_상세조회,2026-06-15 21:53:19
SESS0000843,P00003,상품_상세조회,2026-06-15 21:55:41
SESS0000844,P00029,상품_상세조회,2026-06-28 15:25:57
SESS0000844,P00028,장바구니_담기,2026-06-28 15:26:16
SESS0000844,P00023,구매완료,2026-06-28 15:29:53
SESS0000845,P00068,상품_상세조회,2026-06-29 21:11:36
SESS0000846,P00035,상품_상세조회,2026-06-16 15:58:29
SESS0000846,P00036,장바구니_담기,2026-06-16 16:01:23
SESS0000846,P00045,상품_상세조회,2026-06-16 16:02:12
SESS0000846,P00124,상품_상세조회,2026-06-16 16:05:35
SESS0000846,P00129,장바구니_담기,2026-06-16 16:07:53
SESS0000846,P00126,구매완료,2026-06-16 16:12:37
SESS0000847,P00062,상품_상세조회,2026-06-11 20:53:57
SESS0000848,P00106,상품_상세조회,2026-06-19 19:58:35
SESS0000848,P00118,찜하기,2026-06-19 20:01:04
SESS0000848,P00106,상품_상세조회,2026-06-19 20:01:30
SESS0000849,P00043,상품_상세조회,2026-06-13 16:35:03
SESS0000849,P00036,찜하기,2026-06-13 16:37:16
SESS0000849,P00039,상품_상세조회,2026-06-13 16:39:26
SESS0000849,P00042,찜하기,2026-06-13 16:40:37
SESS0000849,P00033,상품_상세조회,2026-06-13 16:41:43
SESS0000849,P00031,찜하기,2026-06-13 16:43:49
SESS0000849,P00038,상품_상세조회,2026-06-13 16:46:28
SESS0000850,P00055,상품_상세조회,2026-06-13 22:45:00
SESS0000850,P00056,상품_상세조회,2026-06-13 22:46:32
SESS0000850,P00053,상품_상세조회,2026-06-13 22:47:56
SESS0000850,P00058,찜하기,2026-06-13 22:49:39
SESS0000850,P00057,상품_상세조회,2026-06-13 22:49:55
SESS0000850,P00058,상품_상세조회,2026-06-13 22:52:48
SESS0000850,P00052,장바구니_담기,2026-06-13 22:53:29
SESS0000851,P00043,상품_상세조회,2026-06-14 21:01:46
SESS0000851,P00033,상품_상세조회,2026-06-14 21:04:38
SESS0000851,P00040,찜하기,2026-06-14 21:06:47
SESS0000851,P00038,상품_상세조회,2026-06-14 21:07:11
SESS0000852,P00080,상품_상세조회,2026-06-25 20:59:01
SESS0000852,P00086,찜하기,2026-06-25 21:01:19
SESS0000852,P00076,상품_상세조회,2026-06-25 21:02:34
SESS0000852,P00088,상품_상세조회,2026-06-25 21:03:28
SESS0000852,P00076,찜하기,2026-06-25 21:04:33
SESS0000852,P00085,상품_상세조회,2026-06-25 21:06:39
SESS0000853,P00120,상품_상세조회,2026-06-07 20:11:28
SESS0000853,P00113,상품_상세조회,2026-06-07 20:13:04
SESS0000853,P00112,상품_상세조회,2026-06-07 20:14:27
SESS0000853,P00116,장바구니_담기,2026-06-07 20:15:47
SESS0000853,P00116,구매완료,2026-06-07 20:19:35
SESS0000855,P00102,상품_상세조회,2026-06-12 20:24:48
SESS0000856,P00109,상품_상세조회,2026-06-13 15:15:24
SESS0000857,P00158,상품_상세조회,2026-06-26 20:46:29
SESS0000857,P00156,찜하기,2026-06-26 20:47:25
SESS0000858,P00128,상품_상세조회,2026-06-25 18:01:40
SESS0000858,P00130,장바구니_담기,2026-06-25 18:03:13
SESS0000859,P00142,상품_상세조회,2026-06-04 17:15:08
SESS0000859,P00148,찜하기,2026-06-04 17:15:54
SESS0000859,P00150,상품_상세조회,2026-06-04 17:18:33
SESS0000860,P00046,상품_상세조회,2026-06-21 17:34:11
SESS0000860,P00055,장바구니_담기,2026-06-21 17:35:31
SESS0000860,P00054,구매완료,2026-06-21 17:39:18
SESS0000861,P00121,상품_상세조회,2026-06-26 18:49:14
SESS0000861,P00124,찜하기,2026-06-26 18:52:02
SESS0000862,P00157,상품_상세조회,2026-06-10 22:34:46
SESS0000862,P00165,장바구니_담기,2026-06-10 22:36:25
SESS0000862,P00163,구매완료,2026-06-10 22:38:16
SESS0000863,P00051,상품_상세조회,2026-06-09 21:31:46
SESS0000864,P00007,상품_상세조회,2026-06-24 21:54:13
SESS0000864,P00002,찜하기,2026-06-24 21:55:43
SESS0000864,P00003,장바구니_담기,2026-06-24 21:57:59
SESS0000864,P00003,구매완료,2026-06-24 22:01:05
SESS0000866,P00158,상품_상세조회,2026-06-15 22:37:19
SESS0000866,P00165,찜하기,2026-06-15 22:38:42
SESS0000866,P00152,상품_상세조회,2026-06-15 22:41:25
SESS0000866,P00156,장바구니_담기,2026-06-15 22:42:45
SESS0000866,P00156,구매완료,2026-06-15 22:44:10
SESS0000867,P00050,상품_상세조회,2026-07-03 20:51:56
SESS0000867,P00056,장바구니_담기,2026-07-03 20:52:48
SESS0000867,P00053,구매완료,2026-07-03 20:55:58
SESS0000868,P00121,상품_상세조회,2026-06-05 18:54:13
SESS0000868,P00126,상품_상세조회,2026-06-05 18:56:55
SESS0000868,P00126,상품_상세조회,2026-06-05 18:58:40
SESS0000868,P00128,상품_상세조회,2026-06-05 19:00:57
SESS0000868,P00128,상품_상세조회,2026-06-05 19:01:28
SESS0000868,P00135,장바구니_담기,2026-06-05 19:03:14
SESS0000868,P00132,구매완료,2026-06-05 19:06:42
SESS0000869,P00091,상품_상세조회,2026-06-13 19:42:34
SESS0000870,P00166,상품_상세조회,2026-06-19 17:21:57
SESS0000870,P00179,상품_상세조회,2026-06-19 17:24:03
SESS0000870,P00176,장바구니_담기,2026-06-19 17:24:20
SESS0000871,P00155,상품_상세조회,2026-06-13 14:44:33
SESS0000872,P00159,상품_상세조회,2026-07-03 23:34:27
SESS0000874,P00084,상품_상세조회,2026-06-18 19:12:01
SESS0000874,P00081,찜하기,2026-06-18 19:14:08
SESS0000874,P00078,상품_상세조회,2026-06-18 19:15:16
SESS0000874,P00076,상품_상세조회,2026-06-18 19:16:38
SESS0000874,P00077,상품_상세조회,2026-06-18 19:19:26
SESS0000874,P00079,장바구니_담기,2026-06-18 19:20:20
SESS0000874,P00083,구매완료,2026-06-18 19:23:56
SESS0000875,P00007,상품_상세조회,2026-07-01 20:36:32
SESS0000875,P00005,찜하기,2026-07-01 20:38:21
SESS0000875,P00001,상품_상세조회,2026-07-01 20:39:43
SESS0000876,P00007,상품_상세조회,2026-06-08 20:10:23
SESS0000876,P00008,상품_상세조회,2026-06-08 20:10:58
SESS0000876,P00015,찜하기,2026-06-08 20:11:48
SESS0000876,P00005,장바구니_담기,2026-06-08 20:12:06
SESS0000876,P00001,구매완료,2026-06-08 20:14:45
SESS0000877,P00071,상품_상세조회,2026-07-01 18:29:36
SESS0000878,P00110,상품_상세조회,2026-06-20 15:13:03
SESS0000879,P00092,상품_상세조회,2026-06-04 19:40:45
SESS0000880,P00024,상품_상세조회,2026-06-30 23:12:54
SESS0000880,P00023,상품_상세조회,2026-06-30 23:14:10
SESS0000881,P00143,상품_상세조회,2026-06-11 00:00:25
SESS0000881,P00141,상품_상세조회,2026-06-11 00:02:03
SESS0000881,P00137,상품_상세조회,2026-06-11 00:04:42
SESS0000881,P00146,장바구니_담기,2026-06-11 00:06:59
SESS0000883,P00046,상품_상세조회,2026-06-25 19:34:08
SESS0000883,P00050,상품_상세조회,2026-06-25 19:36:46
SESS0000883,P00059,장바구니_담기,2026-06-25 19:38:29
SESS0000883,P00057,구매완료,2026-06-25 19:41:44
SESS0000884,P00125,상품_상세조회,2026-07-01 16:41:22
SESS0000884,P00125,상품_상세조회,2026-07-01 16:42:34
SESS0000885,P00031,상품_상세조회,2026-06-29 19:47:09
SESS0000886,P00070,상품_상세조회,2026-06-07 20:14:36
SESS0000886,P00063,찜하기,2026-06-07 20:16:15
SESS0000887,P00012,상품_상세조회,2026-07-03 20:13:33
SESS0000888,P00076,상품_상세조회,2026-06-23 21:46:47
SESS0000888,P00080,상품_상세조회,2026-06-23 21:49:56
SESS0000888,P00078,장바구니_담기,2026-06-23 21:50:59
SESS0000888,P00079,상품_상세조회,2026-06-23 21:51:15
SESS0000888,P00089,장바구니_담기,2026-06-23 21:53:57
SESS0000890,P00015,상품_상세조회,2026-06-12 21:06:19
SESS0000890,P00011,찜하기,2026-06-12 21:09:17
SESS0000891,P00143,상품_상세조회,2026-06-08 18:08:38
SESS0000892,P00002,상품_상세조회,2026-06-30 13:47:35
SESS0000892,P00012,찜하기,2026-06-30 13:50:34
SESS0000892,P00012,장바구니_담기,2026-06-30 13:51:44
SESS0000893,P00154,상품_상세조회,2026-06-19 23:37:33
SESS0000893,P00151,상품_상세조회,2026-06-19 23:39:46
SESS0000894,P00013,상품_상세조회,2026-06-08 21:15:50
SESS0000894,P00006,상품_상세조회,2026-06-08 21:18:36
SESS0000894,P00002,상품_상세조회,2026-06-08 21:19:36
SESS0000894,P00011,장바구니_담기,2026-06-08 21:20:00
SESS0000894,P00001,구매완료,2026-06-08 21:23:21
SESS0000895,P00169,상품_상세조회,2026-06-21 21:01:12
SESS0000895,P00174,상품_상세조회,2026-06-21 21:03:59
SESS0000895,P00166,상품_상세조회,2026-06-21 21:06:53
SESS0000898,P00072,상품_상세조회,2026-06-29 20:00:40
SESS0000898,P00066,찜하기,2026-06-29 20:02:54
SESS0000898,P00075,상품_상세조회,2026-06-29 20:05:38
SESS0000898,P00063,찜하기,2026-06-29 20:07:51
SESS0000899,P00015,상품_상세조회,2026-06-28 16:25:00
SESS0000899,P00107,상품_상세조회,2026-06-28 16:27:47
SESS0000900,P00089,상품_상세조회,2026-06-26 18:02:53
SESS0000900,P00080,찜하기,2026-06-26 18:05:37
SESS0000900,P00088,상품_상세조회,2026-06-26 18:08:06
SESS0000900,P00002,상품_상세조회,2026-06-26 18:13:30
SESS0000900,P00013,상품_상세조회,2026-06-26 18:14:21
SESS0000900,P00015,상품_상세조회,2026-06-26 18:15:54
SESS0000901,P00075,상품_상세조회,2026-06-05 14:36:29
SESS0000901,P00075,찜하기,2026-06-05 14:37:36
SESS0000901,P00072,상품_상세조회,2026-06-05 14:38:51
SESS0000902,P00156,상품_상세조회,2026-06-22 21:57:02
SESS0000902,P00155,상품_상세조회,2026-06-22 21:58:59
SESS0000902,P00160,찜하기,2026-06-22 22:01:42
SESS0000902,P00160,장바구니_담기,2026-06-22 22:04:22
SESS0000902,P00155,구매완료,2026-06-22 22:04:57
SESS0000903,P00015,상품_상세조회,2026-06-20 21:56:41
SESS0000903,P00002,찜하기,2026-06-20 21:57:44
SESS0000903,P00006,상품_상세조회,2026-06-20 21:58:15
SESS0000904,P00136,상품_상세조회,2026-07-03 21:32:21
SESS0000905,P00070,상품_상세조회,2026-06-30 18:21:41
SESS0000905,P00073,찜하기,2026-06-30 18:22:46
SESS0000905,P00067,장바구니_담기,2026-06-30 18:23:44
SESS0000905,P00066,구매완료,2026-06-30 18:27:00
SESS0000906,P00139,상품_상세조회,2026-06-17 21:15:47
SESS0000908,P00091,상품_상세조회,2026-06-29 15:27:16
SESS0000908,P00105,상품_상세조회,2026-06-29 15:29:52
SESS0000908,P00095,상품_상세조회,2026-06-29 15:32:46
SESS0000910,P00065,상품_상세조회,2026-06-12 23:26:50
SESS0000910,P00116,상품_상세조회,2026-06-12 23:30:09
SESS0000910,P00115,상품_상세조회,2026-06-12 23:30:50
SESS0000910,P00112,장바구니_담기,2026-06-12 23:33:38
SESS0000910,P00119,구매완료,2026-06-12 23:37:24
SESS0000911,P00056,상품_상세조회,2026-06-20 15:50:57
SESS0000911,P00058,장바구니_담기,2026-06-20 15:51:46
SESS0000912,P00105,상품_상세조회,2026-06-21 19:14:15
SESS0000912,P00092,장바구니_담기,2026-06-21 19:14:47
SESS0000912,P00098,상품_상세조회,2026-06-21 19:15:58
SESS0000912,P00101,찜하기,2026-06-21 19:16:54
SESS0000912,P00095,장바구니_담기,2026-06-21 19:18:22
SESS0000912,P00093,상품_상세조회,2026-06-21 19:18:56
SESS0000912,P00100,상품_상세조회,2026-06-21 19:21:43
SESS0000912,P00087,상품_상세조회,2026-06-21 19:23:24
SESS0000912,P00087,상품_상세조회,2026-06-21 19:24:33
SESS0000912,P00086,상품_상세조회,2026-06-21 19:25:27
SESS0000912,P00088,찜하기,2026-06-21 19:26:27
SESS0000913,P00062,상품_상세조회,2026-06-28 19:47:37
SESS0000913,P00130,상품_상세조회,2026-06-28 19:50:20
SESS0000913,P00123,상품_상세조회,2026-06-28 19:51:38
SESS0000915,P00054,상품_상세조회,2026-06-26 15:04:46
SESS0000916,P00008,상품_상세조회,2026-06-09 21:27:32
SESS0000916,P00009,상품_상세조회,2026-06-09 21:28:58
SESS0000916,P00007,상품_상세조회,2026-06-09 21:30:48
SESS0000916,P00008,장바구니_담기,2026-06-09 21:33:17
SESS0000916,P00011,구매완료,2026-06-09 21:34:39
SESS0000917,P00142,상품_상세조회,2026-06-19 22:33:35
SESS0000918,P00053,상품_상세조회,2026-06-11 20:41:37
SESS0000918,P00052,찜하기,2026-06-11 20:44:06
SESS0000919,P00134,상품_상세조회,2026-06-29 21:05:28
SESS0000919,P00132,상품_상세조회,2026-06-29 21:06:21
SESS0000919,P00135,상품_상세조회,2026-06-29 21:08:26
SESS0000919,P00124,상품_상세조회,2026-06-29 21:11:12
SESS0000920,P00053,상품_상세조회,2026-06-15 20:51:30
SESS0000920,P00051,장바구니_담기,2026-06-15 20:51:52
SESS0000921,P00106,상품_상세조회,2026-06-24 23:19:58
SESS0000921,P00111,상품_상세조회,2026-06-24 23:21:33
SESS0000921,P00110,상품_상세조회,2026-06-24 23:23:54
SESS0000921,P00115,장바구니_담기,2026-06-24 23:25:44
SESS0000921,P00108,구매완료,2026-06-24 23:28:14
SESS0000922,P00115,상품_상세조회,2026-06-09 16:18:11
SESS0000923,P00115,상품_상세조회,2026-06-30 20:28:59
SESS0000924,P00153,상품_상세조회,2026-06-18 21:26:36
SESS0000924,P00057,상품_상세조회,2026-06-18 21:31:54
SESS0000924,P00053,상품_상세조회,2026-06-18 21:34:44
SESS0000924,P00046,상품_상세조회,2026-06-18 21:35:56
SESS0000924,P00048,찜하기,2026-06-18 21:37:07
SESS0000924,P00055,상품_상세조회,2026-06-18 21:38:34
SESS0000924,P00052,상품_상세조회,2026-06-18 21:40:53
SESS0000925,P00065,상품_상세조회,2026-06-27 18:25:34
SESS0000925,P00067,상품_상세조회,2026-06-27 18:26:02
SESS0000926,P00072,상품_상세조회,2026-06-25 23:17:22
SESS0000927,P00096,상품_상세조회,2026-06-09 16:50:51
SESS0000927,P00102,상품_상세조회,2026-06-09 16:51:13
SESS0000927,P00094,장바구니_담기,2026-06-09 16:53:36
SESS0000928,P00005,상품_상세조회,2026-06-18 17:15:47
SESS0000928,P00011,찜하기,2026-06-18 17:16:21
SESS0000929,P00019,상품_상세조회,2026-07-01 16:05:08
SESS0000930,P00134,상품_상세조회,2026-06-27 18:36:17
SESS0000930,P00124,찜하기,2026-06-27 18:37:38
SESS0000930,P00125,상품_상세조회,2026-06-27 18:39:33
SESS0000932,P00099,상품_상세조회,2026-06-06 18:43:18
SESS0000932,P00093,상품_상세조회,2026-06-06 18:44:38
SESS0000932,P00105,찜하기,2026-06-06 18:45:49
SESS0000932,P00099,장바구니_담기,2026-06-06 18:48:17
SESS0000933,P00141,상품_상세조회,2026-07-01 14:37:41
SESS0000933,P00149,상품_상세조회,2026-07-01 14:39:17
SESS0000934,P00106,상품_상세조회,2026-06-18 23:08:21
SESS0000934,P00118,상품_상세조회,2026-06-18 23:10:08
SESS0000934,P00106,장바구니_담기,2026-06-18 23:10:37
SESS0000934,P00115,상품_상세조회,2026-06-18 23:12:00
SESS0000934,P00107,상품_상세조회,2026-06-18 23:13:11
SESS0000934,P00114,찜하기,2026-06-18 23:15:58
SESS0000934,P00111,장바구니_담기,2026-06-18 23:18:32
SESS0000934,P00118,구매완료,2026-06-18 23:21:08
SESS0000935,P00013,상품_상세조회,2026-06-16 23:36:41
SESS0000935,P00015,장바구니_담기,2026-06-16 23:38:18
SESS0000935,P00006,구매완료,2026-06-16 23:42:26
SESS0000937,P00126,상품_상세조회,2026-06-18 23:11:15
SESS0000937,P00125,장바구니_담기,2026-06-18 23:12:16
SESS0000938,P00086,상품_상세조회,2026-06-07 18:23:56
SESS0000938,P00082,상품_상세조회,2026-06-07 18:24:24
SESS0000938,P00076,찜하기,2026-06-07 18:25:10
SESS0000940,P00105,상품_상세조회,2026-06-29 16:53:25
SESS0000940,P00100,찜하기,2026-06-29 16:56:08
SESS0000940,P00091,장바구니_담기,2026-06-29 16:57:06
SESS0000941,P00131,상품_상세조회,2026-06-29 20:26:15
SESS0000941,P00131,찜하기,2026-06-29 20:27:55
SESS0000941,P00129,상품_상세조회,2026-06-29 20:29:29
SESS0000942,P00061,상품_상세조회,2026-06-23 21:16:48
SESS0000943,P00085,상품_상세조회,2026-06-12 18:38:41
SESS0000943,P00084,찜하기,2026-06-12 18:41:06
SESS0000943,P00089,상품_상세조회,2026-06-12 18:42:08
SESS0000944,P00011,상품_상세조회,2026-06-07 23:21:37
SESS0000944,P00010,찜하기,2026-06-07 23:22:14
SESS0000945,P00165,상품_상세조회,2026-06-19 20:14:59
SESS0000945,P00153,장바구니_담기,2026-06-19 20:17:05
SESS0000945,P00163,상품_상세조회,2026-06-19 20:17:37
SESS0000946,P00008,상품_상세조회,2026-06-05 14:06:48
SESS0000947,P00068,상품_상세조회,2026-06-25 16:34:47
SESS0000948,P00101,상품_상세조회,2026-06-25 16:35:54
SESS0000948,P00093,상품_상세조회,2026-06-25 16:38:25
SESS0000948,P00093,찜하기,2026-06-25 16:40:29
SESS0000948,P00097,상품_상세조회,2026-06-25 16:41:04
SESS0000948,P00044,상품_상세조회,2026-06-25 16:45:12
SESS0000949,P00068,상품_상세조회,2026-06-25 21:33:34
SESS0000949,P00063,장바구니_담기,2026-06-25 21:35:39
SESS0000949,P00071,구매완료,2026-06-25 21:40:16
SESS0000950,P00031,상품_상세조회,2026-07-01 12:57:57
SESS0000951,P00004,상품_상세조회,2026-06-14 18:23:41
SESS0000951,P00128,상품_상세조회,2026-06-14 18:26:15
SESS0000952,P00120,상품_상세조회,2026-06-12 18:36:13
SESS0000953,P00160,상품_상세조회,2026-06-06 20:19:31
SESS0000954,P00137,상품_상세조회,2026-06-09 19:12:51
SESS0000954,P00148,장바구니_담기,2026-06-09 19:14:42
SESS0000954,P00148,구매완료,2026-06-09 19:18:42
SESS0000956,P00097,상품_상세조회,2026-06-10 20:36:50
SESS0000956,P00102,장바구니_담기,2026-06-10 20:39:48
SESS0000957,P00088,상품_상세조회,2026-06-05 19:31:29
SESS0000957,P00084,상품_상세조회,2026-06-05 19:34:00
SESS0000958,P00179,상품_상세조회,2026-06-09 14:56:17
SESS0000958,P00172,상품_상세조회,2026-06-09 14:56:36
SESS0000958,P00178,상품_상세조회,2026-06-09 14:57:47
SESS0000958,P00172,상품_상세조회,2026-06-09 15:00:29
SESS0000959,P00096,상품_상세조회,2026-06-20 17:48:44
SESS0000959,P00100,장바구니_담기,2026-06-20 17:51:15
SESS0000959,P00098,구매완료,2026-06-20 17:53:09
SESS0000960,P00094,상품_상세조회,2026-06-17 16:09:59
SESS0000962,P00151,상품_상세조회,2026-06-04 12:05:51
SESS0000962,P00153,찜하기,2026-06-04 12:07:05
SESS0000963,P00072,상품_상세조회,2026-06-29 20:21:10
SESS0000963,P00075,찜하기,2026-06-29 20:21:53
SESS0000963,P00070,장바구니_담기,2026-06-29 20:23:02
SESS0000965,P00044,상품_상세조회,2026-06-27 13:18:46
SESS0000965,P00033,찜하기,2026-06-27 13:19:51
SESS0000965,P00041,상품_상세조회,2026-06-27 13:20:41
SESS0000966,P00088,상품_상세조회,2026-07-03 16:16:26
SESS0000966,P00076,찜하기,2026-07-03 16:17:19
SESS0000967,P00084,상품_상세조회,2026-06-09 17:52:54
SESS0000967,P00080,상품_상세조회,2026-06-09 17:54:11
SESS0000967,P00080,상품_상세조회,2026-06-09 17:56:43
SESS0000967,P00128,상품_상세조회,2026-06-09 18:01:42
SESS0000968,P00069,상품_상세조회,2026-06-15 20:17:08
SESS0000968,P00066,상품_상세조회,2026-06-15 20:17:31
SESS0000969,P00105,상품_상세조회,2026-06-20 16:57:05
SESS0000969,P00100,상품_상세조회,2026-06-20 17:00:03
SESS0000969,P00105,상품_상세조회,2026-06-20 17:02:38
SESS0000969,P00102,상품_상세조회,2026-06-20 17:04:49
SESS0000969,P00102,장바구니_담기,2026-06-20 17:06:25
SESS0000970,P00020,상품_상세조회,2026-06-11 20:08:12
SESS0000970,P00027,찜하기,2026-06-11 20:09:25
SESS0000971,P00169,상품_상세조회,2026-06-28 20:25:16
SESS0000971,P00178,찜하기,2026-06-28 20:27:14
SESS0000972,P00003,상품_상세조회,2026-06-18 23:09:52
SESS0000972,P00015,상품_상세조회,2026-06-18 23:11:33
SESS0000973,P00092,상품_상세조회,2026-06-10 15:54:47
SESS0000973,P00104,상품_상세조회,2026-06-10 15:56:58
SESS0000974,P00142,상품_상세조회,2026-06-25 22:30:44
SESS0000974,P00148,장바구니_담기,2026-06-25 22:32:46
SESS0000974,P00148,상품_상세조회,2026-06-25 22:34:23
SESS0000974,P00142,상품_상세조회,2026-06-25 22:37:13
SESS0000974,P00137,상품_상세조회,2026-06-25 22:37:35
SESS0000974,P00149,상품_상세조회,2026-06-25 22:40:34
SESS0000974,P00145,상품_상세조회,2026-06-25 22:42:48
SESS0000974,P00054,상품_상세조회,2026-06-25 22:45:22
SESS0000974,P00051,상품_상세조회,2026-06-25 22:46:06
SESS0000975,P00035,상품_상세조회,2026-06-20 22:33:52
SESS0000976,P00055,상품_상세조회,2026-06-14 18:30:12
SESS0000978,P00143,상품_상세조회,2026-06-29 21:20:42
SESS0000978,P00139,상품_상세조회,2026-06-29 21:23:19
SESS0000978,P00144,상품_상세조회,2026-06-29 21:24:58
SESS0000978,P00147,상품_상세조회,2026-06-29 21:25:48
SESS0000979,P00122,상품_상세조회,2026-06-08 20:59:27
SESS0000979,P00132,찜하기,2026-06-08 21:01:47
SESS0000979,P00124,상품_상세조회,2026-06-08 21:03:31
SESS0000979,P00128,장바구니_담기,2026-06-08 21:05:31
SESS0000979,P00129,상품_상세조회,2026-06-08 21:07:07
SESS0000979,P00125,상품_상세조회,2026-06-08 21:09:27
SESS0000979,P00124,상품_상세조회,2026-06-08 21:10:44
SESS0000979,P00133,상품_상세조회,2026-06-08 21:13:23
SESS0000979,P00130,장바구니_담기,2026-06-08 21:16:06
SESS0000980,P00008,상품_상세조회,2026-06-30 20:36:58
SESS0000980,P00123,상품_상세조회,2026-06-30 20:41:01
SESS0000980,P00125,찜하기,2026-06-30 20:43:00
SESS0000981,P00083,상품_상세조회,2026-06-27 00:01:23
SESS0000982,P00030,상품_상세조회,2026-06-17 18:43:28
SESS0000983,P00005,상품_상세조회,2026-06-09 13:44:49
SESS0000984,P00158,상품_상세조회,2026-06-13 23:58:01
SESS0000985,P00108,상품_상세조회,2026-06-30 23:25:40
SESS0000986,P00009,상품_상세조회,2026-06-05 21:00:39
SESS0000986,P00001,상품_상세조회,2026-06-05 21:02:49
SESS0000986,P00013,장바구니_담기,2026-06-05 21:05:39
SESS0000986,P00004,구매완료,2026-06-05 21:08:37
SESS0000987,P00120,상품_상세조회,2026-06-09 21:51:11
SESS0000987,P00113,상품_상세조회,2026-06-09 21:51:48
SESS0000989,P00039,상품_상세조회,2026-06-23 14:53:19
SESS0000990,P00165,상품_상세조회,2026-06-23 17:11:37
SESS0000990,P00045,상품_상세조회,2026-06-23 17:12:39
SESS0000990,P00045,상품_상세조회,2026-06-23 17:13:32
SESS0000990,P00032,찜하기,2026-06-23 17:14:44
SESS0000990,P00040,장바구니_담기,2026-06-23 17:15:34
SESS0000991,P00052,상품_상세조회,2026-06-08 17:58:41
SESS0000991,P00051,장바구니_담기,2026-06-08 17:59:57
SESS0000991,P00060,구매완료,2026-06-08 18:02:44
SESS0000992,P00069,상품_상세조회,2026-06-26 20:53:48
SESS0000992,P00125,상품_상세조회,2026-06-26 20:57:38
SESS0000992,P00125,장바구니_담기,2026-06-26 21:00:01
SESS0000992,P00122,구매완료,2026-06-26 21:03:26
SESS0000993,P00075,상품_상세조회,2026-06-24 19:07:58
SESS0000993,P00068,장바구니_담기,2026-06-24 19:08:19
SESS0000994,P00149,상품_상세조회,2026-06-08 14:36:54
SESS0000995,P00092,상품_상세조회,2026-06-29 12:23:24
SESS0000995,P00105,상품_상세조회,2026-06-29 12:26:22
SESS0000995,P00093,상품_상세조회,2026-06-29 12:26:43
SESS0000995,P00100,상품_상세조회,2026-06-29 12:28:32
SESS0000995,P00091,상품_상세조회,2026-06-29 12:31:06
SESS0000996,P00024,상품_상세조회,2026-06-20 20:52:44
SESS0000996,P00016,상품_상세조회,2026-06-20 20:54:21
SESS0000996,P00019,상품_상세조회,2026-06-20 20:55:01
SESS0000996,P00020,상품_상세조회,2026-06-20 20:55:49
SESS0000996,P00112,상품_상세조회,2026-06-20 20:59:14
SESS0000996,P00109,장바구니_담기,2026-06-20 20:59:40
SESS0000996,P00109,구매완료,2026-06-20 21:02:20
SESS0000997,P00123,상품_상세조회,2026-06-11 21:25:37
SESS0000997,P00040,상품_상세조회,2026-06-11 21:28:20
SESS0000997,P00041,상품_상세조회,2026-06-11 21:30:25
SESS0000997,P00032,찜하기,2026-06-11 21:32:17
SESS0000997,P00031,상품_상세조회,2026-06-11 21:34:08
SESS0000997,P00033,찜하기,2026-06-11 21:35:40
SESS0000997,P00037,상품_상세조회,2026-06-11 21:38:03
SESS0000997,P00040,찜하기,2026-06-11 21:40:32
SESS0000997,P00043,장바구니_담기,2026-06-11 21:42:51
SESS0000997,P00036,구매완료,2026-06-11 21:47:59
SESS0000998,P00151,상품_상세조회,2026-06-23 17:39:58
SESS0000999,P00013,상품_상세조회,2026-06-22 16:15:35
SESS0001000,P00098,상품_상세조회,2026-06-29 23:33:37
SESS0001000,P00102,장바구니_담기,2026-06-29 23:35:27
SESS0001000,P00105,구매완료,2026-06-29 23:40:32
SESS0001001,P00116,상품_상세조회,2026-07-03 18:54:41
SESS0001001,P00107,장바구니_담기,2026-07-03 18:55:33
SESS0001001,P00120,상품_상세조회,2026-07-03 18:57:12
SESS0001004,P00059,상품_상세조회,2026-06-18 22:49:22
SESS0001004,P00050,상품_상세조회,2026-06-18 22:51:38
SESS0001004,P00055,상품_상세조회,2026-06-18 22:52:47
SESS0001004,P00059,찜하기,2026-06-18 22:55:07
SESS0001005,P00103,상품_상세조회,2026-06-13 23:31:33
SESS0001005,P00091,상품_상세조회,2026-06-13 23:34:10
SESS0001007,P00155,상품_상세조회,2026-06-27 21:43:13
SESS0001007,P00151,장바구니_담기,2026-06-27 21:44:19
SESS0001008,P00082,상품_상세조회,2026-06-27 17:20:10
SESS0001008,P00084,장바구니_담기,2026-06-27 17:20:50
SESS0001008,P00081,구매완료,2026-06-27 17:24:12
SESS0001009,P00096,상품_상세조회,2026-06-27 19:03:25
SESS0001009,P00095,장바구니_담기,2026-06-27 19:05:37
SESS0001010,P00010,상품_상세조회,2026-06-24 23:27:40
SESS0001011,P00088,상품_상세조회,2026-06-25 15:28:28
SESS0001013,P00161,상품_상세조회,2026-06-15 15:11:16
SESS0001013,P00152,찜하기,2026-06-15 15:12:59
SESS0001014,P00130,상품_상세조회,2026-06-07 23:09:40
SESS0001014,P00122,장바구니_담기,2026-06-07 23:10:15
SESS0001014,P00122,구매완료,2026-06-07 23:14:53
SESS0001015,P00112,상품_상세조회,2026-06-16 19:03:09
SESS0001015,P00115,상품_상세조회,2026-06-16 19:04:00
SESS0001015,P00107,상품_상세조회,2026-06-16 19:06:08
SESS0001015,P00110,장바구니_담기,2026-06-16 19:07:19
SESS0001016,P00005,상품_상세조회,2026-06-26 18:39:22
SESS0001017,P00161,상품_상세조회,2026-06-08 18:20:21
SESS0001017,P00157,상품_상세조회,2026-06-08 18:23:01
SESS0001018,P00019,상품_상세조회,2026-06-21 20:39:08
SESS0001018,P00026,장바구니_담기,2026-06-21 20:40:02
SESS0001019,P00161,상품_상세조회,2026-06-16 20:15:16
SESS0001020,P00085,상품_상세조회,2026-06-19 15:11:13
SESS0001020,P00080,상품_상세조회,2026-06-19 15:14:05
SESS0001020,P00090,장바구니_담기,2026-06-19 15:16:00
SESS0001020,P00088,구매완료,2026-06-19 15:19:23
SESS0001021,P00098,상품_상세조회,2026-06-19 16:22:26
SESS0001021,P00094,상품_상세조회,2026-06-19 16:24:06
SESS0001022,P00159,상품_상세조회,2026-06-28 23:23:01
SESS0001023,P00125,상품_상세조회,2026-06-23 20:22:42
SESS0001023,P00121,장바구니_담기,2026-06-23 20:24:26
SESS0001024,P00053,상품_상세조회,2026-06-27 20:20:33
SESS0001024,P00057,상품_상세조회,2026-06-27 20:21:33
SESS0001025,P00064,상품_상세조회,2026-07-01 22:37:41
SESS0001025,P00063,상품_상세조회,2026-07-01 22:40:03
SESS0001026,P00038,상품_상세조회,2026-07-03 18:30:35
SESS0001026,P00045,상품_상세조회,2026-07-03 18:31:35
SESS0001027,P00071,상품_상세조회,2026-06-22 23:39:35
SESS0001028,P00002,상품_상세조회,2026-06-23 15:41:56
SESS0001029,P00068,상품_상세조회,2026-06-21 19:32:07
SESS0001030,P00163,상품_상세조회,2026-06-12 20:18:53
SESS0001030,P00158,찜하기,2026-06-12 20:20:17
SESS0001032,P00110,상품_상세조회,2026-07-02 17:23:24
SESS0001032,P00120,상품_상세조회,2026-07-02 17:24:29
SESS0001032,P00117,장바구니_담기,2026-07-02 17:25:15
SESS0001032,P00109,구매완료,2026-07-02 17:26:53
SESS0001034,P00084,상품_상세조회,2026-06-10 21:30:23
SESS0001035,P00059,상품_상세조회,2026-06-11 23:53:33
SESS0001035,P00053,상품_상세조회,2026-06-11 23:54:47
SESS0001035,P00055,찜하기,2026-06-11 23:55:39
SESS0001035,P00054,상품_상세조회,2026-06-11 23:58:21
SESS0001035,P00056,상품_상세조회,2026-06-11 23:58:54
SESS0001035,P00050,상품_상세조회,2026-06-12 00:00:47
SESS0001036,P00002,상품_상세조회,2026-06-20 22:49:28
SESS0001036,P00008,상품_상세조회,2026-06-20 22:51:51
SESS0001037,P00068,상품_상세조회,2026-06-20 16:32:16
SESS0001037,P00074,찜하기,2026-06-20 16:34:43
SESS0001038,P00110,상품_상세조회,2026-06-14 17:05:09
SESS0001039,P00083,상품_상세조회,2026-06-09 13:32:01
SESS0001039,P00087,상품_상세조회,2026-06-09 13:34:57
SESS0001040,P00098,상품_상세조회,2026-06-23 18:58:33
SESS0001041,P00098,상품_상세조회,2026-06-10 19:29:59
SESS0001041,P00095,장바구니_담기,2026-06-10 19:32:42
SESS0001042,P00116,상품_상세조회,2026-06-05 13:20:19
SESS0001042,P00107,장바구니_담기,2026-06-05 13:22:58
SESS0001042,P00108,구매완료,2026-06-05 13:25:50
SESS0001044,P00128,상품_상세조회,2026-06-27 17:18:46
SESS0001045,P00063,상품_상세조회,2026-06-09 23:41:25
SESS0001045,P00075,장바구니_담기,2026-06-09 23:42:40
SESS0001045,P00068,구매완료,2026-06-09 23:46:23
SESS0001046,P00144,상품_상세조회,2026-06-28 18:45:46
SESS0001046,P00142,장바구니_담기,2026-06-28 18:46:29
SESS0001047,P00051,상품_상세조회,2026-06-07 18:24:09
SESS0001048,P00073,상품_상세조회,2026-06-18 15:31:13
SESS0001049,P00130,상품_상세조회,2026-06-27 18:13:01
SESS0001049,P00123,장바구니_담기,2026-06-27 18:15:18
SESS0001049,P00125,구매완료,2026-06-27 18:20:18
SESS0001050,P00049,상품_상세조회,2026-06-12 14:38:37
SESS0001050,P00050,상품_상세조회,2026-06-12 14:40:10
SESS0001050,P00052,상품_상세조회,2026-06-12 14:40:48
SESS0001051,P00008,상품_상세조회,2026-06-10 21:54:06
SESS0001051,P00011,상품_상세조회,2026-06-10 21:57:04
SESS0001051,P00011,상품_상세조회,2026-06-10 21:57:35
SESS0001052,P00072,상품_상세조회,2026-06-19 18:45:38
SESS0001054,P00140,상품_상세조회,2026-06-08 21:56:23
SESS0001054,P00145,상품_상세조회,2026-06-08 21:58:56
SESS0001054,P00147,상품_상세조회,2026-06-08 22:00:44
SESS0001054,P00148,상품_상세조회,2026-06-08 22:03:14
SESS0001055,P00089,상품_상세조회,2026-06-18 17:04:35
SESS0001055,P00089,장바구니_담기,2026-06-18 17:05:34
SESS0001055,P00077,상품_상세조회,2026-06-18 17:06:45
SESS0001056,P00163,상품_상세조회,2026-06-10 14:52:05
SESS0001056,P00107,상품_상세조회,2026-06-10 14:57:39
SESS0001057,P00134,상품_상세조회,2026-06-15 17:08:26
SESS0001058,P00037,상품_상세조회,2026-06-13 19:22:14
SESS0001059,P00069,상품_상세조회,2026-06-16 23:32:17
SESS0001059,P00144,상품_상세조회,2026-06-16 23:34:45
SESS0001060,P00031,상품_상세조회,2026-06-07 17:29:53
SESS0001061,P00045,상품_상세조회,2026-06-20 22:53:07
SESS0001061,P00032,찜하기,2026-06-20 22:53:28
SESS0001061,P00041,상품_상세조회,2026-06-20 22:56:12
SESS0001061,P00115,상품_상세조회,2026-06-20 23:00:58
SESS0001061,P00007,상품_상세조회,2026-06-20 23:03:18
SESS0001061,P00005,찜하기,2026-06-20 23:04:38
SESS0001061,P00011,상품_상세조회,2026-06-20 23:06:13
SESS0001061,P00014,장바구니_담기,2026-06-20 23:07:28
SESS0001062,P00032,상품_상세조회,2026-06-11 20:42:21
SESS0001062,P00043,상품_상세조회,2026-06-11 20:43:45
SESS0001062,P00033,상품_상세조회,2026-06-11 20:45:09
SESS0001062,P00042,상품_상세조회,2026-06-11 20:48:04
SESS0001062,P00037,상품_상세조회,2026-06-11 20:49:29
SESS0001062,P00038,찜하기,2026-06-11 20:52:17
SESS0001063,P00116,상품_상세조회,2026-06-27 18:51:22
SESS0001063,P00108,장바구니_담기,2026-06-27 18:52:34
SESS0001063,P00106,구매완료,2026-06-27 18:54:44
SESS0001064,P00138,상품_상세조회,2026-06-11 17:30:41
SESS0001065,P00012,상품_상세조회,2026-06-19 18:42:05
SESS0001066,P00163,상품_상세조회,2026-06-16 22:11:10
SESS0001067,P00096,상품_상세조회,2026-06-16 21:29:23
SESS0001067,P00092,찜하기,2026-06-16 21:32:13
SESS0001068,P00069,상품_상세조회,2026-06-12 21:24:30
SESS0001068,P00066,장바구니_담기,2026-06-12 21:26:50
SESS0001069,P00141,상품_상세조회,2026-06-09 18:19:45
SESS0001069,P00141,장바구니_담기,2026-06-09 18:20:08
SESS0001070,P00151,상품_상세조회,2026-07-03 21:42:14
SESS0001070,P00119,상품_상세조회,2026-07-03 21:46:19
SESS0001070,P00107,상품_상세조회,2026-07-03 21:49:03
SESS0001070,P00111,상품_상세조회,2026-07-03 21:50:24
SESS0001070,P00108,찜하기,2026-07-03 21:53:22
SESS0001071,P00172,상품_상세조회,2026-06-12 21:32:02
SESS0001071,P00103,상품_상세조회,2026-06-12 21:35:43
SESS0001071,P00102,찜하기,2026-06-12 21:37:08
SESS0001072,P00109,상품_상세조회,2026-06-19 20:41:46
SESS0001073,P00125,상품_상세조회,2026-07-02 18:44:14
SESS0001074,P00149,상품_상세조회,2026-06-27 18:30:59
SESS0001075,P00055,상품_상세조회,2026-06-18 23:58:00
SESS0001075,P00054,장바구니_담기,2026-06-18 23:59:12
SESS0001077,P00073,상품_상세조회,2026-06-13 18:39:44
SESS0001077,P00072,상품_상세조회,2026-06-13 18:41:29
SESS0001078,P00134,상품_상세조회,2026-06-13 23:48:21
SESS0001079,P00003,상품_상세조회,2026-06-28 22:35:19
SESS0001079,P00001,장바구니_담기,2026-06-28 22:36:09
SESS0001080,P00128,상품_상세조회,2026-06-05 14:47:43
SESS0001080,P00123,찜하기,2026-06-05 14:48:01
SESS0001080,P00121,상품_상세조회,2026-06-05 14:50:02
SESS0001080,P00127,상품_상세조회,2026-06-05 14:50:36
SESS0001080,P00131,상품_상세조회,2026-06-05 14:52:24
SESS0001080,P00073,상품_상세조회,2026-06-05 14:56:59
SESS0001080,P00072,상품_상세조회,2026-06-05 14:58:29
SESS0001080,P00070,찜하기,2026-06-05 15:00:40
SESS0001081,P00067,상품_상세조회,2026-06-06 17:27:24
SESS0001081,P00065,찜하기,2026-06-06 17:30:02
SESS0001082,P00108,상품_상세조회,2026-06-20 22:52:24
SESS0001082,P00114,장바구니_담기,2026-06-20 22:54:37
SESS0001082,P00113,구매완료,2026-06-20 22:56:56
SESS0001083,P00037,상품_상세조회,2026-06-20 23:46:38
SESS0001083,P00134,상품_상세조회,2026-06-20 23:52:13
SESS0001084,P00033,상품_상세조회,2026-06-27 15:44:45
SESS0001084,P00034,상품_상세조회,2026-06-27 15:45:06
SESS0001084,P00033,찜하기,2026-06-27 15:47:42
SESS0001084,P00036,상품_상세조회,2026-06-27 15:49:19
SESS0001084,P00031,장바구니_담기,2026-06-27 15:51:43
SESS0001085,P00115,상품_상세조회,2026-06-26 18:16:46
SESS0001085,P00115,상품_상세조회,2026-06-26 18:19:40
SESS0001085,P00109,장바구니_담기,2026-06-26 18:22:33
SESS0001086,P00149,상품_상세조회,2026-07-03 21:47:54
SESS0001087,P00118,상품_상세조회,2026-06-04 22:44:33
SESS0001087,P00111,찜하기,2026-06-04 22:46:12
SESS0001087,P00116,장바구니_담기,2026-06-04 22:48:27
SESS0001088,P00119,상품_상세조회,2026-06-11 19:45:18
SESS0001089,P00015,상품_상세조회,2026-06-24 16:06:04
SESS0001089,P00014,장바구니_담기,2026-06-24 16:07:27
SESS0001089,P00013,상품_상세조회,2026-06-24 16:08:40
SESS0001089,P00013,장바구니_담기,2026-06-24 16:10:43
SESS0001089,P00006,구매완료,2026-06-24 16:12:32
SESS0001090,P00157,상품_상세조회,2026-06-28 20:17:45
SESS0001091,P00165,상품_상세조회,2026-06-13 20:15:46
SESS0001092,P00096,상품_상세조회,2026-06-07 18:46:01
SESS0001093,P00084,상품_상세조회,2026-06-22 20:07:05
SESS0001093,P00085,장바구니_담기,2026-06-22 20:09:15
SESS0001094,P00002,상품_상세조회,2026-06-25 20:00:11
SESS0001094,P00006,장바구니_담기,2026-06-25 20:03:04
SESS0001094,P00001,구매완료,2026-06-25 20:05:54
SESS0001095,P00052,상품_상세조회,2026-06-25 23:43:12
SESS0001096,P00108,상품_상세조회,2026-06-21 16:44:44
SESS0001096,P00119,상품_상세조회,2026-06-21 16:45:04
SESS0001096,P00112,장바구니_담기,2026-06-21 16:45:48
SESS0001096,P00120,상품_상세조회,2026-06-21 16:47:51
SESS0001096,P00118,장바구니_담기,2026-06-21 16:49:28
SESS0001096,P00116,상품_상세조회,2026-06-21 16:51:12
SESS0001096,P00015,상품_상세조회,2026-06-21 16:54:49
SESS0001097,P00051,상품_상세조회,2026-06-26 18:06:27
SESS0001097,P00059,찜하기,2026-06-26 18:07:18
SESS0001097,P00054,장바구니_담기,2026-06-26 18:08:28
SESS0001097,P00055,구매완료,2026-06-26 18:13:20
SESS0001100,P00011,상품_상세조회,2026-06-05 23:50:09
SESS0001100,P00006,상품_상세조회,2026-06-05 23:52:49
SESS0001100,P00005,상품_상세조회,2026-06-05 23:54:54
SESS0001100,P00003,상품_상세조회,2026-06-05 23:55:25
SESS0001100,P00005,상품_상세조회,2026-06-05 23:57:28
SESS0001100,P00009,상품_상세조회,2026-06-05 23:58:18
SESS0001100,P00015,찜하기,2026-06-06 00:01:07
SESS0001100,P00008,상품_상세조회,2026-06-06 00:02:21
SESS0001100,P00012,상품_상세조회,2026-06-06 00:02:50
SESS0001100,P00013,상품_상세조회,2026-06-06 00:03:26
SESS0001101,P00112,상품_상세조회,2026-06-25 19:36:06
SESS0001102,P00081,상품_상세조회,2026-06-13 16:24:22
SESS0001103,P00164,상품_상세조회,2026-06-12 22:02:29
SESS0001103,P00164,상품_상세조회,2026-06-12 22:04:47
SESS0001104,P00102,상품_상세조회,2026-06-08 21:29:42
SESS0001104,P00092,상품_상세조회,2026-06-08 21:30:01
SESS0001105,P00148,상품_상세조회,2026-06-15 19:03:07
SESS0001105,P00149,찜하기,2026-06-15 19:05:30
SESS0001106,P00054,상품_상세조회,2026-07-01 19:30:30
SESS0001106,P00052,찜하기,2026-07-01 19:31:26
SESS0001106,P00051,장바구니_담기,2026-07-01 19:33:46
SESS0001107,P00117,상품_상세조회,2026-06-30 17:01:06
SESS0001107,P00113,상품_상세조회,2026-06-30 17:02:05
SESS0001107,P00115,찜하기,2026-06-30 17:02:53
SESS0001108,P00001,상품_상세조회,2026-06-27 23:37:35
SESS0001109,P00149,상품_상세조회,2026-06-11 21:56:06
SESS0001109,P00146,장바구니_담기,2026-06-11 21:57:54
SESS0001109,P00142,구매완료,2026-06-11 22:00:44
SESS0001110,P00001,상품_상세조회,2026-06-17 22:43:10
SESS0001110,P00001,상품_상세조회,2026-06-17 22:44:26
SESS0001110,P00002,장바구니_담기,2026-06-17 22:47:02
SESS0001110,P00013,구매완료,2026-06-17 22:48:06
SESS0001111,P00158,상품_상세조회,2026-06-19 16:50:51
SESS0001111,P00154,장바구니_담기,2026-06-19 16:51:13
SESS0001111,P00153,상품_상세조회,2026-06-19 16:51:38
SESS0001111,P00161,찜하기,2026-06-19 16:52:31
SESS0001112,P00076,상품_상세조회,2026-06-27 19:17:03
SESS0001112,P00122,상품_상세조회,2026-06-27 19:20:13
SESS0001112,P00127,장바구니_담기,2026-06-27 19:21:28
SESS0001113,P00157,상품_상세조회,2026-06-11 23:38:22
SESS0001114,P00004,상품_상세조회,2026-06-25 19:22:21
SESS0001115,P00033,상품_상세조회,2026-06-26 19:42:53
SESS0001115,P00072,상품_상세조회,2026-06-26 19:46:33
SESS0001115,P00062,상품_상세조회,2026-06-26 19:47:34
SESS0001115,P00064,찜하기,2026-06-26 19:49:07
SESS0001115,P00065,상품_상세조회,2026-06-26 19:52:04
SESS0001115,P00061,찜하기,2026-06-26 19:54:45
SESS0001117,P00128,상품_상세조회,2026-06-18 22:42:42
SESS0001117,P00133,장바구니_담기,2026-06-18 22:45:08
SESS0001117,P00125,상품_상세조회,2026-06-18 22:46:09
SESS0001118,P00106,상품_상세조회,2026-06-25 22:28:08
SESS0001118,P00113,장바구니_담기,2026-06-25 22:28:45
SESS0001118,P00117,구매완료,2026-06-25 22:29:56
SESS0001119,P00119,상품_상세조회,2026-06-19 23:21:27
SESS0001121,P00075,상품_상세조회,2026-06-12 16:37:15
SESS0001121,P00068,장바구니_담기,2026-06-12 16:38:15
SESS0001121,P00065,구매완료,2026-06-12 16:40:15
SESS0001122,P00104,상품_상세조회,2026-07-01 10:43:41
SESS0001122,P00004,상품_상세조회,2026-07-01 10:44:44
SESS0001122,P00015,찜하기,2026-07-01 10:45:53
SESS0001122,P00006,상품_상세조회,2026-07-01 10:46:39
SESS0001122,P00014,장바구니_담기,2026-07-01 10:48:22
SESS0001122,P00013,구매완료,2026-07-01 10:49:08
SESS0001123,P00139,상품_상세조회,2026-07-01 19:55:01
SESS0001123,P00073,상품_상세조회,2026-07-01 19:56:50
SESS0001123,P00062,상품_상세조회,2026-07-01 19:57:14
SESS0001124,P00090,상품_상세조회,2026-06-17 15:44:30
SESS0001124,P00080,상품_상세조회,2026-06-17 15:45:15
SESS0001124,P00084,찜하기,2026-06-17 15:45:34
SESS0001125,P00003,상품_상세조회,2026-06-11 21:31:53
SESS0001125,P00003,찜하기,2026-06-11 21:33:31
SESS0001126,P00163,상품_상세조회,2026-06-12 14:50:31
SESS0001126,P00151,찜하기,2026-06-12 14:53:24
SESS0001127,P00072,상품_상세조회,2026-06-30 17:55:11
SESS0001128,P00089,상품_상세조회,2026-06-30 19:39:33
SESS0001128,P00078,장바구니_담기,2026-06-30 19:40:33
SESS0001128,P00087,구매완료,2026-06-30 19:43:00
SESS0001129,P00163,상품_상세조회,2026-06-26 17:41:58
SESS0001129,P00165,장바구니_담기,2026-06-26 17:44:04
SESS0001129,P00152,구매완료,2026-06-26 17:47:37
SESS0001130,P00063,상품_상세조회,2026-06-26 17:25:29
SESS0001130,P00062,상품_상세조회,2026-06-26 17:27:00
SESS0001130,P00068,상품_상세조회,2026-06-26 17:29:53
SESS0001130,P00073,상품_상세조회,2026-06-26 17:30:13
SESS0001132,P00148,상품_상세조회,2026-06-16 22:11:23
SESS0001132,P00142,장바구니_담기,2026-06-16 22:12:21
SESS0001133,P00158,상품_상세조회,2026-06-24 20:25:03
SESS0001134,P00003,상품_상세조회,2026-06-09 19:45:15
SESS0001135,P00010,상품_상세조회,2026-06-11 15:26:10
SESS0001137,P00087,상품_상세조회,2026-06-09 15:31:46
SESS0001137,P00083,상품_상세조회,2026-06-09 15:33:37
SESS0001137,P00084,찜하기,2026-06-09 15:35:45
SESS0001137,P00078,상품_상세조회,2026-06-09 15:37:08
SESS0001138,P00175,상품_상세조회,2026-06-04 19:43:13
SESS0001138,P00172,찜하기,2026-06-04 19:46:09
SESS0001140,P00070,상품_상세조회,2026-06-28 18:00:12
SESS0001141,P00009,상품_상세조회,2026-06-08 23:23:01
SESS0001141,P00011,장바구니_담기,2026-06-08 23:24:03
SESS0001141,P00006,구매완료,2026-06-08 23:27:19
SESS0001142,P00125,상품_상세조회,2026-06-20 20:50:58
SESS0001142,P00132,장바구니_담기,2026-06-20 20:51:16
SESS0001142,P00128,상품_상세조회,2026-06-20 20:51:43
SESS0001142,P00132,상품_상세조회,2026-06-20 20:52:49
SESS0001142,P00131,찜하기,2026-06-20 20:53:44
SESS0001142,P00130,장바구니_담기,2026-06-20 20:54:00
SESS0001142,P00131,상품_상세조회,2026-06-20 20:56:38
SESS0001142,P00129,상품_상세조회,2026-06-20 20:58:26
SESS0001143,P00138,상품_상세조회,2026-06-20 16:04:35
SESS0001143,P00136,장바구니_담기,2026-06-20 16:06:03
SESS0001143,P00150,구매완료,2026-06-20 16:08:51
SESS0001145,P00136,상품_상세조회,2026-06-19 18:12:58
SESS0001145,P00029,상품_상세조회,2026-06-19 18:17:15
SESS0001145,P00028,찜하기,2026-06-19 18:18:33
SESS0001146,P00119,상품_상세조회,2026-06-17 18:29:53
SESS0001146,P00111,장바구니_담기,2026-06-17 18:31:44
SESS0001146,P00115,구매완료,2026-06-17 18:35:33
SESS0001147,P00149,상품_상세조회,2026-06-29 19:32:52
SESS0001147,P00136,상품_상세조회,2026-06-29 19:33:37
SESS0001147,P00136,상품_상세조회,2026-06-29 19:34:19
SESS0001147,P00150,장바구니_담기,2026-06-29 19:35:41
SESS0001148,P00003,상품_상세조회,2026-06-23 15:42:03
SESS0001148,P00079,상품_상세조회,2026-06-23 15:44:36
SESS0001149,P00128,상품_상세조회,2026-06-13 19:11:13
SESS0001149,P00131,상품_상세조회,2026-06-13 19:13:55
SESS0001150,P00064,상품_상세조회,2026-06-28 15:41:58
SESS0001150,P00067,상품_상세조회,2026-06-28 15:42:25
SESS0001150,P00063,찜하기,2026-06-28 15:42:53
SESS0001150,P00071,장바구니_담기,2026-06-28 15:45:02
SESS0001150,P00073,상품_상세조회,2026-06-28 15:45:35
SESS0001150,P00069,장바구니_담기,2026-06-28 15:47:41
SESS0001150,P00061,상품_상세조회,2026-06-28 15:48:13
SESS0001151,P00120,상품_상세조회,2026-06-11 20:08:47
SESS0001152,P00064,상품_상세조회,2026-06-22 00:02:30
SESS0001152,P00072,상품_상세조회,2026-06-22 00:04:51
SESS0001152,P00071,찜하기,2026-06-22 00:06:28
SESS0001154,P00004,상품_상세조회,2026-06-08 19:46:14
SESS0001154,P00102,상품_상세조회,2026-06-08 19:54:47
SESS0001154,P00084,상품_상세조회,2026-06-08 19:58:51
SESS0001155,P00015,상품_상세조회,2026-07-02 14:09:26
SESS0001155,P00008,장바구니_담기,2026-07-02 14:10:29
SESS0001155,P00007,상품_상세조회,2026-07-02 14:11:09
SESS0001155,P00004,찜하기,2026-07-02 14:12:10
SESS0001155,P00004,상품_상세조회,2026-07-02 14:15:06
SESS0001155,P00014,상품_상세조회,2026-07-02 14:17:53
SESS0001156,P00008,상품_상세조회,2026-06-06 19:23:37
SESS0001156,P00015,상품_상세조회,2026-06-06 19:24:07
SESS0001156,P00013,상품_상세조회,2026-06-06 19:25:19
SESS0001157,P00096,상품_상세조회,2026-06-10 20:02:00
SESS0001157,P00096,장바구니_담기,2026-06-10 20:02:57
SESS0001157,P00096,구매완료,2026-06-10 20:07:16
SESS0001158,P00047,상품_상세조회,2026-06-11 16:36:24
SESS0001158,P00124,상품_상세조회,2026-06-11 16:38:06
SESS0001158,P00003,상품_상세조회,2026-06-11 16:40:28
SESS0001159,P00009,상품_상세조회,2026-06-07 16:06:04
SESS0001159,P00006,상품_상세조회,2026-06-07 16:09:02
SESS0001159,P00042,상품_상세조회,2026-06-07 16:12:37
SESS0001159,P00032,상품_상세조회,2026-06-07 16:14:46
SESS0001159,P00039,상품_상세조회,2026-06-07 16:16:30
SESS0001159,P00031,상품_상세조회,2026-06-07 16:17:11
SESS0001159,P00034,상품_상세조회,2026-06-07 16:17:30
SESS0001159,P00039,상품_상세조회,2026-06-07 16:19:23
SESS0001159,P00036,상품_상세조회,2026-06-07 16:20:40
SESS0001159,P00040,상품_상세조회,2026-06-07 16:22:47
SESS0001159,P00037,상품_상세조회,2026-06-07 16:23:39
SESS0001159,P00041,찜하기,2026-06-07 16:26:15
SESS0001160,P00145,상품_상세조회,2026-06-18 21:26:48
SESS0001161,P00045,상품_상세조회,2026-07-03 20:10:02
SESS0001162,P00144,상품_상세조회,2026-06-21 20:15:33
SESS0001162,P00136,장바구니_담기,2026-06-21 20:18:01
SESS0001162,P00149,구매완료,2026-06-21 20:21:48
SESS0001163,P00065,상품_상세조회,2026-06-24 17:37:48
SESS0001163,P00062,장바구니_담기,2026-06-24 17:38:17
SESS0001163,P00067,구매완료,2026-06-24 17:41:55
SESS0001164,P00078,상품_상세조회,2026-06-30 16:40:27
SESS0001164,P00076,상품_상세조회,2026-06-30 16:41:30
SESS0001164,P00081,상품_상세조회,2026-06-30 16:43:42
SESS0001164,P00090,찜하기,2026-06-30 16:44:35
SESS0001165,P00176,상품_상세조회,2026-06-04 18:49:04
SESS0001165,P00171,상품_상세조회,2026-06-04 18:49:28
SESS0001165,P00173,찜하기,2026-06-04 18:49:49
SESS0001165,P00166,장바구니_담기,2026-06-04 18:52:15
SESS0001166,P00086,상품_상세조회,2026-06-08 20:02:00
SESS0001166,P00084,상품_상세조회,2026-06-08 20:03:07
SESS0001168,P00068,상품_상세조회,2026-06-28 18:33:58
SESS0001168,P00062,상품_상세조회,2026-06-28 18:35:10
SESS0001168,P00075,장바구니_담기,2026-06-28 18:36:38
SESS0001168,P00067,구매완료,2026-06-28 18:41:01
SESS0001169,P00152,상품_상세조회,2026-06-09 15:34:33
SESS0001169,P00162,상품_상세조회,2026-06-09 15:35:58
SESS0001169,P00160,찜하기,2026-06-09 15:37:37
SESS0001169,P00163,장바구니_담기,2026-06-09 15:38:31
SESS0001169,P00155,구매완료,2026-06-09 15:39:29
SESS0001170,P00142,상품_상세조회,2026-06-13 15:41:24
SESS0001170,P00143,상품_상세조회,2026-06-13 15:42:38
SESS0001170,P00140,상품_상세조회,2026-06-13 15:44:19
SESS0001170,P00150,장바구니_담기,2026-06-13 15:45:01
SESS0001170,P00146,구매완료,2026-06-13 15:48:40
SESS0001171,P00152,상품_상세조회,2026-06-12 22:13:21
SESS0001171,P00159,상품_상세조회,2026-06-12 22:13:56
SESS0001172,P00038,상품_상세조회,2026-06-06 15:21:50
SESS0001172,P00045,장바구니_담기,2026-06-06 15:22:34
SESS0001172,P00032,구매완료,2026-06-06 15:26:25
SESS0001173,P00074,상품_상세조회,2026-07-02 20:06:59
SESS0001174,P00069,상품_상세조회,2026-06-28 18:52:11
SESS0001175,P00121,상품_상세조회,2026-06-23 20:04:58
SESS0001175,P00123,찜하기,2026-06-23 20:05:25
SESS0001176,P00010,상품_상세조회,2026-06-04 17:46:29
SESS0001176,P00013,상품_상세조회,2026-06-04 17:49:01
SESS0001176,P00004,상품_상세조회,2026-06-04 17:51:21
SESS0001176,P00011,장바구니_담기,2026-06-04 17:53:57
SESS0001176,P00013,구매완료,2026-06-04 17:56:03
SESS0001177,P00078,상품_상세조회,2026-06-05 16:43:09
SESS0001178,P00112,상품_상세조회,2026-06-28 21:46:00
SESS0001178,P00113,상품_상세조회,2026-06-28 21:48:11
SESS0001178,P00113,찜하기,2026-06-28 21:49:15
SESS0001178,P00120,상품_상세조회,2026-06-28 21:49:57
SESS0001178,P00117,상품_상세조회,2026-06-28 21:50:53
SESS0001178,P00114,찜하기,2026-06-28 21:52:41
SESS0001179,P00082,상품_상세조회,2026-06-14 11:46:41
SESS0001179,P00088,상품_상세조회,2026-06-14 11:50:08
SESS0001179,P00089,찜하기,2026-06-14 11:51:24
SESS0001179,P00076,장바구니_담기,2026-06-14 11:52:40
SESS0001180,P00106,상품_상세조회,2026-06-04 21:26:49
SESS0001180,P00119,상품_상세조회,2026-06-04 21:29:14
SESS0001181,P00104,상품_상세조회,2026-06-09 18:58:31
SESS0001181,P00091,장바구니_담기,2026-06-09 18:59:28
SESS0001181,P00102,상품_상세조회,2026-06-09 19:01:10
SESS0001181,P00102,찜하기,2026-06-09 19:03:27
SESS0001181,P00101,장바구니_담기,2026-06-09 19:04:55
SESS0001181,P00099,상품_상세조회,2026-06-09 19:07:46
SESS0001181,P00095,장바구니_담기,2026-06-09 19:10:17
SESS0001184,P00084,상품_상세조회,2026-06-26 21:10:21
SESS0001184,P00144,상품_상세조회,2026-06-26 21:13:53
SESS0001184,P00146,상품_상세조회,2026-06-26 21:16:14
SESS0001184,P00074,상품_상세조회,2026-06-26 21:20:47
SESS0001184,P00063,찜하기,2026-06-26 21:22:02
SESS0001185,P00130,상품_상세조회,2026-07-03 15:45:46
SESS0001186,P00165,상품_상세조회,2026-06-20 22:34:29
SESS0001186,P00165,장바구니_담기,2026-06-20 22:35:05
SESS0001186,P00164,상품_상세조회,2026-06-20 22:37:58
SESS0001186,P00158,찜하기,2026-06-20 22:39:42
SESS0001187,P00022,상품_상세조회,2026-06-27 12:50:13
SESS0001188,P00095,상품_상세조회,2026-06-15 15:04:03
SESS0001188,P00093,찜하기,2026-06-15 15:07:01
SESS0001189,P00068,상품_상세조회,2026-06-29 17:22:37
SESS0001189,P00073,상품_상세조회,2026-06-29 17:25:51
SESS0001189,P00068,상품_상세조회,2026-06-29 17:26:06
SESS0001190,P00053,상품_상세조회,2026-06-23 22:24:03
SESS0001190,P00052,찜하기,2026-06-23 22:26:02
SESS0001190,P00052,장바구니_담기,2026-06-23 22:28:18
SESS0001190,P00059,구매완료,2026-06-23 22:30:58
SESS0001191,P00140,상품_상세조회,2026-06-16 16:33:01
SESS0001191,P00140,상품_상세조회,2026-06-16 16:35:14
SESS0001191,P00150,장바구니_담기,2026-06-16 16:36:57
SESS0001191,P00145,구매완료,2026-06-16 16:41:53
SESS0001192,P00001,상품_상세조회,2026-06-24 15:18:00
SESS0001192,P00008,찜하기,2026-06-24 15:18:58
SESS0001192,P00008,상품_상세조회,2026-06-24 15:20:00
SESS0001192,P00008,상품_상세조회,2026-06-24 15:22:58
SESS0001193,P00071,상품_상세조회,2026-06-10 20:39:09
SESS0001193,P00065,장바구니_담기,2026-06-10 20:41:15
SESS0001193,P00062,구매완료,2026-06-10 20:42:00
SESS0001194,P00157,상품_상세조회,2026-06-11 20:20:15
SESS0001195,P00159,상품_상세조회,2026-06-10 22:39:44
SESS0001197,P00067,상품_상세조회,2026-06-28 20:53:03
SESS0001197,P00070,장바구니_담기,2026-06-28 20:53:57
SESS0001197,P00061,상품_상세조회,2026-06-28 20:55:30
SESS0001197,P00068,상품_상세조회,2026-06-28 20:56:58
SESS0001197,P00065,찜하기,2026-06-28 20:58:24
SESS0001197,P00072,상품_상세조회,2026-06-28 21:00:29
SESS0001197,P00150,상품_상세조회,2026-06-28 21:02:13
SESS0001198,P00145,상품_상세조회,2026-06-05 18:52:20
SESS0001199,P00150,상품_상세조회,2026-06-17 23:53:51
SESS0001199,P00136,상품_상세조회,2026-06-17 23:55:13
SESS0001200,P00005,상품_상세조회,2026-06-08 19:50:52
SESS0001200,P00005,찜하기,2026-06-08 19:52:35
SESS0001202,P00106,상품_상세조회,2026-06-19 20:03:02
SESS0001202,P00107,장바구니_담기,2026-06-19 20:04:41
SESS0001203,P00077,상품_상세조회,2026-07-01 18:25:21
SESS0001204,P00109,상품_상세조회,2026-06-28 20:48:20
SESS0001204,P00111,상품_상세조회,2026-06-28 20:50:08
SESS0001205,P00110,상품_상세조회,2026-06-12 20:43:35
SESS0001206,P00001,상품_상세조회,2026-06-09 19:59:36
SESS0001207,P00130,상품_상세조회,2026-06-23 17:06:34
SESS0001208,P00014,상품_상세조회,2026-07-03 22:53:43
SESS0001208,P00111,상품_상세조회,2026-07-03 22:55:33
SESS0001208,P00159,상품_상세조회,2026-07-03 22:59:32
SESS0001208,P00164,찜하기,2026-07-03 23:02:22
SESS0001208,P00152,장바구니_담기,2026-07-03 23:04:16
SESS0001208,P00152,구매완료,2026-07-03 23:06:45
SESS0001209,P00008,상품_상세조회,2026-06-25 17:44:15
SESS0001210,P00133,상품_상세조회,2026-06-16 20:43:47
SESS0001210,P00128,상품_상세조회,2026-06-16 20:44:58
SESS0001210,P00124,상품_상세조회,2026-06-16 20:47:12
SESS0001213,P00006,상품_상세조회,2026-06-27 21:41:10
SESS0001213,P00002,상품_상세조회,2026-06-27 21:41:54
SESS0001213,P00002,찜하기,2026-06-27 21:44:33
SESS0001214,P00002,상품_상세조회,2026-06-21 21:17:35
SESS0001214,P00012,찜하기,2026-06-21 21:18:57
SESS0001214,P00012,상품_상세조회,2026-06-21 21:20:54
SESS0001214,P00003,상품_상세조회,2026-06-21 21:23:33
SESS0001214,P00002,장바구니_담기,2026-06-21 21:24:18
SESS0001214,P00009,구매완료,2026-06-21 21:29:01
SESS0001216,P00144,상품_상세조회,2026-06-24 23:42:13
SESS0001216,P00142,찜하기,2026-06-24 23:44:07
SESS0001216,P00141,장바구니_담기,2026-06-24 23:44:55
SESS0001216,P00149,구매완료,2026-06-24 23:49:40
SESS0001217,P00083,상품_상세조회,2026-06-23 21:05:22
SESS0001217,P00080,상품_상세조회,2026-06-23 21:08:01
SESS0001217,P00090,상품_상세조회,2026-06-23 21:10:15
SESS0001217,P00119,상품_상세조회,2026-06-23 21:15:46
SESS0001218,P00003,상품_상세조회,2026-06-11 21:59:13
SESS0001218,P00014,찜하기,2026-06-11 22:00:26
SESS0001218,P00009,상품_상세조회,2026-06-11 22:01:52
SESS0001220,P00151,상품_상세조회,2026-06-16 15:58:04
SESS0001221,P00015,상품_상세조회,2026-06-22 19:52:26
SESS0001221,P00009,장바구니_담기,2026-06-22 19:54:33
SESS0001221,P00013,구매완료,2026-06-22 19:58:08
SESS0001222,P00102,상품_상세조회,2026-06-27 21:47:29
SESS0001222,P00094,장바구니_담기,2026-06-27 21:47:48
SESS0001222,P00098,구매완료,2026-06-27 21:50:03
SESS0001223,P00113,상품_상세조회,2026-06-10 15:02:15
SESS0001224,P00005,상품_상세조회,2026-06-21 18:57:02
SESS0001224,P00008,찜하기,2026-06-21 18:57:18
SESS0001225,P00162,상품_상세조회,2026-06-21 19:11:12
SESS0001225,P00154,찜하기,2026-06-21 19:13:34
SESS0001226,P00139,상품_상세조회,2026-06-16 23:00:55
SESS0001226,P00142,찜하기,2026-06-16 23:03:45
SESS0001226,P00142,장바구니_담기,2026-06-16 23:04:41
SESS0001226,P00147,구매완료,2026-06-16 23:09:55
SESS0001228,P00063,상품_상세조회,2026-06-27 18:01:28
SESS0001228,P00073,상품_상세조회,2026-06-27 18:02:35
SESS0001228,P00071,상품_상세조회,2026-06-27 18:04:54
SESS0001228,P00132,상품_상세조회,2026-06-27 18:08:46
SESS0001229,P00063,상품_상세조회,2026-06-24 18:07:02
SESS0001229,P00069,상품_상세조회,2026-06-24 18:08:42
SESS0001229,P00072,상품_상세조회,2026-06-24 18:10:34
SESS0001229,P00074,장바구니_담기,2026-06-24 18:12:06
SESS0001229,P00063,상품_상세조회,2026-06-24 18:15:01
SESS0001230,P00079,상품_상세조회,2026-06-05 14:05:15
SESS0001230,P00082,장바구니_담기,2026-06-05 14:07:34
SESS0001231,P00121,상품_상세조회,2026-06-06 18:53:17
SESS0001232,P00091,상품_상세조회,2026-07-03 18:23:41
SESS0001232,P00095,찜하기,2026-07-03 18:24:50
SESS0001232,P00098,상품_상세조회,2026-07-03 18:26:04
SESS0001233,P00013,상품_상세조회,2026-06-13 15:28:24
SESS0001233,P00003,장바구니_담기,2026-06-13 15:30:56
SESS0001234,P00112,상품_상세조회,2026-06-07 22:53:39
SESS0001234,P00067,상품_상세조회,2026-06-07 22:58:16
SESS0001235,P00065,상품_상세조회,2026-06-06 23:13:34
SESS0001235,P00063,상품_상세조회,2026-06-06 23:16:04
SESS0001235,P00074,상품_상세조회,2026-06-06 23:17:45
SESS0001235,P00094,상품_상세조회,2026-06-06 23:22:36
SESS0001235,P00094,장바구니_담기,2026-06-06 23:23:27
SESS0001238,P00116,상품_상세조회,2026-06-12 23:06:32
SESS0001239,P00012,상품_상세조회,2026-06-09 16:39:56
SESS0001239,P00015,장바구니_담기,2026-06-09 16:41:46
SESS0001239,P00015,구매완료,2026-06-09 16:45:31
SESS0001241,P00111,상품_상세조회,2026-06-21 16:33:09
SESS0001241,P00115,상품_상세조회,2026-06-21 16:35:55
SESS0001242,P00077,상품_상세조회,2026-06-21 17:19:35
SESS0001242,P00078,상품_상세조회,2026-06-21 17:20:10
SESS0001242,P00081,상품_상세조회,2026-06-21 17:22:53
SESS0001244,P00092,상품_상세조회,2026-06-19 21:28:36
SESS0001244,P00082,상품_상세조회,2026-06-19 21:31:51
SESS0001244,P00089,상품_상세조회,2026-06-19 21:34:13
SESS0001244,P00082,찜하기,2026-06-19 21:35:28
SESS0001244,P00081,상품_상세조회,2026-06-19 21:38:26
SESS0001244,P00088,찜하기,2026-06-19 21:40:03
SESS0001244,P00079,장바구니_담기,2026-06-19 21:40:21
SESS0001244,P00087,구매완료,2026-06-19 21:44:28
SESS0001245,P00020,상품_상세조회,2026-06-16 23:40:18
SESS0001246,P00161,상품_상세조회,2026-06-06 17:41:19
SESS0001246,P00164,장바구니_담기,2026-06-06 17:42:41
SESS0001246,P00152,상품_상세조회,2026-06-06 17:43:41
SESS0001246,P00164,찜하기,2026-06-06 17:46:33
SESS0001247,P00102,상품_상세조회,2026-06-10 23:55:55
SESS0001247,P00105,장바구니_담기,2026-06-10 23:58:18
SESS0001247,P00095,상품_상세조회,2026-06-10 23:59:00
SESS0001248,P00015,상품_상세조회,2026-06-08 20:31:46
SESS0001249,P00046,상품_상세조회,2026-06-15 20:47:39
SESS0001249,P00059,상품_상세조회,2026-06-15 20:50:19
SESS0001249,P00055,상품_상세조회,2026-06-15 20:52:40
SESS0001249,P00052,상품_상세조회,2026-06-15 20:53:58
SESS0001250,P00069,상품_상세조회,2026-06-19 19:44:16
SESS0001250,P00072,상품_상세조회,2026-06-19 19:45:43
SESS0001250,P00146,상품_상세조회,2026-06-19 19:48:37
SESS0001250,P00140,찜하기,2026-06-19 19:49:30
SESS0001250,P00138,장바구니_담기,2026-06-19 19:51:31
SESS0001250,P00148,구매완료,2026-06-19 19:56:41
SESS0001251,P00145,상품_상세조회,2026-06-21 18:05:06
SESS0001251,P00149,상품_상세조회,2026-06-21 18:08:00
SESS0001251,P00149,찜하기,2026-06-21 18:08:24
SESS0001251,P00137,상품_상세조회,2026-06-21 18:10:33
SESS0001251,P00140,장바구니_담기,2026-06-21 18:12:19
SESS0001252,P00040,상품_상세조회,2026-06-14 18:02:24
SESS0001252,P00038,장바구니_담기,2026-06-14 18:02:54
SESS0001252,P00038,구매완료,2026-06-14 18:07:37
SESS0001253,P00007,상품_상세조회,2026-06-24 19:30:27
SESS0001254,P00035,상품_상세조회,2026-06-27 20:03:36
SESS0001254,P00057,상품_상세조회,2026-06-27 20:06:04
SESS0001254,P00059,장바구니_담기,2026-06-27 20:06:35
SESS0001254,P00060,구매완료,2026-06-27 20:10:53
SESS0001255,P00044,상품_상세조회,2026-06-11 22:36:54
SESS0001255,P00042,장바구니_담기,2026-06-11 22:39:15
SESS0001255,P00043,구매완료,2026-06-11 22:43:31
SESS0001256,P00135,상품_상세조회,2026-06-04 16:19:34
SESS0001257,P00109,상품_상세조회,2026-06-09 23:57:24
SESS0001257,P00110,상품_상세조회,2026-06-09 23:59:26
SESS0001258,P00128,상품_상세조회,2026-07-03 21:19:22
SESS0001258,P00041,상품_상세조회,2026-07-03 21:22:49
SESS0001258,P00039,찜하기,2026-07-03 21:25:44
SESS0001258,P00042,상품_상세조회,2026-07-03 21:27:27
SESS0001258,P00033,찜하기,2026-07-03 21:28:16
SESS0001258,P00040,장바구니_담기,2026-07-03 21:30:52
SESS0001261,P00096,상품_상세조회,2026-06-25 22:04:16
SESS0001261,P00105,상품_상세조회,2026-06-25 22:04:47
SESS0001261,P00094,장바구니_담기,2026-06-25 22:06:29
SESS0001261,P00097,상품_상세조회,2026-06-25 22:07:03
SESS0001261,P00098,장바구니_담기,2026-06-25 22:07:56
SESS0001261,P00097,구매완료,2026-06-25 22:08:40
SESS0001264,P00089,상품_상세조회,2026-06-12 21:50:32
SESS0001264,P00114,상품_상세조회,2026-06-12 21:55:23
SESS0001264,P00119,장바구니_담기,2026-06-12 21:56:18
SESS0001265,P00146,상품_상세조회,2026-07-03 17:48:22
SESS0001265,P00148,장바구니_담기,2026-07-03 17:49:01
SESS0001266,P00085,상품_상세조회,2026-06-26 14:28:28
SESS0001266,P00077,장바구니_담기,2026-06-26 14:30:56
SESS0001266,P00090,상품_상세조회,2026-06-26 14:33:06
SESS0001266,P00085,장바구니_담기,2026-06-26 14:34:51
SESS0001266,P00089,구매완료,2026-06-26 14:37:43
SESS0001267,P00067,상품_상세조회,2026-06-14 13:25:47
SESS0001267,P00065,찜하기,2026-06-14 13:27:41
SESS0001268,P00084,상품_상세조회,2026-06-24 21:23:19
SESS0001268,P00079,상품_상세조회,2026-06-24 21:25:25
SESS0001269,P00008,상품_상세조회,2026-06-17 19:07:25
SESS0001269,P00002,상품_상세조회,2026-06-17 19:08:11
SESS0001269,P00012,상품_상세조회,2026-06-17 19:10:39
SESS0001269,P00011,상품_상세조회,2026-06-17 19:12:16
SESS0001269,P00003,상품_상세조회,2026-06-17 19:13:26
SESS0001269,P00006,상품_상세조회,2026-06-17 19:15:26
SESS0001269,P00007,찜하기,2026-06-17 19:18:22
SESS0001270,P00106,상품_상세조회,2026-06-12 21:00:56
SESS0001270,P00114,장바구니_담기,2026-06-12 21:02:20
SESS0001270,P00117,구매완료,2026-06-12 21:03:33
SESS0001271,P00063,상품_상세조회,2026-06-15 14:36:55
SESS0001272,P00160,상품_상세조회,2026-06-27 19:54:34
SESS0001272,P00154,상품_상세조회,2026-06-27 19:55:17
SESS0001272,P00161,찜하기,2026-06-27 19:56:46
SESS0001272,P00157,장바구니_담기,2026-06-27 19:58:58
SESS0001272,P00155,구매완료,2026-06-27 20:01:31
SESS0001273,P00002,상품_상세조회,2026-06-18 20:48:22
SESS0001274,P00066,상품_상세조회,2026-06-25 23:04:29
SESS0001275,P00104,상품_상세조회,2026-06-08 20:56:07
SESS0001275,P00094,상품_상세조회,2026-06-08 20:57:33
SESS0001275,P00100,찜하기,2026-06-08 20:58:51
SESS0001275,P00101,장바구니_담기,2026-06-08 20:59:31
SESS0001275,P00098,구매완료,2026-06-08 21:04:15
SESS0001276,P00154,상품_상세조회,2026-06-12 23:42:06
SESS0001276,P00162,상품_상세조회,2026-06-12 23:44:33
SESS0001276,P00157,장바구니_담기,2026-06-12 23:44:53
SESS0001276,P00160,구매완료,2026-06-12 23:47:39
SESS0001277,P00113,상품_상세조회,2026-06-13 17:01:56
SESS0001278,P00100,상품_상세조회,2026-06-05 23:58:00
SESS0001278,P00098,상품_상세조회,2026-06-05 23:59:39
SESS0001279,P00079,상품_상세조회,2026-06-09 15:24:12
SESS0001279,P00083,찜하기,2026-06-09 15:26:44
SESS0001279,P00076,장바구니_담기,2026-06-09 15:29:00
SESS0001280,P00071,상품_상세조회,2026-06-29 18:05:19
SESS0001280,P00069,찜하기,2026-06-29 18:06:44
SESS0001280,P00062,상품_상세조회,2026-06-29 18:09:13
SESS0001280,P00061,상품_상세조회,2026-06-29 18:11:58
SESS0001280,P00054,상품_상세조회,2026-06-29 18:15:31
SESS0001281,P00076,상품_상세조회,2026-06-04 18:36:58
SESS0001281,P00069,상품_상세조회,2026-06-04 18:39:01
SESS0001282,P00013,상품_상세조회,2026-06-21 13:39:11
SESS0001282,P00001,상품_상세조회,2026-06-21 13:39:28
SESS0001283,P00121,상품_상세조회,2026-06-27 20:35:15
SESS0001283,P00127,찜하기,2026-06-27 20:35:39
SESS0001283,P00122,상품_상세조회,2026-06-27 20:36:05
SESS0001283,P00135,찜하기,2026-06-27 20:37:16
SESS0001283,P00135,상품_상세조회,2026-06-27 20:40:09
SESS0001283,P00121,장바구니_담기,2026-06-27 20:40:44
SESS0001284,P00140,상품_상세조회,2026-06-30 15:52:10
SESS0001284,P00147,상품_상세조회,2026-06-30 15:52:34
SESS0001286,P00071,상품_상세조회,2026-06-07 20:35:48
SESS0001286,P00063,상품_상세조회,2026-06-07 20:36:53
SESS0001286,P00063,상품_상세조회,2026-06-07 20:38:36
SESS0001286,P00063,상품_상세조회,2026-06-07 20:38:54
SESS0001286,P00065,찜하기,2026-06-07 20:39:33
SESS0001286,P00064,장바구니_담기,2026-06-07 20:42:13
SESS0001286,P00062,상품_상세조회,2026-06-07 20:42:48
SESS0001287,P00083,상품_상세조회,2026-06-21 23:35:26
SESS0001287,P00087,상품_상세조회,2026-06-21 23:37:31
SESS0001287,P00084,장바구니_담기,2026-06-21 23:38:00
SESS0001287,P00082,구매완료,2026-06-21 23:40:40
SESS0001289,P00062,상품_상세조회,2026-06-13 19:57:01
SESS0001289,P00070,찜하기,2026-06-13 19:57:56
SESS0001289,P00068,상품_상세조회,2026-06-13 19:58:56
SESS0001290,P00133,상품_상세조회,2026-07-03 18:10:10
SESS0001291,P00081,상품_상세조회,2026-07-03 20:53:18
SESS0001291,P00084,상품_상세조회,2026-07-03 20:55:28
SESS0001291,P00080,장바구니_담기,2026-07-03 20:56:10
SESS0001291,P00083,구매완료,2026-07-03 20:57:50
SESS0001292,P00115,상품_상세조회,2026-06-30 18:52:11
SESS0001292,P00119,상품_상세조회,2026-06-30 18:52:57
SESS0001293,P00100,상품_상세조회,2026-06-08 23:15:45
SESS0001294,P00097,상품_상세조회,2026-06-12 19:28:21
SESS0001295,P00103,상품_상세조회,2026-06-12 14:23:22
SESS0001295,P00098,상품_상세조회,2026-06-12 14:23:38
SESS0001296,P00092,상품_상세조회,2026-06-04 22:48:49
SESS0001296,P00099,상품_상세조회,2026-06-04 22:51:34
SESS0001297,P00008,상품_상세조회,2026-06-24 17:59:14
SESS0001297,P00009,상품_상세조회,2026-06-24 18:01:30
SESS0001298,P00065,상품_상세조회,2026-06-25 17:20:25
SESS0001299,P00022,상품_상세조회,2026-06-17 19:50:58
SESS0001299,P00023,장바구니_담기,2026-06-17 19:53:36
SESS0001302,P00116,상품_상세조회,2026-06-27 21:10:21
SESS0001302,P00110,상품_상세조회,2026-06-27 21:11:24
SESS0001302,P00113,상품_상세조회,2026-06-27 21:12:56
SESS0001302,P00082,상품_상세조회,2026-06-27 21:16:06
SESS0001303,P00127,상품_상세조회,2026-06-28 22:17:39
SESS0001304,P00073,상품_상세조회,2026-06-23 20:33:18
SESS0001304,P00073,장바구니_담기,2026-06-23 20:33:57
SESS0001304,P00071,구매완료,2026-06-23 20:36:58
SESS0001306,P00108,상품_상세조회,2026-07-02 14:00:20
SESS0001306,P00013,상품_상세조회,2026-07-02 14:04:22
SESS0001306,P00003,장바구니_담기,2026-07-02 14:06:51
SESS0001307,P00120,상품_상세조회,2026-06-22 23:40:08
SESS0001307,P00038,상품_상세조회,2026-06-22 23:43:23
SESS0001307,P00042,상품_상세조회,2026-06-22 23:43:45
SESS0001307,P00043,장바구니_담기,2026-06-22 23:46:15
SESS0001308,P00134,상품_상세조회,2026-06-05 11:01:08
SESS0001308,P00125,찜하기,2026-06-05 11:02:35
SESS0001308,P00129,상품_상세조회,2026-06-05 11:04:25
SESS0001308,P00124,상품_상세조회,2026-06-05 11:07:01
SESS0001308,P00134,찜하기,2026-06-05 11:09:40
SESS0001310,P00129,상품_상세조회,2026-06-07 20:22:18
SESS0001310,P00038,상품_상세조회,2026-06-07 20:25:53
SESS0001310,P00041,장바구니_담기,2026-06-07 20:27:12
SESS0001310,P00041,구매완료,2026-06-07 20:32:51
SESS0001312,P00075,상품_상세조회,2026-06-15 23:31:18
SESS0001312,P00069,장바구니_담기,2026-06-15 23:33:23
SESS0001312,P00061,구매완료,2026-06-15 23:37:35
SESS0001313,P00131,상품_상세조회,2026-06-24 16:41:23
SESS0001313,P00123,상품_상세조회,2026-06-24 16:43:45
SESS0001313,P00135,상품_상세조회,2026-06-24 16:44:40
SESS0001313,P00125,상품_상세조회,2026-06-24 16:45:31
SESS0001313,P00126,찜하기,2026-06-24 16:48:12
SESS0001313,P00121,장바구니_담기,2026-06-24 16:50:27
SESS0001313,P00134,구매완료,2026-06-24 16:53:22
SESS0001314,P00126,상품_상세조회,2026-06-16 19:01:33
SESS0001315,P00003,상품_상세조회,2026-06-27 17:48:02
SESS0001315,P00008,상품_상세조회,2026-06-27 17:50:28
SESS0001315,P00003,상품_상세조회,2026-06-27 17:53:06
SESS0001315,P00006,장바구니_담기,2026-06-27 17:55:44
SESS0001315,P00015,구매완료,2026-06-27 17:58:13
SESS0001316,P00080,상품_상세조회,2026-06-24 18:03:43
SESS0001316,P00082,상품_상세조회,2026-06-24 18:06:34
SESS0001316,P00089,장바구니_담기,2026-06-24 18:07:14
SESS0001316,P00088,구매완료,2026-06-24 18:10:55
SESS0001317,P00163,상품_상세조회,2026-06-20 16:15:52
SESS0001318,P00107,상품_상세조회,2026-06-20 19:04:23
SESS0001318,P00118,상품_상세조회,2026-06-20 19:04:46
SESS0001318,P00106,상품_상세조회,2026-06-20 19:06:33
SESS0001318,P00110,찜하기,2026-06-20 19:08:50
SESS0001318,P00111,장바구니_담기,2026-06-20 19:09:44
SESS0001319,P00105,상품_상세조회,2026-06-09 17:15:03
SESS0001319,P00105,상품_상세조회,2026-06-09 17:16:19
SESS0001321,P00013,상품_상세조회,2026-06-28 20:56:07
SESS0001321,P00014,상품_상세조회,2026-06-28 20:56:56
SESS0001322,P00143,상품_상세조회,2026-07-02 16:55:49
SESS0001322,P00142,상품_상세조회,2026-07-02 16:56:25
SESS0001322,P00152,상품_상세조회,2026-07-02 17:04:19
SESS0001323,P00012,상품_상세조회,2026-06-10 22:43:30
SESS0001323,P00012,상품_상세조회,2026-06-10 22:45:06
SESS0001323,P00013,상품_상세조회,2026-06-10 22:45:22
SESS0001326,P00039,상품_상세조회,2026-06-17 00:00:40
SESS0001327,P00016,상품_상세조회,2026-07-01 19:29:55
SESS0001328,P00076,상품_상세조회,2026-06-30 16:33:20
SESS0001328,P00090,상품_상세조회,2026-06-30 16:35:48
SESS0001329,P00108,상품_상세조회,2026-06-04 17:44:36
SESS0001329,P00106,찜하기,2026-06-04 17:45:16
SESS0001329,P00108,상품_상세조회,2026-06-04 17:47:15
SESS0001330,P00070,상품_상세조회,2026-06-05 21:36:14
SESS0001330,P00067,상품_상세조회,2026-06-05 21:39:08
SESS0001330,P00070,찜하기,2026-06-05 21:42:07
SESS0001330,P00064,장바구니_담기,2026-06-05 21:44:57
SESS0001331,P00104,상품_상세조회,2026-07-03 23:46:40
SESS0001331,P00095,찜하기,2026-07-03 23:49:29
SESS0001331,P00096,상품_상세조회,2026-07-03 23:51:06
SESS0001333,P00164,상품_상세조회,2026-06-23 20:52:21
SESS0001333,P00161,장바구니_담기,2026-06-23 20:54:49
SESS0001333,P00152,구매완료,2026-06-23 20:55:51
SESS0001334,P00009,상품_상세조회,2026-06-08 20:22:08
SESS0001334,P00013,상품_상세조회,2026-06-08 20:24:58
SESS0001334,P00005,장바구니_담기,2026-06-08 20:25:49
SESS0001334,P00009,상품_상세조회,2026-06-08 20:27:48
SESS0001334,P00011,상품_상세조회,2026-06-08 20:29:43
SESS0001334,P00056,상품_상세조회,2026-06-08 20:34:37
SESS0001334,P00068,상품_상세조회,2026-06-08 20:37:03
SESS0001335,P00067,상품_상세조회,2026-06-08 22:18:26
SESS0001335,P00066,찜하기,2026-06-08 22:19:20
SESS0001335,P00062,상품_상세조회,2026-06-08 22:19:58
SESS0001335,P00074,상품_상세조회,2026-06-08 22:20:37
SESS0001335,P00067,찜하기,2026-06-08 22:22:49
SESS0001336,P00050,상품_상세조회,2026-06-05 19:54:00
SESS0001336,P00059,장바구니_담기,2026-06-05 19:56:04
SESS0001336,P00057,구매완료,2026-06-05 19:58:46
SESS0001337,P00145,상품_상세조회,2026-06-18 14:59:56
SESS0001337,P00071,상품_상세조회,2026-06-18 15:04:52
SESS0001337,P00075,장바구니_담기,2026-06-18 15:06:29
SESS0001338,P00055,상품_상세조회,2026-06-23 19:49:48
SESS0001338,P00060,장바구니_담기,2026-06-23 19:51:48
SESS0001338,P00049,구매완료,2026-06-23 19:55:57
SESS0001339,P00131,상품_상세조회,2026-06-18 18:12:48
SESS0001339,P00129,상품_상세조회,2026-06-18 18:14:21
SESS0001339,P00130,상품_상세조회,2026-06-18 18:15:43
SESS0001339,P00124,상품_상세조회,2026-06-18 18:18:19
SESS0001339,P00131,장바구니_담기,2026-06-18 18:20:19
SESS0001339,P00134,구매완료,2026-06-18 18:23:41
SESS0001340,P00011,상품_상세조회,2026-06-29 21:12:35
SESS0001340,P00005,상품_상세조회,2026-06-29 21:15:12
SESS0001342,P00005,상품_상세조회,2026-06-29 23:30:37
SESS0001342,P00009,찜하기,2026-06-29 23:32:22
SESS0001342,P00005,장바구니_담기,2026-06-29 23:33:35
SESS0001343,P00142,상품_상세조회,2026-06-08 19:10:32
SESS0001344,P00064,상품_상세조회,2026-06-11 15:26:16
SESS0001345,P00176,상품_상세조회,2026-06-16 22:49:17
SESS0001346,P00009,상품_상세조회,2026-07-02 23:47:37
SESS0001346,P00006,상품_상세조회,2026-07-02 23:49:38
SESS0001346,P00014,찜하기,2026-07-02 23:52:37
SESS0001347,P00127,상품_상세조회,2026-06-21 19:21:54
SESS0001347,P00123,장바구니_담기,2026-06-21 19:23:10
SESS0001347,P00126,구매완료,2026-06-21 19:26:24
SESS0001348,P00062,상품_상세조회,2026-07-03 19:47:49
SESS0001348,P00070,장바구니_담기,2026-07-03 19:49:14
SESS0001348,P00074,구매완료,2026-07-03 19:54:20
SESS0001349,P00097,상품_상세조회,2026-06-29 16:27:40
SESS0001350,P00085,상품_상세조회,2026-06-17 17:48:24
SESS0001351,P00013,상품_상세조회,2026-06-11 16:22:08
SESS0001351,P00013,장바구니_담기,2026-06-11 16:22:47
SESS0001351,P00015,구매완료,2026-06-11 16:23:37
SESS0001352,P00099,상품_상세조회,2026-06-23 20:59:54
SESS0001353,P00002,상품_상세조회,2026-07-02 18:04:59
SESS0001353,P00001,장바구니_담기,2026-07-02 18:06:36
SESS0001354,P00049,상품_상세조회,2026-06-04 17:35:13
SESS0001354,P00056,상품_상세조회,2026-06-04 17:36:49
SESS0001355,P00013,상품_상세조회,2026-06-16 22:07:09
SESS0001355,P00012,상품_상세조회,2026-06-16 22:08:17
SESS0001355,P00011,상품_상세조회,2026-06-16 22:08:50
SESS0001355,P00008,찜하기,2026-06-16 22:10:13
SESS0001356,P00128,상품_상세조회,2026-06-28 18:53:20
SESS0001356,P00124,상품_상세조회,2026-06-28 18:55:28
SESS0001356,P00123,상품_상세조회,2026-06-28 18:56:24
SESS0001357,P00139,상품_상세조회,2026-06-11 19:14:57
SESS0001357,P00141,상품_상세조회,2026-06-11 19:15:40
SESS0001357,P00138,상품_상세조회,2026-06-11 19:16:37
SESS0001358,P00096,상품_상세조회,2026-06-11 20:53:45
SESS0001358,P00093,장바구니_담기,2026-06-11 20:56:07
SESS0001360,P00072,상품_상세조회,2026-07-01 17:39:31
SESS0001360,P00062,찜하기,2026-07-01 17:42:00
SESS0001362,P00072,상품_상세조회,2026-06-23 23:44:37
SESS0001363,P00067,상품_상세조회,2026-06-19 17:12:32
SESS0001363,P00061,장바구니_담기,2026-06-19 17:14:50
SESS0001363,P00075,구매완료,2026-06-19 17:17:24
SESS0001365,P00101,상품_상세조회,2026-06-25 18:33:41
SESS0001367,P00120,상품_상세조회,2026-06-19 14:54:37
SESS0001367,P00114,장바구니_담기,2026-06-19 14:55:15
SESS0001367,P00106,구매완료,2026-06-19 14:59:17
SESS0001368,P00122,상품_상세조회,2026-07-02 21:33:33
SESS0001368,P00130,장바구니_담기,2026-07-02 21:34:13
SESS0001369,P00090,상품_상세조회,2026-06-23 17:35:40
SESS0001370,P00090,상품_상세조회,2026-06-30 20:04:59
SESS0001370,P00078,상품_상세조회,2026-06-30 20:06:46
SESS0001371,P00002,상품_상세조회,2026-06-17 17:02:32
SESS0001371,P00006,상품_상세조회,2026-06-17 17:04:13
SESS0001373,P00001,상품_상세조회,2026-06-20 17:36:07
SESS0001374,P00157,상품_상세조회,2026-06-27 17:17:40
SESS0001375,P00085,상품_상세조회,2026-06-21 23:27:02
SESS0001375,P00087,상품_상세조회,2026-06-21 23:28:09
SESS0001375,P00084,장바구니_담기,2026-06-21 23:28:49
SESS0001376,P00096,상품_상세조회,2026-06-09 23:15:31
SESS0001377,P00032,상품_상세조회,2026-06-11 22:35:33
SESS0001377,P00040,상품_상세조회,2026-06-11 22:38:12
SESS0001378,P00123,상품_상세조회,2026-07-02 23:50:01
SESS0001378,P00129,상품_상세조회,2026-07-02 23:51:15
SESS0001379,P00075,상품_상세조회,2026-06-23 22:03:48
SESS0001381,P00071,상품_상세조회,2026-06-06 14:21:26
SESS0001381,P00069,찜하기,2026-06-06 14:22:06
SESS0001381,P00064,상품_상세조회,2026-06-06 14:23:31
SESS0001381,P00072,찜하기,2026-06-06 14:26:17
SESS0001381,P00065,상품_상세조회,2026-06-06 14:27:15
SESS0001382,P00013,상품_상세조회,2026-06-06 21:24:16
SESS0001382,P00068,상품_상세조회,2026-06-06 21:28:01
SESS0001382,P00063,상품_상세조회,2026-06-06 21:29:17
SESS0001382,P00075,장바구니_담기,2026-06-06 21:30:37
SESS0001382,P00068,구매완료,2026-06-06 21:33:59
SESS0001383,P00018,상품_상세조회,2026-06-26 13:35:11
SESS0001383,P00026,찜하기,2026-06-26 13:35:51
SESS0001383,P00017,상품_상세조회,2026-06-26 13:38:22
SESS0001383,P00023,상품_상세조회,2026-06-26 13:39:08
SESS0001383,P00028,상품_상세조회,2026-06-26 13:41:20
SESS0001383,P00078,상품_상세조회,2026-06-26 13:43:39
SESS0001384,P00130,상품_상세조회,2026-06-13 14:05:48
SESS0001384,P00071,상품_상세조회,2026-06-13 14:09:34
SESS0001384,P00065,찜하기,2026-06-13 14:10:54
SESS0001384,P00068,상품_상세조회,2026-06-13 14:11:28
SESS0001386,P00137,상품_상세조회,2026-06-08 23:54:38
SESS0001386,P00002,상품_상세조회,2026-06-09 00:04:10
SESS0001386,P00015,상품_상세조회,2026-06-09 00:06:16
SESS0001386,P00003,상품_상세조회,2026-06-09 00:06:57
SESS0001387,P00097,상품_상세조회,2026-06-30 22:47:37
SESS0001387,P00101,상품_상세조회,2026-06-30 22:48:56
SESS0001387,P00105,상품_상세조회,2026-06-30 22:51:50
SESS0001387,P00094,상품_상세조회,2026-06-30 22:55:50
SESS0001387,P00093,상품_상세조회,2026-06-30 22:56:54
SESS0001387,P00099,찜하기,2026-06-30 22:59:20
SESS0001387,P00095,상품_상세조회,2026-06-30 23:00:28
SESS0001388,P00131,상품_상세조회,2026-06-07 21:04:13
SESS0001389,P00026,상품_상세조회,2026-06-17 18:43:36
SESS0001389,P00011,상품_상세조회,2026-06-17 18:48:12
SESS0001390,P00107,상품_상세조회,2026-06-15 15:50:01
SESS0001390,P00111,상품_상세조회,2026-06-15 15:52:17
SESS0001390,P00113,장바구니_담기,2026-06-15 15:52:56
SESS0001390,P00106,구매완료,2026-06-15 15:55:08
SESS0001391,P00005,상품_상세조회,2026-06-26 18:37:47
SESS0001391,P00011,장바구니_담기,2026-06-26 18:39:37
SESS0001391,P00014,상품_상세조회,2026-06-26 18:40:19
SESS0001392,P00146,상품_상세조회,2026-06-20 18:11:42
SESS0001392,P00147,상품_상세조회,2026-06-20 18:12:09
SESS0001392,P00054,상품_상세조회,2026-06-20 18:20:20
SESS0001392,P00057,장바구니_담기,2026-06-20 18:22:32
SESS0001392,P00059,구매완료,2026-06-20 18:23:22
SESS0001393,P00163,상품_상세조회,2026-07-01 17:20:42
SESS0001393,P00109,상품_상세조회,2026-07-01 17:24:56
SESS0001393,P00113,장바구니_담기,2026-07-01 17:26:10
SESS0001393,P00110,상품_상세조회,2026-07-01 17:28:48
SESS0001393,P00032,상품_상세조회,2026-07-01 17:31:20
SESS0001393,P00033,상품_상세조회,2026-07-01 17:34:04
SESS0001394,P00125,상품_상세조회,2026-06-14 20:06:59
SESS0001395,P00004,상품_상세조회,2026-06-15 16:44:40
SESS0001396,P00005,상품_상세조회,2026-07-01 16:21:43
SESS0001396,P00010,장바구니_담기,2026-07-01 16:22:40
SESS0001396,P00003,구매완료,2026-07-01 16:24:48
SESS0001397,P00118,상품_상세조회,2026-06-06 14:07:52
SESS0001397,P00110,상품_상세조회,2026-06-06 14:08:10
SESS0001397,P00120,장바구니_담기,2026-06-06 14:08:27
SESS0001398,P00066,상품_상세조회,2026-06-22 22:12:03
SESS0001398,P00064,상품_상세조회,2026-06-22 22:13:37
SESS0001398,P00073,찜하기,2026-06-22 22:15:59
SESS0001398,P00062,장바구니_담기,2026-06-22 22:18:38
SESS0001399,P00061,상품_상세조회,2026-06-06 23:52:08
SESS0001399,P00046,상품_상세조회,2026-06-06 23:56:13
SESS0001399,P00051,장바구니_담기,2026-06-06 23:56:28
SESS0001399,P00055,구매완료,2026-06-06 23:57:58
SESS0001400,P00081,상품_상세조회,2026-06-27 18:17:54
SESS0001400,P00086,장바구니_담기,2026-06-27 18:18:14
SESS0001400,P00077,구매완료,2026-06-27 18:22:35
SESS0001401,P00123,상품_상세조회,2026-06-12 15:31:07
SESS0001401,P00135,장바구니_담기,2026-06-12 15:32:24
SESS0001402,P00064,상품_상세조회,2026-06-09 18:16:47
SESS0001405,P00056,상품_상세조회,2026-06-08 23:09:59
SESS0001405,P00047,상품_상세조회,2026-06-08 23:11:21
SESS0001405,P00049,상품_상세조회,2026-06-08 23:13:40
SESS0001406,P00012,상품_상세조회,2026-06-28 19:00:22
SESS0001407,P00137,상품_상세조회,2026-06-25 18:49:48
SESS0001408,P00147,상품_상세조회,2026-06-25 21:24:33
SESS0001408,P00144,상품_상세조회,2026-06-25 21:26:10
SESS0001408,P00150,상품_상세조회,2026-06-25 21:28:19
SESS0001408,P00150,상품_상세조회,2026-06-25 21:30:27
SESS0001408,P00142,장바구니_담기,2026-06-25 21:32:33
SESS0001408,P00137,구매완료,2026-06-25 21:34:12
SESS0001409,P00001,상품_상세조회,2026-06-06 19:21:09
SESS0001409,P00006,상품_상세조회,2026-06-06 19:22:12
SESS0001409,P00002,찜하기,2026-06-06 19:23:45
SESS0001410,P00081,상품_상세조회,2026-06-16 19:11:55
SESS0001410,P00088,상품_상세조회,2026-06-16 19:12:22
SESS0001410,P00087,상품_상세조회,2026-06-16 19:14:01
SESS0001410,P00090,상품_상세조회,2026-06-16 19:16:43
SESS0001411,P00111,상품_상세조회,2026-06-28 15:18:51
SESS0001411,P00118,상품_상세조회,2026-06-28 15:19:19
SESS0001411,P00112,장바구니_담기,2026-06-28 15:21:43
SESS0001411,P00120,구매완료,2026-06-28 15:26:12
SESS0001413,P00069,상품_상세조회,2026-06-21 18:52:33
SESS0001414,P00095,상품_상세조회,2026-06-04 15:59:27
SESS0001414,P00098,상품_상세조회,2026-06-04 16:00:17
SESS0001415,P00131,상품_상세조회,2026-06-16 16:03:25
SESS0001415,P00019,상품_상세조회,2026-06-16 16:05:21
SESS0001415,P00070,상품_상세조회,2026-06-16 16:08:51
SESS0001415,P00068,상품_상세조회,2026-06-16 16:11:15
SESS0001415,P00070,상품_상세조회,2026-06-16 16:13:34
SESS0001415,P00071,상품_상세조회,2026-06-16 16:16:19
SESS0001417,P00078,상품_상세조회,2026-06-23 18:53:02
SESS0001417,P00090,상품_상세조회,2026-06-23 18:55:46
SESS0001417,P00086,장바구니_담기,2026-06-23 18:56:34
SESS0001417,P00086,구매완료,2026-06-23 19:01:37
SESS0001418,P00069,상품_상세조회,2026-06-18 20:58:44
SESS0001419,P00116,상품_상세조회,2026-06-16 20:54:05
SESS0001419,P00109,찜하기,2026-06-16 20:54:23
SESS0001419,P00119,상품_상세조회,2026-06-16 20:56:24
SESS0001419,P00117,찜하기,2026-06-16 20:57:25
SESS0001420,P00164,상품_상세조회,2026-06-21 13:51:32
SESS0001421,P00109,상품_상세조회,2026-06-11 17:38:18
SESS0001421,P00117,찜하기,2026-06-11 17:40:13
SESS0001421,P00115,상품_상세조회,2026-06-11 17:41:51
SESS0001423,P00111,상품_상세조회,2026-06-15 19:19:40
SESS0001424,P00115,상품_상세조회,2026-06-10 18:40:10
SESS0001424,P00107,상품_상세조회,2026-06-10 18:42:56
SESS0001424,P00120,찜하기,2026-06-10 18:44:03
SESS0001424,P00115,장바구니_담기,2026-06-10 18:44:46
SESS0001424,P00110,구매완료,2026-06-10 18:48:40
SESS0001425,P00017,상품_상세조회,2026-06-23 14:17:16
SESS0001425,P00016,상품_상세조회,2026-06-23 14:19:59
SESS0001425,P00020,상품_상세조회,2026-06-23 14:20:36
SESS0001425,P00022,찜하기,2026-06-23 14:21:51
SESS0001425,P00020,상품_상세조회,2026-06-23 14:23:03
SESS0001425,P00019,상품_상세조회,2026-06-23 14:25:39
SESS0001425,P00019,상품_상세조회,2026-06-23 14:28:21
SESS0001426,P00142,상품_상세조회,2026-06-20 23:07:45
SESS0001427,P00054,상품_상세조회,2026-06-25 21:03:08
SESS0001427,P00058,찜하기,2026-06-25 21:04:43
SESS0001428,P00044,상품_상세조회,2026-06-18 16:39:24
SESS0001428,P00069,상품_상세조회,2026-06-18 16:42:31
SESS0001429,P00063,상품_상세조회,2026-07-01 21:06:14
SESS0001429,P00065,찜하기,2026-07-01 21:08:24
SESS0001429,P00066,장바구니_담기,2026-07-01 21:10:34
SESS0001429,P00064,상품_상세조회,2026-07-01 21:12:49
SESS0001430,P00154,상품_상세조회,2026-06-09 15:29:48
SESS0001430,P00154,장바구니_담기,2026-06-09 15:31:15
SESS0001430,P00162,구매완료,2026-06-09 15:35:22
SESS0001431,P00097,상품_상세조회,2026-06-16 20:59:15
SESS0001431,P00101,상품_상세조회,2026-06-16 21:02:02
SESS0001431,P00097,찜하기,2026-06-16 21:03:40
SESS0001432,P00001,상품_상세조회,2026-06-06 12:58:17
SESS0001432,P00011,찜하기,2026-06-06 13:00:06
SESS0001433,P00134,상품_상세조회,2026-06-05 16:06:07
SESS0001433,P00121,상품_상세조회,2026-06-05 16:07:17
SESS0001433,P00125,장바구니_담기,2026-06-05 16:09:46
SESS0001433,P00125,상품_상세조회,2026-06-05 16:12:15
SESS0001433,P00128,상품_상세조회,2026-06-05 16:15:00
SESS0001434,P00074,상품_상세조회,2026-06-27 23:57:43
SESS0001434,P00069,상품_상세조회,2026-06-27 23:58:06
SESS0001434,P00064,상품_상세조회,2026-06-27 23:59:28
SESS0001435,P00016,상품_상세조회,2026-06-07 21:07:48
SESS0001436,P00131,상품_상세조회,2026-06-13 17:45:43
SESS0001436,P00134,상품_상세조회,2026-06-13 17:48:04
SESS0001436,P00122,장바구니_담기,2026-06-13 17:49:02
SESS0001436,P00135,구매완료,2026-06-13 17:52:27
SESS0001437,P00086,상품_상세조회,2026-06-12 18:52:20
SESS0001437,P00079,상품_상세조회,2026-06-12 18:53:24
SESS0001437,P00076,찜하기,2026-06-12 18:55:49
SESS0001437,P00077,상품_상세조회,2026-06-12 18:56:19
SESS0001438,P00086,상품_상세조회,2026-07-01 17:29:57
SESS0001438,P00080,찜하기,2026-07-01 17:32:04
SESS0001438,P00084,장바구니_담기,2026-07-01 17:33:49
SESS0001439,P00053,상품_상세조회,2026-06-12 17:42:25
SESS0001439,P00053,장바구니_담기,2026-06-12 17:43:10
SESS0001439,P00060,구매완료,2026-06-12 17:48:03
SESS0001440,P00137,상품_상세조회,2026-06-22 16:36:53
SESS0001440,P00144,장바구니_담기,2026-06-22 16:39:44
SESS0001440,P00150,구매완료,2026-06-22 16:43:24
SESS0001441,P00033,상품_상세조회,2026-06-13 23:07:08
SESS0001442,P00132,상품_상세조회,2026-06-07 15:26:46
SESS0001442,P00125,상품_상세조회,2026-06-07 15:27:59
SESS0001442,P00152,상품_상세조회,2026-06-07 15:30:41
SESS0001442,P00162,상품_상세조회,2026-06-07 15:33:32
SESS0001442,P00156,상품_상세조회,2026-06-07 15:34:41
SESS0001442,P00158,상품_상세조회,2026-06-07 15:37:10
SESS0001442,P00074,상품_상세조회,2026-06-07 15:44:09
SESS0001442,P00062,장바구니_담기,2026-06-07 15:46:46
SESS0001444,P00103,상품_상세조회,2026-06-14 23:47:54
SESS0001444,P00093,상품_상세조회,2026-06-14 23:49:49
SESS0001444,P00102,장바구니_담기,2026-06-14 23:51:20
SESS0001444,P00092,구매완료,2026-06-14 23:55:12
SESS0001445,P00009,상품_상세조회,2026-06-26 18:20:46
SESS0001445,P00002,장바구니_담기,2026-06-26 18:21:58
SESS0001445,P00006,구매완료,2026-06-26 18:25:03
SESS0001446,P00027,상품_상세조회,2026-06-10 17:41:47
SESS0001447,P00026,상품_상세조회,2026-06-24 18:18:28
SESS0001447,P00016,찜하기,2026-06-24 18:21:04
SESS0001447,P00020,상품_상세조회,2026-06-24 18:22:51
SESS0001448,P00012,상품_상세조회,2026-06-21 15:41:08
SESS0001448,P00003,찜하기,2026-06-21 15:42:21
SESS0001449,P00134,상품_상세조회,2026-06-09 22:37:48
SESS0001450,P00118,상품_상세조회,2026-06-29 19:22:06
SESS0001450,P00117,상품_상세조회,2026-06-29 19:24:43
SESS0001451,P00132,상품_상세조회,2026-06-30 18:49:08
SESS0001451,P00127,상품_상세조회,2026-06-30 18:51:52
SESS0001451,P00132,장바구니_담기,2026-06-30 18:54:43
SESS0001452,P00122,상품_상세조회,2026-06-16 22:03:18
SESS0001452,P00126,찜하기,2026-06-16 22:03:44
SESS0001452,P00135,상품_상세조회,2026-06-16 22:04:37
SESS0001452,P00131,상품_상세조회,2026-06-16 22:06:31
SESS0001452,P00130,장바구니_담기,2026-06-16 22:06:53
SESS0001452,P00122,구매완료,2026-06-16 22:08:14
SESS0001453,P00092,상품_상세조회,2026-06-29 17:12:37
SESS0001453,P00104,찜하기,2026-06-29 17:13:58
SESS0001453,P00093,상품_상세조회,2026-06-29 17:16:13
SESS0001453,P00105,장바구니_담기,2026-06-29 17:16:45
SESS0001453,P00096,구매완료,2026-06-29 17:19:45
SESS0001454,P00026,상품_상세조회,2026-06-15 17:52:51
SESS0001455,P00054,상품_상세조회,2026-06-20 15:09:19
SESS0001455,P00052,상품_상세조회,2026-06-20 15:11:10
SESS0001455,P00049,찜하기,2026-06-20 15:12:52
SESS0001455,P00057,장바구니_담기,2026-06-20 15:15:49
SESS0001455,P00056,구매완료,2026-06-20 15:18:26
SESS0001456,P00064,상품_상세조회,2026-06-29 18:57:51
SESS0001456,P00067,장바구니_담기,2026-06-29 18:58:18
SESS0001457,P00014,상품_상세조회,2026-06-16 16:50:10
SESS0001458,P00069,상품_상세조회,2026-06-08 15:41:12
SESS0001458,P00066,상품_상세조회,2026-06-08 15:41:39
SESS0001458,P00070,상품_상세조회,2026-06-08 15:43:05
SESS0001459,P00086,상품_상세조회,2026-06-06 15:45:33
SESS0001459,P00150,상품_상세조회,2026-06-06 15:47:53
SESS0001459,P00127,상품_상세조회,2026-06-06 15:51:31
SESS0001459,P00123,찜하기,2026-06-06 15:51:57
SESS0001459,P00134,상품_상세조회,2026-06-06 15:54:37
SESS0001459,P00125,상품_상세조회,2026-06-06 15:56:51
SESS0001460,P00088,상품_상세조회,2026-06-26 16:55:52
SESS0001460,P00087,찜하기,2026-06-26 16:58:10
SESS0001461,P00010,상품_상세조회,2026-07-03 21:21:39
SESS0001461,P00015,장바구니_담기,2026-07-03 21:24:15
SESS0001461,P00011,구매완료,2026-07-03 21:27:41
SESS0001462,P00161,상품_상세조회,2026-06-22 23:06:43
SESS0001463,P00113,상품_상세조회,2026-06-15 21:53:19
SESS0001463,P00109,상품_상세조회,2026-06-15 21:53:53
SESS0001465,P00062,상품_상세조회,2026-06-18 18:47:40
SESS0001465,P00070,찜하기,2026-06-18 18:50:31
SESS0001466,P00012,상품_상세조회,2026-06-08 18:54:29
SESS0001467,P00162,상품_상세조회,2026-06-30 17:29:19
SESS0001467,P00156,찜하기,2026-06-30 17:31:50
SESS0001468,P00123,상품_상세조회,2026-06-29 19:11:47
SESS0001469,P00054,상품_상세조회,2026-06-28 20:16:53
SESS0001469,P00060,상품_상세조회,2026-06-28 20:17:30
SESS0001471,P00070,상품_상세조회,2026-06-13 20:12:54
SESS0001472,P00140,상품_상세조회,2026-06-30 20:37:12
SESS0001472,P00136,상품_상세조회,2026-06-30 20:39:30
SESS0001472,P00136,상품_상세조회,2026-06-30 20:41:27
SESS0001474,P00151,상품_상세조회,2026-06-19 18:18:04
SESS0001474,P00161,장바구니_담기,2026-06-19 18:19:06
SESS0001474,P00159,구매완료,2026-06-19 18:23:05
SESS0001475,P00074,상품_상세조회,2026-06-10 17:06:12
SESS0001475,P00064,찜하기,2026-06-10 17:07:21
SESS0001476,P00106,상품_상세조회,2026-06-04 19:23:04
SESS0001476,P00115,상품_상세조회,2026-06-04 19:25:22
SESS0001477,P00100,상품_상세조회,2026-06-07 19:47:56
SESS0001477,P00104,상품_상세조회,2026-06-07 19:50:35
SESS0001477,P00104,찜하기,2026-06-07 19:50:50
SESS0001477,P00099,장바구니_담기,2026-06-07 19:51:30
SESS0001478,P00112,상품_상세조회,2026-06-24 19:51:28
SESS0001478,P00111,상품_상세조회,2026-06-24 19:54:08
SESS0001478,P00120,찜하기,2026-06-24 19:56:39
SESS0001478,P00119,장바구니_담기,2026-06-24 19:57:59
SESS0001478,P00115,구매완료,2026-06-24 20:01:55
SESS0001479,P00082,상품_상세조회,2026-06-18 20:55:53
SESS0001479,P00087,상품_상세조회,2026-06-18 20:56:09
SESS0001479,P00078,장바구니_담기,2026-06-18 20:57:49
SESS0001479,P00090,상품_상세조회,2026-06-18 20:58:57
SESS0001479,P00081,상품_상세조회,2026-06-18 21:00:38
SESS0001479,P00085,상품_상세조회,2026-06-18 21:01:48
SESS0001480,P00068,상품_상세조회,2026-06-05 15:58:09
SESS0001481,P00009,상품_상세조회,2026-06-04 13:22:34
SESS0001482,P00102,상품_상세조회,2026-06-18 18:03:49
SESS0001482,P00094,상품_상세조회,2026-06-18 18:05:31
SESS0001482,P00098,찜하기,2026-06-18 18:06:44
SESS0001483,P00126,상품_상세조회,2026-06-10 22:12:21
SESS0001484,P00157,상품_상세조회,2026-06-29 23:44:11
SESS0001485,P00085,상품_상세조회,2026-06-18 16:14:08
SESS0001486,P00058,상품_상세조회,2026-06-18 20:12:53
SESS0001486,P00047,장바구니_담기,2026-06-18 20:15:35
SESS0001486,P00050,구매완료,2026-06-18 20:20:38
SESS0001487,P00158,상품_상세조회,2026-06-20 22:46:13
SESS0001489,P00013,상품_상세조회,2026-07-01 23:10:21
SESS0001489,P00002,상품_상세조회,2026-07-01 23:11:24
SESS0001489,P00014,장바구니_담기,2026-07-01 23:12:26
SESS0001489,P00010,구매완료,2026-07-01 23:16:45
SESS0001490,P00003,상품_상세조회,2026-06-19 20:18:03
SESS0001490,P00013,장바구니_담기,2026-06-19 20:19:45
SESS0001490,P00009,구매완료,2026-06-19 20:21:02
SESS0001491,P00035,상품_상세조회,2026-06-23 18:59:17
SESS0001492,P00071,상품_상세조회,2026-06-23 23:26:21
SESS0001492,P00061,장바구니_담기,2026-06-23 23:27:56
SESS0001492,P00072,구매완료,2026-06-23 23:30:21
SESS0001493,P00125,상품_상세조회,2026-06-15 21:57:31
SESS0001494,P00043,상품_상세조회,2026-06-25 18:23:39
SESS0001496,P00079,상품_상세조회,2026-06-28 19:04:07
SESS0001496,P00088,장바구니_담기,2026-06-28 19:04:26
SESS0001496,P00087,상품_상세조회,2026-06-28 19:05:55
SESS0001497,P00070,상품_상세조회,2026-06-11 22:14:31
SESS0001497,P00069,상품_상세조회,2026-06-11 22:16:01
SESS0001497,P00062,찜하기,2026-06-11 22:17:51
SESS0001498,P00159,상품_상세조회,2026-06-14 12:35:44
SESS0001499,P00134,상품_상세조회,2026-06-28 17:11:14
SESS0001499,P00129,상품_상세조회,2026-06-28 17:12:10
SESS0001500,P00157,상품_상세조회,2026-07-01 21:32:20
SESS0001500,P00152,장바구니_담기,2026-07-01 21:34:50
SESS0001500,P00162,구매완료,2026-07-01 21:38:55
SESS0001501,P00005,상품_상세조회,2026-06-10 22:58:06
SESS0001501,P00003,상품_상세조회,2026-06-10 22:58:33
SESS0001501,P00106,상품_상세조회,2026-06-10 23:03:47
SESS0001501,P00141,상품_상세조회,2026-06-10 23:06:08
SESS0001501,P00140,상품_상세조회,2026-06-10 23:07:59
SESS0001501,P00138,상품_상세조회,2026-06-10 23:10:39
SESS0001502,P00155,상품_상세조회,2026-06-22 20:08:30
SESS0001502,P00157,상품_상세조회,2026-06-22 20:11:20
SESS0001503,P00105,상품_상세조회,2026-06-06 22:16:34
SESS0001503,P00094,상품_상세조회,2026-06-06 22:17:33
SESS0001503,P00100,찜하기,2026-06-06 22:19:54
SESS0001503,P00092,상품_상세조회,2026-06-06 22:21:11
SESS0001503,P00104,장바구니_담기,2026-06-06 22:22:30
SESS0001504,P00038,상품_상세조회,2026-06-08 14:06:44
SESS0001505,P00163,상품_상세조회,2026-06-17 19:08:34
SESS0001505,P00164,장바구니_담기,2026-06-17 19:09:21
SESS0001505,P00161,구매완료,2026-06-17 19:11:24
SESS0001506,P00071,상품_상세조회,2026-06-14 16:29:33
SESS0001507,P00115,상품_상세조회,2026-06-18 22:46:15
SESS0001509,P00105,상품_상세조회,2026-07-01 16:15:01
SESS0001509,P00104,상품_상세조회,2026-07-01 16:17:17
SESS0001509,P00101,장바구니_담기,2026-07-01 16:19:17
SESS0001509,P00101,구매완료,2026-07-01 16:22:46
SESS0001510,P00081,상품_상세조회,2026-06-20 23:59:51
SESS0001510,P00086,상품_상세조회,2026-06-21 00:00:35
SESS0001511,P00103,상품_상세조회,2026-06-14 20:02:25
SESS0001511,P00096,상품_상세조회,2026-06-14 20:03:49
SESS0001511,P00105,장바구니_담기,2026-06-14 20:05:58
SESS0001511,P00091,구매완료,2026-06-14 20:09:38
SESS0001512,P00014,상품_상세조회,2026-06-22 17:21:27
SESS0001512,P00011,상품_상세조회,2026-06-22 17:24:11
SESS0001512,P00002,장바구니_담기,2026-06-22 17:24:28
SESS0001512,P00001,구매완료,2026-06-22 17:27:56
SESS0001513,P00008,상품_상세조회,2026-06-06 17:17:46
SESS0001513,P00008,장바구니_담기,2026-06-06 17:19:19
SESS0001513,P00008,구매완료,2026-06-06 17:22:44
SESS0001514,P00090,상품_상세조회,2026-06-20 15:57:28
SESS0001514,P00086,장바구니_담기,2026-06-20 15:58:40
SESS0001514,P00076,구매완료,2026-06-20 16:00:45
SESS0001515,P00082,상품_상세조회,2026-07-02 20:28:49
SESS0001515,P00090,상품_상세조회,2026-07-02 20:30:52
SESS0001516,P00076,상품_상세조회,2026-06-26 23:18:53
SESS0001516,P00081,장바구니_담기,2026-06-26 23:19:28
SESS0001517,P00006,상품_상세조회,2026-06-26 19:34:52
SESS0001518,P00072,상품_상세조회,2026-06-12 20:13:57
SESS0001518,P00068,장바구니_담기,2026-06-12 20:15:33
SESS0001518,P00062,구매완료,2026-06-12 20:17:54
SESS0001519,P00177,상품_상세조회,2026-06-23 18:00:14
SESS0001520,P00061,상품_상세조회,2026-06-14 14:13:02
SESS0001520,P00073,상품_상세조회,2026-06-14 14:15:35
SESS0001520,P00076,상품_상세조회,2026-06-14 14:21:11
SESS0001521,P00012,상품_상세조회,2026-06-21 23:23:23
SESS0001521,P00008,찜하기,2026-06-21 23:25:59
SESS0001521,P00002,상품_상세조회,2026-06-21 23:27:55
SESS0001522,P00064,상품_상세조회,2026-06-21 17:13:23
SESS0001522,P00065,장바구니_담기,2026-06-21 17:15:49
SESS0001524,P00001,상품_상세조회,2026-06-05 18:58:56
SESS0001524,P00012,상품_상세조회,2026-06-05 19:01:30
SESS0001525,P00124,상품_상세조회,2026-06-16 22:25:19
SESS0001526,P00039,상품_상세조회,2026-06-21 19:43:06
SESS0001526,P00038,상품_상세조회,2026-06-21 19:45:47
SESS0001526,P00034,찜하기,2026-06-21 19:46:03
SESS0001527,P00047,상품_상세조회,2026-06-29 17:51:24
SESS0001527,P00051,장바구니_담기,2026-06-29 17:52:49
SESS0001527,P00058,구매완료,2026-06-29 17:57:46
SESS0001528,P00057,상품_상세조회,2026-06-09 22:31:58
SESS0001528,P00046,상품_상세조회,2026-06-09 22:32:27
SESS0001528,P00049,상품_상세조회,2026-06-09 22:33:27
SESS0001528,P00053,상품_상세조회,2026-06-09 22:36:01
SESS0001529,P00103,상품_상세조회,2026-06-13 19:59:23
SESS0001530,P00082,상품_상세조회,2026-06-04 13:59:14
SESS0001532,P00106,상품_상세조회,2026-06-12 15:42:13
SESS0001533,P00002,상품_상세조회,2026-06-16 20:01:16
SESS0001534,P00016,상품_상세조회,2026-06-29 19:51:50
SESS0001534,P00016,장바구니_담기,2026-06-29 19:52:39
SESS0001534,P00027,구매완료,2026-06-29 19:57:41
SESS0001535,P00011,상품_상세조회,2026-06-14 22:42:44
SESS0001535,P00002,장바구니_담기,2026-06-14 22:44:49
SESS0001536,P00100,상품_상세조회,2026-06-18 22:43:08
SESS0001537,P00141,상품_상세조회,2026-06-30 18:17:01
SESS0001537,P00137,장바구니_담기,2026-06-30 18:18:02
SESS0001537,P00141,구매완료,2026-06-30 18:21:13
SESS0001538,P00101,상품_상세조회,2026-06-16 17:18:44
SESS0001538,P00098,장바구니_담기,2026-06-16 17:21:13
SESS0001538,P00105,구매완료,2026-06-16 17:23:39
SESS0001539,P00119,상품_상세조회,2026-06-30 20:42:55
SESS0001539,P00116,찜하기,2026-06-30 20:45:13
SESS0001540,P00013,상품_상세조회,2026-06-17 23:31:22
SESS0001540,P00003,상품_상세조회,2026-06-17 23:34:11
SESS0001540,P00013,상품_상세조회,2026-06-17 23:35:14
SESS0001540,P00007,상품_상세조회,2026-06-17 23:37:03
SESS0001540,P00008,상품_상세조회,2026-06-17 23:42:26
SESS0001540,P00101,상품_상세조회,2026-06-17 23:46:05
SESS0001540,P00096,상품_상세조회,2026-06-17 23:46:44
SESS0001540,P00098,상품_상세조회,2026-06-17 23:47:58
SESS0001540,P00097,찜하기,2026-06-17 23:50:08
SESS0001541,P00146,상품_상세조회,2026-07-03 21:52:22
SESS0001541,P00144,상품_상세조회,2026-07-03 21:53:25
SESS0001542,P00013,상품_상세조회,2026-06-14 23:13:29
SESS0001543,P00160,상품_상세조회,2026-06-30 17:00:09
SESS0001544,P00008,상품_상세조회,2026-06-20 23:48:54
SESS0001544,P00002,상품_상세조회,2026-06-20 23:49:56
SESS0001544,P00010,상품_상세조회,2026-06-20 23:52:41
SESS0001544,P00011,상품_상세조회,2026-06-20 23:54:53
SESS0001544,P00122,상품_상세조회,2026-06-20 23:59:38
SESS0001545,P00001,상품_상세조회,2026-06-26 18:33:05
SESS0001547,P00106,상품_상세조회,2026-06-28 14:39:58
SESS0001548,P00090,상품_상세조회,2026-06-28 14:56:57
SESS0001551,P00081,상품_상세조회,2026-06-15 21:19:57
SESS0001552,P00020,상품_상세조회,2026-06-27 19:25:21
SESS0001552,P00024,장바구니_담기,2026-06-27 19:27:28
SESS0001553,P00088,상품_상세조회,2026-06-14 11:40:25
SESS0001553,P00077,상품_상세조회,2026-06-14 11:41:35
SESS0001553,P00087,상품_상세조회,2026-06-14 11:42:36
SESS0001553,P00090,상품_상세조회,2026-06-14 11:43:18
SESS0001553,P00082,상품_상세조회,2026-06-14 11:45:45
SESS0001553,P00077,상품_상세조회,2026-06-14 11:48:13
SESS0001553,P00115,상품_상세조회,2026-06-14 11:58:31
SESS0001554,P00008,상품_상세조회,2026-06-14 15:18:10
SESS0001554,P00010,상품_상세조회,2026-06-14 15:19:16
SESS0001554,P00131,상품_상세조회,2026-06-14 15:23:57
SESS0001556,P00134,상품_상세조회,2026-07-02 21:05:09
SESS0001556,P00130,장바구니_담기,2026-07-02 21:07:32
SESS0001556,P00135,상품_상세조회,2026-07-02 21:08:55
SESS0001557,P00121,상품_상세조회,2026-06-12 18:21:48
SESS0001557,P00123,상품_상세조회,2026-06-12 18:22:58
SESS0001559,P00041,상품_상세조회,2026-06-10 22:18:25
SESS0001559,P00040,찜하기,2026-06-10 22:19:50
SESS0001559,P00031,상품_상세조회,2026-06-10 22:21:59
SESS0001559,P00035,장바구니_담기,2026-06-10 22:22:39
SESS0001559,P00033,구매완료,2026-06-10 22:24:02
SESS0001560,P00111,상품_상세조회,2026-06-28 18:25:17
SESS0001562,P00135,상품_상세조회,2026-06-04 18:33:25
SESS0001562,P00133,상품_상세조회,2026-06-04 18:36:20
SESS0001562,P00131,장바구니_담기,2026-06-04 18:38:48
SESS0001562,P00128,구매완료,2026-06-04 18:39:58
SESS0001563,P00041,상품_상세조회,2026-07-02 19:00:54
SESS0001563,P00041,장바구니_담기,2026-07-02 19:01:52
SESS0001563,P00037,구매완료,2026-07-02 19:04:13
SESS0001564,P00064,상품_상세조회,2026-06-21 18:28:28
SESS0001565,P00056,상품_상세조회,2026-06-22 19:12:55
SESS0001566,P00062,상품_상세조회,2026-06-04 16:29:53
SESS0001566,P00066,상품_상세조회,2026-06-04 16:31:54
SESS0001566,P00065,찜하기,2026-06-04 16:32:50
SESS0001567,P00079,상품_상세조회,2026-06-12 19:32:19
SESS0001569,P00004,상품_상세조회,2026-06-21 22:05:17
SESS0001570,P00001,상품_상세조회,2026-06-10 23:43:12
SESS0001571,P00071,상품_상세조회,2026-07-01 19:30:54
SESS0001571,P00063,상품_상세조회,2026-07-01 19:31:58
SESS0001572,P00097,상품_상세조회,2026-06-23 17:43:49
SESS0001572,P00104,찜하기,2026-06-23 17:45:12
SESS0001572,P00094,상품_상세조회,2026-06-23 17:48:04
SESS0001572,P00092,상품_상세조회,2026-06-23 17:50:23
SESS0001572,P00101,상품_상세조회,2026-06-23 17:51:31
SESS0001572,P00094,상품_상세조회,2026-06-23 17:52:03
SESS0001572,P00104,장바구니_담기,2026-06-23 17:54:44
SESS0001572,P00103,구매완료,2026-06-23 17:56:46
SESS0001573,P00090,상품_상세조회,2026-07-01 21:27:49
SESS0001574,P00070,상품_상세조회,2026-07-01 18:59:09
SESS0001574,P00061,상품_상세조회,2026-07-01 19:00:44
SESS0001574,P00070,상품_상세조회,2026-07-01 19:02:20
SESS0001574,P00062,장바구니_담기,2026-07-01 19:04:57
SESS0001575,P00036,상품_상세조회,2026-06-30 13:55:43
SESS0001576,P00118,상품_상세조회,2026-06-19 17:59:30
SESS0001576,P00119,상품_상세조회,2026-06-19 17:59:57
SESS0001576,P00111,상품_상세조회,2026-06-19 18:01:54
SESS0001576,P00120,상품_상세조회,2026-06-19 18:04:06
SESS0001576,P00159,상품_상세조회,2026-06-19 18:10:23
SESS0001577,P00132,상품_상세조회,2026-06-09 20:55:23
SESS0001577,P00135,장바구니_담기,2026-06-09 20:57:05
SESS0001577,P00124,구매완료,2026-06-09 21:00:28
SESS0001578,P00119,상품_상세조회,2026-06-27 21:11:29
SESS0001579,P00124,상품_상세조회,2026-06-08 15:29:20
SESS0001580,P00108,상품_상세조회,2026-06-05 20:42:07
SESS0001580,P00113,상품_상세조회,2026-06-05 20:44:11
SESS0001581,P00062,상품_상세조회,2026-06-29 20:43:16
SESS0001582,P00118,상품_상세조회,2026-06-16 17:49:17
SESS0001582,P00023,상품_상세조회,2026-06-16 17:52:16
SESS0001583,P00134,상품_상세조회,2026-07-01 18:30:49
SESS0001584,P00036,상품_상세조회,2026-06-06 00:02:44
SESS0001584,P00043,상품_상세조회,2026-06-06 00:05:03
SESS0001584,P00034,찜하기,2026-06-06 00:05:26
SESS0001584,P00037,상품_상세조회,2026-06-06 00:07:02
SESS0001584,P00045,장바구니_담기,2026-06-06 00:09:32
SESS0001584,P00037,구매완료,2026-06-06 00:13:48
SESS0001585,P00150,상품_상세조회,2026-06-10 23:34:43
SESS0001585,P00137,상품_상세조회,2026-06-10 23:36:21
SESS0001585,P00150,상품_상세조회,2026-06-10 23:39:20
SESS0001585,P00141,찜하기,2026-06-10 23:40:23
SESS0001585,P00145,상품_상세조회,2026-06-10 23:42:51
SESS0001585,P00147,상품_상세조회,2026-06-10 23:44:07
SESS0001586,P00003,상품_상세조회,2026-06-08 18:10:21
SESS0001586,P00005,찜하기,2026-06-08 18:11:08
SESS0001586,P00005,장바구니_담기,2026-06-08 18:14:04
SESS0001587,P00129,상품_상세조회,2026-06-26 19:19:18
SESS0001589,P00062,상품_상세조회,2026-06-14 22:05:39
SESS0001589,P00073,장바구니_담기,2026-06-14 22:06:38
SESS0001589,P00064,상품_상세조회,2026-06-14 22:08:51
SESS0001590,P00087,상품_상세조회,2026-06-08 23:32:16
SESS0001590,P00078,상품_상세조회,2026-06-08 23:34:38
SESS0001590,P00087,상품_상세조회,2026-06-08 23:37:35
SESS0001591,P00112,상품_상세조회,2026-06-21 23:28:19
SESS0001592,P00068,상품_상세조회,2026-06-06 17:32:29
SESS0001592,P00068,상품_상세조회,2026-06-06 17:34:29
SESS0001592,P00066,장바구니_담기,2026-06-06 17:37:15
SESS0001593,P00111,상품_상세조회,2026-07-01 18:15:41
SESS0001593,P00114,상품_상세조회,2026-07-01 18:16:14
SESS0001593,P00107,찜하기,2026-07-01 18:17:01
SESS0001594,P00142,상품_상세조회,2026-06-09 18:21:56
SESS0001595,P00015,상품_상세조회,2026-06-30 18:20:32
SESS0001595,P00004,찜하기,2026-06-30 18:23:18
SESS0001596,P00110,상품_상세조회,2026-06-12 23:43:34
SESS0001597,P00144,상품_상세조회,2026-06-07 16:46:06
SESS0001597,P00148,상품_상세조회,2026-06-07 16:48:23
SESS0001597,P00104,상품_상세조회,2026-06-07 16:50:03
SESS0001597,P00102,장바구니_담기,2026-06-07 16:51:13
SESS0001598,P00141,상품_상세조회,2026-07-01 21:10:09
SESS0001598,P00138,찜하기,2026-07-01 21:10:28
SESS0001600,P00057,상품_상세조회,2026-06-19 21:13:14
SESS0001600,P00055,장바구니_담기,2026-06-19 21:13:39
SESS0001600,P00056,구매완료,2026-06-19 21:15:33
SESS0001601,P00070,상품_상세조회,2026-06-04 19:00:03
SESS0001601,P00067,상품_상세조회,2026-06-04 19:02:01
SESS0001601,P00063,상품_상세조회,2026-06-04 19:04:30
SESS0001601,P00071,상품_상세조회,2026-06-04 19:04:49
SESS0001603,P00042,상품_상세조회,2026-07-02 17:01:47
SESS0001604,P00134,상품_상세조회,2026-06-27 19:30:40
SESS0001604,P00121,장바구니_담기,2026-06-27 19:31:08
SESS0001605,P00162,상품_상세조회,2026-06-05 21:27:36
SESS0001605,P00156,상품_상세조회,2026-06-05 21:30:08
SESS0001605,P00159,장바구니_담기,2026-06-05 21:31:43
SESS0001605,P00165,구매완료,2026-06-05 21:33:44
SESS0001606,P00108,상품_상세조회,2026-06-09 23:31:21
SESS0001606,P00012,상품_상세조회,2026-06-09 23:33:46
SESS0001607,P00001,상품_상세조회,2026-06-08 23:07:39
SESS0001607,P00012,상품_상세조회,2026-06-08 23:10:21
SESS0001608,P00007,상품_상세조회,2026-06-25 16:48:53
SESS0001609,P00049,상품_상세조회,2026-06-13 23:37:36
SESS0001609,P00060,상품_상세조회,2026-06-13 23:39:59
SESS0001609,P00051,찜하기,2026-06-13 23:41:10
SESS0001610,P00063,상품_상세조회,2026-06-17 16:59:02
SESS0001611,P00009,상품_상세조회,2026-06-19 20:03:51
SESS0001611,P00007,장바구니_담기,2026-06-19 20:05:50
SESS0001611,P00012,구매완료,2026-06-19 20:10:20
SESS0001612,P00102,상품_상세조회,2026-06-28 20:49:05
SESS0001613,P00009,상품_상세조회,2026-06-23 23:50:21
SESS0001613,P00074,상품_상세조회,2026-06-23 23:55:01
SESS0001614,P00057,상품_상세조회,2026-06-04 20:47:25
SESS0001614,P00056,찜하기,2026-06-04 20:48:51
SESS0001614,P00059,상품_상세조회,2026-06-04 20:51:49
SESS0001616,P00136,상품_상세조회,2026-06-05 20:15:10
SESS0001616,P00137,상품_상세조회,2026-06-05 20:17:12
SESS0001618,P00033,상품_상세조회,2026-06-27 17:20:40
SESS0001618,P00033,상품_상세조회,2026-06-27 17:22:55
SESS0001620,P00170,상품_상세조회,2026-06-14 21:09:26
SESS0001621,P00108,상품_상세조회,2026-06-09 21:37:24
SESS0001621,P00117,상품_상세조회,2026-06-09 21:38:34
SESS0001621,P00116,상품_상세조회,2026-06-09 21:41:20
SESS0001622,P00067,상품_상세조회,2026-06-10 18:32:35
SESS0001623,P00155,상품_상세조회,2026-06-26 23:05:03
SESS0001623,P00161,상품_상세조회,2026-06-26 23:05:39
SESS0001624,P00135,상품_상세조회,2026-06-09 15:06:17
SESS0001625,P00127,상품_상세조회,2026-06-10 15:52:33
SESS0001625,P00124,상품_상세조회,2026-06-10 15:54:19
SESS0001625,P00128,장바구니_담기,2026-06-10 15:56:09
SESS0001626,P00134,상품_상세조회,2026-06-24 18:11:13
SESS0001627,P00070,상품_상세조회,2026-06-04 15:13:06
SESS0001627,P00067,찜하기,2026-06-04 15:16:05
SESS0001627,P00072,상품_상세조회,2026-06-04 15:18:10
SESS0001627,P00061,상품_상세조회,2026-06-04 15:20:15
SESS0001627,P00062,상품_상세조회,2026-06-04 15:22:39
SESS0001627,P00069,찜하기,2026-06-04 15:24:01
SESS0001627,P00068,상품_상세조회,2026-06-04 15:24:49
SESS0001627,P00065,장바구니_담기,2026-06-04 15:26:53
SESS0001627,P00063,상품_상세조회,2026-06-04 15:27:23
SESS0001627,P00072,상품_상세조회,2026-06-04 15:29:54
SESS0001628,P00162,상품_상세조회,2026-06-16 23:15:20
SESS0001628,P00163,상품_상세조회,2026-06-16 23:17:19
SESS0001629,P00161,상품_상세조회,2026-07-01 23:29:21
SESS0001629,P00163,장바구니_담기,2026-07-01 23:30:19
SESS0001629,P00154,구매완료,2026-07-01 23:32:12
SESS0001630,P00011,상품_상세조회,2026-06-21 17:47:09
SESS0001632,P00085,상품_상세조회,2026-06-04 22:59:59
SESS0001632,P00078,장바구니_담기,2026-06-04 23:01:20
SESS0001632,P00087,상품_상세조회,2026-06-04 23:02:50
SESS0001632,P00081,상품_상세조회,2026-06-04 23:03:58
SESS0001632,P00093,상품_상세조회,2026-06-04 23:05:35
SESS0001632,P00099,상품_상세조회,2026-06-04 23:06:02
SESS0001633,P00151,상품_상세조회,2026-06-20 16:54:07
SESS0001633,P00151,찜하기,2026-06-20 16:54:57
SESS0001633,P00155,상품_상세조회,2026-06-20 16:57:43
SESS0001633,P00162,상품_상세조회,2026-06-20 16:59:02
SESS0001634,P00009,상품_상세조회,2026-06-28 18:44:18
SESS0001634,P00013,상품_상세조회,2026-06-28 18:44:49
SESS0001634,P00010,상품_상세조회,2026-06-28 18:47:20
SESS0001636,P00113,상품_상세조회,2026-06-19 17:18:34
SESS0001636,P00113,장바구니_담기,2026-06-19 17:20:25
SESS0001636,P00106,구매완료,2026-06-19 17:23:02
SESS0001637,P00047,상품_상세조회,2026-06-30 16:01:53
SESS0001637,P00002,상품_상세조회,2026-06-30 16:06:02
SESS0001637,P00001,장바구니_담기,2026-06-30 16:07:02
SESS0001638,P00134,상품_상세조회,2026-06-05 16:52:38
SESS0001638,P00134,장바구니_담기,2026-06-05 16:55:05
SESS0001639,P00002,상품_상세조회,2026-06-25 17:17:13
SESS0001640,P00004,상품_상세조회,2026-06-07 20:30:32
SESS0001641,P00112,상품_상세조회,2026-06-19 23:27:46
SESS0001641,P00116,상품_상세조회,2026-06-19 23:30:40
SESS0001641,P00107,장바구니_담기,2026-06-19 23:32:19
SESS0001642,P00002,상품_상세조회,2026-06-17 15:57:12
SESS0001643,P00071,상품_상세조회,2026-06-26 14:06:57
SESS0001643,P00070,상품_상세조회,2026-06-26 14:07:59
SESS0001643,P00065,상품_상세조회,2026-06-26 14:09:57
SESS0001643,P00075,상품_상세조회,2026-06-26 14:10:17
SESS0001643,P00075,상품_상세조회,2026-06-26 14:10:35
SESS0001643,P00074,찜하기,2026-06-26 14:11:47
SESS0001643,P00067,상품_상세조회,2026-06-26 14:13:53
SESS0001646,P00014,상품_상세조회,2026-06-18 18:17:28
SESS0001647,P00076,상품_상세조회,2026-06-15 16:19:19
SESS0001647,P00076,장바구니_담기,2026-06-15 16:22:03
SESS0001647,P00089,구매완료,2026-06-15 16:25:43
SESS0001648,P00005,상품_상세조회,2026-06-15 13:09:54
SESS0001649,P00142,상품_상세조회,2026-06-28 23:05:00
SESS0001649,P00144,찜하기,2026-06-28 23:06:36
SESS0001649,P00140,상품_상세조회,2026-06-28 23:07:09
SESS0001649,P00144,찜하기,2026-06-28 23:09:56
SESS0001649,P00145,상품_상세조회,2026-06-28 23:11:01
SESS0001649,P00150,상품_상세조회,2026-06-28 23:12:13
SESS0001649,P00139,장바구니_담기,2026-06-28 23:15:03
SESS0001649,P00141,상품_상세조회,2026-06-28 23:16:03
SESS0001650,P00057,상품_상세조회,2026-06-18 15:38:22
SESS0001650,P00060,상품_상세조회,2026-06-18 15:40:52
SESS0001650,P00059,찜하기,2026-06-18 15:43:24
SESS0001651,P00098,상품_상세조회,2026-06-28 12:45:48
SESS0001651,P00102,장바구니_담기,2026-06-28 12:48:13
SESS0001651,P00105,구매완료,2026-06-28 12:51:16
SESS0001652,P00169,상품_상세조회,2026-06-18 20:35:25
SESS0001653,P00095,상품_상세조회,2026-06-23 17:19:00
SESS0001653,P00094,상품_상세조회,2026-06-23 17:20:59
SESS0001653,P00105,상품_상세조회,2026-06-23 17:22:58
SESS0001653,P00087,상품_상세조회,2026-06-23 17:26:58
SESS0001654,P00178,상품_상세조회,2026-06-05 22:01:52
SESS0001654,P00179,상품_상세조회,2026-06-05 22:02:35
SESS0001655,P00169,상품_상세조회,2026-06-14 19:53:20
SESS0001656,P00158,상품_상세조회,2026-06-24 13:16:43
SESS0001656,P00164,찜하기,2026-06-24 13:19:35
SESS0001656,P00154,상품_상세조회,2026-06-24 13:20:08
SESS0001657,P00138,상품_상세조회,2026-06-06 21:29:04
SESS0001658,P00136,상품_상세조회,2026-06-05 20:25:21
SESS0001658,P00149,상품_상세조회,2026-06-05 20:28:15
SESS0001658,P00149,상품_상세조회,2026-06-05 20:29:21
SESS0001658,P00144,상품_상세조회,2026-06-05 20:30:43
SESS0001659,P00128,상품_상세조회,2026-06-11 19:19:47
SESS0001659,P00122,장바구니_담기,2026-06-11 19:22:03
SESS0001659,P00126,구매완료,2026-06-11 19:25:14
SESS0001660,P00102,상품_상세조회,2026-06-06 13:06:37
SESS0001661,P00158,상품_상세조회,2026-06-27 22:57:52
SESS0001662,P00131,상품_상세조회,2026-06-10 23:52:15
SESS0001662,P00126,상품_상세조회,2026-06-10 23:53:55
SESS0001662,P00131,상품_상세조회,2026-06-10 23:56:34
SESS0001662,P00133,상품_상세조회,2026-06-10 23:58:42
SESS0001662,P00125,장바구니_담기,2026-06-10 23:59:52
SESS0001663,P00075,상품_상세조회,2026-06-24 20:35:31
SESS0001664,P00094,상품_상세조회,2026-07-03 19:21:37
SESS0001664,P00101,찜하기,2026-07-03 19:23:42
SESS0001664,P00100,상품_상세조회,2026-07-03 19:24:19
SESS0001665,P00115,상품_상세조회,2026-06-23 18:33:16
SESS0001665,P00107,상품_상세조회,2026-06-23 18:35:54
SESS0001665,P00108,장바구니_담기,2026-06-23 18:38:26
SESS0001665,P00110,구매완료,2026-06-23 18:42:48
SESS0001666,P00154,상품_상세조회,2026-07-02 19:55:53
SESS0001666,P00168,상품_상세조회,2026-07-02 19:59:46
SESS0001666,P00170,찜하기,2026-07-02 20:02:41
SESS0001670,P00066,상품_상세조회,2026-06-22 19:54:30
SESS0001670,P00068,상품_상세조회,2026-06-22 19:56:45
SESS0001670,P00138,상품_상세조회,2026-06-22 19:59:16
SESS0001670,P00149,찜하기,2026-06-22 20:01:07
SESS0001671,P00155,상품_상세조회,2026-06-15 18:11:26
SESS0001671,P00088,상품_상세조회,2026-06-15 18:14:33
SESS0001673,P00154,상품_상세조회,2026-06-14 21:49:27
SESS0001674,P00003,상품_상세조회,2026-06-04 16:42:04
SESS0001674,P00007,찜하기,2026-06-04 16:44:53
SESS0001674,P00006,상품_상세조회,2026-06-04 16:46:24
SESS0001674,P00010,상품_상세조회,2026-06-04 16:48:35
SESS0001676,P00029,상품_상세조회,2026-06-28 18:29:21
SESS0001677,P00146,상품_상세조회,2026-06-20 18:52:58
SESS0001678,P00139,상품_상세조회,2026-06-21 16:07:55
SESS0001678,P00144,찜하기,2026-06-21 16:08:37
SESS0001679,P00004,상품_상세조회,2026-06-16 20:22:12
SESS0001679,P00011,장바구니_담기,2026-06-16 20:22:51
SESS0001680,P00102,상품_상세조회,2026-06-14 18:50:26
SESS0001680,P00101,장바구니_담기,2026-06-14 18:51:04
SESS0001683,P00089,상품_상세조회,2026-06-21 23:48:31
SESS0001685,P00003,상품_상세조회,2026-06-06 20:20:44
SESS0001685,P00004,상품_상세조회,2026-06-06 20:21:49
SESS0001686,P00155,상품_상세조회,2026-06-07 19:11:36
SESS0001686,P00039,상품_상세조회,2026-06-07 19:15:22
SESS0001686,P00034,장바구니_담기,2026-06-07 19:17:14
SESS0001687,P00068,상품_상세조회,2026-07-02 17:26:07
SESS0001687,P00070,장바구니_담기,2026-07-02 17:27:03
SESS0001688,P00057,상품_상세조회,2026-06-16 17:13:25
SESS0001688,P00047,상품_상세조회,2026-06-16 17:13:41
SESS0001689,P00008,상품_상세조회,2026-06-22 19:01:40
SESS0001689,P00006,장바구니_담기,2026-06-22 19:02:23
SESS0001689,P00010,구매완료,2026-06-22 19:05:23
SESS0001690,P00010,상품_상세조회,2026-06-24 23:49:46
SESS0001690,P00006,상품_상세조회,2026-06-24 23:50:58
SESS0001690,P00005,찜하기,2026-06-24 23:52:34
SESS0001691,P00150,상품_상세조회,2026-06-12 16:30:55
SESS0001691,P00150,상품_상세조회,2026-06-12 16:32:24
SESS0001691,P00136,장바구니_담기,2026-06-12 16:33:49
SESS0001691,P00147,구매완료,2026-06-12 16:35:46
SESS0001692,P00092,상품_상세조회,2026-06-10 21:45:40
SESS0001692,P00097,상품_상세조회,2026-06-10 21:47:28
SESS0001692,P00095,상품_상세조회,2026-06-10 21:48:29
SESS0001692,P00095,장바구니_담기,2026-06-10 21:50:38
SESS0001692,P00104,구매완료,2026-06-10 21:53:19
SESS0001693,P00140,상품_상세조회,2026-06-10 19:13:48
SESS0001693,P00138,장바구니_담기,2026-06-10 19:14:54
SESS0001694,P00014,상품_상세조회,2026-06-22 20:05:28
SESS0001695,P00037,상품_상세조회,2026-06-19 16:39:21
SESS0001695,P00041,상품_상세조회,2026-06-19 16:41:21
SESS0001695,P00034,장바구니_담기,2026-06-19 16:43:10
SESS0001695,P00031,상품_상세조회,2026-06-19 16:44:55
SESS0001695,P00044,찜하기,2026-06-19 16:47:53
SESS0001696,P00008,상품_상세조회,2026-06-06 17:40:54
SESS0001697,P00127,상품_상세조회,2026-06-09 18:19:00
SESS0001697,P00126,찜하기,2026-06-09 18:20:38
SESS0001697,P00124,상품_상세조회,2026-06-09 18:21:38
SESS0001697,P00123,상품_상세조회,2026-06-09 18:23:55
SESS0001698,P00118,상품_상세조회,2026-07-02 21:50:24
SESS0001698,P00115,찜하기,2026-07-02 21:51:45
SESS0001698,P00119,상품_상세조회,2026-07-02 21:53:29
SESS0001698,P00111,찜하기,2026-07-02 21:54:44
SESS0001698,P00113,상품_상세조회,2026-07-02 21:55:03
SESS0001699,P00032,상품_상세조회,2026-06-10 20:19:50
SESS0001700,P00132,상품_상세조회,2026-06-29 23:56:35
SESS0001701,P00006,상품_상세조회,2026-06-09 20:14:46
SESS0001702,P00059,상품_상세조회,2026-07-01 22:58:34
SESS0001702,P00049,상품_상세조회,2026-07-01 23:01:08
SESS0001702,P00056,찜하기,2026-07-01 23:01:29
SESS0001702,P00047,상품_상세조회,2026-07-01 23:02:57
SESS0001702,P00051,장바구니_담기,2026-07-01 23:03:33
SESS0001702,P00059,구매완료,2026-07-01 23:06:14
SESS0001703,P00111,상품_상세조회,2026-06-13 17:01:01
SESS0001703,P00115,상품_상세조회,2026-06-13 17:02:43
SESS0001703,P00116,상품_상세조회,2026-06-13 17:04:01
SESS0001703,P00129,상품_상세조회,2026-06-13 17:12:03
SESS0001703,P00124,찜하기,2026-06-13 17:15:00
SESS0001704,P00160,상품_상세조회,2026-06-19 23:05:41
SESS0001704,P00160,장바구니_담기,2026-06-19 23:07:08
SESS0001704,P00159,상품_상세조회,2026-06-19 23:09:33
SESS0001704,P00164,상품_상세조회,2026-06-19 23:10:28
SESS0001704,P00156,상품_상세조회,2026-06-19 23:12:43
SESS0001704,P00161,상품_상세조회,2026-06-19 23:14:02
SESS0001704,P00152,장바구니_담기,2026-06-19 23:14:31
SESS0001705,P00074,상품_상세조회,2026-06-29 19:59:33
SESS0001705,P00066,상품_상세조회,2026-06-29 20:01:46
SESS0001705,P00072,장바구니_담기,2026-06-29 20:02:57
SESS0001705,P00061,구매완료,2026-06-29 20:06:59
SESS0001706,P00120,상품_상세조회,2026-06-20 23:02:14
SESS0001706,P00109,찜하기,2026-06-20 23:03:50
SESS0001708,P00107,상품_상세조회,2026-06-17 22:00:19
SESS0001708,P00106,장바구니_담기,2026-06-17 22:02:21
SESS0001708,P00113,구매완료,2026-06-17 22:04:44
SESS0001710,P00098,상품_상세조회,2026-07-03 21:12:10
SESS0001710,P00098,상품_상세조회,2026-07-03 21:12:58
SESS0001710,P00091,상품_상세조회,2026-07-03 21:15:13
SESS0001710,P00094,장바구니_담기,2026-07-03 21:15:32
SESS0001711,P00002,상품_상세조회,2026-07-02 15:53:52
SESS0001711,P00014,장바구니_담기,2026-07-02 15:55:45
SESS0001711,P00011,상품_상세조회,2026-07-02 15:58:11
SESS0001711,P00008,찜하기,2026-07-02 16:00:18
SESS0001712,P00015,상품_상세조회,2026-06-09 23:15:34
SESS0001712,P00155,상품_상세조회,2026-06-09 23:17:30
SESS0001712,P00161,상품_상세조회,2026-06-09 23:19:16
SESS0001712,P00162,상품_상세조회,2026-06-09 23:21:46
SESS0001712,P00154,찜하기,2026-06-09 23:24:05
SESS0001713,P00102,상품_상세조회,2026-06-09 19:21:33
SESS0001713,P00103,상품_상세조회,2026-06-09 19:24:01
SESS0001713,P00094,장바구니_담기,2026-06-09 19:26:09
SESS0001713,P00092,구매완료,2026-06-09 19:29:51
SESS0001714,P00080,상품_상세조회,2026-06-09 23:14:48
SESS0001714,P00086,상품_상세조회,2026-06-09 23:17:35
SESS0001714,P00087,장바구니_담기,2026-06-09 23:18:34
SESS0001714,P00088,구매완료,2026-06-09 23:23:44
SESS0001715,P00161,상품_상세조회,2026-06-14 15:44:10
SESS0001715,P00155,찜하기,2026-06-14 15:45:22
SESS0001715,P00161,장바구니_담기,2026-06-14 15:48:05
SESS0001715,P00152,구매완료,2026-06-14 15:50:17
SESS0001716,P00099,상품_상세조회,2026-06-10 22:43:03
SESS0001716,P00096,찜하기,2026-06-10 22:43:18
SESS0001716,P00101,상품_상세조회,2026-06-10 22:45:06
SESS0001716,P00103,찜하기,2026-06-10 22:46:07
SESS0001716,P00101,장바구니_담기,2026-06-10 22:46:40
SESS0001716,P00100,상품_상세조회,2026-06-10 22:47:23
SESS0001716,P00101,상품_상세조회,2026-06-10 22:49:25
SESS0001716,P00098,장바구니_담기,2026-06-10 22:49:59
SESS0001716,P00098,구매완료,2026-06-10 22:53:14
SESS0001717,P00004,상품_상세조회,2026-06-24 11:23:23
SESS0001717,P00086,상품_상세조회,2026-06-24 11:29:06
SESS0001718,P00008,상품_상세조회,2026-06-30 23:13:10
SESS0001719,P00151,상품_상세조회,2026-06-24 20:25:15
SESS0001720,P00157,상품_상세조회,2026-06-25 17:58:41
SESS0001720,P00154,상품_상세조회,2026-06-25 18:00:06
SESS0001720,P00161,찜하기,2026-06-25 18:02:46
SESS0001721,P00079,상품_상세조회,2026-06-08 20:16:55
SESS0001721,P00076,상품_상세조회,2026-06-08 20:18:12
SESS0001721,P00078,찜하기,2026-06-08 20:21:09
SESS0001721,P00087,장바구니_담기,2026-06-08 20:22:12
SESS0001721,P00084,상품_상세조회,2026-06-08 20:23:21
SESS0001721,P00079,장바구니_담기,2026-06-08 20:24:20
SESS0001721,P00085,구매완료,2026-06-08 20:25:32
SESS0001722,P00163,상품_상세조회,2026-07-03 18:24:48
SESS0001722,P00153,상품_상세조회,2026-07-03 18:25:16
SESS0001722,P00102,상품_상세조회,2026-07-03 18:30:22
SESS0001722,P00099,상품_상세조회,2026-07-03 18:33:06
SESS0001722,P00101,찜하기,2026-07-03 18:35:49
SESS0001722,P00104,상품_상세조회,2026-07-03 18:37:03
SESS0001722,P00104,상품_상세조회,2026-07-03 18:39:31
SESS0001722,P00001,상품_상세조회,2026-07-03 18:41:40
SESS0001724,P00091,상품_상세조회,2026-06-06 16:04:05
SESS0001724,P00101,상품_상세조회,2026-06-06 16:06:36
SESS0001724,P00092,상품_상세조회,2026-06-06 16:09:23
SESS0001725,P00149,상품_상세조회,2026-06-28 12:33:39
SESS0001725,P00148,장바구니_담기,2026-06-28 12:35:27
SESS0001725,P00145,구매완료,2026-06-28 12:39:14
SESS0001726,P00081,상품_상세조회,2026-06-22 16:47:11
SESS0001727,P00115,상품_상세조회,2026-06-22 17:39:51
SESS0001727,P00118,장바구니_담기,2026-06-22 17:40:17
SESS0001727,P00117,구매완료,2026-06-22 17:45:50
SESS0001728,P00063,상품_상세조회,2026-06-18 21:19:42
SESS0001728,P00066,찜하기,2026-06-18 21:21:36
SESS0001728,P00063,상품_상세조회,2026-06-18 21:22:33
SESS0001729,P00011,상품_상세조회,2026-06-29 21:18:23
SESS0001729,P00013,장바구니_담기,2026-06-29 21:18:56
SESS0001729,P00014,구매완료,2026-06-29 21:21:50
SESS0001731,P00061,상품_상세조회,2026-06-30 15:46:44
SESS0001731,P00069,장바구니_담기,2026-06-30 15:49:02
SESS0001731,P00071,상품_상세조회,2026-06-30 15:51:39
SESS0001731,P00061,장바구니_담기,2026-06-30 15:54:13
SESS0001731,P00063,구매완료,2026-06-30 15:58:31
SESS0001732,P00124,상품_상세조회,2026-06-17 17:44:00
SESS0001732,P00123,장바구니_담기,2026-06-17 17:44:25
SESS0001733,P00115,상품_상세조회,2026-06-16 22:49:42
SESS0001734,P00028,상품_상세조회,2026-06-16 20:38:54
SESS0001734,P00027,상품_상세조회,2026-06-16 20:40:14
SESS0001734,P00020,상품_상세조회,2026-06-16 20:42:40
SESS0001735,P00025,상품_상세조회,2026-06-04 21:08:31
SESS0001735,P00032,상품_상세조회,2026-06-04 21:11:58
SESS0001736,P00109,상품_상세조회,2026-06-29 23:39:47
SESS0001736,P00115,상품_상세조회,2026-06-29 23:40:43
SESS0001737,P00011,상품_상세조회,2026-06-10 16:55:32
SESS0001737,P00012,찜하기,2026-06-10 16:56:15
SESS0001737,P00005,상품_상세조회,2026-06-10 16:57:55
SESS0001737,P00004,찜하기,2026-06-10 17:00:39
SESS0001738,P00092,상품_상세조회,2026-06-13 15:54:48
SESS0001738,P00099,찜하기,2026-06-13 15:56:37
SESS0001739,P00072,상품_상세조회,2026-06-22 19:36:28
SESS0001739,P00068,장바구니_담기,2026-06-22 19:37:40
SESS0001739,P00070,구매완료,2026-06-22 19:42:07
SESS0001740,P00134,상품_상세조회,2026-06-12 19:34:38
SESS0001740,P00124,상품_상세조회,2026-06-12 19:37:18
SESS0001740,P00125,상품_상세조회,2026-06-12 19:38:52
SESS0001741,P00138,상품_상세조회,2026-06-05 23:47:31
SESS0001741,P00147,상품_상세조회,2026-06-05 23:49:49
SESS0001741,P00136,찜하기,2026-06-05 23:50:16
SESS0001741,P00136,장바구니_담기,2026-06-05 23:53:08
SESS0001741,P00137,상품_상세조회,2026-06-05 23:55:35
SESS0001741,P00147,찜하기,2026-06-05 23:56:35
SESS0001741,P00143,상품_상세조회,2026-06-05 23:57:55
SESS0001742,P00026,상품_상세조회,2026-06-12 15:23:19
SESS0001742,P00020,상품_상세조회,2026-06-12 15:25:35
SESS0001743,P00011,상품_상세조회,2026-06-05 18:13:12
SESS0001743,P00005,장바구니_담기,2026-06-05 18:15:13
SESS0001743,P00006,구매완료,2026-06-05 18:19:24
SESS0001744,P00132,상품_상세조회,2026-06-26 17:29:11
SESS0001744,P00123,찜하기,2026-06-26 17:31:37
SESS0001746,P00150,상품_상세조회,2026-06-09 17:30:57
SESS0001746,P00141,상품_상세조회,2026-06-09 17:32:30
SESS0001746,P00143,찜하기,2026-06-09 17:34:31
SESS0001747,P00157,상품_상세조회,2026-06-11 17:56:14
SESS0001747,P00161,찜하기,2026-06-11 17:57:17
SESS0001748,P00154,상품_상세조회,2026-06-27 14:09:03
SESS0001748,P00105,상품_상세조회,2026-06-27 14:16:20
SESS0001749,P00177,상품_상세조회,2026-06-06 17:05:05
SESS0001749,P00174,상품_상세조회,2026-06-06 17:07:22
SESS0001751,P00064,상품_상세조회,2026-06-04 16:06:47
SESS0001751,P00068,찜하기,2026-06-04 16:08:21
SESS0001752,P00162,상품_상세조회,2026-06-15 16:47:52
SESS0001753,P00009,상품_상세조회,2026-06-15 12:41:59
SESS0001753,P00007,장바구니_담기,2026-06-15 12:42:15
SESS0001753,P00006,상품_상세조회,2026-06-15 12:43:12
SESS0001753,P00013,장바구니_담기,2026-06-15 12:44:50
SESS0001755,P00128,상품_상세조회,2026-06-16 21:09:22
SESS0001755,P00126,장바구니_담기,2026-06-16 21:12:17
SESS0001755,P00126,상품_상세조회,2026-06-16 21:12:43
SESS0001757,P00093,상품_상세조회,2026-06-15 18:10:18
SESS0001758,P00072,상품_상세조회,2026-06-12 17:49:11
SESS0001758,P00065,상품_상세조회,2026-06-12 17:50:33
SESS0001758,P00067,장바구니_담기,2026-06-12 17:52:35
SESS0001758,P00071,구매완료,2026-06-12 17:54:42
SESS0001759,P00157,상품_상세조회,2026-07-02 13:12:58
SESS0001759,P00165,상품_상세조회,2026-07-02 13:14:52
SESS0001759,P00153,장바구니_담기,2026-07-02 13:16:48
SESS0001759,P00156,구매완료,2026-07-02 13:20:40
SESS0001760,P00002,상품_상세조회,2026-06-06 16:55:13
SESS0001760,P00103,상품_상세조회,2026-06-06 16:59:51
SESS0001760,P00140,상품_상세조회,2026-06-06 17:04:54
SESS0001762,P00010,상품_상세조회,2026-06-30 15:29:05
SESS0001763,P00012,상품_상세조회,2026-06-07 19:22:12
SESS0001764,P00120,상품_상세조회,2026-06-26 18:32:42
SESS0001765,P00136,상품_상세조회,2026-06-27 16:02:38
SESS0001765,P00142,상품_상세조회,2026-06-27 16:04:15
SESS0001765,P00147,찜하기,2026-06-27 16:06:40
SESS0001766,P00065,상품_상세조회,2026-06-22 21:00:49
SESS0001766,P00074,장바구니_담기,2026-06-22 21:02:29
SESS0001766,P00070,구매완료,2026-06-22 21:03:26
SESS0001767,P00085,상품_상세조회,2026-06-22 19:34:57
SESS0001768,P00141,상품_상세조회,2026-06-16 21:09:36
SESS0001768,P00007,상품_상세조회,2026-06-16 21:14:13
SESS0001768,P00008,장바구니_담기,2026-06-16 21:16:16
SESS0001768,P00001,구매완료,2026-06-16 21:19:05
SESS0001769,P00058,상품_상세조회,2026-06-23 21:23:57
SESS0001769,P00060,상품_상세조회,2026-06-23 21:24:32
SESS0001770,P00050,상품_상세조회,2026-06-29 19:46:42
SESS0001771,P00091,상품_상세조회,2026-06-22 23:41:48
SESS0001771,P00092,장바구니_담기,2026-06-22 23:43:54
SESS0001771,P00105,구매완료,2026-06-22 23:46:50
SESS0001772,P00042,상품_상세조회,2026-06-15 19:47:39
SESS0001772,P00041,찜하기,2026-06-15 19:48:10
SESS0001774,P00095,상품_상세조회,2026-06-16 17:33:00
SESS0001775,P00073,상품_상세조회,2026-06-23 19:57:18
SESS0001776,P00164,상품_상세조회,2026-06-18 17:39:30
SESS0001776,P00155,상품_상세조회,2026-06-18 17:39:48
SESS0001777,P00160,상품_상세조회,2026-06-13 18:54:17
SESS0001777,P00153,장바구니_담기,2026-06-13 18:56:21
SESS0001777,P00152,구매완료,2026-06-13 18:58:49
SESS0001778,P00065,상품_상세조회,2026-06-29 18:24:42
SESS0001779,P00116,상품_상세조회,2026-06-17 17:45:49
SESS0001779,P00113,상품_상세조회,2026-06-17 17:46:13
SESS0001782,P00133,상품_상세조회,2026-06-21 00:02:30
SESS0001783,P00157,상품_상세조회,2026-06-18 15:27:02
SESS0001783,P00162,장바구니_담기,2026-06-18 15:28:58
SESS0001783,P00156,구매완료,2026-06-18 15:33:27
SESS0001784,P00011,상품_상세조회,2026-06-27 23:44:02
SESS0001786,P00154,상품_상세조회,2026-06-18 17:29:36
SESS0001786,P00152,상품_상세조회,2026-06-18 17:31:16
SESS0001786,P00162,상품_상세조회,2026-06-18 17:34:05
SESS0001786,P00157,찜하기,2026-06-18 17:36:18
SESS0001787,P00156,상품_상세조회,2026-07-03 20:53:30
SESS0001788,P00108,상품_상세조회,2026-06-28 22:55:14
SESS0001789,P00130,상품_상세조회,2026-06-11 15:48:25
SESS0001790,P00036,상품_상세조회,2026-06-26 17:08:06
SESS0001790,P00040,상품_상세조회,2026-06-26 17:10:08
SESS0001790,P00047,상품_상세조회,2026-06-26 17:13:06
SESS0001790,P00060,상품_상세조회,2026-06-26 17:14:18
SESS0001790,P00047,찜하기,2026-06-26 17:14:51
SESS0001790,P00050,상품_상세조회,2026-06-26 17:17:25
SESS0001791,P00059,상품_상세조회,2026-07-01 20:45:53
SESS0001791,P00047,상품_상세조회,2026-07-01 20:47:55
SESS0001792,P00052,상품_상세조회,2026-06-11 19:18:15
SESS0001792,P00052,장바구니_담기,2026-06-11 19:20:14
SESS0001792,P00059,상품_상세조회,2026-06-11 19:22:11
SESS0001792,P00047,장바구니_담기,2026-06-11 19:24:46
SESS0001792,P00052,구매완료,2026-06-11 19:30:07
SESS0001795,P00007,상품_상세조회,2026-06-28 18:36:42
SESS0001795,P00047,상품_상세조회,2026-06-28 18:39:59
SESS0001796,P00157,상품_상세조회,2026-06-15 18:43:44
SESS0001796,P00158,찜하기,2026-06-15 18:44:17
SESS0001797,P00052,상품_상세조회,2026-06-04 20:10:24
SESS0001797,P00055,장바구니_담기,2026-06-04 20:11:58
SESS0001798,P00071,상품_상세조회,2026-06-10 16:24:14
SESS0001798,P00068,상품_상세조회,2026-06-10 16:24:47
SESS0001798,P00061,상품_상세조회,2026-06-10 16:27:00
SESS0001799,P00062,상품_상세조회,2026-06-29 22:16:43
SESS0001800,P00081,상품_상세조회,2026-06-13 20:32:08
SESS0001800,P00090,상품_상세조회,2026-06-13 20:33:13
SESS0001800,P00079,장바구니_담기,2026-06-13 20:34:23
SESS0001800,P00088,구매완료,2026-06-13 20:38:12
SESS0001801,P00051,상품_상세조회,2026-06-13 19:30:34
SESS0001801,P00051,찜하기,2026-06-13 19:31:27
SESS0001802,P00064,상품_상세조회,2026-06-09 14:41:30
SESS0001802,P00075,찜하기,2026-06-09 14:44:08
SESS0001802,P00063,상품_상세조회,2026-06-09 14:46:28
SESS0001803,P00031,상품_상세조회,2026-06-11 18:47:40
SESS0001803,P00045,상품_상세조회,2026-06-11 18:50:31
SESS0001803,P00006,상품_상세조회,2026-06-11 18:54:11
SESS0001803,P00004,상품_상세조회,2026-06-11 18:54:48
SESS0001803,P00009,상품_상세조회,2026-06-11 18:55:16
SESS0001803,P00013,찜하기,2026-06-11 18:55:44
SESS0001803,P00015,장바구니_담기,2026-06-11 18:57:08
SESS0001803,P00004,구매완료,2026-06-11 19:01:02
SESS0001804,P00122,상품_상세조회,2026-06-05 22:51:01
SESS0001804,P00121,찜하기,2026-06-05 22:52:14
SESS0001804,P00133,상품_상세조회,2026-06-05 22:53:55
SESS0001805,P00031,상품_상세조회,2026-06-16 14:22:11
SESS0001805,P00037,장바구니_담기,2026-06-16 14:24:23
SESS0001805,P00037,구매완료,2026-06-16 14:26:39
SESS0001806,P00074,상품_상세조회,2026-06-17 13:59:05
SESS0001806,P00069,장바구니_담기,2026-06-17 14:00:05
SESS0001806,P00074,상품_상세조회,2026-06-17 14:02:46
SESS0001807,P00152,상품_상세조회,2026-06-12 21:24:35
SESS0001808,P00124,상품_상세조회,2026-06-06 17:04:26
SESS0001809,P00093,상품_상세조회,2026-06-09 16:22:17
SESS0001809,P00098,장바구니_담기,2026-06-09 16:23:00
SESS0001810,P00077,상품_상세조회,2026-06-27 20:46:40
SESS0001811,P00114,상품_상세조회,2026-06-22 14:42:54
SESS0001812,P00090,상품_상세조회,2026-06-28 18:00:09
SESS0001813,P00026,상품_상세조회,2026-06-10 14:31:16
SESS0001813,P00028,상품_상세조회,2026-06-10 14:33:21
SESS0001813,P00131,상품_상세조회,2026-06-10 14:35:50
SESS0001813,P00122,찜하기,2026-06-10 14:37:39
SESS0001813,P00135,상품_상세조회,2026-06-10 14:40:20
SESS0001814,P00059,상품_상세조회,2026-06-07 23:30:45
SESS0001815,P00043,상품_상세조회,2026-06-19 19:07:14
SESS0001815,P00113,상품_상세조회,2026-06-19 19:09:55
SESS0001815,P00108,찜하기,2026-06-19 19:12:20
SESS0001816,P00066,상품_상세조회,2026-06-29 19:49:21
SESS0001816,P00065,찜하기,2026-06-29 19:50:05
SESS0001816,P00068,장바구니_담기,2026-06-29 19:52:22
SESS0001816,P00065,상품_상세조회,2026-06-29 19:53:12
SESS0001816,P00061,상품_상세조회,2026-06-29 19:55:05
SESS0001816,P00064,상품_상세조회,2026-06-29 19:58:47
SESS0001816,P00083,상품_상세조회,2026-06-29 20:01:08
SESS0001816,P00081,장바구니_담기,2026-06-29 20:02:21
SESS0001816,P00085,구매완료,2026-06-29 20:06:26
SESS0001817,P00006,상품_상세조회,2026-06-26 20:30:37
SESS0001817,P00002,장바구니_담기,2026-06-26 20:31:26
SESS0001817,P00010,상품_상세조회,2026-06-26 20:32:38
SESS0001817,P00008,상품_상세조회,2026-06-26 20:34:31
SESS0001817,P00006,상품_상세조회,2026-06-26 20:37:18
SESS0001817,P00013,상품_상세조회,2026-06-26 20:38:49
SESS0001818,P00015,상품_상세조회,2026-06-14 12:28:48
SESS0001818,P00142,상품_상세조회,2026-06-14 12:31:35
SESS0001818,P00142,상품_상세조회,2026-06-14 12:34:01
SESS0001818,P00142,장바구니_담기,2026-06-14 12:35:51
SESS0001818,P00146,구매완료,2026-06-14 12:38:54
SESS0001821,P00042,상품_상세조회,2026-07-03 23:32:52
SESS0001821,P00040,장바구니_담기,2026-07-03 23:33:13
SESS0001821,P00034,구매완료,2026-07-03 23:35:35
SESS0001822,P00117,상품_상세조회,2026-06-28 18:49:18
SESS0001822,P00114,장바구니_담기,2026-06-28 18:50:09
SESS0001822,P00120,상품_상세조회,2026-06-28 18:51:55
SESS0001823,P00127,상품_상세조회,2026-06-06 23:16:03
SESS0001823,P00123,상품_상세조회,2026-06-06 23:18:26
SESS0001824,P00036,상품_상세조회,2026-06-21 20:11:01
SESS0001824,P00037,장바구니_담기,2026-06-21 20:13:58
SESS0001824,P00039,상품_상세조회,2026-06-21 20:15:26
SESS0001824,P00045,상품_상세조회,2026-06-21 20:17:11
SESS0001824,P00040,장바구니_담기,2026-06-21 20:18:52
SESS0001824,P00035,상품_상세조회,2026-06-21 20:20:31
SESS0001826,P00004,상품_상세조회,2026-06-20 20:57:52
SESS0001827,P00066,상품_상세조회,2026-06-28 15:37:59
SESS0001827,P00067,장바구니_담기,2026-06-28 15:40:57
SESS0001827,P00069,상품_상세조회,2026-06-28 15:42:03
SESS0001827,P00075,상품_상세조회,2026-06-28 15:43:43
SESS0001827,P00073,장바구니_담기,2026-06-28 15:46:07
SESS0001827,P00061,상품_상세조회,2026-06-28 15:47:36
SESS0001827,P00068,상품_상세조회,2026-06-28 15:48:13
SESS0001827,P00061,찜하기,2026-06-28 15:50:50
SESS0001827,P00069,상품_상세조회,2026-06-28 15:51:41
SESS0001828,P00042,상품_상세조회,2026-06-29 19:50:05
SESS0001828,P00045,상품_상세조회,2026-06-29 19:51:14
SESS0001829,P00129,상품_상세조회,2026-06-12 19:05:39
SESS0001830,P00033,상품_상세조회,2026-06-13 19:49:04
SESS0001831,P00006,상품_상세조회,2026-07-01 21:32:08
SESS0001831,P00005,찜하기,2026-07-01 21:34:18
SESS0001831,P00006,장바구니_담기,2026-07-01 21:35:15
SESS0001831,P00011,구매완료,2026-07-01 21:39:47
SESS0001832,P00092,상품_상세조회,2026-06-14 16:50:55
SESS0001832,P00105,상품_상세조회,2026-06-14 16:51:28
SESS0001833,P00099,상품_상세조회,2026-06-06 18:45:29
SESS0001833,P00103,찜하기,2026-06-06 18:47:21
SESS0001833,P00093,상품_상세조회,2026-06-06 18:48:15
SESS0001834,P00103,상품_상세조회,2026-06-19 16:21:23
SESS0001834,P00105,찜하기,2026-06-19 16:23:35
SESS0001834,P00101,장바구니_담기,2026-06-19 16:25:59
SESS0001834,P00105,상품_상세조회,2026-06-19 16:27:54
SESS0001835,P00105,상품_상세조회,2026-07-01 22:21:32
SESS0001835,P00094,찜하기,2026-07-01 22:22:58
SESS0001835,P00102,상품_상세조회,2026-07-01 22:24:11
SESS0001836,P00038,상품_상세조회,2026-07-01 22:47:55
SESS0001836,P00036,찜하기,2026-07-01 22:49:24
SESS0001836,P00036,상품_상세조회,2026-07-01 22:51:29
SESS0001836,P00031,장바구니_담기,2026-07-01 22:54:09
SESS0001837,P00118,상품_상세조회,2026-06-28 20:45:40
SESS0001837,P00114,장바구니_담기,2026-06-28 20:48:08
SESS0001837,P00110,상품_상세조회,2026-06-28 20:51:05
SESS0001838,P00071,상품_상세조회,2026-07-03 15:23:25
SESS0001838,P00066,찜하기,2026-07-03 15:24:50
SESS0001839,P00139,상품_상세조회,2026-06-29 20:24:34
SESS0001840,P00116,상품_상세조회,2026-06-22 21:38:49
SESS0001840,P00109,찜하기,2026-06-22 21:40:47
SESS0001840,P00119,상품_상세조회,2026-06-22 21:41:18
SESS0001841,P00079,상품_상세조회,2026-06-24 17:02:21
SESS0001841,P00079,상품_상세조회,2026-06-24 17:02:41
SESS0001841,P00080,장바구니_담기,2026-06-24 17:05:02
SESS0001842,P00077,상품_상세조회,2026-06-19 20:14:41
SESS0001844,P00058,상품_상세조회,2026-06-09 23:23:58
SESS0001844,P00053,장바구니_담기,2026-06-09 23:26:49
SESS0001845,P00039,상품_상세조회,2026-07-02 15:02:28
SESS0001845,P00031,찜하기,2026-07-02 15:04:10
SESS0001845,P00036,상품_상세조회,2026-07-02 15:06:57
SESS0001845,P00041,장바구니_담기,2026-07-02 15:08:01
SESS0001845,P00042,구매완료,2026-07-02 15:10:24
SESS0001846,P00114,상품_상세조회,2026-06-06 19:34:15
SESS0001846,P00120,찜하기,2026-06-06 19:36:38
SESS0001846,P00120,상품_상세조회,2026-06-06 19:37:35
SESS0001846,P00118,장바구니_담기,2026-06-06 19:40:09
SESS0001846,P00111,구매완료,2026-06-06 19:41:44
SESS0001847,P00003,상품_상세조회,2026-06-26 18:18:06
SESS0001847,P00002,장바구니_담기,2026-06-26 18:20:44
SESS0001847,P00006,구매완료,2026-06-26 18:22:53
SESS0001848,P00090,상품_상세조회,2026-06-22 16:22:27
SESS0001848,P00077,상품_상세조회,2026-06-22 16:25:17
SESS0001848,P00087,장바구니_담기,2026-06-22 16:27:46
SESS0001848,P00078,구매완료,2026-06-22 16:32:02
SESS0001849,P00024,상품_상세조회,2026-07-02 18:49:02
SESS0001850,P00138,상품_상세조회,2026-06-16 08:10:14
SESS0001850,P00142,찜하기,2026-06-16 08:12:54
SESS0001851,P00030,상품_상세조회,2026-06-29 18:08:21
SESS0001851,P00030,찜하기,2026-06-29 18:09:28
SESS0001851,P00029,장바구니_담기,2026-06-29 18:10:35
SESS0001851,P00026,구매완료,2026-06-29 18:13:30
SESS0001852,P00162,상품_상세조회,2026-06-04 23:29:36
SESS0001852,P00160,상품_상세조회,2026-06-04 23:32:15
SESS0001852,P00160,상품_상세조회,2026-06-04 23:32:34
SESS0001853,P00164,상품_상세조회,2026-06-23 20:30:22
SESS0001853,P00159,장바구니_담기,2026-06-23 20:33:08
SESS0001854,P00022,상품_상세조회,2026-06-29 21:50:08
SESS0001854,P00030,장바구니_담기,2026-06-29 21:50:46
SESS0001854,P00020,구매완료,2026-06-29 21:52:08
SESS0001855,P00116,상품_상세조회,2026-06-23 20:21:34
SESS0001855,P00112,상품_상세조회,2026-06-23 20:24:02
SESS0001855,P00043,상품_상세조회,2026-06-23 20:27:33
SESS0001855,P00035,상품_상세조회,2026-06-23 20:28:08
SESS0001856,P00089,상품_상세조회,2026-06-04 19:09:32
SESS0001856,P00106,상품_상세조회,2026-06-04 19:12:58
SESS0001856,P00106,상품_상세조회,2026-06-04 19:15:52
SESS0001856,P00110,상품_상세조회,2026-06-04 19:16:44
SESS0001857,P00155,상품_상세조회,2026-07-01 17:57:52
SESS0001858,P00156,상품_상세조회,2026-06-05 13:45:08
SESS0001858,P00152,찜하기,2026-06-05 13:46:49
SESS0001859,P00101,상품_상세조회,2026-06-04 18:17:09
SESS0001859,P00097,상품_상세조회,2026-06-04 18:19:53
SESS0001859,P00100,찜하기,2026-06-04 18:21:16
SESS0001859,P00091,상품_상세조회,2026-06-04 18:23:55
SESS0001859,P00098,장바구니_담기,2026-06-04 18:26:16
SESS0001860,P00091,상품_상세조회,2026-06-15 17:32:03
SESS0001860,P00101,상품_상세조회,2026-06-15 17:34:27
SESS0001860,P00100,상품_상세조회,2026-06-15 17:35:35
SESS0001861,P00138,상품_상세조회,2026-07-02 17:07:58
SESS0001861,P00142,상품_상세조회,2026-07-02 17:08:39
SESS0001861,P00141,장바구니_담기,2026-07-02 17:11:09
SESS0001861,P00150,구매완료,2026-07-02 17:15:21
SESS0001862,P00071,상품_상세조회,2026-06-24 00:00:36
SESS0001862,P00075,찜하기,2026-06-24 00:03:15
SESS0001862,P00063,상품_상세조회,2026-06-24 00:05:39
SESS0001863,P00095,상품_상세조회,2026-06-09 22:15:21
SESS0001863,P00093,찜하기,2026-06-09 22:16:18
SESS0001863,P00103,장바구니_담기,2026-06-09 22:19:17
SESS0001864,P00173,상품_상세조회,2026-06-10 22:18:23
SESS0001864,P00168,찜하기,2026-06-10 22:18:59
SESS0001864,P00172,상품_상세조회,2026-06-10 22:20:17
SESS0001864,P00180,상품_상세조회,2026-06-10 22:20:32
SESS0001865,P00106,상품_상세조회,2026-06-10 23:46:29
SESS0001866,P00172,상품_상세조회,2026-06-11 17:04:46
SESS0001868,P00090,상품_상세조회,2026-07-02 19:21:08
SESS0001869,P00015,상품_상세조회,2026-06-14 18:25:38
SESS0001869,P00040,상품_상세조회,2026-06-14 18:30:11
SESS0001869,P00041,장바구니_담기,2026-06-14 18:31:12
SESS0001869,P00040,구매완료,2026-06-14 18:35:30
SESS0001870,P00123,상품_상세조회,2026-06-17 23:50:10
SESS0001870,P00127,장바구니_담기,2026-06-17 23:52:47
SESS0001870,P00128,구매완료,2026-06-17 23:54:09
SESS0001871,P00072,상품_상세조회,2026-06-20 21:55:03
SESS0001871,P00063,장바구니_담기,2026-06-20 21:55:40
SESS0001873,P00006,상품_상세조회,2026-06-07 11:34:26
SESS0001873,P00011,상품_상세조회,2026-06-07 11:35:58
SESS0001873,P00054,상품_상세조회,2026-06-07 11:38:07
SESS0001874,P00159,상품_상세조회,2026-06-05 17:59:51
SESS0001874,P00165,찜하기,2026-06-05 18:01:24
SESS0001874,P00152,장바구니_담기,2026-06-05 18:04:01
SESS0001875,P00137,상품_상세조회,2026-06-25 18:14:45
SESS0001875,P00143,찜하기,2026-06-25 18:15:50
SESS0001875,P00150,상품_상세조회,2026-06-25 18:18:19
SESS0001875,P00137,상품_상세조회,2026-06-25 18:19:36
SESS0001876,P00074,상품_상세조회,2026-06-24 20:34:00
SESS0001876,P00070,상품_상세조회,2026-06-24 20:35:54
SESS0001876,P00065,장바구니_담기,2026-06-24 20:36:33
SESS0001876,P00063,구매완료,2026-06-24 20:40:35
SESS0001877,P00094,상품_상세조회,2026-06-20 19:28:52
SESS0001877,P00149,상품_상세조회,2026-06-20 19:33:47
SESS0001877,P00145,상품_상세조회,2026-06-20 19:36:05
SESS0001877,P00136,상품_상세조회,2026-06-20 19:38:58
SESS0001878,P00155,상품_상세조회,2026-06-24 18:52:54
SESS0001878,P00158,찜하기,2026-06-24 18:55:45
SESS0001878,P00163,장바구니_담기,2026-06-24 18:56:22
SESS0001878,P00164,상품_상세조회,2026-06-24 18:57:41
SESS0001879,P00143,상품_상세조회,2026-06-24 15:00:02
SESS0001880,P00152,상품_상세조회,2026-06-23 21:11:08
SESS0001880,P00162,장바구니_담기,2026-06-23 21:11:56
SESS0001881,P00010,상품_상세조회,2026-06-24 23:49:17
SESS0001881,P00008,상품_상세조회,2026-06-24 23:51:42
SESS0001881,P00010,찜하기,2026-06-24 23:54:10
SESS0001883,P00067,상품_상세조회,2026-06-19 19:28:44
SESS0001883,P00063,상품_상세조회,2026-06-19 19:29:48
SESS0001883,P00071,상품_상세조회,2026-06-19 19:31:11
SESS0001883,P00072,찜하기,2026-06-19 19:31:54
SESS0001883,P00070,장바구니_담기,2026-06-19 19:32:16
SESS0001883,P00067,구매완료,2026-06-19 19:36:44
SESS0001884,P00053,상품_상세조회,2026-06-10 18:43:03
SESS0001884,P00046,상품_상세조회,2026-06-10 18:46:02
SESS0001885,P00152,상품_상세조회,2026-06-14 22:06:48
SESS0001885,P00160,찜하기,2026-06-14 22:07:14
SESS0001885,P00164,상품_상세조회,2026-06-14 22:08:33
SESS0001886,P00052,상품_상세조회,2026-06-11 22:02:41
SESS0001887,P00146,상품_상세조회,2026-06-04 21:41:33
SESS0001888,P00068,상품_상세조회,2026-06-16 21:01:23
SESS0001889,P00047,상품_상세조회,2026-06-17 17:57:41
SESS0001889,P00119,상품_상세조회,2026-06-17 18:00:28
SESS0001889,P00117,상품_상세조회,2026-06-17 18:00:49
SESS0001890,P00012,상품_상세조회,2026-06-05 16:47:07
SESS0001890,P00010,상품_상세조회,2026-06-05 16:47:43
SESS0001890,P00013,장바구니_담기,2026-06-05 16:48:14
SESS0001890,P00001,구매완료,2026-06-05 16:52:17
SESS0001891,P00133,상품_상세조회,2026-06-20 21:28:59
SESS0001891,P00122,상품_상세조회,2026-06-20 21:29:51
SESS0001891,P00133,상품_상세조회,2026-06-20 21:31:41
SESS0001891,P00122,상품_상세조회,2026-06-20 21:33:34
SESS0001891,P00123,상품_상세조회,2026-06-20 21:34:48
SESS0001892,P00144,상품_상세조회,2026-06-23 21:48:13
SESS0001892,P00146,찜하기,2026-06-23 21:49:05
SESS0001892,P00138,장바구니_담기,2026-06-23 21:49:39
SESS0001893,P00061,상품_상세조회,2026-06-08 19:34:17
SESS0001893,P00066,장바구니_담기,2026-06-08 19:34:45
SESS0001895,P00143,상품_상세조회,2026-06-20 22:06:15
SESS0001895,P00149,상품_상세조회,2026-06-20 22:06:42
SESS0001895,P00150,장바구니_담기,2026-06-20 22:09:14
SESS0001896,P00047,상품_상세조회,2026-06-28 15:11:33
SESS0001896,P00050,장바구니_담기,2026-06-28 15:13:58
SESS0001896,P00048,상품_상세조회,2026-06-28 15:14:57
SESS0001896,P00136,상품_상세조회,2026-06-28 15:15:50
SESS0001896,P00142,상품_상세조회,2026-06-28 15:16:26
SESS0001896,P00149,찜하기,2026-06-28 15:17:30
SESS0001897,P00160,상품_상세조회,2026-06-05 23:57:12
SESS0001897,P00154,상품_상세조회,2026-06-05 23:58:18
SESS0001897,P00164,상품_상세조회,2026-06-06 00:01:08
SESS0001897,P00162,장바구니_담기,2026-06-06 00:03:58
SESS0001897,P00151,구매완료,2026-06-06 00:07:41
SESS0001898,P00113,상품_상세조회,2026-06-29 14:50:35
SESS0001899,P00056,상품_상세조회,2026-06-26 17:41:05
SESS0001899,P00060,찜하기,2026-06-26 17:43:48
SESS0001899,P00054,상품_상세조회,2026-06-26 17:44:49
SESS0001899,P00049,상품_상세조회,2026-06-26 17:45:18
SESS0001900,P00130,상품_상세조회,2026-06-17 20:31:50
SESS0001900,P00132,찜하기,2026-06-17 20:34:08
SESS0001901,P00030,상품_상세조회,2026-06-11 23:33:45
SESS0001902,P00086,상품_상세조회,2026-06-11 21:11:19
SESS0001902,P00083,상품_상세조회,2026-06-11 21:12:11
SESS0001902,P00088,상품_상세조회,2026-06-11 21:12:51
SESS0001902,P00082,찜하기,2026-06-11 21:14:02
SESS0001902,P00082,장바구니_담기,2026-06-11 21:14:29
SESS0001902,P00086,구매완료,2026-06-11 21:18:44
SESS0001903,P00144,상품_상세조회,2026-06-10 19:18:39
SESS0001903,P00140,찜하기,2026-06-10 19:19:36
SESS0001903,P00141,상품_상세조회,2026-06-10 19:22:09
SESS0001903,P00138,상품_상세조회,2026-06-10 19:24:56
SESS0001903,P00138,상품_상세조회,2026-06-10 19:27:47
SESS0001904,P00005,상품_상세조회,2026-06-29 20:27:50
SESS0001904,P00002,장바구니_담기,2026-06-29 20:29:24
SESS0001904,P00003,상품_상세조회,2026-06-29 20:30:51
SESS0001904,P00013,상품_상세조회,2026-06-29 20:31:29
SESS0001904,P00008,상품_상세조회,2026-06-29 20:32:57
SESS0001904,P00009,상품_상세조회,2026-06-29 20:35:26
SESS0001905,P00045,상품_상세조회,2026-06-07 17:39:18
SESS0001905,P00032,장바구니_담기,2026-06-07 17:41:38
SESS0001905,P00045,구매완료,2026-06-07 17:43:15
SESS0001907,P00054,상품_상세조회,2026-06-27 17:56:15
SESS0001908,P00041,상품_상세조회,2026-06-26 18:45:08
SESS0001908,P00032,찜하기,2026-06-26 18:47:19
SESS0001908,P00034,상품_상세조회,2026-06-26 18:50:05
SESS0001909,P00120,상품_상세조회,2026-06-09 23:47:32
SESS0001909,P00015,상품_상세조회,2026-06-09 23:50:52
SESS0001909,P00010,상품_상세조회,2026-06-09 23:53:46
SESS0001909,P00001,상품_상세조회,2026-06-09 23:56:01
SESS0001909,P00012,찜하기,2026-06-09 23:58:32
SESS0001910,P00057,상품_상세조회,2026-06-26 21:39:00
SESS0001910,P00048,상품_상세조회,2026-06-26 21:39:48
SESS0001910,P00047,상품_상세조회,2026-06-26 21:40:54
SESS0001910,P00054,장바구니_담기,2026-06-26 21:42:04
SESS0001910,P00047,구매완료,2026-06-26 21:44:47
SESS0001911,P00139,상품_상세조회,2026-07-03 17:07:53
SESS0001912,P00136,상품_상세조회,2026-06-27 23:14:03
SESS0001912,P00147,장바구니_담기,2026-06-27 23:15:46
SESS0001912,P00137,구매완료,2026-06-27 23:21:08
SESS0001913,P00074,상품_상세조회,2026-06-06 19:30:37
SESS0001913,P00063,장바구니_담기,2026-06-06 19:31:24
SESS0001913,P00062,구매완료,2026-06-06 19:36:33
SESS0001914,P00083,상품_상세조회,2026-06-07 11:29:26
SESS0001914,P00082,상품_상세조회,2026-06-07 11:30:15
SESS0001914,P00069,상품_상세조회,2026-06-07 11:38:34
SESS0001915,P00084,상품_상세조회,2026-06-26 12:23:25
SESS0001916,P00138,상품_상세조회,2026-06-10 16:31:32
SESS0001916,P00136,상품_상세조회,2026-06-10 16:32:19
SESS0001917,P00034,상품_상세조회,2026-06-18 15:34:03
SESS0001917,P00031,장바구니_담기,2026-06-18 15:35:09
SESS0001918,P00139,상품_상세조회,2026-06-16 19:53:59
SESS0001918,P00147,상품_상세조회,2026-06-16 19:55:07
SESS0001919,P00089,상품_상세조회,2026-06-30 23:50:56
SESS0001919,P00087,상품_상세조회,2026-06-30 23:51:48
SESS0001919,P00077,상품_상세조회,2026-06-30 23:54:38
SESS0001919,P00079,상품_상세조회,2026-06-30 23:57:03
SESS0001919,P00159,상품_상세조회,2026-07-01 00:00:28
SESS0001919,P00162,상품_상세조회,2026-07-01 00:02:56
SESS0001919,P00160,장바구니_담기,2026-07-01 00:05:26
SESS0001919,P00154,구매완료,2026-07-01 00:08:26
SESS0001920,P00149,상품_상세조회,2026-06-29 17:32:12
SESS0001921,P00086,상품_상세조회,2026-06-29 19:13:14
SESS0001922,P00078,상품_상세조회,2026-07-01 17:37:36
SESS0001922,P00085,상품_상세조회,2026-07-01 17:38:42
SESS0001922,P00080,찜하기,2026-07-01 17:41:11
SESS0001922,P00086,상품_상세조회,2026-07-01 17:42:37
SESS0001922,P00087,상품_상세조회,2026-07-01 17:43:24
SESS0001922,P00081,찜하기,2026-07-01 17:44:03
SESS0001923,P00125,상품_상세조회,2026-06-19 21:43:55
SESS0001924,P00010,상품_상세조회,2026-06-26 23:41:48
SESS0001924,P00002,상품_상세조회,2026-06-26 23:43:37
SESS0001924,P00012,찜하기,2026-06-26 23:45:35
SESS0001926,P00136,상품_상세조회,2026-06-13 16:47:38
SESS0001926,P00138,장바구니_담기,2026-06-13 16:49:38
SESS0001926,P00145,구매완료,2026-06-13 16:54:30
SESS0001927,P00025,상품_상세조회,2026-06-29 17:24:41
SESS0001927,P00018,상품_상세조회,2026-06-29 17:26:53
SESS0001928,P00158,상품_상세조회,2026-06-05 20:30:03
SESS0001928,P00153,장바구니_담기,2026-06-05 20:32:30
SESS0001928,P00153,구매완료,2026-06-05 20:34:40
SESS0001929,P00146,상품_상세조회,2026-06-21 13:45:27
SESS0001929,P00138,상품_상세조회,2026-06-21 13:46:56
SESS0001929,P00147,상품_상세조회,2026-06-21 13:47:58
SESS0001929,P00139,장바구니_담기,2026-06-21 13:50:40
SESS0001929,P00140,상품_상세조회,2026-06-21 13:52:43
SESS0001929,P00072,상품_상세조회,2026-06-21 13:59:49
SESS0001930,P00121,상품_상세조회,2026-06-24 14:50:05
SESS0001930,P00121,찜하기,2026-06-24 14:51:10
SESS0001931,P00167,상품_상세조회,2026-06-17 14:32:15
SESS0001931,P00174,찜하기,2026-06-17 14:32:58
SESS0001932,P00068,상품_상세조회,2026-06-15 18:34:14
SESS0001932,P00061,장바구니_담기,2026-06-15 18:35:12
SESS0001932,P00070,구매완료,2026-06-15 18:40:53
SESS0001934,P00049,상품_상세조회,2026-07-03 16:04:59
SESS0001935,P00052,상품_상세조회,2026-06-13 18:06:55
SESS0001936,P00124,상품_상세조회,2026-06-30 21:02:11
SESS0001936,P00125,장바구니_담기,2026-06-30 21:05:06
SESS0001936,P00127,구매완료,2026-06-30 21:09:19
SESS0001938,P00162,상품_상세조회,2026-06-13 19:08:24
SESS0001938,P00151,상품_상세조회,2026-06-13 19:10:13
SESS0001939,P00103,상품_상세조회,2026-06-24 15:17:28
SESS0001940,P00007,상품_상세조회,2026-07-02 17:12:46
SESS0001940,P00008,상품_상세조회,2026-07-02 17:13:46
SESS0001940,P00007,상품_상세조회,2026-07-02 17:16:27
SESS0001940,P00002,찜하기,2026-07-02 17:19:26
SESS0001941,P00129,상품_상세조회,2026-06-12 00:01:55
SESS0001941,P00129,상품_상세조회,2026-06-12 00:02:34
SESS0001942,P00075,상품_상세조회,2026-06-11 21:10:29
SESS0001942,P00068,장바구니_담기,2026-06-11 21:11:49
SESS0001943,P00132,상품_상세조회,2026-06-06 20:40:16
SESS0001943,P00123,상품_상세조회,2026-06-06 20:41:26
SESS0001943,P00121,찜하기,2026-06-06 20:42:29
SESS0001943,P00134,장바구니_담기,2026-06-06 20:44:19
SESS0001943,P00135,구매완료,2026-06-06 20:47:24
SESS0001944,P00071,상품_상세조회,2026-06-28 20:51:33
SESS0001945,P00180,상품_상세조회,2026-07-01 11:47:15
SESS0001945,P00170,장바구니_담기,2026-07-01 11:47:45
SESS0001946,P00156,상품_상세조회,2026-06-28 20:41:47
SESS0001946,P00163,상품_상세조회,2026-06-28 20:43:01
SESS0001946,P00155,상품_상세조회,2026-06-28 20:45:20
SESS0001946,P00155,상품_상세조회,2026-06-28 20:47:31
SESS0001946,P00155,장바구니_담기,2026-06-28 20:48:57
SESS0001947,P00139,상품_상세조회,2026-06-14 21:25:16
SESS0001947,P00148,상품_상세조회,2026-06-14 21:26:32
SESS0001948,P00162,상품_상세조회,2026-07-01 17:03:44
SESS0001949,P00144,상품_상세조회,2026-06-23 18:47:14
SESS0001949,P00148,장바구니_담기,2026-06-23 18:47:57
SESS0001949,P00137,구매완료,2026-06-23 18:50:35
SESS0001950,P00089,상품_상세조회,2026-06-27 20:52:05
SESS0001950,P00077,상품_상세조회,2026-06-27 20:53:23
SESS0001950,P00079,상품_상세조회,2026-06-27 20:55:08
SESS0001950,P00076,상품_상세조회,2026-06-27 20:57:21
SESS0001950,P00103,상품_상세조회,2026-06-27 20:58:31
SESS0001951,P00079,상품_상세조회,2026-07-02 23:57:19
SESS0001951,P00085,장바구니_담기,2026-07-02 23:58:08
SESS0001952,P00010,상품_상세조회,2026-06-15 16:01:25
SESS0001952,P00011,찜하기,2026-06-15 16:02:35
SESS0001954,P00122,상품_상세조회,2026-06-24 16:02:37
SESS0001954,P00133,상품_상세조회,2026-06-24 16:03:06
SESS0001955,P00095,상품_상세조회,2026-06-04 23:31:05
SESS0001955,P00101,찜하기,2026-06-04 23:32:24
SESS0001955,P00099,장바구니_담기,2026-06-04 23:33:55
SESS0001955,P00101,구매완료,2026-06-04 23:36:35
SESS0001956,P00148,상품_상세조회,2026-06-24 21:29:51
SESS0001956,P00137,상품_상세조회,2026-06-24 21:30:35
SESS0001956,P00148,상품_상세조회,2026-06-24 21:32:52
SESS0001956,P00147,장바구니_담기,2026-06-24 21:34:22
SESS0001956,P00141,구매완료,2026-06-24 21:35:39
SESS0001959,P00156,상품_상세조회,2026-06-09 16:38:33
SESS0001959,P00151,상품_상세조회,2026-06-09 16:38:58
SESS0001959,P00036,상품_상세조회,2026-06-09 16:41:26
SESS0001959,P00089,상품_상세조회,2026-06-09 16:44:11
SESS0001959,P00079,상품_상세조회,2026-06-09 16:46:30
SESS0001960,P00091,상품_상세조회,2026-06-06 21:33:47
SESS0001961,P00127,상품_상세조회,2026-06-23 19:26:21
SESS0001962,P00052,상품_상세조회,2026-06-14 21:53:57
SESS0001963,P00158,상품_상세조회,2026-06-10 17:47:49
SESS0001963,P00161,상품_상세조회,2026-06-10 17:50:12
SESS0001964,P00001,상품_상세조회,2026-06-09 15:04:28
SESS0001964,P00002,상품_상세조회,2026-06-09 15:06:48
SESS0001964,P00012,상품_상세조회,2026-06-09 15:08:19
SESS0001964,P00092,상품_상세조회,2026-06-09 15:11:33
SESS0001965,P00101,상품_상세조회,2026-06-23 20:22:48
SESS0001965,P00093,찜하기,2026-06-23 20:25:41
SESS0001965,P00096,장바구니_담기,2026-06-23 20:27:25
SESS0001965,P00091,상품_상세조회,2026-06-23 20:29:44
SESS0001965,P00104,상품_상세조회,2026-06-23 20:31:32
SESS0001966,P00125,상품_상세조회,2026-06-13 16:35:29
SESS0001966,P00006,상품_상세조회,2026-06-13 16:38:42
SESS0001967,P00140,상품_상세조회,2026-06-04 19:32:02
SESS0001967,P00148,찜하기,2026-06-04 19:34:45
SESS0001968,P00149,상품_상세조회,2026-06-29 19:39:49
SESS0001969,P00009,상품_상세조회,2026-06-23 20:08:47
SESS0001969,P00008,상품_상세조회,2026-06-23 20:10:26
SESS0001969,P00012,장바구니_담기,2026-06-23 20:11:41
SESS0001970,P00005,상품_상세조회,2026-06-29 22:06:35
SESS0001970,P00007,상품_상세조회,2026-06-29 22:08:31
SESS0001970,P00011,상품_상세조회,2026-06-29 22:10:24
SESS0001970,P00009,상품_상세조회,2026-06-29 22:12:38
SESS0001970,P00012,장바구니_담기,2026-06-29 22:14:58
SESS0001970,P00012,구매완료,2026-06-29 22:18:23
SESS0001971,P00159,상품_상세조회,2026-06-06 21:05:49
SESS0001971,P00153,상품_상세조회,2026-06-06 21:08:26
SESS0001971,P00164,장바구니_담기,2026-06-06 21:09:32
SESS0001971,P00153,상품_상세조회,2026-06-06 21:11:17
SESS0001971,P00157,상품_상세조회,2026-06-06 21:14:16
SESS0001971,P00163,찜하기,2026-06-06 21:17:10
SESS0001971,P00163,상품_상세조회,2026-06-06 21:18:07
SESS0001971,P00160,찜하기,2026-06-06 21:19:31
SESS0001972,P00094,상품_상세조회,2026-06-04 19:35:23
SESS0001972,P00105,찜하기,2026-06-04 19:35:44
SESS0001972,P00098,상품_상세조회,2026-06-04 19:36:08
SESS0001973,P00077,상품_상세조회,2026-06-24 20:27:08
SESS0001973,P00080,장바구니_담기,2026-06-24 20:28:31
SESS0001973,P00086,구매완료,2026-06-24 20:32:36
SESS0001974,P00164,상품_상세조회,2026-06-12 18:18:53
SESS0001974,P00159,장바구니_담기,2026-06-12 18:21:27
SESS0001974,P00165,구매완료,2026-06-12 18:27:04
SESS0001975,P00085,상품_상세조회,2026-06-15 21:49:15
SESS0001975,P00089,장바구니_담기,2026-06-15 21:50:54
SESS0001975,P00076,구매완료,2026-06-15 21:53:41
SESS0001976,P00088,상품_상세조회,2026-06-25 22:08:45
SESS0001978,P00033,상품_상세조회,2026-07-01 13:10:51
SESS0001980,P00036,상품_상세조회,2026-06-24 18:04:14
SESS0001980,P00039,상품_상세조회,2026-06-24 18:05:54
SESS0001980,P00037,상품_상세조회,2026-06-24 18:07:42
SESS0001980,P00074,상품_상세조회,2026-06-24 18:11:08
SESS0001980,P00079,상품_상세조회,2026-06-24 18:13:24
SESS0001981,P00150,상품_상세조회,2026-06-23 17:15:05
SESS0001981,P00147,상품_상세조회,2026-06-23 17:16:00
SESS0001981,P00145,장바구니_담기,2026-06-23 17:16:48
SESS0001981,P00149,구매완료,2026-06-23 17:19:51
SESS0001982,P00132,상품_상세조회,2026-06-30 14:25:53
SESS0001983,P00121,상품_상세조회,2026-06-25 19:02:27
SESS0001983,P00127,찜하기,2026-06-25 19:03:50
SESS0001983,P00122,상품_상세조회,2026-06-25 19:05:32
SESS0001984,P00006,상품_상세조회,2026-06-21 20:14:39
SESS0001984,P00014,찜하기,2026-06-21 20:16:17
SESS0001985,P00134,상품_상세조회,2026-06-04 16:09:42
SESS0001985,P00125,상품_상세조회,2026-06-04 16:10:49
SESS0001985,P00134,상품_상세조회,2026-06-04 16:11:23
SESS0001985,P00134,상품_상세조회,2026-06-04 16:12:42
SESS0001985,P00134,상품_상세조회,2026-06-04 16:13:46
SESS0001985,P00123,상품_상세조회,2026-06-04 16:16:06
SESS0001985,P00126,상품_상세조회,2026-06-04 16:17:24
SESS0001985,P00131,장바구니_담기,2026-06-04 16:19:13
SESS0001986,P00147,상품_상세조회,2026-06-24 18:08:43
SESS0001986,P00138,찜하기,2026-06-24 18:10:54
SESS0001987,P00109,상품_상세조회,2026-06-21 17:03:16
SESS0001987,P00107,상품_상세조회,2026-06-21 17:03:57
SESS0001987,P00118,상품_상세조회,2026-06-21 17:05:23
SESS0001987,P00106,상품_상세조회,2026-06-21 17:07:12
SESS0001988,P00043,상품_상세조회,2026-06-12 21:04:33
SESS0001989,P00106,상품_상세조회,2026-06-09 19:02:31
SESS0001989,P00120,장바구니_담기,2026-06-09 19:04:42
SESS0001989,P00119,구매완료,2026-06-09 19:07:09
SESS0001990,P00113,상품_상세조회,2026-06-17 22:48:21
SESS0001990,P00116,상품_상세조회,2026-06-17 22:49:55
SESS0001990,P00113,상품_상세조회,2026-06-17 22:51:25
SESS0001990,P00011,상품_상세조회,2026-06-17 22:55:47
SESS0001990,P00007,상품_상세조회,2026-06-17 22:56:50
SESS0001991,P00157,상품_상세조회,2026-06-08 19:45:23
SESS0001992,P00062,상품_상세조회,2026-06-07 23:35:54
SESS0001992,P00071,찜하기,2026-06-07 23:38:45
SESS0001992,P00064,상품_상세조회,2026-06-07 23:39:50
SESS0001992,P00064,상품_상세조회,2026-06-07 23:40:33
SESS0001994,P00003,상품_상세조회,2026-06-05 19:50:10
SESS0001994,P00048,상품_상세조회,2026-06-05 19:53:01
SESS0001994,P00050,찜하기,2026-06-05 19:53:59
SESS0001994,P00057,장바구니_담기,2026-06-05 19:54:46
SESS0001994,P00052,구매완료,2026-06-05 20:00:01
SESS0001996,P00057,상품_상세조회,2026-06-23 23:05:57
SESS0001996,P00060,찜하기,2026-06-23 23:06:23
SESS0001996,P00059,상품_상세조회,2026-06-23 23:09:04
SESS0001996,P00049,찜하기,2026-06-23 23:11:25
SESS0001996,P00060,상품_상세조회,2026-06-23 23:12:00
SESS0001996,P00058,장바구니_담기,2026-06-23 23:14:20
SESS0001997,P00130,상품_상세조회,2026-06-21 14:09:44
SESS0001997,P00121,상품_상세조회,2026-06-21 14:12:15
SESS0001997,P00121,상품_상세조회,2026-06-21 14:15:17
SESS0001997,P00133,상품_상세조회,2026-06-21 14:16:38
SESS0001997,P00121,상품_상세조회,2026-06-21 14:19:33
SESS0001997,P00126,상품_상세조회,2026-06-21 14:21:58
SESS0001998,P00088,상품_상세조회,2026-06-06 19:11:03
SESS0001998,P00081,상품_상세조회,2026-06-06 19:12:52
SESS0001998,P00090,상품_상세조회,2026-06-06 19:15:44
SESS0001999,P00162,상품_상세조회,2026-07-01 14:35:41
SESS0002000,P00068,상품_상세조회,2026-06-05 22:36:02
SESS0002001,P00004,상품_상세조회,2026-07-03 19:17:07
SESS0002001,P00010,찜하기,2026-07-03 19:18:52
SESS0002001,P00007,상품_상세조회,2026-07-03 19:19:12
SESS0002001,P00008,찜하기,2026-07-03 19:20:30
SESS0002001,P00004,상품_상세조회,2026-07-03 19:23:07
SESS0002001,P00006,장바구니_담기,2026-07-03 19:23:48
SESS0002001,P00013,구매완료,2026-07-03 19:26:43
SESS0002003,P00008,상품_상세조회,2026-06-10 20:41:18
SESS0002003,P00004,상품_상세조회,2026-06-10 20:42:03
SESS0002004,P00020,상품_상세조회,2026-06-06 20:57:24
SESS0002005,P00167,상품_상세조회,2026-06-07 19:33:55
SESS0002005,P00173,찜하기,2026-06-07 19:36:32
SESS0002005,P00176,상품_상세조회,2026-06-07 19:37:06
SESS0002007,P00030,상품_상세조회,2026-06-22 18:48:29
SESS0002007,P00018,상품_상세조회,2026-06-22 18:50:02
SESS0002007,P00024,찜하기,2026-06-22 18:51:34
SESS0002007,P00016,장바구니_담기,2026-06-22 18:52:42
SESS0002008,P00050,상품_상세조회,2026-06-12 18:47:36
SESS0002009,P00109,상품_상세조회,2026-06-24 18:19:11
SESS0002009,P00115,장바구니_담기,2026-06-24 18:21:26
SESS0002009,P00111,구매완료,2026-06-24 18:22:49
SESS0002010,P00131,상품_상세조회,2026-06-07 18:30:44
SESS0002010,P00073,상품_상세조회,2026-06-07 18:34:18
SESS0002011,P00011,상품_상세조회,2026-06-04 19:11:46
SESS0002012,P00106,상품_상세조회,2026-07-02 20:14:40
SESS0002012,P00112,상품_상세조회,2026-07-02 20:16:02
SESS0002013,P00130,상품_상세조회,2026-06-30 20:31:05
SESS0002014,P00118,상품_상세조회,2026-06-10 17:57:12
SESS0002014,P00109,상품_상세조회,2026-06-10 18:00:09
SESS0002014,P00041,상품_상세조회,2026-06-10 18:04:19
SESS0002016,P00013,상품_상세조회,2026-06-26 14:54:49
SESS0002016,P00012,장바구니_담기,2026-06-26 14:55:26
SESS0002016,P00008,구매완료,2026-06-26 14:59:56
SESS0002017,P00030,상품_상세조회,2026-06-25 16:14:04
SESS0002017,P00016,상품_상세조회,2026-06-25 16:17:02
SESS0002018,P00117,상품_상세조회,2026-07-02 15:02:51
SESS0002020,P00066,상품_상세조회,2026-06-21 19:23:31
SESS0002021,P00148,상품_상세조회,2026-06-22 16:47:10
SESS0002024,P00065,상품_상세조회,2026-06-07 18:03:58
SESS0002024,P00067,상품_상세조회,2026-06-07 18:05:47
SESS0002024,P00132,상품_상세조회,2026-06-07 18:16:30
SESS0002024,P00123,장바구니_담기,2026-06-07 18:18:35
SESS0002025,P00093,상품_상세조회,2026-06-22 17:27:56
SESS0002026,P00062,상품_상세조회,2026-06-22 10:49:40
SESS0002026,P00061,찜하기,2026-06-22 10:51:25
SESS0002026,P00066,상품_상세조회,2026-06-22 10:53:09
SESS0002027,P00108,상품_상세조회,2026-06-11 19:58:56
SESS0002027,P00107,찜하기,2026-06-11 20:01:45
SESS0002028,P00116,상품_상세조회,2026-06-04 19:11:39
SESS0002028,P00106,상품_상세조회,2026-06-04 19:14:31
SESS0002029,P00148,상품_상세조회,2026-06-26 20:37:44
SESS0002030,P00015,상품_상세조회,2026-06-21 12:06:59
SESS0002030,P00006,상품_상세조회,2026-06-21 12:09:15
SESS0002030,P00004,상품_상세조회,2026-06-21 12:11:04
SESS0002030,P00006,장바구니_담기,2026-06-21 12:11:39
SESS0002031,P00035,상품_상세조회,2026-06-29 13:40:54
SESS0002031,P00032,상품_상세조회,2026-06-29 13:43:46
SESS0002031,P00073,상품_상세조회,2026-06-29 13:47:38
SESS0002031,P00061,찜하기,2026-06-29 13:50:37
SESS0002031,P00070,장바구니_담기,2026-06-29 13:53:18
SESS0002031,P00071,구매완료,2026-06-29 13:56:36
SESS0002032,P00075,상품_상세조회,2026-06-29 12:57:48
SESS0002032,P00091,상품_상세조회,2026-06-29 12:59:36
SESS0002033,P00114,상품_상세조회,2026-06-04 22:09:57
SESS0002034,P00120,상품_상세조회,2026-06-18 15:26:54
SESS0002034,P00116,장바구니_담기,2026-06-18 15:28:14
SESS0002034,P00108,구매완료,2026-06-18 15:30:47
SESS0002035,P00062,상품_상세조회,2026-06-06 19:02:55
SESS0002035,P00084,상품_상세조회,2026-06-06 19:05:56
SESS0002035,P00083,상품_상세조회,2026-06-06 19:07:14
SESS0002035,P00080,장바구니_담기,2026-06-06 19:09:29
SESS0002036,P00061,상품_상세조회,2026-06-13 19:04:13
SESS0002036,P00061,찜하기,2026-06-13 19:06:25
SESS0002036,P00061,장바구니_담기,2026-06-13 19:06:54
SESS0002036,P00062,구매완료,2026-06-13 19:08:00
SESS0002037,P00036,상품_상세조회,2026-06-12 16:44:53
SESS0002037,P00045,장바구니_담기,2026-06-12 16:47:37
SESS0002038,P00056,상품_상세조회,2026-06-20 20:00:57
SESS0002038,P00046,찜하기,2026-06-20 20:01:46
SESS0002038,P00055,상품_상세조회,2026-06-20 20:02:27
SESS0002038,P00051,상품_상세조회,2026-06-20 20:03:04
SESS0002038,P00054,상품_상세조회,2026-06-20 20:03:33
SESS0002038,P00047,장바구니_담기,2026-06-20 20:06:23
SESS0002039,P00160,상품_상세조회,2026-06-16 21:27:30
SESS0002039,P00158,장바구니_담기,2026-06-16 21:28:06
SESS0002039,P00151,구매완료,2026-06-16 21:32:28
SESS0002040,P00013,상품_상세조회,2026-06-06 18:16:24
SESS0002040,P00009,찜하기,2026-06-06 18:16:47
SESS0002040,P00010,상품_상세조회,2026-06-06 18:19:11
SESS0002040,P00008,찜하기,2026-06-06 18:20:31
SESS0002040,P00011,상품_상세조회,2026-06-06 18:23:00
SESS0002040,P00001,상품_상세조회,2026-06-06 18:25:48
SESS0002040,P00015,장바구니_담기,2026-06-06 18:26:59
SESS0002040,P00012,구매완료,2026-06-06 18:30:00
SESS0002041,P00047,상품_상세조회,2026-06-07 17:49:49
SESS0002041,P00053,상품_상세조회,2026-06-07 17:50:30
SESS0002041,P00050,상품_상세조회,2026-06-07 17:52:45
SESS0002041,P00046,상품_상세조회,2026-06-07 17:55:26
SESS0002041,P00007,상품_상세조회,2026-06-07 18:00:39
SESS0002041,P00012,찜하기,2026-06-07 18:01:10
SESS0002043,P00021,상품_상세조회,2026-06-04 20:11:48
SESS0002043,P00018,장바구니_담기,2026-06-04 20:14:26
SESS0002043,P00030,구매완료,2026-06-04 20:18:06
SESS0002044,P00094,상품_상세조회,2026-06-27 19:11:01
SESS0002045,P00065,상품_상세조회,2026-06-22 16:32:56
SESS0002045,P00069,찜하기,2026-06-22 16:33:59
SESS0002045,P00070,장바구니_담기,2026-06-22 16:36:49
SESS0002045,P00069,구매완료,2026-06-22 16:41:12
SESS0002046,P00024,상품_상세조회,2026-06-26 19:28:25
SESS0002046,P00021,장바구니_담기,2026-06-26 19:31:22
SESS0002046,P00028,상품_상세조회,2026-06-26 19:32:02
SESS0002046,P00024,찜하기,2026-06-26 19:33:31
SESS0002047,P00080,상품_상세조회,2026-06-26 16:47:13
SESS0002047,P00079,상품_상세조회,2026-06-26 16:49:21
SESS0002048,P00080,상품_상세조회,2026-06-10 22:58:09
SESS0002048,P00086,찜하기,2026-06-10 23:00:56
SESS0002048,P00079,상품_상세조회,2026-06-10 23:01:23
SESS0002048,P00089,찜하기,2026-06-10 23:01:51
SESS0002048,P00085,상품_상세조회,2026-06-10 23:04:07
SESS0002048,P00090,장바구니_담기,2026-06-10 23:05:57
SESS0002048,P00086,상품_상세조회,2026-06-10 23:08:38
SESS0002049,P00038,상품_상세조회,2026-06-20 21:01:56
SESS0002049,P00037,장바구니_담기,2026-06-20 21:04:10
SESS0002049,P00045,구매완료,2026-06-20 21:06:12
SESS0002050,P00145,상품_상세조회,2026-06-13 21:01:50
SESS0002050,P00149,찜하기,2026-06-13 21:03:01
SESS0002050,P00144,상품_상세조회,2026-06-13 21:03:29
SESS0002050,P00141,상품_상세조회,2026-06-13 21:04:33
SESS0002050,P00149,상품_상세조회,2026-06-13 21:06:45
SESS0002050,P00143,상품_상세조회,2026-06-13 21:08:02
SESS0002051,P00054,상품_상세조회,2026-06-21 17:40:32
SESS0002051,P00052,찜하기,2026-06-21 17:41:31
SESS0002051,P00050,장바구니_담기,2026-06-21 17:42:22
SESS0002051,P00055,구매완료,2026-06-21 17:47:02
SESS0002053,P00065,상품_상세조회,2026-07-01 18:03:39
SESS0002053,P00073,찜하기,2026-07-01 18:05:47
SESS0002054,P00135,상품_상세조회,2026-06-30 23:59:15
SESS0002054,P00125,상품_상세조회,2026-06-30 23:59:49
SESS0002054,P00134,장바구니_담기,2026-07-01 00:00:34
SESS0002054,P00130,구매완료,2026-07-01 00:02:51
SESS0002055,P00041,상품_상세조회,2026-06-19 19:24:42
SESS0002055,P00035,상품_상세조회,2026-06-19 19:27:09
SESS0002055,P00044,장바구니_담기,2026-06-19 19:28:34
SESS0002055,P00041,구매완료,2026-06-19 19:32:53
SESS0002057,P00032,상품_상세조회,2026-06-16 22:35:55
SESS0002057,P00037,찜하기,2026-06-16 22:38:03
SESS0002057,P00044,장바구니_담기,2026-06-16 22:38:26
SESS0002057,P00044,구매완료,2026-06-16 22:43:26
SESS0002058,P00164,상품_상세조회,2026-06-17 21:41:55
SESS0002059,P00071,상품_상세조회,2026-06-27 20:36:54
SESS0002059,P00069,상품_상세조회,2026-06-27 20:38:44
SESS0002059,P00069,상품_상세조회,2026-06-27 20:40:22
SESS0002060,P00070,상품_상세조회,2026-06-13 18:47:20
SESS0002061,P00126,상품_상세조회,2026-06-28 18:27:20
SESS0002062,P00068,상품_상세조회,2026-07-03 20:42:23
SESS0002062,P00083,상품_상세조회,2026-07-03 20:45:55
SESS0002062,P00082,장바구니_담기,2026-07-03 20:46:56
SESS0002062,P00076,구매완료,2026-07-03 20:48:34
SESS0002064,P00149,상품_상세조회,2026-06-26 12:09:13
SESS0002064,P00149,상품_상세조회,2026-06-26 12:11:43
SESS0002065,P00113,상품_상세조회,2026-06-16 21:22:26
SESS0002065,P00117,장바구니_담기,2026-06-16 21:24:41
SESS0002065,P00118,상품_상세조회,2026-06-16 21:26:51
SESS0002065,P00113,상품_상세조회,2026-06-16 21:28:49
SESS0002065,P00106,장바구니_담기,2026-06-16 21:30:37
SESS0002065,P00117,구매완료,2026-06-16 21:34:34
SESS0002066,P00076,상품_상세조회,2026-06-18 18:34:39
SESS0002066,P00077,상품_상세조회,2026-06-18 18:37:20
SESS0002067,P00179,상품_상세조회,2026-06-12 20:59:26
SESS0002067,P00174,상품_상세조회,2026-06-12 21:01:23
SESS0002068,P00133,상품_상세조회,2026-06-05 23:32:41
SESS0002068,P00133,찜하기,2026-06-05 23:33:40
SESS0002070,P00005,상품_상세조회,2026-06-12 15:22:15
SESS0002070,P00013,장바구니_담기,2026-06-12 15:22:50
SESS0002070,P00008,상품_상세조회,2026-06-12 15:24:49
SESS0002070,P00013,상품_상세조회,2026-06-12 15:25:20
SESS0002070,P00098,상품_상세조회,2026-06-12 15:30:36
SESS0002070,P00102,장바구니_담기,2026-06-12 15:32:27
SESS0002070,P00099,상품_상세조회,2026-06-12 15:33:40
SESS0002070,P00092,상품_상세조회,2026-06-12 15:36:32
SESS0002073,P00040,상품_상세조회,2026-06-21 23:20:35
SESS0002073,P00042,장바구니_담기,2026-06-21 23:22:16
SESS0002073,P00044,상품_상세조회,2026-06-21 23:22:43
SESS0002073,P00065,상품_상세조회,2026-06-21 23:26:27
SESS0002073,P00070,상품_상세조회,2026-06-21 23:27:19
SESS0002073,P00063,상품_상세조회,2026-06-21 23:28:45
SESS0002073,P00072,상품_상세조회,2026-06-21 23:30:06
SESS0002073,P00066,찜하기,2026-06-21 23:32:03
SESS0002073,P00075,상품_상세조회,2026-06-21 23:33:24
SESS0002073,P00067,장바구니_담기,2026-06-21 23:35:49
SESS0002074,P00121,상품_상세조회,2026-06-11 17:40:46
SESS0002074,P00135,장바구니_담기,2026-06-11 17:43:28
SESS0002074,P00124,상품_상세조회,2026-06-11 17:45:19
SESS0002074,P00133,장바구니_담기,2026-06-11 17:47:15
SESS0002074,P00132,구매완료,2026-06-11 17:50:44
SESS0002075,P00162,상품_상세조회,2026-06-05 16:48:31
SESS0002077,P00088,상품_상세조회,2026-06-29 18:46:01
SESS0002077,P00087,장바구니_담기,2026-06-29 18:49:00
SESS0002077,P00090,구매완료,2026-06-29 18:51:22
SESS0002078,P00062,상품_상세조회,2026-06-08 21:36:01
SESS0002079,P00082,상품_상세조회,2026-06-09 17:38:37
SESS0002079,P00087,장바구니_담기,2026-06-09 17:38:52
SESS0002080,P00163,상품_상세조회,2026-06-26 12:23:20
SESS0002081,P00081,상품_상세조회,2026-06-08 20:08:33
SESS0002081,P00086,찜하기,2026-06-08 20:11:18
SESS0002082,P00012,상품_상세조회,2026-07-01 20:36:19
SESS0002083,P00009,상품_상세조회,2026-06-29 18:20:10
SESS0002084,P00074,상품_상세조회,2026-06-17 17:21:46
SESS0002084,P00058,상품_상세조회,2026-06-17 17:24:38
SESS0002084,P00046,찜하기,2026-06-17 17:27:28
SESS0002084,P00047,상품_상세조회,2026-06-17 17:27:43
SESS0002084,P00011,상품_상세조회,2026-06-17 17:29:59
SESS0002084,P00010,상품_상세조회,2026-06-17 17:32:43
SESS0002085,P00121,상품_상세조회,2026-06-12 21:09:29
SESS0002085,P00125,찜하기,2026-06-12 21:12:17
SESS0002085,P00130,상품_상세조회,2026-06-12 21:14:01
SESS0002085,P00127,찜하기,2026-06-12 21:15:41
SESS0002086,P00129,상품_상세조회,2026-06-09 16:08:22
SESS0002086,P00122,상품_상세조회,2026-06-09 16:10:35
SESS0002086,P00134,상품_상세조회,2026-06-09 16:12:58
SESS0002086,P00123,장바구니_담기,2026-06-09 16:15:07
SESS0002087,P00135,상품_상세조회,2026-06-06 09:34:54
SESS0002087,P00075,상품_상세조회,2026-06-06 09:37:56
SESS0002087,P00145,상품_상세조회,2026-06-06 09:42:01
SESS0002087,P00148,상품_상세조회,2026-06-06 09:44:30
SESS0002087,P00092,상품_상세조회,2026-06-06 09:47:08
SESS0002088,P00022,상품_상세조회,2026-06-04 19:39:48
SESS0002089,P00073,상품_상세조회,2026-06-19 17:37:29
SESS0002090,P00088,상품_상세조회,2026-06-15 11:06:03
SESS0002090,P00103,상품_상세조회,2026-06-15 11:09:27
SESS0002090,P00100,찜하기,2026-06-15 11:12:17
SESS0002090,P00093,상품_상세조회,2026-06-15 11:13:51
SESS0002091,P00159,상품_상세조회,2026-06-30 17:27:54
SESS0002091,P00160,장바구니_담기,2026-06-30 17:30:19
SESS0002091,P00155,구매완료,2026-06-30 17:32:14
SESS0002092,P00120,상품_상세조회,2026-06-11 16:20:23
SESS0002092,P00117,장바구니_담기,2026-06-11 16:23:16
SESS0002092,P00113,구매완료,2026-06-11 16:24:35
SESS0002093,P00140,상품_상세조회,2026-06-19 17:04:35
SESS0002093,P00142,상품_상세조회,2026-06-19 17:05:02
SESS0002093,P00139,장바구니_담기,2026-06-19 17:06:04
SESS0002093,P00140,상품_상세조회,2026-06-19 17:07:52
SESS0002094,P00156,상품_상세조회,2026-07-03 20:31:27
SESS0002096,P00112,상품_상세조회,2026-06-27 10:52:35
SESS0002096,P00106,장바구니_담기,2026-06-27 10:53:02
SESS0002096,P00111,상품_상세조회,2026-06-27 10:55:02
SESS0002096,P00117,상품_상세조회,2026-06-27 10:56:03
SESS0002096,P00108,상품_상세조회,2026-06-27 10:57:05
SESS0002096,P00118,찜하기,2026-06-27 10:59:55
SESS0002098,P00014,상품_상세조회,2026-06-29 22:15:59
SESS0002098,P00002,찜하기,2026-06-29 22:16:59
SESS0002098,P00007,상품_상세조회,2026-06-29 22:18:07
SESS0002098,P00013,상품_상세조회,2026-06-29 22:20:06
SESS0002098,P00002,찜하기,2026-06-29 22:22:07
SESS0002099,P00070,상품_상세조회,2026-06-18 23:30:19
SESS0002099,P00062,상품_상세조회,2026-06-18 23:31:32
SESS0002099,P00074,장바구니_담기,2026-06-18 23:33:05
SESS0002099,P00073,구매완료,2026-06-18 23:38:00
SESS0002100,P00175,상품_상세조회,2026-07-02 16:27:22
SESS0002100,P00177,찜하기,2026-07-02 16:27:57
SESS0002103,P00016,상품_상세조회,2026-06-09 14:23:29
SESS0002103,P00019,찜하기,2026-06-09 14:24:20
SESS0002103,P00026,상품_상세조회,2026-06-09 14:26:44
SESS0002103,P00023,상품_상세조회,2026-06-09 14:28:19
SESS0002104,P00091,상품_상세조회,2026-06-25 18:52:41
SESS0002104,P00095,상품_상세조회,2026-06-25 18:53:01
SESS0002104,P00100,장바구니_담기,2026-06-25 18:55:09
SESS0002104,P00093,상품_상세조회,2026-06-25 18:56:28
SESS0002104,P00094,찜하기,2026-06-25 18:57:35
SESS0002105,P00002,상품_상세조회,2026-06-30 17:09:00
SESS0002105,P00011,장바구니_담기,2026-06-30 17:09:50
SESS0002106,P00138,상품_상세조회,2026-06-26 21:23:18
SESS0002106,P00140,상품_상세조회,2026-06-26 21:24:29
SESS0002106,P00150,장바구니_담기,2026-06-26 21:24:54
SESS0002106,P00139,구매완료,2026-06-26 21:27:22
SESS0002107,P00134,상품_상세조회,2026-07-02 16:47:49
SESS0002107,P00128,상품_상세조회,2026-07-02 16:48:41
SESS0002107,P00126,찜하기,2026-07-02 16:50:58
SESS0002107,P00130,상품_상세조회,2026-07-02 16:52:26
SESS0002107,P00124,상품_상세조회,2026-07-02 16:53:05
SESS0002108,P00149,상품_상세조회,2026-06-17 17:29:43
SESS0002108,P00138,장바구니_담기,2026-06-17 17:30:46
SESS0002108,P00139,구매완료,2026-06-17 17:34:50
SESS0002109,P00007,상품_상세조회,2026-06-30 13:09:35
SESS0002109,P00001,장바구니_담기,2026-06-30 13:11:11
SESS0002109,P00012,상품_상세조회,2026-06-30 13:11:35
SESS0002109,P00012,상품_상세조회,2026-06-30 13:13:43
SESS0002110,P00114,상품_상세조회,2026-06-13 23:34:05
SESS0002110,P00106,찜하기,2026-06-13 23:36:33
SESS0002110,P00106,상품_상세조회,2026-06-13 23:39:18
SESS0002111,P00114,상품_상세조회,2026-06-14 18:54:50
SESS0002112,P00139,상품_상세조회,2026-06-24 19:05:30
SESS0002112,P00140,장바구니_담기,2026-06-24 19:06:38
SESS0002112,P00142,구매완료,2026-06-24 19:09:54
SESS0002113,P00134,상품_상세조회,2026-06-10 22:27:18
SESS0002113,P00128,상품_상세조회,2026-06-10 22:27:38
SESS0002113,P00129,찜하기,2026-06-10 22:30:36
SESS0002114,P00044,상품_상세조회,2026-06-17 19:38:49
SESS0002114,P00045,상품_상세조회,2026-06-17 19:39:48
SESS0002115,P00054,상품_상세조회,2026-06-13 23:10:28
SESS0002115,P00058,상품_상세조회,2026-06-13 23:11:50
SESS0002115,P00056,상품_상세조회,2026-06-13 23:12:45
SESS0002116,P00038,상품_상세조회,2026-06-14 21:19:47
SESS0002116,P00068,상품_상세조회,2026-06-14 21:22:41
SESS0002116,P00063,장바구니_담기,2026-06-14 21:23:40
SESS0002116,P00063,구매완료,2026-06-14 21:25:32
SESS0002117,P00106,상품_상세조회,2026-07-02 18:58:18
SESS0002118,P00108,상품_상세조회,2026-06-06 16:26:31
SESS0002118,P00120,장바구니_담기,2026-06-06 16:28:34
SESS0002118,P00107,구매완료,2026-06-06 16:31:58
SESS0002119,P00060,상품_상세조회,2026-06-19 18:19:37
SESS0002119,P00057,장바구니_담기,2026-06-19 18:20:29
SESS0002119,P00054,구매완료,2026-06-19 18:23:56
SESS0002120,P00082,상품_상세조회,2026-06-11 21:53:45
SESS0002121,P00104,상품_상세조회,2026-06-27 14:54:50
SESS0002121,P00104,상품_상세조회,2026-06-27 14:58:44
SESS0002122,P00118,상품_상세조회,2026-06-24 16:01:57
SESS0002122,P00113,장바구니_담기,2026-06-24 16:04:31
SESS0002122,P00116,구매완료,2026-06-24 16:09:13
SESS0002124,P00105,상품_상세조회,2026-06-19 15:55:18
SESS0002124,P00103,상품_상세조회,2026-06-19 15:56:19
SESS0002125,P00102,상품_상세조회,2026-06-17 18:35:19
SESS0002125,P00091,장바구니_담기,2026-06-17 18:36:29
SESS0002125,P00101,상품_상세조회,2026-06-17 18:39:05
SESS0002126,P00106,상품_상세조회,2026-06-29 18:38:33
SESS0002126,P00120,장바구니_담기,2026-06-29 18:39:11
SESS0002126,P00107,상품_상세조회,2026-06-29 18:41:44
SESS0002127,P00138,상품_상세조회,2026-06-06 22:41:10
SESS0002127,P00139,장바구니_담기,2026-06-06 22:44:08
SESS0002128,P00028,상품_상세조회,2026-06-08 14:35:31
SESS0002128,P00023,찜하기,2026-06-08 14:35:54
SESS0002128,P00020,장바구니_담기,2026-06-08 14:38:10
SESS0002128,P00025,상품_상세조회,2026-06-08 14:40:53
SESS0002128,P00028,상품_상세조회,2026-06-08 14:43:20
SESS0002129,P00010,상품_상세조회,2026-06-15 19:28:11
SESS0002129,P00011,상품_상세조회,2026-06-15 19:30:50
SESS0002129,P00010,장바구니_담기,2026-06-15 19:31:24
SESS0002129,P00015,구매완료,2026-06-15 19:34:11
SESS0002130,P00173,상품_상세조회,2026-06-11 19:26:44
SESS0002131,P00090,상품_상세조회,2026-06-04 23:54:06
SESS0002131,P00085,찜하기,2026-06-04 23:56:27
SESS0002131,P00085,상품_상세조회,2026-06-04 23:58:31
SESS0002132,P00084,상품_상세조회,2026-06-28 23:00:53
SESS0002133,P00149,상품_상세조회,2026-07-01 20:40:03
SESS0002133,P00147,찜하기,2026-07-01 20:40:50
SESS0002133,P00146,상품_상세조회,2026-07-01 20:43:45
SESS0002133,P00136,장바구니_담기,2026-07-01 20:46:42
SESS0002133,P00139,구매완료,2026-07-01 20:49:19
SESS0002134,P00069,상품_상세조회,2026-06-17 22:38:12
SESS0002134,P00074,찜하기,2026-06-17 22:40:42
SESS0002134,P00063,상품_상세조회,2026-06-17 22:43:28
SESS0002136,P00162,상품_상세조회,2026-06-14 15:27:24
SESS0002136,P00159,상품_상세조회,2026-06-14 15:30:11
SESS0002136,P00154,상품_상세조회,2026-06-14 15:32:05
SESS0002136,P00152,상품_상세조회,2026-06-14 15:34:00
SESS0002137,P00004,상품_상세조회,2026-06-19 23:36:43
SESS0002138,P00091,상품_상세조회,2026-06-30 16:12:44
SESS0002139,P00089,상품_상세조회,2026-06-25 20:06:10
SESS0002140,P00025,상품_상세조회,2026-06-10 15:06:30
SESS0002140,P00113,상품_상세조회,2026-06-10 15:07:29
SESS0002141,P00109,상품_상세조회,2026-06-21 19:21:38
SESS0002141,P00113,찜하기,2026-06-21 19:23:19
SESS0002142,P00112,상품_상세조회,2026-06-28 16:18:26
SESS0002142,P00113,장바구니_담기,2026-06-28 16:20:04
SESS0002142,P00106,상품_상세조회,2026-06-28 16:20:33
SESS0002142,P00111,찜하기,2026-06-28 16:22:37
SESS0002142,P00109,상품_상세조회,2026-06-28 16:23:39
SESS0002142,P00115,상품_상세조회,2026-06-28 16:31:17
SESS0002142,P00116,상품_상세조회,2026-06-28 16:33:36
SESS0002143,P00009,상품_상세조회,2026-06-24 17:08:21
SESS0002144,P00030,상품_상세조회,2026-06-16 18:46:51
SESS0002144,P00017,장바구니_담기,2026-06-16 18:48:07
SESS0002145,P00079,상품_상세조회,2026-06-25 13:38:16
SESS0002145,P00080,장바구니_담기,2026-06-25 13:38:58
SESS0002145,P00081,상품_상세조회,2026-06-25 13:40:07
SESS0002145,P00086,상품_상세조회,2026-06-25 13:42:11
SESS0002146,P00056,상품_상세조회,2026-06-23 23:49:39
SESS0002146,P00048,찜하기,2026-06-23 23:50:17
SESS0002146,P00048,상품_상세조회,2026-06-23 23:53:16
SESS0002146,P00096,상품_상세조회,2026-06-23 23:55:56
SESS0002147,P00003,상품_상세조회,2026-07-02 21:49:02
SESS0002148,P00154,상품_상세조회,2026-06-06 16:01:32
SESS0002148,P00165,상품_상세조회,2026-06-06 16:03:29
SESS0002148,P00156,찜하기,2026-06-06 16:05:50
SESS0002148,P00163,상품_상세조회,2026-06-06 16:07:01
SESS0002148,P00161,찜하기,2026-06-06 16:08:23
SESS0002149,P00113,상품_상세조회,2026-06-24 12:46:26
SESS0002150,P00109,상품_상세조회,2026-06-09 14:39:58
SESS0002151,P00142,상품_상세조회,2026-06-09 15:21:42
SESS0002151,P00138,상품_상세조회,2026-06-09 15:24:09
SESS0002151,P00146,장바구니_담기,2026-06-09 15:24:26
SESS0002153,P00137,상품_상세조회,2026-06-16 20:54:47
SESS0002153,P00069,상품_상세조회,2026-06-16 20:57:14
SESS0002153,P00070,찜하기,2026-06-16 20:58:38
SESS0002154,P00066,상품_상세조회,2026-06-16 16:57:10
SESS0002154,P00072,찜하기,2026-06-16 16:59:29
SESS0002155,P00076,상품_상세조회,2026-06-13 17:05:14
SESS0002155,P00082,상품_상세조회,2026-06-13 17:07:19
SESS0002157,P00104,상품_상세조회,2026-06-14 23:23:32
SESS0002157,P00100,상품_상세조회,2026-06-14 23:25:46
SESS0002158,P00076,상품_상세조회,2026-06-09 18:56:20
SESS0002159,P00136,상품_상세조회,2026-06-29 22:23:08
SESS0002159,P00150,상품_상세조회,2026-06-29 22:25:41
SESS0002159,P00068,상품_상세조회,2026-06-29 22:31:04
SESS0002159,P00067,장바구니_담기,2026-06-29 22:31:58
SESS0002159,P00062,구매완료,2026-06-29 22:34:18
SESS0002160,P00074,상품_상세조회,2026-06-07 18:57:20
SESS0002161,P00086,상품_상세조회,2026-06-10 19:38:51
SESS0002161,P00089,상품_상세조회,2026-06-10 19:41:22
SESS0002161,P00065,상품_상세조회,2026-06-10 19:45:35
SESS0002162,P00005,상품_상세조회,2026-06-04 23:46:37
SESS0002163,P00022,상품_상세조회,2026-06-11 18:54:22
SESS0002164,P00015,상품_상세조회,2026-06-20 18:31:58
SESS0002164,P00010,상품_상세조회,2026-06-20 18:32:41
SESS0002164,P00004,상품_상세조회,2026-06-20 18:33:05
SESS0002164,P00002,상품_상세조회,2026-06-20 18:34:03
SESS0002164,P00002,찜하기,2026-06-20 18:36:08
SESS0002164,P00003,상품_상세조회,2026-06-20 18:38:17
SESS0002165,P00115,상품_상세조회,2026-06-16 17:50:18
SESS0002165,P00109,찜하기,2026-06-16 17:51:31
SESS0002165,P00120,상품_상세조회,2026-06-16 17:53:53
SESS0002165,P00002,상품_상세조회,2026-06-16 17:59:59
SESS0002165,P00047,상품_상세조회,2026-06-16 18:01:07
SESS0002165,P00050,상품_상세조회,2026-06-16 18:03:38
SESS0002165,P00046,장바구니_담기,2026-06-16 18:05:53
SESS0002166,P00015,상품_상세조회,2026-06-18 17:45:38
SESS0002166,P00009,상품_상세조회,2026-06-18 17:48:16
SESS0002166,P00010,상품_상세조회,2026-06-18 17:48:47
SESS0002166,P00010,상품_상세조회,2026-06-18 17:51:03
SESS0002166,P00009,찜하기,2026-06-18 17:53:29
SESS0002166,P00005,상품_상세조회,2026-06-18 17:54:11
SESS0002166,P00003,상품_상세조회,2026-06-18 17:54:44
SESS0002166,P00004,찜하기,2026-06-18 17:57:20
SESS0002167,P00038,상품_상세조회,2026-07-03 23:23:04
SESS0002167,P00038,찜하기,2026-07-03 23:23:35
SESS0002170,P00068,상품_상세조회,2026-06-30 20:36:16
SESS0002170,P00067,찜하기,2026-06-30 20:37:10
SESS0002171,P00098,상품_상세조회,2026-06-20 18:27:21
SESS0002172,P00148,상품_상세조회,2026-06-16 16:11:45
SESS0002172,P00150,상품_상세조회,2026-06-16 16:12:48
SESS0002172,P00144,찜하기,2026-06-16 16:15:39
SESS0002172,P00137,장바구니_담기,2026-06-16 16:17:08
SESS0002172,P00145,구매완료,2026-06-16 16:19:24
SESS0002173,P00139,상품_상세조회,2026-06-22 17:48:20
SESS0002173,P00144,상품_상세조회,2026-06-22 17:49:07
SESS0002173,P00139,상품_상세조회,2026-06-22 17:50:50
SESS0002173,P00141,장바구니_담기,2026-06-22 17:52:05
SESS0002173,P00148,상품_상세조회,2026-06-22 17:52:40
SESS0002173,P00150,상품_상세조회,2026-06-22 17:53:38
SESS0002173,P00149,장바구니_담기,2026-06-22 17:54:50
SESS0002174,P00108,상품_상세조회,2026-07-01 20:59:11
SESS0002174,P00106,상품_상세조회,2026-07-01 21:01:17
SESS0002174,P00108,장바구니_담기,2026-07-01 21:02:43
SESS0002174,P00106,구매완료,2026-07-01 21:04:46
SESS0002175,P00059,상품_상세조회,2026-06-05 20:56:14
SESS0002175,P00054,장바구니_담기,2026-06-05 20:59:13
SESS0002176,P00064,상품_상세조회,2026-06-30 18:35:50
SESS0002176,P00067,찜하기,2026-06-30 18:36:31
SESS0002176,P00066,상품_상세조회,2026-06-30 18:37:42
SESS0002176,P00144,상품_상세조회,2026-06-30 18:40:30
SESS0002176,P00143,장바구니_담기,2026-06-30 18:43:05
SESS0002176,P00142,상품_상세조회,2026-06-30 18:45:15
SESS0002177,P00135,상품_상세조회,2026-06-18 22:42:58
SESS0002178,P00033,상품_상세조회,2026-06-11 21:34:26
SESS0002179,P00001,상품_상세조회,2026-06-16 15:54:48
SESS0002179,P00006,찜하기,2026-06-16 15:55:44
SESS0002179,P00015,상품_상세조회,2026-06-16 15:56:52
SESS0002179,P00009,장바구니_담기,2026-06-16 15:59:34
SESS0002179,P00005,구매완료,2026-06-16 16:00:56
SESS0002180,P00164,상품_상세조회,2026-06-08 21:52:47
SESS0002180,P00157,상품_상세조회,2026-06-08 21:53:53
SESS0002180,P00151,상품_상세조회,2026-06-08 21:55:11
SESS0002180,P00152,찜하기,2026-06-08 21:56:04
SESS0002180,P00154,상품_상세조회,2026-06-08 21:57:33
SESS0002180,P00157,상품_상세조회,2026-06-08 21:58:46
SESS0002180,P00151,상품_상세조회,2026-06-08 22:00:01
SESS0002180,P00159,장바구니_담기,2026-06-08 22:01:17
SESS0002180,P00164,상품_상세조회,2026-06-08 22:02:19
SESS0002181,P00145,상품_상세조회,2026-06-12 18:16:12
SESS0002181,P00145,장바구니_담기,2026-06-12 18:16:27
SESS0002181,P00149,상품_상세조회,2026-06-12 18:17:55
SESS0002181,P00138,찜하기,2026-06-12 18:20:45
SESS0002181,P00136,상품_상세조회,2026-06-12 18:22:45
SESS0002181,P00143,상품_상세조회,2026-06-12 18:23:55
SESS0002181,P00146,찜하기,2026-06-12 18:24:14
SESS0002182,P00135,상품_상세조회,2026-07-03 18:37:18
SESS0002182,P00127,찜하기,2026-07-03 18:38:56
SESS0002182,P00131,상품_상세조회,2026-07-03 18:39:22
SESS0002182,P00128,찜하기,2026-07-03 18:39:55
SESS0002183,P00115,상품_상세조회,2026-06-11 23:45:48
SESS0002185,P00001,상품_상세조회,2026-06-25 21:06:36
SESS0002185,P00012,장바구니_담기,2026-06-25 21:08:09
SESS0002185,P00009,상품_상세조회,2026-06-25 21:09:49
SESS0002185,P00011,찜하기,2026-06-25 21:10:28
SESS0002185,P00005,상품_상세조회,2026-06-25 21:12:26
SESS0002185,P00002,상품_상세조회,2026-06-25 21:14:39
SESS0002185,P00005,상품_상세조회,2026-06-25 21:15:50
SESS0002186,P00036,상품_상세조회,2026-06-25 13:33:27
SESS0002187,P00001,상품_상세조회,2026-06-22 23:20:33
SESS0002187,P00001,찜하기,2026-06-22 23:22:17
SESS0002188,P00170,상품_상세조회,2026-06-15 17:04:26
SESS0002188,P00169,장바구니_담기,2026-06-15 17:07:10
SESS0002189,P00148,상품_상세조회,2026-06-20 19:35:33
SESS0002189,P00138,찜하기,2026-06-20 19:38:10
SESS0002190,P00164,상품_상세조회,2026-06-07 19:15:29
SESS0002191,P00097,상품_상세조회,2026-07-03 22:01:02
SESS0002191,P00100,상품_상세조회,2026-07-03 22:03:12
SESS0002193,P00069,상품_상세조회,2026-06-13 16:38:16
SESS0002193,P00072,장바구니_담기,2026-06-13 16:40:21
SESS0002193,P00061,상품_상세조회,2026-06-13 16:42:54
SESS0002193,P00070,상품_상세조회,2026-06-13 16:45:33
SESS0002193,P00063,찜하기,2026-06-13 16:47:06
SESS0002193,P00061,상품_상세조회,2026-06-13 16:49:54
SESS0002193,P00074,찜하기,2026-06-13 16:51:29
SESS0002194,P00092,상품_상세조회,2026-06-10 22:09:42
SESS0002194,P00105,장바구니_담기,2026-06-10 22:10:54
SESS0002197,P00011,상품_상세조회,2026-06-21 13:48:26
SESS0002197,P00004,찜하기,2026-06-21 13:50:42
SESS0002198,P00070,상품_상세조회,2026-06-16 18:35:05
SESS0002198,P00061,장바구니_담기,2026-06-16 18:35:33
SESS0002198,P00067,구매완료,2026-06-16 18:39:36
SESS0002200,P00094,상품_상세조회,2026-06-27 17:59:32
SESS0002201,P00004,상품_상세조회,2026-06-25 17:14:46
SESS0002201,P00007,상품_상세조회,2026-06-25 17:16:53
SESS0002201,P00005,장바구니_담기,2026-06-25 17:18:48
SESS0002201,P00007,구매완료,2026-06-25 17:23:11
SESS0002202,P00105,상품_상세조회,2026-07-02 22:08:30
SESS0002202,P00097,상품_상세조회,2026-07-02 22:10:00
SESS0002202,P00096,상품_상세조회,2026-07-02 22:11:34
SESS0002203,P00076,상품_상세조회,2026-06-26 16:24:45
SESS0002203,P00089,상품_상세조회,2026-06-26 16:25:53
SESS0002203,P00084,상품_상세조회,2026-06-26 16:27:38
SESS0002204,P00071,상품_상세조회,2026-07-02 19:58:22
SESS0002204,P00061,장바구니_담기,2026-07-02 20:00:20
SESS0002205,P00115,상품_상세조회,2026-06-12 17:36:29
SESS0002205,P00111,상품_상세조회,2026-06-12 17:39:06
SESS0002205,P00115,장바구니_담기,2026-06-12 17:41:00
SESS0002206,P00003,상품_상세조회,2026-06-19 19:01:27
SESS0002206,P00014,상품_상세조회,2026-06-19 19:04:07
SESS0002206,P00118,상품_상세조회,2026-06-19 19:05:27
SESS0002206,P00110,상품_상세조회,2026-06-19 19:08:10
SESS0002207,P00071,상품_상세조회,2026-06-05 19:13:17
SESS0002208,P00157,상품_상세조회,2026-07-03 20:10:37
SESS0002208,P00154,상품_상세조회,2026-07-03 20:11:02
SESS0002208,P00164,상품_상세조회,2026-07-03 20:12:51
SESS0002208,P00151,상품_상세조회,2026-07-03 20:15:40
SESS0002209,P00012,상품_상세조회,2026-06-05 19:04:44
SESS0002209,P00012,상품_상세조회,2026-06-05 19:06:13
SESS0002209,P00015,상품_상세조회,2026-06-05 19:07:50
SESS0002209,P00010,상품_상세조회,2026-06-05 19:09:05
SESS0002210,P00007,상품_상세조회,2026-06-21 18:39:57
SESS0002210,P00002,상품_상세조회,2026-06-21 18:42:27
SESS0002210,P00009,상품_상세조회,2026-06-21 18:43:15
SESS0002210,P00007,찜하기,2026-06-21 18:45:04
SESS0002211,P00067,상품_상세조회,2026-06-26 21:04:14
SESS0002212,P00180,상품_상세조회,2026-06-14 18:48:10
SESS0002212,P00174,상품_상세조회,2026-06-14 18:50:48
SESS0002212,P00171,찜하기,2026-06-14 18:52:10
SESS0002212,P00167,상품_상세조회,2026-06-14 18:53:42
SESS0002213,P00012,상품_상세조회,2026-06-20 19:54:54
SESS0002213,P00165,상품_상세조회,2026-06-20 19:59:17
SESS0002213,P00162,상품_상세조회,2026-06-20 19:59:47
SESS0002214,P00151,상품_상세조회,2026-07-02 16:58:59
SESS0002216,P00123,상품_상세조회,2026-06-06 17:59:25
SESS0002216,P00131,장바구니_담기,2026-06-06 18:01:55
SESS0002216,P00125,상품_상세조회,2026-06-06 18:02:20
SESS0002217,P00070,상품_상세조회,2026-06-21 18:17:51
SESS0002217,P00062,상품_상세조회,2026-06-21 18:19:07
SESS0002217,P00065,상품_상세조회,2026-06-21 18:21:38
SESS0002218,P00117,상품_상세조회,2026-06-05 20:09:37
SESS0002218,P00109,상품_상세조회,2026-06-05 20:11:59
SESS0002218,P00111,상품_상세조회,2026-06-05 20:13:47
SESS0002219,P00015,상품_상세조회,2026-06-18 15:20:59
SESS0002219,P00010,찜하기,2026-06-18 15:21:16
SESS0002219,P00003,상품_상세조회,2026-06-18 15:22:33
SESS0002219,P00004,찜하기,2026-06-18 15:23:15
SESS0002219,P00014,상품_상세조회,2026-06-18 15:23:58
SESS0002220,P00070,상품_상세조회,2026-06-26 22:04:58
SESS0002220,P00086,상품_상세조회,2026-06-26 22:08:28
SESS0002220,P00123,상품_상세조회,2026-06-26 22:10:10
SESS0002220,P00122,장바구니_담기,2026-06-26 22:13:05
SESS0002220,P00135,상품_상세조회,2026-06-26 22:15:38
SESS0002221,P00028,상품_상세조회,2026-06-11 20:54:28
SESS0002221,P00023,찜하기,2026-06-11 20:55:36
SESS0002221,P00018,장바구니_담기,2026-06-11 20:57:39
SESS0002221,P00029,상품_상세조회,2026-06-11 20:59:17
SESS0002222,P00109,상품_상세조회,2026-07-01 20:53:09
SESS0002222,P00111,상품_상세조회,2026-07-01 20:54:54
SESS0002222,P00118,상품_상세조회,2026-07-01 20:56:54
SESS0002222,P00115,상품_상세조회,2026-07-01 20:58:09
SESS0002222,P00112,상품_상세조회,2026-07-01 21:01:06
SESS0002224,P00074,상품_상세조회,2026-06-07 20:41:22
SESS0002225,P00160,상품_상세조회,2026-06-14 22:14:54
SESS0002225,P00163,장바구니_담기,2026-06-14 22:16:34
SESS0002225,P00154,구매완료,2026-06-14 22:22:20
SESS0002226,P00065,상품_상세조회,2026-06-07 22:21:37
SESS0002226,P00072,상품_상세조회,2026-06-07 22:23:35
SESS0002227,P00132,상품_상세조회,2026-06-23 18:12:36
SESS0002228,P00119,상품_상세조회,2026-06-11 17:29:37
SESS0002228,P00106,상품_상세조회,2026-06-11 17:31:13
SESS0002228,P00114,상품_상세조회,2026-06-11 17:33:09
SESS0002228,P00112,장바구니_담기,2026-06-11 17:34:46
SESS0002228,P00119,구매완료,2026-06-11 17:36:17
SESS0002229,P00145,상품_상세조회,2026-06-30 17:43:55
SESS0002229,P00141,찜하기,2026-06-30 17:46:21
SESS0002229,P00140,장바구니_담기,2026-06-30 17:47:35
SESS0002230,P00092,상품_상세조회,2026-06-12 18:42:52
SESS0002231,P00150,상품_상세조회,2026-06-20 15:23:49
SESS0002231,P00150,장바구니_담기,2026-06-20 15:26:16
SESS0002231,P00141,구매완료,2026-06-20 15:30:45
SESS0002232,P00083,상품_상세조회,2026-06-07 23:18:25
SESS0002232,P00080,상품_상세조회,2026-06-07 23:21:06
SESS0002232,P00117,상품_상세조회,2026-06-07 23:26:57
SESS0002232,P00120,상품_상세조회,2026-06-07 23:28:48
SESS0002233,P00083,상품_상세조회,2026-06-27 23:40:49
SESS0002233,P00089,찜하기,2026-06-27 23:43:45
SESS0002234,P00072,상품_상세조회,2026-06-28 20:27:18
SESS0002234,P00071,찜하기,2026-06-28 20:29:31
SESS0002234,P00073,상품_상세조회,2026-06-28 20:31:58
SESS0002234,P00073,상품_상세조회,2026-06-28 20:32:13
SESS0002235,P00178,상품_상세조회,2026-06-29 16:24:13
SESS0002235,P00168,상품_상세조회,2026-06-29 16:25:52
SESS0002236,P00150,상품_상세조회,2026-06-24 20:31:20
SESS0002236,P00143,상품_상세조회,2026-06-24 20:31:38
SESS0002236,P00142,장바구니_담기,2026-06-24 20:32:17
SESS0002236,P00145,상품_상세조회,2026-06-24 20:33:08
SESS0002237,P00117,상품_상세조회,2026-06-26 18:05:47
SESS0002237,P00111,상품_상세조회,2026-06-26 18:06:25
SESS0002238,P00036,상품_상세조회,2026-06-08 18:23:32
SESS0002238,P00041,찜하기,2026-06-08 18:24:47
SESS0002238,P00043,상품_상세조회,2026-06-08 18:26:52
SESS0002238,P00036,찜하기,2026-06-08 18:27:51
SESS0002238,P00045,상품_상세조회,2026-06-08 18:29:47
SESS0002239,P00154,상품_상세조회,2026-07-02 13:14:33
SESS0002239,P00154,찜하기,2026-07-02 13:15:50
SESS0002239,P00163,상품_상세조회,2026-07-02 13:18:05
SESS0002239,P00160,상품_상세조회,2026-07-02 13:18:51
SESS0002239,P00165,상품_상세조회,2026-07-02 13:19:35
SESS0002239,P00161,장바구니_담기,2026-07-02 13:19:58
SESS0002239,P00163,구매완료,2026-07-02 13:23:49
SESS0002240,P00010,상품_상세조회,2026-06-11 20:54:16
SESS0002240,P00012,장바구니_담기,2026-06-11 20:56:22
SESS0002241,P00006,상품_상세조회,2026-06-13 17:04:23
SESS0002241,P00014,장바구니_담기,2026-06-13 17:06:52
SESS0002242,P00001,상품_상세조회,2026-06-08 18:38:04
SESS0002242,P00092,상품_상세조회,2026-06-08 18:41:14
SESS0002242,P00100,상품_상세조회,2026-06-08 18:43:47
SESS0002243,P00071,상품_상세조회,2026-06-17 18:10:14
SESS0002243,P00065,장바구니_담기,2026-06-17 18:10:42
SESS0002243,P00065,구매완료,2026-06-17 18:14:44
SESS0002245,P00131,상품_상세조회,2026-06-23 15:21:58
SESS0002248,P00130,상품_상세조회,2026-07-03 19:50:27
SESS0002249,P00097,상품_상세조회,2026-06-16 22:36:38
SESS0002250,P00077,상품_상세조회,2026-06-17 18:04:01
SESS0002252,P00155,상품_상세조회,2026-06-27 21:30:18
SESS0002253,P00161,상품_상세조회,2026-06-25 17:38:18
SESS0002254,P00035,상품_상세조회,2026-06-29 15:27:19
SESS0002254,P00034,장바구니_담기,2026-06-29 15:29:23
SESS0002254,P00042,구매완료,2026-06-29 15:32:25
SESS0002255,P00137,상품_상세조회,2026-06-24 21:40:28
SESS0002256,P00090,상품_상세조회,2026-06-10 16:51:00
SESS0002256,P00086,장바구니_담기,2026-06-10 16:53:21
SESS0002256,P00088,구매완료,2026-06-10 16:54:53
SESS0002257,P00129,상품_상세조회,2026-07-01 14:13:01
SESS0002258,P00116,상품_상세조회,2026-06-08 18:06:56
SESS0002258,P00107,장바구니_담기,2026-06-08 18:07:40
SESS0002258,P00111,구매완료,2026-06-08 18:12:38
SESS0002260,P00159,상품_상세조회,2026-06-05 19:05:16
SESS0002260,P00163,상품_상세조회,2026-06-05 19:06:29
SESS0002260,P00156,찜하기,2026-06-05 19:08:29
SESS0002260,P00155,상품_상세조회,2026-06-05 19:09:11
SESS0002260,P00159,상품_상세조회,2026-06-05 19:11:48
SESS0002261,P00153,상품_상세조회,2026-06-13 16:42:51
SESS0002261,P00132,상품_상세조회,2026-06-13 16:46:26
SESS0002262,P00145,상품_상세조회,2026-06-07 17:13:40
SESS0002262,P00148,장바구니_담기,2026-06-07 17:15:10
SESS0002262,P00138,구매완료,2026-06-07 17:20:43
SESS0002263,P00053,상품_상세조회,2026-06-13 23:13:40
SESS0002263,P00015,상품_상세조회,2026-06-13 23:18:47
SESS0002263,P00014,상품_상세조회,2026-06-13 23:21:11
SESS0002263,P00004,상품_상세조회,2026-06-13 23:22:31
SESS0002263,P00014,장바구니_담기,2026-06-13 23:24:38
SESS0002263,P00012,상품_상세조회,2026-06-13 23:27:31
SESS0002264,P00044,상품_상세조회,2026-06-20 17:43:27
SESS0002264,P00034,장바구니_담기,2026-06-20 17:45:16
SESS0002264,P00045,구매완료,2026-06-20 17:48:24
SESS0002265,P00044,상품_상세조회,2026-06-17 21:24:33
SESS0002266,P00137,상품_상세조회,2026-06-27 21:36:51
SESS0002266,P00148,장바구니_담기,2026-06-27 21:39:46
SESS0002266,P00141,상품_상세조회,2026-06-27 21:41:29
SESS0002266,P00101,상품_상세조회,2026-06-27 21:45:36
SESS0002266,P00097,찜하기,2026-06-27 21:47:51
SESS0002266,P00101,장바구니_담기,2026-06-27 21:49:01
SESS0002266,P00102,상품_상세조회,2026-06-27 21:50:43
SESS0002266,P00093,상품_상세조회,2026-06-27 21:53:04
SESS0002266,P00105,찜하기,2026-06-27 21:53:55
SESS0002266,P00104,상품_상세조회,2026-06-27 21:56:42
SESS0002267,P00087,상품_상세조회,2026-06-04 14:50:14
SESS0002267,P00081,찜하기,2026-06-04 14:53:13
SESS0002268,P00097,상품_상세조회,2026-06-24 19:54:14
SESS0002268,P00099,장바구니_담기,2026-06-24 19:56:20
SESS0002269,P00091,상품_상세조회,2026-06-09 20:59:15
SESS0002269,P00102,상품_상세조회,2026-06-09 21:00:53
SESS0002269,P00100,상품_상세조회,2026-06-09 21:03:37
SESS0002269,P00100,상품_상세조회,2026-06-09 21:05:13
SESS0002269,P00095,찜하기,2026-06-09 21:06:02
SESS0002269,P00091,상품_상세조회,2026-06-09 21:06:51
SESS0002269,P00100,찜하기,2026-06-09 21:07:41
SESS0002270,P00126,상품_상세조회,2026-06-14 20:47:08
SESS0002270,P00039,상품_상세조회,2026-06-14 20:50:44
SESS0002270,P00036,장바구니_담기,2026-06-14 20:51:52
SESS0002270,P00034,구매완료,2026-06-14 20:56:03
SESS0002271,P00162,상품_상세조회,2026-06-11 16:52:17
SESS0002271,P00159,상품_상세조회,2026-06-11 16:53:23
SESS0002272,P00002,상품_상세조회,2026-06-11 22:46:27
SESS0002274,P00071,상품_상세조회,2026-06-29 18:22:22
SESS0002274,P00067,장바구니_담기,2026-06-29 18:22:37
SESS0002274,P00067,구매완료,2026-06-29 18:25:00
SESS0002276,P00106,상품_상세조회,2026-06-10 19:43:48
SESS0002276,P00113,상품_상세조회,2026-06-10 19:45:53
SESS0002276,P00111,찜하기,2026-06-10 19:48:33
SESS0002276,P00106,장바구니_담기,2026-06-10 19:50:34
SESS0002278,P00012,상품_상세조회,2026-06-18 15:43:58
SESS0002279,P00110,상품_상세조회,2026-07-02 18:32:10
SESS0002280,P00081,상품_상세조회,2026-06-15 23:56:48
SESS0002280,P00081,상품_상세조회,2026-06-15 23:59:22
SESS0002280,P00089,상품_상세조회,2026-06-16 00:02:02
SESS0002280,P00080,상품_상세조회,2026-06-16 00:03:21
SESS0002280,P00085,상품_상세조회,2026-06-16 00:05:12
SESS0002280,P00079,상품_상세조회,2026-06-16 00:08:02
SESS0002281,P00098,상품_상세조회,2026-06-16 18:40:45
SESS0002281,P00012,상품_상세조회,2026-06-16 18:44:23
SESS0002283,P00070,상품_상세조회,2026-06-28 23:43:51
SESS0002283,P00074,찜하기,2026-06-28 23:45:29
SESS0002283,P00073,장바구니_담기,2026-06-28 23:46:54
SESS0002284,P00147,상품_상세조회,2026-06-10 23:49:49
SESS0002284,P00148,상품_상세조회,2026-06-10 23:50:47
SESS0002284,P00139,장바구니_담기,2026-06-10 23:51:08
SESS0002284,P00142,상품_상세조회,2026-06-10 23:53:48
SESS0002284,P00149,상품_상세조회,2026-06-10 23:54:43
SESS0002284,P00145,상품_상세조회,2026-06-10 23:55:13
SESS0002284,P00142,찜하기,2026-06-10 23:56:31
SESS0002284,P00149,장바구니_담기,2026-06-10 23:57:57
SESS0002285,P00120,상품_상세조회,2026-06-10 22:10:59
SESS0002285,P00110,장바구니_담기,2026-06-10 22:11:50
SESS0002285,P00111,상품_상세조회,2026-06-10 22:13:20
SESS0002285,P00109,상품_상세조회,2026-06-10 22:15:35
SESS0002285,P00111,장바구니_담기,2026-06-10 22:18:31
SESS0002285,P00120,상품_상세조회,2026-06-10 22:19:50
SESS0002285,P00114,상품_상세조회,2026-06-10 22:21:34
SESS0002286,P00060,상품_상세조회,2026-06-16 22:05:23
SESS0002286,P00128,상품_상세조회,2026-06-16 22:10:34
SESS0002286,P00032,상품_상세조회,2026-06-16 22:13:18
SESS0002286,P00045,찜하기,2026-06-16 22:15:00
SESS0002286,P00032,상품_상세조회,2026-06-16 22:15:25
SESS0002286,P00041,장바구니_담기,2026-06-16 22:16:43
SESS0002286,P00039,구매완료,2026-06-16 22:19:43
SESS0002287,P00035,상품_상세조회,2026-06-27 19:31:00
SESS0002287,P00072,상품_상세조회,2026-06-27 19:32:37
SESS0002288,P00136,상품_상세조회,2026-07-02 15:12:42
SESS0002289,P00165,상품_상세조회,2026-07-02 22:06:16
SESS0002290,P00128,상품_상세조회,2026-06-23 17:08:51
SESS0002290,P00135,장바구니_담기,2026-06-23 17:09:06
SESS0002290,P00135,구매완료,2026-06-23 17:13:04
SESS0002291,P00011,상품_상세조회,2026-06-26 16:43:33
SESS0002293,P00104,상품_상세조회,2026-06-07 21:04:10
SESS0002294,P00040,상품_상세조회,2026-06-30 19:45:06
SESS0002295,P00054,상품_상세조회,2026-06-17 21:22:30
SESS0002295,P00058,상품_상세조회,2026-06-17 21:24:56
SESS0002295,P00146,상품_상세조회,2026-06-17 21:27:34
SESS0002295,P00136,상품_상세조회,2026-06-17 21:29:03
SESS0002296,P00005,상품_상세조회,2026-06-15 15:24:54
SESS0002296,P00001,상품_상세조회,2026-06-15 15:27:31
SESS0002296,P00010,상품_상세조회,2026-06-15 15:29:40
SESS0002296,P00107,상품_상세조회,2026-06-15 15:35:00
SESS0002297,P00129,상품_상세조회,2026-06-21 18:21:33
SESS0002298,P00034,상품_상세조회,2026-06-27 16:51:01
SESS0002299,P00038,상품_상세조회,2026-07-01 22:50:01
SESS0002302,P00014,상품_상세조회,2026-06-10 22:22:19
SESS0002302,P00004,상품_상세조회,2026-06-10 22:25:05
SESS0002303,P00110,상품_상세조회,2026-06-17 16:54:40
SESS0002303,P00114,장바구니_담기,2026-06-17 16:57:09
SESS0002304,P00073,상품_상세조회,2026-06-27 16:16:42
SESS0002304,P00095,상품_상세조회,2026-06-27 16:21:29
SESS0002305,P00100,상품_상세조회,2026-06-24 20:31:27
SESS0002305,P00094,장바구니_담기,2026-06-24 20:32:03
SESS0002305,P00100,상품_상세조회,2026-06-24 20:32:40
SESS0002305,P00103,장바구니_담기,2026-06-24 20:34:25
SESS0002305,P00105,구매완료,2026-06-24 20:36:41
SESS0002306,P00141,상품_상세조회,2026-06-27 21:03:37
SESS0002306,P00144,상품_상세조회,2026-06-27 21:06:12
SESS0002306,P00140,상품_상세조회,2026-06-27 21:07:12
SESS0002307,P00127,상품_상세조회,2026-06-23 16:23:23
SESS0002307,P00125,장바구니_담기,2026-06-23 16:24:57
SESS0002307,P00126,구매완료,2026-06-23 16:28:42
SESS0002308,P00115,상품_상세조회,2026-06-12 15:28:31
SESS0002308,P00112,장바구니_담기,2026-06-12 15:28:46
SESS0002308,P00109,상품_상세조회,2026-06-12 15:29:57
SESS0002308,P00120,상품_상세조회,2026-06-12 15:31:32
SESS0002309,P00061,상품_상세조회,2026-06-23 17:53:34
SESS0002309,P00073,상품_상세조회,2026-06-23 17:55:02
SESS0002310,P00014,상품_상세조회,2026-06-04 19:18:35
SESS0002310,P00012,상품_상세조회,2026-06-04 19:20:54
SESS0002310,P00014,장바구니_담기,2026-06-04 19:22:41
SESS0002311,P00108,상품_상세조회,2026-06-28 18:48:45
SESS0002313,P00016,상품_상세조회,2026-06-08 19:24:08
SESS0002313,P00022,상품_상세조회,2026-06-08 19:24:52
SESS0002313,P00028,상품_상세조회,2026-06-08 19:27:36
SESS0002313,P00020,상품_상세조회,2026-06-08 19:30:07
SESS0002313,P00030,장바구니_담기,2026-06-08 19:30:33
SESS0002314,P00008,상품_상세조회,2026-06-06 20:15:55
SESS0002314,P00134,상품_상세조회,2026-06-06 20:21:24
SESS0002314,P00077,상품_상세조회,2026-06-06 20:23:55
SESS0002315,P00160,상품_상세조회,2026-06-28 17:55:06
SESS0002315,P00162,찜하기,2026-06-28 17:56:45
SESS0002315,P00154,장바구니_담기,2026-06-28 17:57:25
SESS0002315,P00156,상품_상세조회,2026-06-28 17:59:30
SESS0002317,P00013,상품_상세조회,2026-06-30 23:25:24
SESS0002318,P00100,상품_상세조회,2026-06-15 13:35:50
SESS0002319,P00001,상품_상세조회,2026-06-22 20:08:09
SESS0002319,P00007,상품_상세조회,2026-06-22 20:09:17
SESS0002320,P00011,상품_상세조회,2026-06-22 18:19:57
SESS0002320,P00007,상품_상세조회,2026-06-22 18:21:48
SESS0002320,P00001,장바구니_담기,2026-06-22 18:22:44
SESS0002320,P00004,상품_상세조회,2026-06-22 18:24:31
SESS0002320,P00007,상품_상세조회,2026-06-22 18:26:30
SESS0002321,P00098,상품_상세조회,2026-06-16 21:19:27
SESS0002322,P00086,상품_상세조회,2026-06-11 23:41:17
SESS0002322,P00086,찜하기,2026-06-11 23:41:38
SESS0002322,P00084,상품_상세조회,2026-06-11 23:42:10
SESS0002322,P00089,장바구니_담기,2026-06-11 23:43:26
SESS0002323,P00066,상품_상세조회,2026-06-12 21:27:17
SESS0002323,P00070,찜하기,2026-06-12 21:28:34
SESS0002323,P00069,상품_상세조회,2026-06-12 21:31:22
SESS0002323,P00074,찜하기,2026-06-12 21:32:53
SESS0002325,P00071,상품_상세조회,2026-06-24 20:16:14
SESS0002325,P00064,찜하기,2026-06-24 20:17:36
SESS0002325,P00063,상품_상세조회,2026-06-24 20:19:14
SESS0002326,P00010,상품_상세조회,2026-06-26 21:48:01
SESS0002326,P00014,장바구니_담기,2026-06-26 21:49:46
SESS0002327,P00107,상품_상세조회,2026-06-10 22:16:19
SESS0002327,P00119,상품_상세조회,2026-06-10 22:18:21
SESS0002327,P00115,장바구니_담기,2026-06-10 22:20:39
SESS0002328,P00010,상품_상세조회,2026-06-05 17:14:57
SESS0002330,P00102,상품_상세조회,2026-06-25 19:22:00
SESS0002330,P00092,장바구니_담기,2026-06-25 19:24:35
SESS0002331,P00005,상품_상세조회,2026-06-12 18:21:05
SESS0002331,P00004,상품_상세조회,2026-06-12 18:23:33
SESS0002331,P00001,상품_상세조회,2026-06-12 18:25:31
SESS0002331,P00012,장바구니_담기,2026-06-12 18:26:16
SESS0002331,P00013,구매완료,2026-06-12 18:31:44
SESS0002332,P00082,상품_상세조회,2026-06-16 21:00:40
SESS0002334,P00093,상품_상세조회,2026-07-03 22:19:11
SESS0002334,P00092,찜하기,2026-07-03 22:20:09
SESS0002334,P00103,장바구니_담기,2026-07-03 22:20:24
SESS0002335,P00065,상품_상세조회,2026-06-17 18:28:57
SESS0002335,P00067,상품_상세조회,2026-06-17 18:30:04
SESS0002336,P00117,상품_상세조회,2026-06-24 16:50:53
SESS0002336,P00120,상품_상세조회,2026-06-24 16:53:49
SESS0002336,P00119,찜하기,2026-06-24 16:56:31
SESS0002336,P00115,상품_상세조회,2026-06-24 16:57:26
SESS0002336,P00114,찜하기,2026-06-24 16:59:15
SESS0002337,P00050,상품_상세조회,2026-06-06 19:54:25
SESS0002337,P00127,상품_상세조회,2026-06-06 19:57:32
SESS0002337,P00129,상품_상세조회,2026-06-06 20:00:16
SESS0002337,P00123,상품_상세조회,2026-06-06 20:01:36
SESS0002337,P00128,장바구니_담기,2026-06-06 20:02:30
SESS0002338,P00041,상품_상세조회,2026-06-19 19:40:49
SESS0002338,P00032,상품_상세조회,2026-06-19 19:43:40
SESS0002339,P00052,상품_상세조회,2026-06-20 20:55:00
SESS0002339,P00046,찜하기,2026-06-20 20:55:27
SESS0002339,P00056,상품_상세조회,2026-06-20 20:57:19
SESS0002339,P00050,상품_상세조회,2026-06-20 20:58:36
SESS0002339,P00060,장바구니_담기,2026-06-20 21:00:53
SESS0002340,P00133,상품_상세조회,2026-06-09 19:13:14
SESS0002341,P00163,상품_상세조회,2026-06-20 20:42:16
SESS0002341,P00163,찜하기,2026-06-20 20:43:20
SESS0002342,P00141,상품_상세조회,2026-06-28 19:17:35
SESS0002342,P00149,상품_상세조회,2026-06-28 19:20:21
SESS0002344,P00136,상품_상세조회,2026-06-06 16:35:21
SESS0002344,P00057,상품_상세조회,2026-06-06 16:36:32
SESS0002344,P00051,찜하기,2026-06-06 16:36:50
SESS0002344,P00049,상품_상세조회,2026-06-06 16:38:23
SESS0002344,P00055,상품_상세조회,2026-06-06 16:39:30
SESS0002344,P00149,상품_상세조회,2026-06-06 16:43:13
SESS0002344,P00145,상품_상세조회,2026-06-06 16:46:01
SESS0002344,P00140,장바구니_담기,2026-06-06 16:48:37
SESS0002345,P00068,상품_상세조회,2026-06-08 21:10:49
SESS0002345,P00071,찜하기,2026-06-08 21:12:13
SESS0002346,P00008,상품_상세조회,2026-06-13 23:16:22
SESS0002347,P00088,상품_상세조회,2026-06-10 14:10:22
SESS0002347,P00078,장바구니_담기,2026-06-10 14:11:30
SESS0002348,P00148,상품_상세조회,2026-06-21 23:44:53
SESS0002348,P00140,장바구니_담기,2026-06-21 23:47:35
SESS0002348,P00148,구매완료,2026-06-21 23:52:21
SESS0002350,P00082,상품_상세조회,2026-06-24 22:49:40
SESS0002351,P00086,상품_상세조회,2026-06-29 16:12:11
SESS0002351,P00087,장바구니_담기,2026-06-29 16:14:12
SESS0002353,P00114,상품_상세조회,2026-06-25 17:50:22
SESS0002353,P00113,상품_상세조회,2026-06-25 17:53:17
SESS0002353,P00106,상품_상세조회,2026-06-25 17:55:30
SESS0002355,P00074,상품_상세조회,2026-06-09 15:34:18
SESS0002355,P00067,상품_상세조회,2026-06-09 15:35:34
SESS0002357,P00076,상품_상세조회,2026-06-07 19:17:22
SESS0002357,P00076,상품_상세조회,2026-06-07 19:18:43
SESS0002357,P00079,장바구니_담기,2026-06-07 19:19:10
SESS0002357,P00086,상품_상세조회,2026-06-07 19:20:15
SESS0002357,P00078,상품_상세조회,2026-06-07 19:22:33
SESS0002357,P00083,상품_상세조회,2026-06-07 19:25:27
SESS0002358,P00002,상품_상세조회,2026-06-21 18:28:03
SESS0002358,P00003,상품_상세조회,2026-06-21 18:30:57
SESS0002358,P00013,장바구니_담기,2026-06-21 18:33:53
SESS0002358,P00011,구매완료,2026-06-21 18:39:21
SESS0002359,P00008,상품_상세조회,2026-06-16 20:24:58
SESS0002359,P00014,찜하기,2026-06-16 20:27:45
SESS0002359,P00010,장바구니_담기,2026-06-16 20:29:49
SESS0002359,P00008,구매완료,2026-06-16 20:33:21
SESS0002360,P00082,상품_상세조회,2026-06-25 18:55:29
SESS0002361,P00084,상품_상세조회,2026-06-29 18:16:55
SESS0002361,P00085,상품_상세조회,2026-06-29 18:20:08
SESS0002362,P00078,상품_상세조회,2026-06-24 16:16:22
SESS0002362,P00085,상품_상세조회,2026-06-24 16:16:40
SESS0002362,P00082,상품_상세조회,2026-06-24 16:19:37
SESS0002363,P00086,상품_상세조회,2026-06-04 22:13:33
SESS0002364,P00086,상품_상세조회,2026-06-30 20:11:47
SESS0002364,P00090,상품_상세조회,2026-06-30 20:12:34
SESS0002365,P00089,상품_상세조회,2026-06-13 19:58:47
SESS0002366,P00116,상품_상세조회,2026-06-09 18:53:46
SESS0002366,P00114,찜하기,2026-06-09 18:55:10
SESS0002366,P00110,상품_상세조회,2026-06-09 18:56:21
SESS0002366,P00106,상품_상세조회,2026-06-09 18:58:12
SESS0002366,P00043,상품_상세조회,2026-06-09 19:02:23
SESS0002366,P00036,장바구니_담기,2026-06-09 19:04:52
SESS0002366,P00040,상품_상세조회,2026-06-09 19:05:10
SESS0002366,P00044,장바구니_담기,2026-06-09 19:06:56
SESS0002366,P00045,구매완료,2026-06-09 19:09:53
SESS0002367,P00144,상품_상세조회,2026-07-01 14:13:17
SESS0002367,P00144,상품_상세조회,2026-07-01 14:15:35
SESS0002367,P00148,장바구니_담기,2026-07-01 14:18:23
SESS0002368,P00154,상품_상세조회,2026-06-29 17:55:55
SESS0002369,P00165,상품_상세조회,2026-07-03 17:39:46
SESS0002369,P00162,상품_상세조회,2026-07-03 17:41:35
SESS0002369,P00165,상품_상세조회,2026-07-03 17:42:48
SESS0002369,P00156,상품_상세조회,2026-07-03 17:43:08
SESS0002369,P00110,상품_상세조회,2026-07-03 17:47:32
SESS0002369,P00109,상품_상세조회,2026-07-03 17:50:23
SESS0002370,P00136,상품_상세조회,2026-06-05 20:10:50
SESS0002370,P00144,상품_상세조회,2026-06-05 20:12:14
SESS0002370,P00137,찜하기,2026-06-05 20:12:54
SESS0002371,P00156,상품_상세조회,2026-07-03 18:28:18
SESS0002371,P00152,찜하기,2026-07-03 18:30:01
SESS0002371,P00160,상품_상세조회,2026-07-03 18:31:40
SESS0002371,P00162,상품_상세조회,2026-07-03 18:33:19
SESS0002371,P00153,찜하기,2026-07-03 18:35:26
SESS0002371,P00156,상품_상세조회,2026-07-03 18:38:10
SESS0002371,P00157,상품_상세조회,2026-07-03 18:38:46
SESS0002371,P00157,장바구니_담기,2026-07-03 18:40:49
SESS0002371,P00152,구매완료,2026-07-03 18:45:57
SESS0002372,P00091,상품_상세조회,2026-06-20 13:41:26
SESS0002372,P00096,상품_상세조회,2026-06-20 13:43:47
SESS0002372,P00094,상품_상세조회,2026-06-20 13:44:06
SESS0002372,P00180,상품_상세조회,2026-06-20 13:47:32
SESS0002373,P00117,상품_상세조회,2026-06-28 18:36:36
SESS0002373,P00118,상품_상세조회,2026-06-28 18:37:06
SESS0002373,P00102,상품_상세조회,2026-06-28 18:40:28
SESS0002373,P00094,상품_상세조회,2026-06-28 18:42:51
SESS0002373,P00101,상품_상세조회,2026-06-28 18:44:31
SESS0002374,P00106,상품_상세조회,2026-07-02 19:39:03
SESS0002374,P00116,상품_상세조회,2026-07-02 19:39:18
SESS0002376,P00119,상품_상세조회,2026-07-01 19:20:26
SESS0002378,P00133,상품_상세조회,2026-06-19 22:22:52
SESS0002379,P00005,상품_상세조회,2026-06-23 21:12:07
SESS0002380,P00001,상품_상세조회,2026-06-07 21:01:19
SESS0002380,P00006,장바구니_담기,2026-06-07 21:02:06
SESS0002381,P00072,상품_상세조회,2026-06-07 19:20:27
SESS0002381,P00062,상품_상세조회,2026-06-07 19:22:41
SESS0002383,P00130,상품_상세조회,2026-06-14 23:21:32
SESS0002384,P00157,상품_상세조회,2026-06-04 23:48:50
SESS0002384,P00153,찜하기,2026-06-04 23:51:06
SESS0002385,P00005,상품_상세조회,2026-06-04 20:24:24
SESS0002385,P00012,장바구니_담기,2026-06-04 20:27:16
SESS0002385,P00003,구매완료,2026-06-04 20:30:31
SESS0002386,P00107,상품_상세조회,2026-06-22 18:42:17
SESS0002386,P00119,찜하기,2026-06-22 18:43:03
SESS0002387,P00137,상품_상세조회,2026-06-09 21:33:05
SESS0002388,P00008,상품_상세조회,2026-07-01 18:49:36
SESS0002388,P00011,장바구니_담기,2026-07-01 18:52:25
SESS0002388,P00001,구매완료,2026-07-01 18:55:59
SESS0002389,P00072,상품_상세조회,2026-06-14 20:42:05
SESS0002389,P00067,장바구니_담기,2026-06-14 20:43:37
SESS0002390,P00042,상품_상세조회,2026-06-11 21:11:47
SESS0002391,P00057,상품_상세조회,2026-06-05 19:48:46
SESS0002391,P00046,상품_상세조회,2026-06-05 19:51:36
SESS0002392,P00115,상품_상세조회,2026-06-29 17:51:36
SESS0002393,P00013,상품_상세조회,2026-06-24 21:55:30
SESS0002394,P00055,상품_상세조회,2026-06-20 23:25:49
SESS0002394,P00055,상품_상세조회,2026-06-20 23:27:10
SESS0002396,P00153,상품_상세조회,2026-06-29 13:25:12
SESS0002396,P00151,찜하기,2026-06-29 13:25:27
SESS0002400,P00065,상품_상세조회,2026-06-14 20:27:25
SESS0002400,P00069,상품_상세조회,2026-06-14 20:29:20
SESS0002401,P00078,상품_상세조회,2026-06-26 20:55:12
SESS0002401,P00076,찜하기,2026-06-26 20:55:30
SESS0002402,P00091,상품_상세조회,2026-06-18 20:04:52
SESS0002403,P00006,상품_상세조회,2026-06-23 20:15:25
SESS0002405,P00157,상품_상세조회,2026-06-20 20:53:15
SESS0002405,P00154,상품_상세조회,2026-06-20 20:54:35
SESS0002405,P00155,상품_상세조회,2026-06-20 20:55:46
SESS0002405,P00156,상품_상세조회,2026-06-20 20:57:11
SESS0002405,P00157,찜하기,2026-06-20 20:58:50
SESS0002405,P00165,장바구니_담기,2026-06-20 21:01:43
SESS0002405,P00160,구매완료,2026-06-20 21:02:43
SESS0002406,P00082,상품_상세조회,2026-06-20 16:55:33
SESS0002406,P00086,상품_상세조회,2026-06-20 16:58:06
SESS0002406,P00090,찜하기,2026-06-20 17:00:30
SESS0002406,P00078,상품_상세조회,2026-06-20 17:02:13
SESS0002406,P00078,찜하기,2026-06-20 17:03:22
SESS0002406,P00077,상품_상세조회,2026-06-20 17:05:21
SESS0002406,P00090,찜하기,2026-06-20 17:05:49
SESS0002406,P00081,장바구니_담기,2026-06-20 17:06:36
SESS0002406,P00081,구매완료,2026-06-20 17:10:23
SESS0002407,P00096,상품_상세조회,2026-06-24 23:21:19
SESS0002407,P00098,상품_상세조회,2026-06-24 23:23:51
SESS0002407,P00102,찜하기,2026-06-24 23:26:08
SESS0002407,P00097,상품_상세조회,2026-06-24 23:27:35
SESS0002407,P00102,상품_상세조회,2026-06-24 23:29:19
SESS0002407,P00002,상품_상세조회,2026-06-24 23:32:51
SESS0002407,P00015,상품_상세조회,2026-06-24 23:35:08
SESS0002408,P00163,상품_상세조회,2026-06-20 21:56:33
SESS0002409,P00118,상품_상세조회,2026-06-27 18:10:09
SESS0002410,P00111,상품_상세조회,2026-06-12 18:24:47
SESS0002410,P00119,찜하기,2026-06-12 18:25:04
SESS0002410,P00112,상품_상세조회,2026-06-12 18:25:29
SESS0002410,P00110,찜하기,2026-06-12 18:27:38
SESS0002410,P00115,상품_상세조회,2026-06-12 18:29:40
SESS0002412,P00161,상품_상세조회,2026-06-07 16:55:52
SESS0002412,P00156,장바구니_담기,2026-06-07 16:57:29
SESS0002412,P00165,상품_상세조회,2026-06-07 16:58:43
SESS0002413,P00127,상품_상세조회,2026-06-16 20:56:32
SESS0002413,P00049,상품_상세조회,2026-06-16 21:04:15
SESS0002413,P00055,상품_상세조회,2026-06-16 21:05:29
SESS0002415,P00010,상품_상세조회,2026-06-19 18:30:43
SESS0002416,P00010,상품_상세조회,2026-06-05 20:51:01
SESS0002417,P00129,상품_상세조회,2026-06-29 17:44:33
SESS0002417,P00131,장바구니_담기,2026-06-29 17:44:53
SESS0002417,P00126,상품_상세조회,2026-06-29 17:45:34
SESS0002418,P00122,상품_상세조회,2026-06-04 21:00:10
SESS0002418,P00122,상품_상세조회,2026-06-04 21:02:44
SESS0002418,P00135,상품_상세조회,2026-06-04 21:03:23
SESS0002418,P00037,상품_상세조회,2026-06-04 21:06:34
SESS0002419,P00110,상품_상세조회,2026-06-14 18:55:06
SESS0002419,P00120,찜하기,2026-06-14 18:57:23
SESS0002420,P00038,상품_상세조회,2026-06-11 20:15:13
SESS0002420,P00041,상품_상세조회,2026-06-11 20:17:25
SESS0002420,P00039,찜하기,2026-06-11 20:18:31
SESS0002420,P00040,상품_상세조회,2026-06-11 20:19:55
SESS0002420,P00038,장바구니_담기,2026-06-11 20:22:10
SESS0002420,P00034,상품_상세조회,2026-06-11 20:25:01
SESS0002420,P00031,상품_상세조회,2026-06-11 20:27:03
SESS0002420,P00039,상품_상세조회,2026-06-11 20:29:55
SESS0002420,P00044,상품_상세조회,2026-06-11 20:32:54
SESS0002420,P00041,장바구니_담기,2026-06-11 20:34:17
SESS0002421,P00068,상품_상세조회,2026-06-07 23:36:45
SESS0002421,P00067,상품_상세조회,2026-06-07 23:38:30
SESS0002421,P00075,상품_상세조회,2026-06-07 23:40:02
SESS0002421,P00068,상품_상세조회,2026-06-07 23:42:38
SESS0002421,P00065,찜하기,2026-06-07 23:44:11
SESS0002421,P00067,상품_상세조회,2026-06-07 23:45:15
SESS0002421,P00062,장바구니_담기,2026-06-07 23:45:51
SESS0002422,P00090,상품_상세조회,2026-07-03 17:01:58
SESS0002423,P00149,상품_상세조회,2026-06-14 22:33:29
SESS0002423,P00136,장바구니_담기,2026-06-14 22:35:17
SESS0002423,P00150,구매완료,2026-06-14 22:37:35
SESS0002424,P00026,상품_상세조회,2026-06-24 22:36:19
SESS0002424,P00023,상품_상세조회,2026-06-24 22:37:06
SESS0002424,P00019,찜하기,2026-06-24 22:37:59
SESS0002424,P00029,상품_상세조회,2026-06-24 22:40:01
SESS0002424,P00026,상품_상세조회,2026-06-24 22:42:40
SESS0002425,P00001,상품_상세조회,2026-06-21 21:51:41
SESS0002425,P00008,상품_상세조회,2026-06-21 21:54:40
SESS0002426,P00095,상품_상세조회,2026-06-21 19:42:40
SESS0002426,P00092,상품_상세조회,2026-06-21 19:44:38
SESS0002426,P00093,장바구니_담기,2026-06-21 19:45:04
SESS0002427,P00102,상품_상세조회,2026-06-05 22:06:55
SESS0002428,P00091,상품_상세조회,2026-06-16 21:57:30
SESS0002428,P00104,상품_상세조회,2026-06-16 22:00:09
SESS0002428,P00094,상품_상세조회,2026-06-16 22:01:12
SESS0002428,P00103,장바구니_담기,2026-06-16 22:03:52
SESS0002429,P00086,상품_상세조회,2026-06-15 18:20:29
SESS0002429,P00079,상품_상세조회,2026-06-15 18:22:17
SESS0002429,P00081,장바구니_담기,2026-06-15 18:24:32
SESS0002429,P00078,구매완료,2026-06-15 18:27:03
SESS0002430,P00002,상품_상세조회,2026-06-12 17:02:32
SESS0002430,P00003,찜하기,2026-06-12 17:04:14
SESS0002430,P00013,장바구니_담기,2026-06-12 17:07:12
SESS0002431,P00005,상품_상세조회,2026-06-20 14:27:20
SESS0002431,P00002,장바구니_담기,2026-06-20 14:29:12
SESS0002431,P00004,구매완료,2026-06-20 14:33:20
SESS0002432,P00115,상품_상세조회,2026-06-16 14:28:42
SESS0002432,P00118,상품_상세조회,2026-06-16 14:30:58
SESS0002432,P00114,상품_상세조회,2026-06-16 14:31:43
SESS0002432,P00117,상품_상세조회,2026-06-16 14:34:34
SESS0002432,P00109,상품_상세조회,2026-06-16 14:36:43
SESS0002432,P00114,상품_상세조회,2026-06-16 14:38:08
SESS0002432,P00117,상품_상세조회,2026-06-16 14:38:40
SESS0002432,P00116,장바구니_담기,2026-06-16 14:41:39
SESS0002432,P00106,구매완료,2026-06-16 14:45:22
SESS0002433,P00062,상품_상세조회,2026-06-25 17:58:36
SESS0002433,P00148,상품_상세조회,2026-06-25 18:02:35
SESS0002433,P00149,장바구니_담기,2026-06-25 18:05:10
SESS0002434,P00068,상품_상세조회,2026-06-10 23:48:03
SESS0002434,P00064,장바구니_담기,2026-06-10 23:49:37
SESS0002434,P00062,구매완료,2026-06-10 23:52:34
SESS0002435,P00164,상품_상세조회,2026-06-18 19:12:13
SESS0002435,P00165,상품_상세조회,2026-06-18 19:12:34
SESS0002435,P00162,상품_상세조회,2026-06-18 19:14:02
SESS0002435,P00152,상품_상세조회,2026-06-18 19:14:35
SESS0002435,P00160,찜하기,2026-06-18 19:17:24
SESS0002435,P00158,장바구니_담기,2026-06-18 19:18:32
SESS0002436,P00012,상품_상세조회,2026-06-10 21:42:42
SESS0002436,P00007,상품_상세조회,2026-06-10 21:45:24
SESS0002437,P00078,상품_상세조회,2026-06-22 18:41:53
SESS0002437,P00082,상품_상세조회,2026-06-22 18:43:14
SESS0002437,P00079,상품_상세조회,2026-06-22 18:44:34
SESS0002437,P00078,장바구니_담기,2026-06-22 18:46:17
SESS0002438,P00065,상품_상세조회,2026-06-15 18:29:26
SESS0002438,P00074,상품_상세조회,2026-06-15 18:30:02
SESS0002438,P00069,상품_상세조회,2026-06-15 18:31:28
SESS0002439,P00115,상품_상세조회,2026-06-09 21:52:45
SESS0002439,P00112,장바구니_담기,2026-06-09 21:53:29
SESS0002440,P00067,상품_상세조회,2026-06-23 15:27:27
SESS0002440,P00065,상품_상세조회,2026-06-23 15:30:22
SESS0002440,P00063,장바구니_담기,2026-06-23 15:31:54
SESS0002441,P00099,상품_상세조회,2026-06-07 21:59:34
SESS0002441,P00137,상품_상세조회,2026-06-07 22:05:19
SESS0002441,P00139,상품_상세조회,2026-06-07 22:05:53
SESS0002442,P00083,상품_상세조회,2026-06-26 15:18:09
SESS0002442,P00089,상품_상세조회,2026-06-26 15:18:36
SESS0002442,P00082,상품_상세조회,2026-06-26 15:21:18
SESS0002443,P00087,상품_상세조회,2026-06-19 16:16:30
SESS0002443,P00063,상품_상세조회,2026-06-19 16:20:09
SESS0002443,P00070,상품_상세조회,2026-06-19 16:21:10
SESS0002443,P00064,찜하기,2026-06-19 16:23:20
SESS0002443,P00069,상품_상세조회,2026-06-19 16:25:09
SESS0002443,P00063,찜하기,2026-06-19 16:27:13
SESS0002445,P00163,상품_상세조회,2026-06-23 16:25:58
SESS0002445,P00165,상품_상세조회,2026-06-23 16:28:15
SESS0002446,P00142,상품_상세조회,2026-06-04 15:56:18
SESS0002446,P00144,장바구니_담기,2026-06-04 15:58:01
SESS0002446,P00138,구매완료,2026-06-04 15:59:55
SESS0002447,P00026,상품_상세조회,2026-06-14 21:04:57
SESS0002447,P00023,찜하기,2026-06-14 21:07:37
SESS0002448,P00165,상품_상세조회,2026-06-25 16:19:35
SESS0002448,P00155,장바구니_담기,2026-06-25 16:21:01
SESS0002449,P00119,상품_상세조회,2026-06-22 17:53:41
SESS0002450,P00004,상품_상세조회,2026-06-06 20:42:59
SESS0002450,P00012,상품_상세조회,2026-06-06 20:43:32
SESS0002450,P00001,상품_상세조회,2026-06-06 20:45:22
SESS0002451,P00067,상품_상세조회,2026-06-16 19:35:02
SESS0002451,P00074,상품_상세조회,2026-06-16 19:37:24
SESS0002451,P00075,찜하기,2026-06-16 19:39:36
SESS0002451,P00072,장바구니_담기,2026-06-16 19:42:22
SESS0002451,P00069,구매완료,2026-06-16 19:46:13
SESS0002452,P00087,상품_상세조회,2026-06-23 13:13:41
SESS0002452,P00076,상품_상세조회,2026-06-23 13:14:34
SESS0002452,P00084,상품_상세조회,2026-06-23 13:14:58
SESS0002452,P00078,상품_상세조회,2026-06-23 13:17:44
SESS0002452,P00077,장바구니_담기,2026-06-23 13:18:00
SESS0002452,P00081,상품_상세조회,2026-06-23 13:18:29
SESS0002452,P00073,상품_상세조회,2026-06-23 13:22:11
SESS0002455,P00031,상품_상세조회,2026-06-04 21:58:43
SESS0002455,P00034,상품_상세조회,2026-06-04 22:00:58
SESS0002455,P00036,찜하기,2026-06-04 22:01:42
SESS0002456,P00160,상품_상세조회,2026-06-22 23:42:09
SESS0002456,P00153,상품_상세조회,2026-06-22 23:44:53
SESS0002457,P00140,상품_상세조회,2026-06-06 17:38:05
SESS0002458,P00010,상품_상세조회,2026-06-07 23:18:19
SESS0002458,P00003,상품_상세조회,2026-06-07 23:20:25
SESS0002458,P00150,상품_상세조회,2026-06-07 23:24:32
SESS0002458,P00140,찜하기,2026-06-07 23:26:14
SESS0002458,P00136,장바구니_담기,2026-06-07 23:28:06
SESS0002459,P00101,상품_상세조회,2026-06-25 21:41:11
SESS0002460,P00071,상품_상세조회,2026-06-29 20:21:11
SESS0002460,P00160,상품_상세조회,2026-06-29 20:24:56
SESS0002462,P00063,상품_상세조회,2026-06-20 17:25:40
SESS0002463,P00164,상품_상세조회,2026-06-05 20:05:12
SESS0002463,P00155,장바구니_담기,2026-06-05 20:07:58
SESS0002464,P00014,상품_상세조회,2026-06-22 19:41:26
SESS0002464,P00007,상품_상세조회,2026-06-22 19:42:14
SESS0002465,P00027,상품_상세조회,2026-06-22 18:30:59
SESS0002466,P00090,상품_상세조회,2026-06-28 19:40:31
SESS0002466,P00081,상품_상세조회,2026-06-28 19:40:51
SESS0002467,P00052,상품_상세조회,2026-06-26 19:46:15
SESS0002467,P00046,찜하기,2026-06-26 19:49:13
SESS0002469,P00059,상품_상세조회,2026-06-10 20:49:17
SESS0002469,P00050,찜하기,2026-06-10 20:50:21
SESS0002469,P00053,장바구니_담기,2026-06-10 20:51:18
SESS0002469,P00060,구매완료,2026-06-10 20:55:00
SESS0002470,P00041,상품_상세조회,2026-06-14 23:42:07
SESS0002470,P00036,찜하기,2026-06-14 23:44:56
SESS0002470,P00043,장바구니_담기,2026-06-14 23:46:26
SESS0002470,P00044,구매완료,2026-06-14 23:48:42
SESS0002471,P00047,상품_상세조회,2026-06-26 00:03:11
SESS0002471,P00050,상품_상세조회,2026-06-26 00:03:45
SESS0002472,P00049,상품_상세조회,2026-06-08 21:32:17
SESS0002472,P00053,상품_상세조회,2026-06-08 21:33:48
SESS0002472,P00142,상품_상세조회,2026-06-08 21:38:37
SESS0002472,P00148,찜하기,2026-06-08 21:39:38
SESS0002474,P00005,상품_상세조회,2026-06-12 21:06:07
SESS0002474,P00010,상품_상세조회,2026-06-12 21:09:06
SESS0002474,P00006,장바구니_담기,2026-06-12 21:10:06
SESS0002474,P00011,구매완료,2026-06-12 21:11:16
SESS0002475,P00026,상품_상세조회,2026-06-04 21:36:03
SESS0002475,P00018,상품_상세조회,2026-06-04 21:38:37
SESS0002475,P00030,찜하기,2026-06-04 21:40:24
SESS0002476,P00076,상품_상세조회,2026-06-12 17:54:33
SESS0002476,P00080,장바구니_담기,2026-06-12 17:56:55
SESS0002477,P00146,상품_상세조회,2026-06-15 11:40:51
SESS0002477,P00140,장바구니_담기,2026-06-15 11:41:16
SESS0002478,P00123,상품_상세조회,2026-06-26 17:34:14
SESS0002478,P00128,상품_상세조회,2026-06-26 17:36:56
SESS0002479,P00044,상품_상세조회,2026-06-20 14:33:52
SESS0002479,P00041,상품_상세조회,2026-06-20 14:34:53
SESS0002479,P00013,상품_상세조회,2026-06-20 14:41:04
SESS0002479,P00001,찜하기,2026-06-20 14:43:38
SESS0002479,P00003,장바구니_담기,2026-06-20 14:45:44
SESS0002480,P00073,상품_상세조회,2026-06-09 19:51:22
SESS0002481,P00055,상품_상세조회,2026-06-14 20:36:19
SESS0002481,P00046,찜하기,2026-06-14 20:36:42
SESS0002481,P00054,상품_상세조회,2026-06-14 20:39:23
SESS0002483,P00005,상품_상세조회,2026-06-08 19:57:53
SESS0002484,P00075,상품_상세조회,2026-06-13 21:58:32
SESS0002485,P00102,상품_상세조회,2026-06-19 16:19:38
SESS0002485,P00100,상품_상세조회,2026-06-19 16:21:04
SESS0002485,P00005,상품_상세조회,2026-06-19 16:25:47
SESS0002485,P00012,상품_상세조회,2026-06-19 16:26:53
SESS0002485,P00005,상품_상세조회,2026-06-19 16:28:49
SESS0002485,P00009,상품_상세조회,2026-06-19 16:31:04
SESS0002485,P00011,상품_상세조회,2026-06-19 16:33:42
SESS0002486,P00117,상품_상세조회,2026-06-08 20:55:01
SESS0002486,P00118,장바구니_담기,2026-06-08 20:55:26
SESS0002486,P00110,구매완료,2026-06-08 21:00:01
SESS0002487,P00125,상품_상세조회,2026-06-07 23:10:51
SESS0002487,P00122,찜하기,2026-06-07 23:13:19
SESS0002488,P00154,상품_상세조회,2026-07-04 00:00:05
SESS0002488,P00165,찜하기,2026-07-04 00:01:09
SESS0002488,P00157,장바구니_담기,2026-07-04 00:04:05
SESS0002489,P00035,상품_상세조회,2026-06-11 20:39:00
SESS0002489,P00036,상품_상세조회,2026-06-11 20:41:23
SESS0002489,P00032,상품_상세조회,2026-06-11 20:44:02
SESS0002489,P00036,상품_상세조회,2026-06-11 20:45:11
SESS0002490,P00146,상품_상세조회,2026-07-03 14:40:22
SESS0002490,P00142,장바구니_담기,2026-07-03 14:41:06
SESS0002490,P00143,구매완료,2026-07-03 14:45:20
SESS0002491,P00039,상품_상세조회,2026-06-06 20:00:17
SESS0002491,P00034,상품_상세조회,2026-06-06 20:00:48
SESS0002491,P00036,찜하기,2026-06-06 20:02:51
SESS0002491,P00041,장바구니_담기,2026-06-06 20:05:47
SESS0002492,P00049,상품_상세조회,2026-06-04 18:43:40
SESS0002492,P00047,장바구니_담기,2026-06-04 18:44:24
SESS0002493,P00015,상품_상세조회,2026-06-15 19:59:18
SESS0002494,P00002,상품_상세조회,2026-06-05 11:15:32
SESS0002494,P00006,장바구니_담기,2026-06-05 11:16:57
SESS0002495,P00121,상품_상세조회,2026-06-04 18:22:06
SESS0002495,P00125,장바구니_담기,2026-06-04 18:24:01
SESS0002495,P00128,상품_상세조회,2026-06-04 18:25:33
SESS0002495,P00123,장바구니_담기,2026-06-04 18:28:28
SESS0002495,P00130,구매완료,2026-06-04 18:30:36
SESS0002496,P00077,상품_상세조회,2026-06-13 21:55:08
SESS0002496,P00080,상품_상세조회,2026-06-13 21:56:47
SESS0002496,P00078,상품_상세조회,2026-06-13 21:57:13
SESS0002497,P00140,상품_상세조회,2026-06-19 17:40:18
SESS0002497,P00149,상품_상세조회,2026-06-19 17:40:48
SESS0002497,P00146,상품_상세조회,2026-06-19 17:41:26
SESS0002498,P00126,상품_상세조회,2026-06-21 14:35:15
SESS0002498,P00126,장바구니_담기,2026-06-21 14:36:00
SESS0002498,P00132,상품_상세조회,2026-06-21 14:38:36
SESS0002498,P00134,장바구니_담기,2026-06-21 14:41:28
SESS0002498,P00135,구매완료,2026-06-21 14:45:57
SESS0002499,P00006,상품_상세조회,2026-07-03 17:19:41
SESS0002499,P00004,상품_상세조회,2026-07-03 17:22:33
SESS0002501,P00092,상품_상세조회,2026-06-07 21:18:11
SESS0002501,P00098,상품_상세조회,2026-06-07 21:19:19
SESS0002501,P00096,찜하기,2026-06-07 21:22:08
SESS0002501,P00103,장바구니_담기,2026-06-07 21:24:06
SESS0002502,P00107,상품_상세조회,2026-06-18 19:12:36
SESS0002502,P00115,장바구니_담기,2026-06-18 19:12:56
SESS0002502,P00113,상품_상세조회,2026-06-18 19:13:26
SESS0002502,P00112,상품_상세조회,2026-06-18 19:14:37
SESS0002502,P00114,상품_상세조회,2026-06-18 19:16:01
SESS0002502,P00111,상품_상세조회,2026-06-18 19:18:26
SESS0002502,P00115,상품_상세조회,2026-06-18 19:20:45
SESS0002502,P00113,찜하기,2026-06-18 19:21:54
SESS0002503,P00076,상품_상세조회,2026-06-18 14:36:43
SESS0002503,P00085,상품_상세조회,2026-06-18 14:38:06
SESS0002503,P00080,찜하기,2026-06-18 14:39:08
SESS0002503,P00083,상품_상세조회,2026-06-18 14:39:23
SESS0002503,P00085,장바구니_담기,2026-06-18 14:40:26
SESS0002504,P00155,상품_상세조회,2026-06-19 19:43:47
SESS0002504,P00154,상품_상세조회,2026-06-19 19:46:19
SESS0002504,P00151,찜하기,2026-06-19 19:48:12
SESS0002504,P00160,상품_상세조회,2026-06-19 19:48:59
SESS0002505,P00083,상품_상세조회,2026-06-19 20:25:41
SESS0002505,P00089,상품_상세조회,2026-06-19 20:27:02
SESS0002505,P00077,장바구니_담기,2026-06-19 20:28:02
SESS0002505,P00078,구매완료,2026-06-19 20:30:52
SESS0002506,P00071,상품_상세조회,2026-06-14 17:09:30
SESS0002506,P00072,장바구니_담기,2026-06-14 17:12:20
SESS0002506,P00064,구매완료,2026-06-14 17:14:50
SESS0002507,P00120,상품_상세조회,2026-06-19 14:54:57
SESS0002507,P00118,상품_상세조회,2026-06-19 14:56:21
SESS0002508,P00014,상품_상세조회,2026-06-06 20:36:54
SESS0002508,P00005,상품_상세조회,2026-06-06 20:37:29
SESS0002508,P00006,장바구니_담기,2026-06-06 20:40:17
SESS0002508,P00004,구매완료,2026-06-06 20:42:40
SESS0002509,P00161,상품_상세조회,2026-06-13 16:23:38
SESS0002510,P00128,상품_상세조회,2026-06-25 19:11:43
SESS0002511,P00092,상품_상세조회,2026-06-16 19:08:08
SESS0002511,P00102,상품_상세조회,2026-06-16 19:10:20
SESS0002511,P00094,상품_상세조회,2026-06-16 19:10:55
SESS0002512,P00100,상품_상세조회,2026-06-13 18:37:53
SESS0002512,P00101,상품_상세조회,2026-06-13 18:40:43
SESS0002512,P00104,상품_상세조회,2026-06-13 18:41:40
SESS0002513,P00014,상품_상세조회,2026-06-15 12:16:46
SESS0002513,P00004,상품_상세조회,2026-06-15 12:25:47
SESS0002514,P00123,상품_상세조회,2026-06-18 18:01:14
SESS0002514,P00121,상품_상세조회,2026-06-18 18:03:50
SESS0002515,P00121,상품_상세조회,2026-06-20 17:26:14
SESS0002516,P00030,상품_상세조회,2026-06-25 23:10:46
SESS0002516,P00023,상품_상세조회,2026-06-25 23:12:25
SESS0002517,P00019,상품_상세조회,2026-06-28 23:12:12
SESS0002518,P00006,상품_상세조회,2026-06-05 20:01:58
SESS0002518,P00015,장바구니_담기,2026-06-05 20:03:44
SESS0002518,P00007,구매완료,2026-06-05 20:06:48
SESS0002520,P00010,상품_상세조회,2026-06-05 18:31:47
SESS0002520,P00012,찜하기,2026-06-05 18:34:17
SESS0002521,P00097,상품_상세조회,2026-06-30 22:06:42
SESS0002521,P00092,상품_상세조회,2026-06-30 22:09:33
SESS0002521,P00102,상품_상세조회,2026-06-30 22:10:13
SESS0002521,P00101,장바구니_담기,2026-06-30 22:12:39
SESS0002521,P00101,상품_상세조회,2026-06-30 22:14:18
SESS0002522,P00152,상품_상세조회,2026-07-02 18:30:22
SESS0002522,P00153,상품_상세조회,2026-07-02 18:30:42
SESS0002522,P00156,찜하기,2026-07-02 18:32:08
SESS0002522,P00151,상품_상세조회,2026-07-02 18:33:54
SESS0002522,P00165,장바구니_담기,2026-07-02 18:35:39
SESS0002523,P00085,상품_상세조회,2026-06-26 21:52:24
SESS0002523,P00076,상품_상세조회,2026-06-26 21:55:19
SESS0002523,P00129,상품_상세조회,2026-06-26 21:59:39
SESS0002523,P00123,장바구니_담기,2026-06-26 22:00:49
SESS0002523,P00130,구매완료,2026-06-26 22:05:09
SESS0002524,P00119,상품_상세조회,2026-06-29 20:08:58
SESS0002524,P00114,장바구니_담기,2026-06-29 20:10:43
SESS0002525,P00146,상품_상세조회,2026-06-06 20:45:46
SESS0002525,P00141,장바구니_담기,2026-06-06 20:47:47
SESS0002526,P00030,상품_상세조회,2026-06-22 14:35:15
SESS0002526,P00024,장바구니_담기,2026-06-22 14:36:00
SESS0002526,P00016,구매완료,2026-06-22 14:37:14
SESS0002527,P00161,상품_상세조회,2026-06-19 12:47:39
SESS0002527,P00151,장바구니_담기,2026-06-19 12:50:36
SESS0002527,P00158,구매완료,2026-06-19 12:55:14
SESS0002528,P00136,상품_상세조회,2026-06-22 17:50:41
SESS0002528,P00148,찜하기,2026-06-22 17:53:11
SESS0002528,P00144,상품_상세조회,2026-06-22 17:55:07
SESS0002528,P00006,상품_상세조회,2026-06-22 17:56:56
SESS0002528,P00001,장바구니_담기,2026-06-22 17:59:28
SESS0002528,P00014,상품_상세조회,2026-06-22 18:00:41
SESS0002528,P00003,상품_상세조회,2026-06-22 18:01:23
SESS0002528,P00001,장바구니_담기,2026-06-22 18:02:09
SESS0002528,P00004,구매완료,2026-06-22 18:05:22
SESS0002529,P00155,상품_상세조회,2026-06-28 21:18:46
SESS0002530,P00080,상품_상세조회,2026-06-05 19:56:27
SESS0002531,P00005,상품_상세조회,2026-07-02 17:22:40
SESS0002531,P00005,상품_상세조회,2026-07-02 17:25:38
SESS0002531,P00015,상품_상세조회,2026-07-02 17:27:19
SESS0002531,P00122,상품_상세조회,2026-07-02 17:30:15
SESS0002531,P00120,상품_상세조회,2026-07-02 17:35:47
SESS0002532,P00075,상품_상세조회,2026-06-16 21:26:48
SESS0002532,P00063,장바구니_담기,2026-06-16 21:28:46
SESS0002532,P00063,구매완료,2026-06-16 21:32:24
SESS0002533,P00007,상품_상세조회,2026-06-14 23:51:59
SESS0002533,P00011,상품_상세조회,2026-06-14 23:52:27
SESS0002534,P00054,상품_상세조회,2026-07-03 19:10:53
SESS0002534,P00054,찜하기,2026-07-03 19:13:45
SESS0002534,P00054,상품_상세조회,2026-07-03 19:16:33
SESS0002534,P00053,상품_상세조회,2026-07-03 19:19:01
SESS0002534,P00053,상품_상세조회,2026-07-03 19:20:55
SESS0002534,P00058,찜하기,2026-07-03 19:21:29
SESS0002534,P00060,상품_상세조회,2026-07-03 19:23:24
SESS0002534,P00049,장바구니_담기,2026-07-03 19:26:00
SESS0002534,P00052,구매완료,2026-07-03 19:29:20
SESS0002535,P00112,상품_상세조회,2026-07-03 22:46:20
SESS0002535,P00116,상품_상세조회,2026-07-03 22:46:50
SESS0002536,P00115,상품_상세조회,2026-06-08 16:16:28
SESS0002536,P00107,상품_상세조회,2026-06-08 16:17:29
SESS0002536,P00109,상품_상세조회,2026-06-08 16:18:59
SESS0002537,P00076,상품_상세조회,2026-06-30 17:53:34
SESS0002538,P00099,상품_상세조회,2026-07-03 18:55:55
SESS0002539,P00012,상품_상세조회,2026-06-15 15:34:41
SESS0002539,P00003,상품_상세조회,2026-06-15 15:35:00
SESS0002540,P00112,상품_상세조회,2026-06-05 21:52:22
SESS0002540,P00114,상품_상세조회,2026-06-05 21:55:15
SESS0002540,P00116,찜하기,2026-06-05 21:56:12
SESS0002540,P00112,장바구니_담기,2026-06-05 21:58:40
SESS0002540,P00117,구매완료,2026-06-05 21:59:50
SESS0002541,P00137,상품_상세조회,2026-06-24 19:32:53
SESS0002541,P00100,상품_상세조회,2026-06-24 19:40:13
SESS0002541,P00094,찜하기,2026-06-24 19:42:23
SESS0002541,P00094,장바구니_담기,2026-06-24 19:42:56
SESS0002541,P00095,구매완료,2026-06-24 19:46:35
SESS0002542,P00146,상품_상세조회,2026-07-03 16:34:54
SESS0002542,P00136,상품_상세조회,2026-07-03 16:36:37
SESS0002542,P00138,상품_상세조회,2026-07-03 16:38:40
SESS0002542,P00143,장바구니_담기,2026-07-03 16:41:19
SESS0002542,P00141,상품_상세조회,2026-07-03 16:42:34
SESS0002542,P00148,찜하기,2026-07-03 16:43:55
SESS0002542,P00150,상품_상세조회,2026-07-03 16:46:27
SESS0002542,P00141,찜하기,2026-07-03 16:47:01
SESS0002542,P00148,상품_상세조회,2026-07-03 16:48:08
SESS0002542,P00147,상품_상세조회,2026-07-03 16:50:25
SESS0002542,P00140,찜하기,2026-07-03 16:53:20
SESS0002543,P00061,상품_상세조회,2026-06-18 17:03:22
SESS0002544,P00098,상품_상세조회,2026-07-01 20:21:32
SESS0002544,P00091,장바구니_담기,2026-07-01 20:22:17
SESS0002544,P00095,구매완료,2026-07-01 20:25:06
SESS0002545,P00094,상품_상세조회,2026-07-03 18:51:01
SESS0002545,P00094,상품_상세조회,2026-07-03 18:53:58
SESS0002545,P00172,상품_상세조회,2026-07-03 18:57:58
SESS0002545,P00175,찜하기,2026-07-03 19:00:16
SESS0002546,P00140,상품_상세조회,2026-06-07 20:10:52
SESS0002547,P00080,상품_상세조회,2026-06-26 19:40:18
SESS0002547,P00085,장바구니_담기,2026-06-26 19:42:36
SESS0002548,P00076,상품_상세조회,2026-06-18 19:48:23
SESS0002549,P00008,상품_상세조회,2026-06-23 18:49:44
SESS0002551,P00133,상품_상세조회,2026-06-12 22:58:08
SESS0002553,P00128,상품_상세조회,2026-06-21 14:59:21
SESS0002553,P00131,찜하기,2026-06-21 14:59:54
SESS0002553,P00123,상품_상세조회,2026-06-21 15:01:06
SESS0002553,P00074,상품_상세조회,2026-06-21 15:04:51
SESS0002553,P00061,찜하기,2026-06-21 15:05:57
SESS0002553,P00065,장바구니_담기,2026-06-21 15:07:00
SESS0002554,P00025,상품_상세조회,2026-06-15 22:35:53
SESS0002554,P00025,장바구니_담기,2026-06-15 22:37:33
SESS0002555,P00164,상품_상세조회,2026-06-30 16:33:16
SESS0002556,P00104,상품_상세조회,2026-06-18 19:03:51
SESS0002557,P00001,상품_상세조회,2026-06-21 17:18:18
SESS0002558,P00086,상품_상세조회,2026-06-05 16:33:27
SESS0002559,P00088,상품_상세조회,2026-06-28 23:50:38
SESS0002559,P00079,상품_상세조회,2026-06-28 23:51:22
SESS0002560,P00099,상품_상세조회,2026-06-16 18:45:56
SESS0002561,P00147,상품_상세조회,2026-07-02 13:59:52
SESS0002562,P00083,상품_상세조회,2026-06-08 19:49:15
SESS0002562,P00088,찜하기,2026-06-08 19:50:20
SESS0002562,P00081,장바구니_담기,2026-06-08 19:52:42
SESS0002563,P00068,상품_상세조회,2026-06-18 17:13:49
SESS0002565,P00089,상품_상세조회,2026-06-13 19:31:24
SESS0002566,P00107,상품_상세조회,2026-06-25 21:08:18
SESS0002566,P00153,상품_상세조회,2026-06-25 21:11:18
SESS0002566,P00157,장바구니_담기,2026-06-25 21:11:51
SESS0002566,P00161,구매완료,2026-06-25 21:15:46
SESS0002567,P00149,상품_상세조회,2026-06-14 19:32:58
SESS0002567,P00149,상품_상세조회,2026-06-14 19:34:27
SESS0002567,P00141,상품_상세조회,2026-06-14 19:36:12
SESS0002567,P00079,상품_상세조회,2026-06-14 19:38:45
SESS0002567,P00090,상품_상세조회,2026-06-14 19:41:27
SESS0002567,P00101,상품_상세조회,2026-06-14 19:43:40
SESS0002567,P00095,찜하기,2026-06-14 19:46:35
SESS0002567,P00099,상품_상세조회,2026-06-14 19:49:11
SESS0002567,P00102,찜하기,2026-06-14 19:50:42
SESS0002568,P00064,상품_상세조회,2026-06-29 19:15:25
SESS0002568,P00069,상품_상세조회,2026-06-29 19:17:40
SESS0002568,P00061,상품_상세조회,2026-06-29 19:19:50
SESS0002568,P00061,상품_상세조회,2026-06-29 19:22:17
SESS0002568,P00071,찜하기,2026-06-29 19:22:46
SESS0002568,P00061,장바구니_담기,2026-06-29 19:24:37
SESS0002568,P00066,구매완료,2026-06-29 19:27:20
SESS0002570,P00021,상품_상세조회,2026-06-12 16:10:16
SESS0002570,P00024,찜하기,2026-06-12 16:12:01
SESS0002571,P00121,상품_상세조회,2026-06-23 17:57:23
SESS0002571,P00122,찜하기,2026-06-23 17:58:38
SESS0002572,P00164,상품_상세조회,2026-06-18 21:30:37
SESS0002572,P00159,상품_상세조회,2026-06-18 21:31:31
SESS0002573,P00107,상품_상세조회,2026-06-26 19:58:09
SESS0002573,P00002,상품_상세조회,2026-06-26 20:01:18
SESS0002573,P00013,찜하기,2026-06-26 20:03:27
SESS0002573,P00005,상품_상세조회,2026-06-26 20:05:59
SESS0002573,P00095,상품_상세조회,2026-06-26 20:10:41
SESS0002573,P00104,찜하기,2026-06-26 20:13:24
SESS0002574,P00084,상품_상세조회,2026-06-05 19:46:43
SESS0002575,P00157,상품_상세조회,2026-06-16 17:43:31
SESS0002575,P00159,상품_상세조회,2026-06-16 17:46:28
SESS0002575,P00164,상품_상세조회,2026-06-16 17:48:51
SESS0002575,P00163,찜하기,2026-06-16 17:51:38
SESS0002577,P00007,상품_상세조회,2026-06-13 23:46:09
SESS0002578,P00098,상품_상세조회,2026-07-03 19:01:07
SESS0002579,P00010,상품_상세조회,2026-06-14 20:07:54
SESS0002580,P00024,상품_상세조회,2026-06-06 23:03:56
SESS0002580,P00029,상품_상세조회,2026-06-06 23:06:23
SESS0002581,P00117,상품_상세조회,2026-06-08 16:21:59
SESS0002582,P00116,상품_상세조회,2026-06-21 11:48:23
SESS0002583,P00128,상품_상세조회,2026-06-28 20:54:23
SESS0002583,P00131,장바구니_담기,2026-06-28 20:57:15
SESS0002583,P00124,구매완료,2026-06-28 21:01:25
SESS0002584,P00011,상품_상세조회,2026-06-17 21:45:30
SESS0002584,P00005,찜하기,2026-06-17 21:46:32
SESS0002584,P00009,장바구니_담기,2026-06-17 21:48:29
SESS0002584,P00001,구매완료,2026-06-17 21:50:24
SESS0002585,P00154,상품_상세조회,2026-06-15 22:28:16
SESS0002585,P00161,장바구니_담기,2026-06-15 22:29:05
SESS0002585,P00152,구매완료,2026-06-15 22:31:16
SESS0002586,P00057,상품_상세조회,2026-06-18 20:52:02
SESS0002586,P00051,장바구니_담기,2026-06-18 20:53:02
SESS0002587,P00143,상품_상세조회,2026-06-20 21:09:48
SESS0002587,P00144,찜하기,2026-06-20 21:10:33
SESS0002590,P00113,상품_상세조회,2026-06-04 16:10:54
SESS0002591,P00110,상품_상세조회,2026-06-06 14:12:26
SESS0002592,P00005,상품_상세조회,2026-06-06 23:32:43
SESS0002592,P00006,상품_상세조회,2026-06-06 23:33:42
SESS0002592,P00106,상품_상세조회,2026-06-06 23:39:46
SESS0002592,P00081,상품_상세조회,2026-06-06 23:43:36
SESS0002592,P00089,상품_상세조회,2026-06-06 23:44:39
SESS0002593,P00003,상품_상세조회,2026-06-28 13:28:26
SESS0002593,P00015,찜하기,2026-06-28 13:30:14
SESS0002594,P00132,상품_상세조회,2026-06-14 20:30:52
SESS0002594,P00124,상품_상세조회,2026-06-14 20:31:11
SESS0002595,P00011,상품_상세조회,2026-06-19 21:13:05
SESS0002595,P00001,상품_상세조회,2026-06-19 21:15:25
SESS0002595,P00013,찜하기,2026-06-19 21:17:39
SESS0002595,P00001,상품_상세조회,2026-06-19 21:18:38
SESS0002595,P00004,상품_상세조회,2026-06-19 21:21:09
SESS0002595,P00004,장바구니_담기,2026-06-19 21:24:00
SESS0002596,P00028,상품_상세조회,2026-06-20 18:23:36
SESS0002596,P00073,상품_상세조회,2026-06-20 18:28:56
SESS0002596,P00065,장바구니_담기,2026-06-20 18:30:00
SESS0002596,P00062,상품_상세조회,2026-06-20 18:32:09
SESS0002596,P00073,상품_상세조회,2026-06-20 18:33:19
SESS0002597,P00013,상품_상세조회,2026-06-30 17:45:38
SESS0002598,P00124,상품_상세조회,2026-06-20 18:27:04
SESS0002598,P00129,상품_상세조회,2026-06-20 18:27:25
SESS0002599,P00133,상품_상세조회,2026-06-09 23:45:15
SESS0002599,P00122,장바구니_담기,2026-06-09 23:47:05
SESS0002599,P00126,구매완료,2026-06-09 23:49:30
SESS0002600,P00131,상품_상세조회,2026-06-06 18:07:13
SESS0002600,P00128,찜하기,2026-06-06 18:08:20
SESS0002601,P00059,상품_상세조회,2026-07-01 13:44:27
SESS0002601,P00050,찜하기,2026-07-01 13:47:02
SESS0002602,P00126,상품_상세조회,2026-06-22 21:47:54
SESS0002602,P00122,상품_상세조회,2026-06-22 21:50:00
SESS0002602,P00123,상품_상세조회,2026-06-22 21:51:37
SESS0002602,P00133,상품_상세조회,2026-06-22 21:53:22
SESS0002602,P00123,상품_상세조회,2026-06-22 21:54:28
SESS0002603,P00125,상품_상세조회,2026-07-03 17:16:22
SESS0002604,P00001,상품_상세조회,2026-06-11 23:45:21
SESS0002604,P00006,장바구니_담기,2026-06-11 23:47:51
SESS0002604,P00011,구매완료,2026-06-11 23:53:09
SESS0002605,P00136,상품_상세조회,2026-06-13 18:04:41
SESS0002605,P00146,찜하기,2026-06-13 18:07:17
SESS0002605,P00148,상품_상세조회,2026-06-13 18:08:50
SESS0002605,P00138,장바구니_담기,2026-06-13 18:11:27
SESS0002606,P00036,상품_상세조회,2026-06-08 18:10:24
SESS0002607,P00058,상품_상세조회,2026-06-23 23:17:45
SESS0002607,P00048,상품_상세조회,2026-06-23 23:18:25
SESS0002608,P00141,상품_상세조회,2026-06-11 21:57:25
SESS0002609,P00021,상품_상세조회,2026-06-27 23:06:33
SESS0002609,P00024,찜하기,2026-06-27 23:08:20
SESS0002611,P00111,상품_상세조회,2026-06-19 23:45:08
SESS0002611,P00118,상품_상세조회,2026-06-19 23:45:32
SESS0002611,P00110,상품_상세조회,2026-06-19 23:46:47
SESS0002612,P00104,상품_상세조회,2026-06-11 22:44:08
SESS0002612,P00099,장바구니_담기,2026-06-11 22:46:06
SESS0002612,P00095,구매완료,2026-06-11 22:49:23
SESS0002613,P00110,상품_상세조회,2026-06-22 19:56:52
SESS0002614,P00106,상품_상세조회,2026-06-18 15:15:53
SESS0002615,P00082,상품_상세조회,2026-06-12 21:50:20
SESS0002615,P00088,상품_상세조회,2026-06-12 21:51:53
SESS0002616,P00126,상품_상세조회,2026-06-23 21:24:10
SESS0002616,P00128,상품_상세조회,2026-06-23 21:25:02
SESS0002617,P00081,상품_상세조회,2026-06-19 14:25:54
SESS0002617,P00081,상품_상세조회,2026-06-19 14:26:50
SESS0002617,P00076,찜하기,2026-06-19 14:27:46
SESS0002618,P00141,상품_상세조회,2026-06-07 19:44:08
SESS0002618,P00144,상품_상세조회,2026-06-07 19:44:53
SESS0002619,P00150,상품_상세조회,2026-06-22 13:35:48
SESS0002619,P00136,찜하기,2026-06-22 13:36:51
SESS0002619,P00147,상품_상세조회,2026-06-22 13:39:41
SESS0002620,P00165,상품_상세조회,2026-06-12 23:12:13
SESS0002621,P00062,상품_상세조회,2026-06-30 20:26:47
SESS0002622,P00060,상품_상세조회,2026-06-12 16:04:21
SESS0002622,P00059,상품_상세조회,2026-06-12 16:07:11
SESS0002622,P00014,상품_상세조회,2026-06-12 16:11:48
SESS0002622,P00070,상품_상세조회,2026-06-12 16:17:37
SESS0002623,P00069,상품_상세조회,2026-06-24 18:18:28
SESS0002624,P00126,상품_상세조회,2026-06-07 20:48:55
SESS0002625,P00152,상품_상세조회,2026-06-15 20:36:44
SESS0002626,P00006,상품_상세조회,2026-06-24 19:58:14
SESS0002627,P00161,상품_상세조회,2026-06-12 19:28:51
SESS0002628,P00069,상품_상세조회,2026-06-08 18:31:32
SESS0002629,P00099,상품_상세조회,2026-06-16 21:29:51
SESS0002629,P00093,찜하기,2026-06-16 21:31:58
SESS0002629,P00099,상품_상세조회,2026-06-16 21:34:23
SESS0002629,P00098,장바구니_담기,2026-06-16 21:36:19
SESS0002630,P00143,상품_상세조회,2026-06-18 19:58:48
SESS0002630,P00141,상품_상세조회,2026-06-18 20:00:32
SESS0002631,P00118,상품_상세조회,2026-06-22 23:35:28
SESS0002631,P00117,장바구니_담기,2026-06-22 23:38:11
SESS0002631,P00115,구매완료,2026-06-22 23:41:04
SESS0002633,P00012,상품_상세조회,2026-06-20 20:52:50
SESS0002634,P00010,상품_상세조회,2026-06-05 20:58:20
SESS0002634,P00008,찜하기,2026-06-05 21:00:24
SESS0002635,P00096,상품_상세조회,2026-06-16 15:02:21
SESS0002635,P00171,상품_상세조회,2026-06-16 15:05:54
SESS0002636,P00001,상품_상세조회,2026-06-09 10:30:27
SESS0002637,P00099,상품_상세조회,2026-06-26 15:23:25
SESS0002638,P00126,상품_상세조회,2026-06-08 19:52:04
SESS0002639,P00091,상품_상세조회,2026-06-21 20:34:27
SESS0002639,P00099,상품_상세조회,2026-06-21 20:35:04
SESS0002639,P00095,찜하기,2026-06-21 20:36:06
SESS0002640,P00072,상품_상세조회,2026-06-28 17:10:08
SESS0002640,P00071,찜하기,2026-06-28 17:12:07
SESS0002641,P00136,상품_상세조회,2026-06-17 16:59:12
SESS0002641,P00150,상품_상세조회,2026-06-17 17:02:02
SESS0002641,P00138,상품_상세조회,2026-06-17 17:03:54
SESS0002641,P00142,장바구니_담기,2026-06-17 17:05:16
SESS0002641,P00150,구매완료,2026-06-17 17:07:36
SESS0002642,P00102,상품_상세조회,2026-06-22 18:57:49
SESS0002642,P00102,찜하기,2026-06-22 18:58:05
SESS0002642,P00097,장바구니_담기,2026-06-22 18:58:50
SESS0002643,P00148,상품_상세조회,2026-07-03 17:10:45
SESS0002643,P00147,상품_상세조회,2026-07-03 17:12:52
SESS0002643,P00137,상품_상세조회,2026-07-03 17:13:41
SESS0002643,P00146,찜하기,2026-07-03 17:14:55
SESS0002643,P00136,장바구니_담기,2026-07-03 17:17:16
SESS0002643,P00140,구매완료,2026-07-03 17:20:30
SESS0002644,P00076,상품_상세조회,2026-06-12 23:23:33
SESS0002644,P00083,장바구니_담기,2026-06-12 23:26:18
SESS0002645,P00083,상품_상세조회,2026-06-11 22:39:11
SESS0002645,P00067,상품_상세조회,2026-06-11 22:41:42
SESS0002645,P00071,상품_상세조회,2026-06-11 22:43:50
SESS0002647,P00158,상품_상세조회,2026-06-15 17:01:25
SESS0002649,P00015,상품_상세조회,2026-06-28 14:24:04
SESS0002649,P00009,상품_상세조회,2026-06-28 14:25:23
SESS0002649,P00006,상품_상세조회,2026-06-28 14:27:12
SESS0002650,P00093,상품_상세조회,2026-06-07 18:26:05
SESS0002650,P00104,찜하기,2026-06-07 18:26:41
SESS0002651,P00149,상품_상세조회,2026-06-05 20:23:11
SESS0002651,P00142,찜하기,2026-06-05 20:25:52
SESS0002651,P00147,상품_상세조회,2026-06-05 20:26:26
SESS0002651,P00149,장바구니_담기,2026-06-05 20:27:03
SESS0002651,P00140,구매완료,2026-06-05 20:28:33
SESS0002652,P00071,상품_상세조회,2026-06-29 17:19:51
SESS0002652,P00061,장바구니_담기,2026-06-29 17:21:23
SESS0002652,P00064,구매완료,2026-06-29 17:23:30
SESS0002653,P00108,상품_상세조회,2026-07-02 17:11:58
SESS0002653,P00112,찜하기,2026-07-02 17:14:43
SESS0002654,P00079,상품_상세조회,2026-06-08 17:41:39
SESS0002655,P00089,상품_상세조회,2026-06-04 16:57:02
SESS0002656,P00118,상품_상세조회,2026-06-21 17:48:51
SESS0002656,P00159,상품_상세조회,2026-06-21 17:56:14
SESS0002656,P00160,장바구니_담기,2026-06-21 17:58:36
SESS0002658,P00013,상품_상세조회,2026-06-16 18:28:40
SESS0002658,P00011,장바구니_담기,2026-06-16 18:30:45
SESS0002658,P00015,상품_상세조회,2026-06-16 18:31:59
SESS0002658,P00004,상품_상세조회,2026-06-16 18:33:30
SESS0002658,P00003,찜하기,2026-06-16 18:36:29
SESS0002659,P00145,상품_상세조회,2026-06-14 23:47:07
SESS0002659,P00146,상품_상세조회,2026-06-14 23:48:53
SESS0002659,P00148,상품_상세조회,2026-06-14 23:51:52
SESS0002659,P00144,상품_상세조회,2026-06-14 23:54:42
SESS0002660,P00066,상품_상세조회,2026-06-21 15:52:12
SESS0002660,P00072,상품_상세조회,2026-06-21 15:54:48
SESS0002661,P00084,상품_상세조회,2026-06-22 20:37:04
SESS0002662,P00127,상품_상세조회,2026-06-26 13:47:06
SESS0002662,P00124,상품_상세조회,2026-06-26 13:47:42
SESS0002662,P00135,장바구니_담기,2026-06-26 13:49:10
SESS0002662,P00130,구매완료,2026-06-26 13:52:43
SESS0002663,P00085,상품_상세조회,2026-06-04 18:57:27
SESS0002664,P00134,상품_상세조회,2026-06-08 19:43:49
SESS0002664,P00134,장바구니_담기,2026-06-08 19:45:41
SESS0002664,P00127,구매완료,2026-06-08 19:47:45
SESS0002665,P00002,상품_상세조회,2026-07-03 21:58:42
SESS0002665,P00119,상품_상세조회,2026-07-03 22:06:29
SESS0002665,P00122,상품_상세조회,2026-07-03 22:10:52
SESS0002665,P00128,찜하기,2026-07-03 22:13:20
SESS0002665,P00122,장바구니_담기,2026-07-03 22:15:40
SESS0002665,P00133,구매완료,2026-07-03 22:18:23
SESS0002666,P00035,상품_상세조회,2026-06-17 20:23:06
SESS0002667,P00147,상품_상세조회,2026-06-09 16:43:39
SESS0002668,P00066,상품_상세조회,2026-06-15 23:39:43
SESS0002668,P00064,장바구니_담기,2026-06-15 23:42:24
SESS0002669,P00013,상품_상세조회,2026-06-24 18:31:25
SESS0002669,P00007,상품_상세조회,2026-06-24 18:32:32
SESS0002670,P00073,상품_상세조회,2026-06-27 17:48:14
SESS0002670,P00160,상품_상세조회,2026-06-27 17:49:54
SESS0002670,P00164,장바구니_담기,2026-06-27 17:51:06
SESS0002670,P00160,상품_상세조회,2026-06-27 17:52:26
SESS0002671,P00129,상품_상세조회,2026-06-15 16:46:42
SESS0002672,P00079,상품_상세조회,2026-06-20 19:10:14
SESS0002673,P00019,상품_상세조회,2026-06-11 17:25:27
SESS0002673,P00024,상품_상세조회,2026-06-11 17:28:18
SESS0002674,P00076,상품_상세조회,2026-06-16 19:16:14
SESS0002674,P00088,상품_상세조회,2026-06-16 19:17:09
SESS0002675,P00160,상품_상세조회,2026-07-01 16:07:02
SESS0002675,P00165,상품_상세조회,2026-07-01 16:08:57
SESS0002675,P00094,상품_상세조회,2026-07-01 16:15:30
SESS0002675,P00095,찜하기,2026-07-01 16:16:42
SESS0002677,P00080,상품_상세조회,2026-06-05 21:18:10
SESS0002677,P00088,상품_상세조회,2026-06-05 21:19:33
SESS0002677,P00086,찜하기,2026-06-05 21:21:14
SESS0002677,P00087,상품_상세조회,2026-06-05 21:21:42
SESS0002677,P00084,상품_상세조회,2026-06-05 21:22:49
SESS0002679,P00090,상품_상세조회,2026-06-05 18:07:37
SESS0002680,P00064,상품_상세조회,2026-06-22 15:07:20
SESS0002680,P00067,장바구니_담기,2026-06-22 15:10:13
SESS0002681,P00028,상품_상세조회,2026-07-02 18:51:59
SESS0002681,P00019,상품_상세조회,2026-07-02 18:53:08
SESS0002681,P00025,상품_상세조회,2026-07-02 18:55:06
SESS0002682,P00084,상품_상세조회,2026-06-19 19:51:30
SESS0002683,P00119,상품_상세조회,2026-06-30 16:48:35
SESS0002685,P00006,상품_상세조회,2026-06-30 17:11:52
SESS0002685,P00003,찜하기,2026-06-30 17:12:17
SESS0002685,P00014,상품_상세조회,2026-06-30 17:13:57
SESS0002685,P00004,장바구니_담기,2026-06-30 17:14:42
SESS0002686,P00089,상품_상세조회,2026-06-11 20:23:03
SESS0002686,P00082,장바구니_담기,2026-06-11 20:24:35
SESS0002686,P00089,구매완료,2026-06-11 20:26:07
SESS0002687,P00104,상품_상세조회,2026-06-25 17:55:59
SESS0002687,P00091,상품_상세조회,2026-06-25 17:58:10
SESS0002687,P00099,상품_상세조회,2026-06-25 17:58:46
SESS0002688,P00110,상품_상세조회,2026-06-24 19:31:06
SESS0002688,P00115,상품_상세조회,2026-06-24 19:33:32
SESS0002688,P00112,장바구니_담기,2026-06-24 19:34:59
SESS0002688,P00108,구매완료,2026-06-24 19:39:29
SESS0002689,P00114,상품_상세조회,2026-06-08 15:20:42
SESS0002689,P00120,찜하기,2026-06-08 15:21:53
SESS0002689,P00117,장바구니_담기,2026-06-08 15:23:04
SESS0002692,P00003,상품_상세조회,2026-06-28 15:25:41
SESS0002693,P00082,상품_상세조회,2026-06-27 20:09:09
SESS0002693,P00157,상품_상세조회,2026-06-27 20:13:38
SESS0002694,P00068,상품_상세조회,2026-06-24 15:35:45
SESS0002694,P00064,찜하기,2026-06-24 15:36:34
SESS0002695,P00007,상품_상세조회,2026-06-11 17:34:33
SESS0002696,P00003,상품_상세조회,2026-06-12 20:38:16
SESS0002698,P00142,상품_상세조회,2026-06-18 17:43:48
SESS0002698,P00140,장바구니_담기,2026-06-18 17:45:26
SESS0002699,P00068,상품_상세조회,2026-07-03 20:00:09
SESS0002699,P00071,장바구니_담기,2026-07-03 20:01:21
SESS0002699,P00075,구매완료,2026-07-03 20:06:11
SESS0002700,P00116,상품_상세조회,2026-06-10 21:38:05
SESS0002700,P00108,장바구니_담기,2026-06-10 21:39:56
SESS0002701,P00137,상품_상세조회,2026-07-01 20:35:45
SESS0002702,P00164,상품_상세조회,2026-06-13 21:42:45
SESS0002703,P00150,상품_상세조회,2026-06-25 16:11:35
SESS0002703,P00142,상품_상세조회,2026-06-25 16:12:49
SESS0002704,P00106,상품_상세조회,2026-06-18 19:23:06
SESS0002706,P00115,상품_상세조회,2026-06-25 18:52:44
SESS0002706,P00116,상품_상세조회,2026-06-25 18:55:36
SESS0002706,P00120,상품_상세조회,2026-06-25 18:57:35
SESS0002706,P00118,장바구니_담기,2026-06-25 18:58:28
SESS0002706,P00117,구매완료,2026-06-25 19:02:06
SESS0002707,P00124,상품_상세조회,2026-06-06 19:05:10
SESS0002707,P00123,장바구니_담기,2026-06-06 19:05:48
SESS0002708,P00117,상품_상세조회,2026-07-01 21:14:16
SESS0002709,P00079,상품_상세조회,2026-06-19 18:07:46
SESS0002710,P00128,상품_상세조회,2026-06-14 20:55:49
SESS0002711,P00115,상품_상세조회,2026-06-04 17:37:26
SESS0002711,P00116,찜하기,2026-06-04 17:39:29
SESS0002711,P00110,상품_상세조회,2026-06-04 17:40:38
SESS0002711,P00112,장바구니_담기,2026-06-04 17:42:59
SESS0002711,P00107,구매완료,2026-06-04 17:45:51
SESS0002712,P00015,상품_상세조회,2026-06-29 17:16:18
SESS0002713,P00063,상품_상세조회,2026-06-14 20:24:25
SESS0002713,P00074,찜하기,2026-06-14 20:25:10
SESS0002713,P00070,상품_상세조회,2026-06-14 20:27:50
SESS0002714,P00165,상품_상세조회,2026-06-28 19:34:58
SESS0002715,P00103,상품_상세조회,2026-06-06 17:08:05
SESS0002715,P00101,장바구니_담기,2026-06-06 17:09:31
SESS0002715,P00096,상품_상세조회,2026-06-06 17:11:27
SESS0002715,P00087,상품_상세조회,2026-06-06 17:19:59
SESS0002715,P00163,상품_상세조회,2026-06-06 17:22:28
SESS0002715,P00160,찜하기,2026-06-06 17:24:06
SESS0002716,P00093,상품_상세조회,2026-07-02 19:10:52
SESS0002716,P00102,장바구니_담기,2026-07-02 19:11:45
SESS0002716,P00095,구매완료,2026-07-02 19:13:30
SESS0002717,P00020,상품_상세조회,2026-06-15 19:39:36
SESS0002717,P00020,상품_상세조회,2026-06-15 19:40:58
SESS0002717,P00028,찜하기,2026-06-15 19:43:44
SESS0002717,P00019,상품_상세조회,2026-06-15 19:44:33
SESS0002717,P00006,상품_상세조회,2026-06-15 19:51:42
SESS0002718,P00154,상품_상세조회,2026-06-19 19:22:53
SESS0002718,P00159,상품_상세조회,2026-06-19 19:23:26
SESS0002718,P00151,찜하기,2026-06-19 19:24:29
SESS0002719,P00130,상품_상세조회,2026-06-09 20:55:37
SESS0002719,P00122,장바구니_담기,2026-06-09 20:57:22
SESS0002719,P00130,구매완료,2026-06-09 21:00:36
SESS0002720,P00156,상품_상세조회,2026-06-19 16:24:10
SESS0002720,P00153,상품_상세조회,2026-06-19 16:24:44
SESS0002720,P00165,상품_상세조회,2026-06-19 16:25:46
SESS0002720,P00156,장바구니_담기,2026-06-19 16:27:34
SESS0002720,P00152,구매완료,2026-06-19 16:31:38
SESS0002721,P00072,상품_상세조회,2026-06-07 13:59:01
SESS0002721,P00067,상품_상세조회,2026-06-07 13:59:53
SESS0002721,P00071,상품_상세조회,2026-06-07 14:00:19
SESS0002721,P00071,상품_상세조회,2026-06-07 14:02:52
SESS0002721,P00063,상품_상세조회,2026-06-07 14:04:46
SESS0002723,P00136,상품_상세조회,2026-06-08 12:02:09
SESS0002723,P00141,상품_상세조회,2026-06-08 12:03:04
SESS0002723,P00148,장바구니_담기,2026-06-08 12:03:59
SESS0002723,P00150,상품_상세조회,2026-06-08 12:06:13
SESS0002723,P00150,장바구니_담기,2026-06-08 12:08:05
SESS0002723,P00149,구매완료,2026-06-08 12:10:13
SESS0002724,P00094,상품_상세조회,2026-06-08 18:00:30
SESS0002724,P00086,상품_상세조회,2026-06-08 18:03:47
SESS0002724,P00082,장바구니_담기,2026-06-08 18:05:49
SESS0002724,P00087,구매완료,2026-06-08 18:11:03
SESS0002725,P00111,상품_상세조회,2026-06-16 17:58:10
SESS0002725,P00117,상품_상세조회,2026-06-16 18:00:11
SESS0002725,P00114,상품_상세조회,2026-06-16 18:01:08
SESS0002726,P00012,상품_상세조회,2026-06-20 23:40:05
SESS0002726,P00015,찜하기,2026-06-20 23:41:26
SESS0002727,P00152,상품_상세조회,2026-06-08 19:18:06
SESS0002727,P00153,상품_상세조회,2026-06-08 19:20:22
SESS0002727,P00151,장바구니_담기,2026-06-08 19:21:57
SESS0002728,P00094,상품_상세조회,2026-06-28 17:56:00
SESS0002728,P00105,찜하기,2026-06-28 17:56:41
SESS0002729,P00163,상품_상세조회,2026-06-26 20:28:12
SESS0002730,P00001,상품_상세조회,2026-06-22 19:01:45
SESS0002730,P00014,상품_상세조회,2026-06-22 19:03:26
SESS0002730,P00007,찜하기,2026-06-22 19:04:00
SESS0002731,P00161,상품_상세조회,2026-06-08 23:49:55
SESS0002731,P00156,장바구니_담기,2026-06-08 23:50:42
SESS0002732,P00154,상품_상세조회,2026-07-02 18:46:03
SESS0002733,P00015,상품_상세조회,2026-06-28 23:30:42
SESS0002733,P00003,상품_상세조회,2026-06-28 23:31:59
SESS0002734,P00075,상품_상세조회,2026-06-16 19:24:07
SESS0002734,P00073,상품_상세조회,2026-06-16 19:24:33
SESS0002735,P00089,상품_상세조회,2026-06-07 14:28:56
SESS0002735,P00086,찜하기,2026-06-07 14:30:36
SESS0002735,P00078,장바구니_담기,2026-06-07 14:33:07
SESS0002735,P00077,구매완료,2026-06-07 14:35:59
SESS0002736,P00066,상품_상세조회,2026-06-22 21:29:02
SESS0002736,P00073,장바구니_담기,2026-06-22 21:29:47
SESS0002737,P00091,상품_상세조회,2026-06-13 18:29:17
SESS0002738,P00097,상품_상세조회,2026-06-06 15:14:46
SESS0002739,P00114,상품_상세조회,2026-06-11 17:21:58
SESS0002739,P00049,상품_상세조회,2026-06-11 17:23:34
SESS0002739,P00061,상품_상세조회,2026-06-11 17:25:43
SESS0002739,P00062,상품_상세조회,2026-06-11 17:28:17
SESS0002739,P00085,상품_상세조회,2026-06-11 17:31:40
SESS0002739,P00086,상품_상세조회,2026-06-11 17:33:45
SESS0002739,P00058,상품_상세조회,2026-06-11 17:36:59
SESS0002740,P00044,상품_상세조회,2026-06-28 23:34:58
SESS0002740,P00134,상품_상세조회,2026-06-28 23:37:43
SESS0002740,P00135,찜하기,2026-06-28 23:39:07
SESS0002741,P00013,상품_상세조회,2026-06-18 19:04:30
SESS0002741,P00008,상품_상세조회,2026-06-18 19:08:02
SESS0002741,P00005,찜하기,2026-06-18 19:09:33
SESS0002741,P00008,상품_상세조회,2026-06-18 19:12:12
SESS0002741,P00011,찜하기,2026-06-18 19:13:41
SESS0002741,P00012,상품_상세조회,2026-06-18 19:16:22
SESS0002741,P00007,상품_상세조회,2026-06-18 19:17:34
SESS0002743,P00015,상품_상세조회,2026-06-29 17:32:50
SESS0002743,P00009,찜하기,2026-06-29 17:33:25
SESS0002744,P00111,상품_상세조회,2026-06-24 21:26:17
SESS0002744,P00110,장바구니_담기,2026-06-24 21:28:21
SESS0002745,P00113,상품_상세조회,2026-06-05 23:44:51
SESS0002746,P00097,상품_상세조회,2026-06-13 19:47:58
SESS0002746,P00104,찜하기,2026-06-13 19:50:55
SESS0002746,P00096,장바구니_담기,2026-06-13 19:51:42
SESS0002747,P00070,상품_상세조회,2026-06-07 19:14:40
SESS0002747,P00074,상품_상세조회,2026-06-07 19:15:06
SESS0002747,P00079,상품_상세조회,2026-06-07 19:19:52
SESS0002747,P00087,찜하기,2026-06-07 19:21:16
SESS0002747,P00084,장바구니_담기,2026-06-07 19:22:55
SESS0002747,P00078,구매완료,2026-06-07 19:26:38
SESS0002750,P00007,상품_상세조회,2026-06-25 17:20:42
SESS0002750,P00005,상품_상세조회,2026-06-25 17:22:22
SESS0002751,P00136,상품_상세조회,2026-06-26 14:15:58
SESS0002752,P00135,상품_상세조회,2026-06-08 21:10:50
SESS0002752,P00123,상품_상세조회,2026-06-08 21:13:18
SESS0002753,P00106,상품_상세조회,2026-06-20 22:48:30
SESS0002753,P00118,상품_상세조회,2026-06-20 22:49:08
SESS0002754,P00169,상품_상세조회,2026-06-20 22:59:10
SESS0002755,P00013,상품_상세조회,2026-06-19 19:03:42
SESS0002755,P00004,장바구니_담기,2026-06-19 19:04:49
SESS0002756,P00101,상품_상세조회,2026-06-14 14:10:33
SESS0002756,P00177,상품_상세조회,2026-06-14 14:14:39
SESS0002756,P00174,찜하기,2026-06-14 14:16:08
SESS0002756,P00172,장바구니_담기,2026-06-14 14:17:37
SESS0002756,P00174,상품_상세조회,2026-06-14 14:19:33
SESS0002756,P00178,찜하기,2026-06-14 14:21:59
SESS0002756,P00170,상품_상세조회,2026-06-14 14:23:15
SESS0002758,P00112,상품_상세조회,2026-06-20 16:56:46
SESS0002758,P00109,장바구니_담기,2026-06-20 16:57:27
SESS0002759,P00128,상품_상세조회,2026-06-10 18:21:12
SESS0002760,P00116,상품_상세조회,2026-06-14 22:39:42
SESS0002760,P00116,장바구니_담기,2026-06-14 22:42:22
SESS0002760,P00111,구매완료,2026-06-14 22:45:03
SESS0002761,P00146,상품_상세조회,2026-06-12 14:43:03
SESS0002761,P00148,찜하기,2026-06-12 14:44:51
SESS0002761,P00150,장바구니_담기,2026-06-12 14:45:59
SESS0002761,P00141,상품_상세조회,2026-06-12 14:47:42
SESS0002761,P00141,상품_상세조회,2026-06-12 14:48:53
SESS0002761,P00146,상품_상세조회,2026-06-12 14:50:33
SESS0002761,P00130,상품_상세조회,2026-06-12 14:55:09
SESS0002761,P00130,장바구니_담기,2026-06-12 14:56:13
SESS0002762,P00071,상품_상세조회,2026-06-13 13:35:35
SESS0002762,P00064,상품_상세조회,2026-06-13 13:37:49
SESS0002762,P00070,상품_상세조회,2026-06-13 13:39:47
SESS0002762,P00072,상품_상세조회,2026-06-13 13:42:20
SESS0002762,P00073,상품_상세조회,2026-06-13 13:44:13
SESS0002762,P00074,찜하기,2026-06-13 13:44:39
SESS0002762,P00065,장바구니_담기,2026-06-13 13:46:42
SESS0002762,P00064,상품_상세조회,2026-06-13 13:48:08
SESS0002762,P00067,상품_상세조회,2026-06-13 13:49:14
SESS0002762,P00069,상품_상세조회,2026-06-13 13:51:41
SESS0002762,P00109,상품_상세조회,2026-06-13 13:55:50
SESS0002762,P00109,찜하기,2026-06-13 13:57:57
SESS0002763,P00101,상품_상세조회,2026-06-10 13:41:38
SESS0002764,P00053,상품_상세조회,2026-06-30 15:47:27
SESS0002764,P00049,상품_상세조회,2026-06-30 15:48:58
SESS0002764,P00056,상품_상세조회,2026-06-30 15:50:29
SESS0002764,P00059,장바구니_담기,2026-06-30 15:51:53
SESS0002764,P00060,구매완료,2026-06-30 15:53:13
SESS0002765,P00118,상품_상세조회,2026-06-17 21:40:27
SESS0002765,P00106,찜하기,2026-06-17 21:43:13
SESS0002765,P00113,상품_상세조회,2026-06-17 21:43:38
SESS0002765,P00106,찜하기,2026-06-17 21:44:40
SESS0002765,P00120,장바구니_담기,2026-06-17 21:47:29
SESS0002765,P00106,구매완료,2026-06-17 21:49:55
SESS0002766,P00009,상품_상세조회,2026-06-08 18:57:15
SESS0002766,P00131,상품_상세조회,2026-06-08 19:00:52
SESS0002766,P00129,찜하기,2026-06-08 19:01:27
SESS0002767,P00050,상품_상세조회,2026-06-09 22:46:21
SESS0002767,P00059,장바구니_담기,2026-06-09 22:47:49
SESS0002767,P00049,상품_상세조회,2026-06-09 22:50:19
SESS0002767,P00053,장바구니_담기,2026-06-09 22:50:50
SESS0002768,P00053,상품_상세조회,2026-06-04 23:45:31
SESS0002768,P00049,상품_상세조회,2026-06-04 23:46:07
SESS0002769,P00074,상품_상세조회,2026-07-02 16:00:55
SESS0002769,P00057,상품_상세조회,2026-07-02 16:04:11
SESS0002769,P00051,상품_상세조회,2026-07-02 16:04:26
SESS0002769,P00128,상품_상세조회,2026-07-02 16:06:16
SESS0002770,P00148,상품_상세조회,2026-06-18 20:30:40
SESS0002770,P00145,상품_상세조회,2026-06-18 20:32:01
SESS0002770,P00136,상품_상세조회,2026-06-18 20:33:40
SESS0002770,P00147,장바구니_담기,2026-06-18 20:35:45
SESS0002770,P00140,구매완료,2026-06-18 20:39:14
SESS0002771,P00008,상품_상세조회,2026-07-02 17:46:16
SESS0002771,P00015,찜하기,2026-07-02 17:48:13
SESS0002771,P00015,장바구니_담기,2026-07-02 17:49:51
SESS0002771,P00004,구매완료,2026-07-02 17:52:21
SESS0002772,P00066,상품_상세조회,2026-06-04 22:50:45
SESS0002772,P00125,상품_상세조회,2026-06-04 22:54:44
SESS0002772,P00130,상품_상세조회,2026-06-04 22:58:17
SESS0002772,P00126,찜하기,2026-06-04 23:01:10
SESS0002772,P00134,상품_상세조회,2026-06-04 23:03:17
SESS0002772,P00005,상품_상세조회,2026-06-04 23:08:07
SESS0002772,P00009,상품_상세조회,2026-06-04 23:10:06
SESS0002772,P00008,상품_상세조회,2026-06-04 23:10:58
SESS0002773,P00061,상품_상세조회,2026-06-30 15:35:26
SESS0002775,P00131,상품_상세조회,2026-06-08 16:54:28
SESS0002775,P00132,상품_상세조회,2026-06-08 16:54:44
SESS0002775,P00135,찜하기,2026-06-08 16:56:17
SESS0002775,P00133,상품_상세조회,2026-06-08 16:57:23
SESS0002775,P00121,장바구니_담기,2026-06-08 16:59:34
SESS0002776,P00008,상품_상세조회,2026-06-17 14:08:03
SESS0002777,P00122,상품_상세조회,2026-06-27 23:57:21
SESS0002777,P00127,장바구니_담기,2026-06-27 23:58:26
SESS0002777,P00131,구매완료,2026-06-28 00:02:55
SESS0002779,P00019,상품_상세조회,2026-06-11 19:10:44
SESS0002779,P00028,상품_상세조회,2026-06-11 19:11:53
SESS0002779,P00019,상품_상세조회,2026-06-11 19:14:18
SESS0002779,P00023,장바구니_담기,2026-06-11 19:16:17
SESS0002781,P00109,상품_상세조회,2026-06-24 23:08:24
SESS0002781,P00112,장바구니_담기,2026-06-24 23:10:03
SESS0002781,P00115,상품_상세조회,2026-06-24 23:12:49
SESS0002781,P00108,상품_상세조회,2026-06-24 23:15:11
SESS0002782,P00105,상품_상세조회,2026-07-02 23:32:12
SESS0002782,P00096,상품_상세조회,2026-07-02 23:32:35
SESS0002782,P00104,상품_상세조회,2026-07-02 23:32:51
SESS0002783,P00148,상품_상세조회,2026-06-07 21:50:27
SESS0002784,P00079,상품_상세조회,2026-06-14 21:02:05
SESS0002784,P00085,상품_상세조회,2026-06-14 21:02:58
SESS0002784,P00080,장바구니_담기,2026-06-14 21:03:56
SESS0002784,P00087,구매완료,2026-06-14 21:07:46
SESS0002785,P00072,상품_상세조회,2026-06-04 19:10:10
SESS0002785,P00064,장바구니_담기,2026-06-04 19:11:22
SESS0002785,P00065,상품_상세조회,2026-06-04 19:12:12
SESS0002785,P00063,찜하기,2026-06-04 19:12:46
SESS0002785,P00062,상품_상세조회,2026-06-04 19:13:54
SESS0002786,P00073,상품_상세조회,2026-06-20 21:12:20
SESS0002786,P00072,장바구니_담기,2026-06-20 21:14:44
SESS0002786,P00072,상품_상세조회,2026-06-20 21:16:54
SESS0002787,P00012,상품_상세조회,2026-06-09 22:34:24
SESS0002787,P00098,상품_상세조회,2026-06-09 22:36:33
SESS0002787,P00105,찜하기,2026-06-09 22:37:53
SESS0002787,P00102,장바구니_담기,2026-06-09 22:39:42
SESS0002787,P00105,구매완료,2026-06-09 22:42:20
SESS0002788,P00062,상품_상세조회,2026-06-13 20:48:07
SESS0002788,P00070,찜하기,2026-06-13 20:49:50
SESS0002789,P00124,상품_상세조회,2026-06-21 16:14:12
SESS0002789,P00123,상품_상세조회,2026-06-21 16:16:22
SESS0002790,P00112,상품_상세조회,2026-06-24 19:54:43
SESS0002790,P00118,상품_상세조회,2026-06-24 19:55:25
SESS0002790,P00119,장바구니_담기,2026-06-24 19:56:25
SESS0002790,P00119,상품_상세조회,2026-06-24 19:57:41
SESS0002790,P00108,장바구니_담기,2026-06-24 19:59:08
SESS0002790,P00120,상품_상세조회,2026-06-24 20:00:01
SESS0002791,P00071,상품_상세조회,2026-06-13 23:50:21
SESS0002791,P00063,상품_상세조회,2026-06-13 23:50:53
SESS0002791,P00070,상품_상세조회,2026-06-13 23:53:14
SESS0002792,P00007,상품_상세조회,2026-06-08 20:50:16
SESS0002792,P00014,장바구니_담기,2026-06-08 20:50:47
SESS0002792,P00013,구매완료,2026-06-08 20:55:35
SESS0002793,P00174,상품_상세조회,2026-06-17 22:48:26
SESS0002793,P00180,찜하기,2026-06-17 22:49:36
SESS0002793,P00170,상품_상세조회,2026-06-17 22:50:37
SESS0002794,P00086,상품_상세조회,2026-06-06 20:47:36
SESS0002794,P00082,상품_상세조회,2026-06-06 20:49:45
SESS0002794,P00001,상품_상세조회,2026-06-06 20:53:33
SESS0002794,P00010,찜하기,2026-06-06 20:54:04
SESS0002794,P00005,상품_상세조회,2026-06-06 20:55:33
SESS0002795,P00094,상품_상세조회,2026-07-03 14:49:04
SESS0002796,P00075,상품_상세조회,2026-06-12 23:30:22
SESS0002797,P00138,상품_상세조회,2026-06-09 19:09:24
SESS0002797,P00138,장바구니_담기,2026-06-09 19:10:26
SESS0002797,P00148,구매완료,2026-06-09 19:14:27
SESS0002798,P00126,상품_상세조회,2026-06-04 20:47:33
SESS0002798,P00121,상품_상세조회,2026-06-04 20:49:24
SESS0002798,P00034,상품_상세조회,2026-06-04 20:50:48
SESS0002798,P00039,상품_상세조회,2026-06-04 20:52:44
SESS0002798,P00038,상품_상세조회,2026-06-04 20:54:56
SESS0002799,P00025,상품_상세조회,2026-06-29 14:27:40
SESS0002800,P00072,상품_상세조회,2026-06-19 18:34:43
SESS0002800,P00073,상품_상세조회,2026-06-19 18:36:47
SESS0002801,P00071,상품_상세조회,2026-06-10 16:35:58
SESS0002801,P00064,장바구니_담기,2026-06-10 16:38:20
SESS0002801,P00061,상품_상세조회,2026-06-10 16:39:32
SESS0002801,P00140,상품_상세조회,2026-06-10 16:43:34
SESS0002801,P00141,찜하기,2026-06-10 16:45:49
SESS0002802,P00140,상품_상세조회,2026-06-14 15:05:00
SESS0002802,P00140,찜하기,2026-06-14 15:07:25
SESS0002802,P00147,상품_상세조회,2026-06-14 15:09:44
SESS0002803,P00064,상품_상세조회,2026-06-15 18:28:40
SESS0002804,P00084,상품_상세조회,2026-06-12 17:56:00
SESS0002804,P00088,상품_상세조회,2026-06-12 17:58:29
SESS0002804,P00088,상품_상세조회,2026-06-12 18:00:54
SESS0002804,P00084,찜하기,2026-06-12 18:01:48
SESS0002804,P00089,장바구니_담기,2026-06-12 18:03:26
SESS0002804,P00082,상품_상세조회,2026-06-12 18:03:44
SESS0002804,P00089,상품_상세조회,2026-06-12 18:05:43
SESS0002804,P00079,찜하기,2026-06-12 18:08:26
SESS0002804,P00081,상품_상세조회,2026-06-12 18:08:56
SESS0002804,P00153,상품_상세조회,2026-06-12 18:14:18
SESS0002804,P00151,장바구니_담기,2026-06-12 18:17:12
SESS0002805,P00121,상품_상세조회,2026-06-09 14:18:02
SESS0002805,P00122,찜하기,2026-06-09 14:18:31
SESS0002805,P00129,상품_상세조회,2026-06-09 14:20:45
SESS0002807,P00098,상품_상세조회,2026-06-04 17:56:44
SESS0002808,P00069,상품_상세조회,2026-06-27 21:54:35
SESS0002808,P00071,상품_상세조회,2026-06-27 21:57:07
SESS0002809,P00066,상품_상세조회,2026-06-26 21:48:46
SESS0002809,P00075,상품_상세조회,2026-06-26 21:49:11
SESS0002809,P00069,상품_상세조회,2026-06-26 21:50:55
SESS0002809,P00070,장바구니_담기,2026-06-26 21:53:30
SESS0002809,P00074,구매완료,2026-06-26 21:55:29
SESS0002811,P00097,상품_상세조회,2026-06-21 19:47:38
SESS0002811,P00103,찜하기,2026-06-21 19:49:42
SESS0002811,P00104,상품_상세조회,2026-06-21 19:51:52
SESS0002812,P00004,상품_상세조회,2026-06-29 15:37:51
SESS0002813,P00095,상품_상세조회,2026-06-17 17:32:59
SESS0002814,P00083,상품_상세조회,2026-06-04 19:36:44
SESS0002814,P00083,장바구니_담기,2026-06-04 19:37:47
SESS0002815,P00161,상품_상세조회,2026-06-05 16:55:28
SESS0002815,P00162,장바구니_담기,2026-06-05 16:55:49
SESS0002815,P00155,구매완료,2026-06-05 16:59:33
SESS0002817,P00153,상품_상세조회,2026-06-11 18:18:55
SESS0002817,P00155,장바구니_담기,2026-06-11 18:20:56
SESS0002819,P00061,상품_상세조회,2026-06-07 00:02:59
SESS0002819,P00046,상품_상세조회,2026-06-07 00:08:52
SESS0002819,P00048,상품_상세조회,2026-06-07 00:10:14
SESS0002819,P00070,상품_상세조회,2026-06-07 00:14:16
SESS0002821,P00084,상품_상세조회,2026-06-07 23:26:22
SESS0002822,P00086,상품_상세조회,2026-06-08 21:59:34
SESS0002822,P00177,상품_상세조회,2026-06-08 22:01:55
SESS0002822,P00167,상품_상세조회,2026-06-08 22:04:40
SESS0002823,P00003,상품_상세조회,2026-07-01 17:31:35
SESS0002823,P00003,찜하기,2026-07-01 17:31:52
SESS0002823,P00009,상품_상세조회,2026-07-01 17:33:39
SESS0002823,P00011,장바구니_담기,2026-07-01 17:36:13
SESS0002823,P00009,구매완료,2026-07-01 17:39:00
SESS0002824,P00113,상품_상세조회,2026-06-05 19:05:14
SESS0002825,P00078,상품_상세조회,2026-06-05 16:44:52
SESS0002825,P00090,장바구니_담기,2026-06-05 16:47:34
SESS0002826,P00014,상품_상세조회,2026-06-09 14:08:55
SESS0002826,P00003,상품_상세조회,2026-06-09 14:09:27
SESS0002827,P00086,상품_상세조회,2026-06-08 18:20:33
SESS0002827,P00157,상품_상세조회,2026-06-08 18:23:34
SESS0002827,P00153,찜하기,2026-06-08 18:24:09
SESS0002827,P00154,상품_상세조회,2026-06-08 18:26:00
SESS0002827,P00163,상품_상세조회,2026-06-08 18:28:10
SESS0002827,P00165,상품_상세조회,2026-06-08 18:30:32
SESS0002827,P00159,상품_상세조회,2026-06-08 18:32:56
SESS0002827,P00131,상품_상세조회,2026-06-08 18:37:31
SESS0002827,P00129,상품_상세조회,2026-06-08 18:38:04
SESS0002827,P00126,상품_상세조회,2026-06-08 18:39:18
SESS0002828,P00042,상품_상세조회,2026-06-29 23:23:49
SESS0002828,P00040,상품_상세조회,2026-06-29 23:24:55
SESS0002828,P00033,상품_상세조회,2026-06-29 23:25:46
SESS0002828,P00036,장바구니_담기,2026-06-29 23:26:09
SESS0002829,P00153,상품_상세조회,2026-06-16 21:54:56
SESS0002829,P00164,찜하기,2026-06-16 21:56:52
SESS0002829,P00165,상품_상세조회,2026-06-16 21:58:30
SESS0002829,P00161,장바구니_담기,2026-06-16 21:59:08
SESS0002829,P00152,구매완료,2026-06-16 22:01:46
SESS0002830,P00100,상품_상세조회,2026-06-22 15:15:06
SESS0002830,P00096,상품_상세조회,2026-06-22 15:17:35
SESS0002830,P00105,장바구니_담기,2026-06-22 15:19:47
SESS0002832,P00130,상품_상세조회,2026-06-25 16:18:56
SESS0002833,P00160,상품_상세조회,2026-06-30 20:03:07
SESS0002833,P00154,장바구니_담기,2026-06-30 20:04:27
SESS0002833,P00155,구매완료,2026-06-30 20:05:56
SESS0002834,P00027,상품_상세조회,2026-07-03 19:43:44
SESS0002835,P00140,상품_상세조회,2026-06-22 20:37:51
SESS0002835,P00143,상품_상세조회,2026-06-22 20:40:43
SESS0002835,P00070,상품_상세조회,2026-06-22 20:44:25
SESS0002835,P00065,장바구니_담기,2026-06-22 20:44:46
SESS0002835,P00068,구매완료,2026-06-22 20:47:53
SESS0002836,P00053,상품_상세조회,2026-06-15 21:43:13
SESS0002836,P00048,찜하기,2026-06-15 21:46:08
SESS0002836,P00048,상품_상세조회,2026-06-15 21:48:39
SESS0002837,P00142,상품_상세조회,2026-06-10 16:03:22
SESS0002837,P00139,장바구니_담기,2026-06-10 16:03:57
SESS0002837,P00142,구매완료,2026-06-10 16:08:02
SESS0002838,P00086,상품_상세조회,2026-06-19 18:19:06
SESS0002838,P00077,장바구니_담기,2026-06-19 18:19:40
SESS0002838,P00086,상품_상세조회,2026-06-19 18:21:22
SESS0002839,P00125,상품_상세조회,2026-06-18 23:01:43
SESS0002839,P00125,장바구니_담기,2026-06-18 23:02:03
SESS0002839,P00126,구매완료,2026-06-18 23:05:49
SESS0002840,P00098,상품_상세조회,2026-06-13 14:51:17
SESS0002841,P00152,상품_상세조회,2026-06-04 20:24:43
SESS0002841,P00143,상품_상세조회,2026-06-04 20:28:15
SESS0002842,P00144,상품_상세조회,2026-06-24 21:06:09
SESS0002843,P00159,상품_상세조회,2026-07-01 15:16:58
SESS0002844,P00099,상품_상세조회,2026-06-07 18:10:14
SESS0002844,P00091,찜하기,2026-06-07 18:11:24
SESS0002845,P00178,상품_상세조회,2026-06-22 18:49:35
SESS0002846,P00155,상품_상세조회,2026-06-16 20:09:29
SESS0002846,P00156,장바구니_담기,2026-06-16 20:10:34
SESS0002846,P00155,구매완료,2026-06-16 20:11:47
SESS0002847,P00152,상품_상세조회,2026-07-01 14:11:20
SESS0002847,P00157,상품_상세조회,2026-07-01 14:14:11
SESS0002847,P00156,장바구니_담기,2026-07-01 14:16:06
SESS0002847,P00160,구매완료,2026-07-01 14:20:02
SESS0002849,P00085,상품_상세조회,2026-06-05 22:18:11
SESS0002849,P00088,장바구니_담기,2026-06-05 22:18:55
SESS0002849,P00084,상품_상세조회,2026-06-05 22:19:48
SESS0002849,P00087,찜하기,2026-06-05 22:22:17
SESS0002849,P00085,상품_상세조회,2026-06-05 22:23:04
SESS0002849,P00089,장바구니_담기,2026-06-05 22:24:25
SESS0002849,P00089,상품_상세조회,2026-06-05 22:26:47
SESS0002849,P00077,상품_상세조회,2026-06-05 22:27:44
SESS0002849,P00075,상품_상세조회,2026-06-05 22:30:18
SESS0002849,P00069,상품_상세조회,2026-06-05 22:30:38
SESS0002849,P00065,상품_상세조회,2026-06-05 22:31:21
SESS0002849,P00067,상품_상세조회,2026-06-05 22:32:49
SESS0002850,P00115,상품_상세조회,2026-06-07 19:32:45
SESS0002850,P00112,장바구니_담기,2026-06-07 19:33:24
SESS0002850,P00109,상품_상세조회,2026-06-07 19:36:04
SESS0002850,P00110,상품_상세조회,2026-06-07 19:37:27
SESS0002850,P00113,장바구니_담기,2026-06-07 19:38:46
SESS0002850,P00112,구매완료,2026-06-07 19:44:09
SESS0002851,P00027,상품_상세조회,2026-06-04 20:58:03
SESS0002851,P00027,찜하기,2026-06-04 20:58:42
SESS0002851,P00021,상품_상세조회,2026-06-04 21:00:38
SESS0002854,P00078,상품_상세조회,2026-06-29 20:40:31
SESS0002854,P00090,찜하기,2026-06-29 20:43:15
SESS0002854,P00077,장바구니_담기,2026-06-29 20:43:56
SESS0002854,P00076,구매완료,2026-06-29 20:46:26
SESS0002855,P00109,상품_상세조회,2026-06-21 00:00:59
SESS0002855,P00085,상품_상세조회,2026-06-21 00:04:00
SESS0002856,P00083,상품_상세조회,2026-06-18 14:02:53
SESS0002856,P00086,장바구니_담기,2026-06-18 14:03:13
SESS0002857,P00128,상품_상세조회,2026-07-01 23:30:28
SESS0002860,P00122,상품_상세조회,2026-06-24 21:01:13
SESS0002860,P00001,상품_상세조회,2026-06-24 21:05:08
SESS0002860,P00010,장바구니_담기,2026-06-24 21:05:32
SESS0002860,P00015,구매완료,2026-06-24 21:10:05
SESS0002861,P00049,상품_상세조회,2026-06-27 20:32:23
SESS0002863,P00002,상품_상세조회,2026-06-14 22:11:12
SESS0002863,P00010,상품_상세조회,2026-06-14 22:12:50
SESS0002863,P00006,찜하기,2026-06-14 22:14:02
SESS0002863,P00015,상품_상세조회,2026-06-14 22:14:54
SESS0002863,P00012,찜하기,2026-06-14 22:15:09
SESS0002864,P00011,상품_상세조회,2026-06-11 20:17:22
SESS0002864,P00009,찜하기,2026-06-11 20:18:53
SESS0002864,P00015,상품_상세조회,2026-06-11 20:20:44
SESS0002864,P00009,상품_상세조회,2026-06-11 20:23:31
SESS0002864,P00007,찜하기,2026-06-11 20:26:02
SESS0002864,P00002,상품_상세조회,2026-06-11 20:27:49
SESS0002864,P00116,상품_상세조회,2026-06-11 20:31:03
SESS0002864,P00079,상품_상세조회,2026-06-11 20:33:18
SESS0002864,P00088,상품_상세조회,2026-06-11 20:34:06
SESS0002864,P00076,찜하기,2026-06-11 20:36:15
SESS0002865,P00036,상품_상세조회,2026-06-23 16:16:51
SESS0002866,P00034,상품_상세조회,2026-06-15 15:46:31
SESS0002866,P00039,상품_상세조회,2026-06-15 15:49:24
SESS0002866,P00040,장바구니_담기,2026-06-15 15:51:02
SESS0002866,P00040,구매완료,2026-06-15 15:55:05
SESS0002867,P00146,상품_상세조회,2026-06-23 23:35:37
SESS0002867,P00138,찜하기,2026-06-23 23:36:39
SESS0002867,P00139,상품_상세조회,2026-06-23 23:37:53
SESS0002867,P00139,상품_상세조회,2026-06-23 23:39:59
SESS0002869,P00024,상품_상세조회,2026-06-11 15:59:50
SESS0002869,P00026,상품_상세조회,2026-06-11 16:01:04
SESS0002870,P00070,상품_상세조회,2026-06-26 19:45:10
SESS0002871,P00046,상품_상세조회,2026-06-06 21:48:31
SESS0002871,P00051,찜하기,2026-06-06 21:49:32
SESS0002871,P00048,상품_상세조회,2026-06-06 21:51:18
SESS0002871,P00048,상품_상세조회,2026-06-06 21:52:46
SESS0002871,P00054,장바구니_담기,2026-06-06 21:53:33
SESS0002871,P00059,구매완료,2026-06-06 21:59:00
SESS0002872,P00051,상품_상세조회,2026-06-25 21:41:11
SESS0002872,P00051,상품_상세조회,2026-06-25 21:42:06
SESS0002872,P00152,상품_상세조회,2026-06-25 21:45:33
SESS0002872,P00153,장바구니_담기,2026-06-25 21:48:31
SESS0002872,P00160,상품_상세조회,2026-06-25 21:51:10
SESS0002872,P00164,장바구니_담기,2026-06-25 21:53:23
SESS0002872,P00159,상품_상세조회,2026-06-25 21:55:44
SESS0002872,P00153,찜하기,2026-06-25 21:57:04
SESS0002872,P00156,장바구니_담기,2026-06-25 21:58:14
SESS0002872,P00153,상품_상세조회,2026-06-25 22:00:43
SESS0002872,P00162,장바구니_담기,2026-06-25 22:01:49
SESS0002873,P00150,상품_상세조회,2026-06-28 23:10:00
SESS0002873,P00150,상품_상세조회,2026-06-28 23:10:59
SESS0002874,P00156,상품_상세조회,2026-06-30 20:57:46
SESS0002874,P00157,상품_상세조회,2026-06-30 20:59:14
SESS0002874,P00152,상품_상세조회,2026-06-30 21:00:06
SESS0002874,P00155,상품_상세조회,2026-06-30 21:02:50
SESS0002874,P00158,찜하기,2026-06-30 21:04:09
SESS0002874,P00161,상품_상세조회,2026-06-30 21:05:24
SESS0002874,P00160,찜하기,2026-06-30 21:07:08
SESS0002874,P00161,상품_상세조회,2026-06-30 21:09:41
SESS0002874,P00159,상품_상세조회,2026-06-30 21:10:06
SESS0002875,P00115,상품_상세조회,2026-06-23 18:08:32
SESS0002875,P00044,상품_상세조회,2026-06-23 18:13:23
SESS0002875,P00033,찜하기,2026-06-23 18:14:07
SESS0002875,P00039,상품_상세조회,2026-06-23 18:14:29
SESS0002875,P00036,장바구니_담기,2026-06-23 18:14:55
SESS0002875,P00039,구매완료,2026-06-23 18:17:15
SESS0002876,P00141,상품_상세조회,2026-06-05 21:32:06
SESS0002876,P00138,상품_상세조회,2026-06-05 21:34:05
SESS0002879,P00134,상품_상세조회,2026-06-10 16:53:25
SESS0002879,P00128,장바구니_담기,2026-06-10 16:56:18
SESS0002880,P00004,상품_상세조회,2026-06-25 23:58:38
SESS0002880,P00010,상품_상세조회,2026-06-26 00:00:21
SESS0002880,P00002,상품_상세조회,2026-06-26 00:03:13
SESS0002880,P00012,상품_상세조회,2026-06-26 00:04:40
SESS0002881,P00152,상품_상세조회,2026-06-22 19:33:52
SESS0002881,P00155,상품_상세조회,2026-06-22 19:34:12
SESS0002881,P00153,상품_상세조회,2026-06-22 19:36:17
SESS0002881,P00159,찜하기,2026-06-22 19:36:53
SESS0002882,P00127,상품_상세조회,2026-06-18 00:04:06
SESS0002882,P00129,상품_상세조회,2026-06-18 00:04:58
SESS0002882,P00131,장바구니_담기,2026-06-18 00:06:20
SESS0002882,P00122,구매완료,2026-06-18 00:09:46
SESS0002883,P00014,상품_상세조회,2026-06-23 20:07:42
SESS0002884,P00148,상품_상세조회,2026-06-21 20:30:48
SESS0002884,P00034,상품_상세조회,2026-06-21 20:33:21
SESS0002884,P00045,상품_상세조회,2026-06-21 20:35:18
SESS0002884,P00036,장바구니_담기,2026-06-21 20:36:23
SESS0002884,P00045,구매완료,2026-06-21 20:37:22
SESS0002885,P00135,상품_상세조회,2026-06-16 23:46:50
SESS0002885,P00130,장바구니_담기,2026-06-16 23:48:30
SESS0002887,P00041,상품_상세조회,2026-06-11 14:39:53
SESS0002887,P00045,장바구니_담기,2026-06-11 14:42:38
SESS0002888,P00042,상품_상세조회,2026-06-18 17:45:29
SESS0002888,P00045,장바구니_담기,2026-06-18 17:48:05
SESS0002888,P00036,구매완료,2026-06-18 17:51:04
SESS0002889,P00095,상품_상세조회,2026-06-05 21:21:30
SESS0002889,P00102,상품_상세조회,2026-06-05 21:22:22
SESS0002889,P00095,상품_상세조회,2026-06-05 21:23:57
SESS0002889,P00103,장바구니_담기,2026-06-05 21:26:33
SESS0002890,P00076,상품_상세조회,2026-06-12 17:53:08
SESS0002890,P00088,장바구니_담기,2026-06-12 17:53:54
SESS0002890,P00083,구매완료,2026-06-12 17:58:15
SESS0002891,P00095,상품_상세조회,2026-06-15 18:43:49
SESS0002892,P00062,상품_상세조회,2026-06-10 21:21:11
SESS0002893,P00045,상품_상세조회,2026-06-16 23:25:33
SESS0002893,P00035,상품_상세조회,2026-06-16 23:26:04
SESS0002893,P00033,상품_상세조회,2026-06-16 23:28:28
SESS0002893,P00039,장바구니_담기,2026-06-16 23:31:18
SESS0002894,P00032,상품_상세조회,2026-07-03 19:47:44
SESS0002894,P00045,상품_상세조회,2026-07-03 19:48:11
SESS0002894,P00037,찜하기,2026-07-03 19:50:06
SESS0002895,P00109,상품_상세조회,2026-06-11 19:47:19
SESS0002895,P00106,찜하기,2026-06-11 19:47:49
SESS0002895,P00116,상품_상세조회,2026-06-11 19:50:48
SESS0002896,P00061,상품_상세조회,2026-06-26 20:18:45
SESS0002896,P00066,상품_상세조회,2026-06-26 20:20:21
SESS0002896,P00047,상품_상세조회,2026-06-26 20:22:35
SESS0002897,P00001,상품_상세조회,2026-06-19 15:10:10
SESS0002898,P00125,상품_상세조회,2026-06-23 19:16:14
SESS0002898,P00127,상품_상세조회,2026-06-23 19:19:02
SESS0002898,P00127,상품_상세조회,2026-06-23 19:19:43
SESS0002899,P00014,상품_상세조회,2026-06-12 17:58:19
SESS0002900,P00046,상품_상세조회,2026-06-17 21:29:06
SESS0002901,P00113,상품_상세조회,2026-07-03 19:43:52
SESS0002901,P00106,찜하기,2026-07-03 19:46:42
SESS0002901,P00107,장바구니_담기,2026-07-03 19:48:22
SESS0002902,P00119,상품_상세조회,2026-06-09 21:26:11
SESS0002902,P00115,상품_상세조회,2026-06-09 21:26:59
SESS0002902,P00114,장바구니_담기,2026-06-09 21:28:30
SESS0002902,P00112,구매완료,2026-06-09 21:32:36
SESS0002903,P00100,상품_상세조회,2026-07-02 18:55:03
SESS0002904,P00117,상품_상세조회,2026-06-21 17:10:47
SESS0002905,P00144,상품_상세조회,2026-06-18 16:23:25
SESS0002906,P00133,상품_상세조회,2026-06-11 17:26:27
SESS0002906,P00123,장바구니_담기,2026-06-11 17:26:43
SESS0002906,P00125,구매완료,2026-06-11 17:29:10
SESS0002908,P00131,상품_상세조회,2026-06-18 19:48:09
SESS0002909,P00103,상품_상세조회,2026-07-03 20:09:30
SESS0002909,P00103,장바구니_담기,2026-07-03 20:12:29
SESS0002909,P00105,구매완료,2026-07-03 20:14:58
SESS0002910,P00007,상품_상세조회,2026-06-26 19:52:18
SESS0002911,P00120,상품_상세조회,2026-06-12 22:50:41
SESS0002913,P00086,상품_상세조회,2026-06-12 14:24:09
SESS0002913,P00116,상품_상세조회,2026-06-12 14:28:24
SESS0002913,P00107,장바구니_담기,2026-06-12 14:29:41
SESS0002914,P00095,상품_상세조회,2026-06-24 21:07:36
SESS0002914,P00092,찜하기,2026-06-24 21:09:46
SESS0002914,P00098,상품_상세조회,2026-06-24 21:11:12
SESS0002914,P00104,상품_상세조회,2026-06-24 21:13:51
SESS0002914,P00100,장바구니_담기,2026-06-24 21:14:57
SESS0002914,P00103,구매완료,2026-06-24 21:18:57
SESS0002915,P00123,상품_상세조회,2026-06-28 17:04:11
SESS0002915,P00121,상품_상세조회,2026-06-28 17:05:14
SESS0002915,P00132,상품_상세조회,2026-06-28 17:06:48
SESS0002916,P00097,상품_상세조회,2026-06-09 21:44:35
SESS0002916,P00097,상품_상세조회,2026-06-09 21:46:16
SESS0002916,P00091,상품_상세조회,2026-06-09 21:48:59
SESS0002916,P00095,상품_상세조회,2026-06-09 21:50:48
SESS0002916,P00099,상품_상세조회,2026-06-09 21:51:30
SESS0002917,P00111,상품_상세조회,2026-06-22 15:09:11
SESS0002918,P00084,상품_상세조회,2026-06-26 19:00:46
SESS0002918,P00086,찜하기,2026-06-26 19:02:34
SESS0002918,P00078,상품_상세조회,2026-06-26 19:04:08
SESS0002918,P00077,찜하기,2026-06-26 19:06:32
SESS0002918,P00089,상품_상세조회,2026-06-26 19:09:09
SESS0002918,P00090,장바구니_담기,2026-06-26 19:11:47
SESS0002920,P00102,상품_상세조회,2026-06-22 19:11:43
SESS0002920,P00105,상품_상세조회,2026-06-22 19:12:05
SESS0002920,P00088,상품_상세조회,2026-06-22 19:16:13
SESS0002920,P00079,상품_상세조회,2026-06-22 19:19:02
SESS0002920,P00090,상품_상세조회,2026-06-22 19:21:33
SESS0002920,P00082,상품_상세조회,2026-06-22 19:23:43
SESS0002920,P00172,상품_상세조회,2026-06-22 19:24:51
SESS0002922,P00156,상품_상세조회,2026-06-08 17:28:38
SESS0002922,P00158,상품_상세조회,2026-06-08 17:30:22
SESS0002922,P00151,장바구니_담기,2026-06-08 17:32:44
SESS0002922,P00164,구매완료,2026-06-08 17:36:09
SESS0002924,P00061,상품_상세조회,2026-06-07 19:00:37
SESS0002924,P00071,상품_상세조회,2026-06-07 19:01:22
SESS0002924,P00067,장바구니_담기,2026-06-07 19:03:24
SESS0002924,P00068,구매완료,2026-06-07 19:06:20
SESS0002926,P00069,상품_상세조회,2026-07-01 18:57:32
SESS0002926,P00062,장바구니_담기,2026-07-01 18:59:55
SESS0002926,P00070,구매완료,2026-07-01 19:01:07
SESS0002927,P00082,상품_상세조회,2026-06-23 19:37:05
SESS0002927,P00081,장바구니_담기,2026-06-23 19:39:33
SESS0002927,P00077,구매완료,2026-06-23 19:44:03
SESS0002928,P00113,상품_상세조회,2026-07-03 15:54:01
SESS0002928,P00108,장바구니_담기,2026-07-03 15:56:01
SESS0002930,P00013,상품_상세조회,2026-06-26 23:46:26
SESS0002931,P00093,상품_상세조회,2026-06-28 18:39:34
SESS0002932,P00075,상품_상세조회,2026-06-23 23:39:34
SESS0002932,P00072,찜하기,2026-06-23 23:41:39
SESS0002932,P00064,장바구니_담기,2026-06-23 23:41:56
SESS0002932,P00062,구매완료,2026-06-23 23:46:21
SESS0002933,P00162,상품_상세조회,2026-06-30 17:26:10
SESS0002933,P00162,상품_상세조회,2026-06-30 17:28:01
SESS0002934,P00032,상품_상세조회,2026-06-22 21:28:34
SESS0002934,P00036,찜하기,2026-06-22 21:29:08
SESS0002937,P00133,상품_상세조회,2026-06-29 19:38:24
SESS0002937,P00127,상품_상세조회,2026-06-29 19:39:19
SESS0002937,P00046,상품_상세조회,2026-06-29 19:46:44
SESS0002937,P00060,찜하기,2026-06-29 19:47:07
SESS0002937,P00051,장바구니_담기,2026-06-29 19:48:42
SESS0002937,P00055,상품_상세조회,2026-06-29 19:50:14
SESS0002939,P00128,상품_상세조회,2026-06-26 21:09:52
SESS0002941,P00136,상품_상세조회,2026-06-16 16:19:25
SESS0002941,P00148,찜하기,2026-06-16 16:20:10
SESS0002941,P00147,상품_상세조회,2026-06-16 16:21:33
SESS0002942,P00137,상품_상세조회,2026-06-06 16:02:10
SESS0002943,P00134,상품_상세조회,2026-06-29 18:19:48
SESS0002943,P00134,장바구니_담기,2026-06-29 18:22:19
SESS0002944,P00125,상품_상세조회,2026-06-20 19:17:51
SESS0002946,P00065,상품_상세조회,2026-06-14 19:14:28
SESS0002946,P00064,상품_상세조회,2026-06-14 19:15:08
SESS0002948,P00149,상품_상세조회,2026-06-14 14:43:19
SESS0002948,P00142,장바구니_담기,2026-06-14 14:43:35
SESS0002948,P00138,구매완료,2026-06-14 14:47:26
SESS0002949,P00005,상품_상세조회,2026-06-06 21:03:20
SESS0002950,P00078,상품_상세조회,2026-06-06 18:48:26
SESS0002950,P00086,장바구니_담기,2026-06-06 18:49:53
SESS0002950,P00078,구매완료,2026-06-06 18:52:52
SESS0002952,P00095,상품_상세조회,2026-06-23 17:42:36
SESS0002952,P00103,상품_상세조회,2026-06-23 17:43:46
SESS0002952,P00095,상품_상세조회,2026-06-23 17:44:53
SESS0002952,P00102,찜하기,2026-06-23 17:47:15
SESS0002952,P00100,장바구니_담기,2026-06-23 17:49:02
SESS0002953,P00093,상품_상세조회,2026-06-22 19:32:21
SESS0002953,P00002,상품_상세조회,2026-06-22 19:34:55
SESS0002953,P00006,찜하기,2026-06-22 19:35:31
SESS0002953,P00009,장바구니_담기,2026-06-22 19:37:47
SESS0002955,P00072,상품_상세조회,2026-06-08 16:26:25
SESS0002955,P00065,장바구니_담기,2026-06-08 16:28:15
SESS0002957,P00063,상품_상세조회,2026-06-05 16:50:01
SESS0002957,P00072,상품_상세조회,2026-06-05 16:52:45
SESS0002957,P00072,상품_상세조회,2026-06-05 16:55:21
SESS0002957,P00072,찜하기,2026-06-05 16:57:10
SESS0002957,P00075,장바구니_담기,2026-06-05 16:57:49
SESS0002957,P00061,구매완료,2026-06-05 17:00:06
SESS0002958,P00064,상품_상세조회,2026-06-06 18:01:38
SESS0002958,P00088,상품_상세조회,2026-06-06 18:07:09
SESS0002958,P00076,상품_상세조회,2026-06-06 18:08:51
SESS0002958,P00085,상품_상세조회,2026-06-06 18:10:51
SESS0002959,P00004,상품_상세조회,2026-06-17 19:43:52
SESS0002959,P00084,상품_상세조회,2026-06-17 19:51:53
SESS0002959,P00077,찜하기,2026-06-17 19:54:34
SESS0002959,P00078,상품_상세조회,2026-06-17 19:56:05
SESS0002960,P00116,상품_상세조회,2026-07-01 20:05:36
SESS0002960,P00108,상품_상세조회,2026-07-01 20:08:03
SESS0002960,P00112,상품_상세조회,2026-07-01 20:09:37
SESS0002960,P00110,상품_상세조회,2026-07-01 20:10:56
SESS0002960,P00162,상품_상세조회,2026-07-01 20:15:38
SESS0002960,P00159,찜하기,2026-07-01 20:16:36
SESS0002961,P00014,상품_상세조회,2026-06-21 23:54:52
SESS0002961,P00006,상품_상세조회,2026-06-21 23:57:37
SESS0002961,P00008,상품_상세조회,2026-06-21 23:57:55
SESS0002961,P00005,찜하기,2026-06-21 23:58:42
SESS0002963,P00005,상품_상세조회,2026-06-20 21:33:34
SESS0002963,P00002,상품_상세조회,2026-06-20 21:35:02
SESS0002964,P00101,상품_상세조회,2026-06-04 23:14:24
SESS0002964,P00091,찜하기,2026-06-04 23:15:09
SESS0002965,P00166,상품_상세조회,2026-06-13 15:28:08
SESS0002965,P00169,상품_상세조회,2026-06-13 15:29:35
SESS0002966,P00129,상품_상세조회,2026-06-05 21:42:46
SESS0002966,P00038,상품_상세조회,2026-06-05 21:45:31
SESS0002966,P00034,상품_상세조회,2026-06-05 21:48:19
SESS0002966,P00045,상품_상세조회,2026-06-05 21:50:31
SESS0002966,P00043,장바구니_담기,2026-06-05 21:53:12
SESS0002966,P00044,구매완료,2026-06-05 21:55:28
SESS0002967,P00010,상품_상세조회,2026-06-16 18:45:20
SESS0002967,P00009,상품_상세조회,2026-06-16 18:47:54
SESS0002968,P00016,상품_상세조회,2026-06-26 19:59:39
SESS0002969,P00120,상품_상세조회,2026-06-25 20:37:22
SESS0002971,P00114,상품_상세조회,2026-06-13 19:24:05
SESS0002971,P00151,상품_상세조회,2026-06-13 19:27:31
SESS0002972,P00012,상품_상세조회,2026-06-08 17:01:55
SESS0002972,P00131,상품_상세조회,2026-06-08 17:04:30
SESS0002972,P00126,장바구니_담기,2026-06-08 17:05:26
SESS0002972,P00126,구매완료,2026-06-08 17:10:34
SESS0002973,P00071,상품_상세조회,2026-06-29 17:46:21
SESS0002973,P00068,상품_상세조회,2026-06-29 17:48:32
SESS0002974,P00006,상품_상세조회,2026-06-30 23:23:12
SESS0002974,P00004,장바구니_담기,2026-06-30 23:25:41
SESS0002974,P00004,구매완료,2026-06-30 23:27:36
SESS0002975,P00067,상품_상세조회,2026-07-02 18:10:23
SESS0002976,P00018,상품_상세조회,2026-06-07 22:15:55
SESS0002977,P00175,상품_상세조회,2026-06-14 17:32:59
SESS0002977,P00167,찜하기,2026-06-14 17:35:10
SESS0002978,P00177,상품_상세조회,2026-06-20 21:00:45
SESS0002979,P00111,상품_상세조회,2026-07-01 17:07:05
SESS0002979,P00120,장바구니_담기,2026-07-01 17:07:46
SESS0002980,P00113,상품_상세조회,2026-06-17 23:33:38
SESS0002981,P00096,상품_상세조회,2026-06-20 18:09:17
SESS0002982,P00073,상품_상세조회,2026-06-05 18:05:18
SESS0002982,P00071,찜하기,2026-06-05 18:05:54
SESS0002983,P00101,상품_상세조회,2026-06-10 16:55:19
SESS0002985,P00081,상품_상세조회,2026-06-25 23:39:36
SESS0002985,P00090,찜하기,2026-06-25 23:40:02
SESS0002985,P00089,상품_상세조회,2026-06-25 23:42:05
SESS0002985,P00077,상품_상세조회,2026-06-25 23:43:53
SESS0002985,P00080,장바구니_담기,2026-06-25 23:46:03
SESS0002986,P00100,상품_상세조회,2026-06-09 14:41:28
SESS0002987,P00122,상품_상세조회,2026-06-14 19:40:47
SESS0002987,P00131,상품_상세조회,2026-06-14 19:41:29
SESS0002987,P00145,상품_상세조회,2026-06-14 19:44:03
SESS0002987,P00138,상품_상세조회,2026-06-14 19:45:26
SESS0002987,P00149,장바구니_담기,2026-06-14 19:46:23
SESS0002987,P00137,구매완료,2026-06-14 19:49:32
SESS0002988,P00146,상품_상세조회,2026-06-07 19:12:41
SESS0002988,P00136,상품_상세조회,2026-06-07 19:13:10
SESS0002988,P00137,장바구니_담기,2026-06-07 19:14:06
SESS0002988,P00136,구매완료,2026-06-07 19:19:04
SESS0002989,P00126,상품_상세조회,2026-06-17 22:48:48
SESS0002989,P00134,장바구니_담기,2026-06-17 22:51:25
SESS0002989,P00131,구매완료,2026-06-17 22:56:19
SESS0002990,P00058,상품_상세조회,2026-06-08 19:12:01
SESS0002992,P00010,상품_상세조회,2026-06-11 16:17:02
SESS0002993,P00159,상품_상세조회,2026-07-02 11:32:44
SESS0002993,P00153,상품_상세조회,2026-07-02 11:35:25
SESS0002993,P00161,찜하기,2026-07-02 11:36:37
SESS0002993,P00163,상품_상세조회,2026-07-02 11:37:23
SESS0002993,P00155,상품_상세조회,2026-07-02 11:38:07
SESS0002993,P00160,찜하기,2026-07-02 11:39:26
SESS0002993,P00163,상품_상세조회,2026-07-02 11:41:28
SESS0002993,P00157,장바구니_담기,2026-07-02 11:41:45
SESS0002993,P00153,상품_상세조회,2026-07-02 11:43:17
SESS0002993,P00152,찜하기,2026-07-02 11:44:34
SESS0002993,P00155,상품_상세조회,2026-07-02 11:45:12
SESS0002993,P00151,상품_상세조회,2026-07-02 11:47:08
SESS0002993,P00152,찜하기,2026-07-02 11:49:25
SESS0002994,P00004,상품_상세조회,2026-07-03 15:58:01
SESS0002994,P00014,상품_상세조회,2026-07-03 16:00:29
SESS0002994,P00011,상품_상세조회,2026-07-03 16:01:09
SESS0002994,P00007,찜하기,2026-07-03 16:02:22
SESS0002994,P00015,상품_상세조회,2026-07-03 16:04:52
SESS0002994,P00004,상품_상세조회,2026-07-03 16:07:17
SESS0002994,P00002,상품_상세조회,2026-07-03 16:07:49
SESS0002995,P00071,상품_상세조회,2026-06-25 18:35:13
SESS0002995,P00070,상품_상세조회,2026-06-25 18:38:12
SESS0002995,P00071,상품_상세조회,2026-06-25 18:40:59
SESS0002995,P00065,장바구니_담기,2026-06-25 18:42:39
SESS0002995,P00061,상품_상세조회,2026-06-25 18:44:37
SESS0002995,P00066,상품_상세조회,2026-06-25 18:45:45
SESS0002995,P00066,찜하기,2026-06-25 18:47:25
SESS0002996,P00075,상품_상세조회,2026-06-27 12:42:17
SESS0002997,P00104,상품_상세조회,2026-06-10 15:38:50
SESS0002997,P00092,상품_상세조회,2026-06-10 15:39:07
SESS0002997,P00105,상품_상세조회,2026-06-10 15:41:06
SESS0002998,P00164,상품_상세조회,2026-06-19 16:35:44
SESS0002998,P00162,상품_상세조회,2026-06-19 16:36:17
SESS0002999,P00165,상품_상세조회,2026-07-02 21:51:30
SESS0002999,P00154,장바구니_담기,2026-07-02 21:53:01
SESS0002999,P00157,구매완료,2026-07-02 21:55:25
SESS0003000,P00082,상품_상세조회,2026-06-06 16:41:25
SESS0003000,P00080,상품_상세조회,2026-06-06 16:43:17
SESS0003000,P00086,장바구니_담기,2026-06-06 16:44:08
SESS0003000,P00076,구매완료,2026-06-06 16:45:38
SESS0003001,P00007,상품_상세조회,2026-06-13 16:11:30
SESS0003001,P00102,상품_상세조회,2026-06-13 16:14:51
SESS0003001,P00092,상품_상세조회,2026-06-13 16:16:53
SESS0003001,P00102,상품_상세조회,2026-06-13 16:17:48
SESS0003001,P00098,찜하기,2026-06-13 16:18:43
SESS0003001,P00098,장바구니_담기,2026-06-13 16:20:23
SESS0003001,P00099,구매완료,2026-06-13 16:20:58
SESS0003002,P00017,상품_상세조회,2026-06-12 22:18:38
SESS0003002,P00020,장바구니_담기,2026-06-12 22:19:24
SESS0003003,P00063,상품_상세조회,2026-06-27 17:33:32
SESS0003004,P00109,상품_상세조회,2026-06-15 20:00:33
SESS0003004,P00120,상품_상세조회,2026-06-15 20:02:53
SESS0003005,P00084,상품_상세조회,2026-06-12 17:12:53
SESS0003005,P00088,찜하기,2026-06-12 17:15:25
SESS0003005,P00084,장바구니_담기,2026-06-12 17:16:41
SESS0003006,P00089,상품_상세조회,2026-06-14 14:51:14
SESS0003006,P00085,상품_상세조회,2026-06-14 14:52:12
SESS0003006,P00077,상품_상세조회,2026-06-14 14:52:39
SESS0003006,P00165,상품_상세조회,2026-06-14 14:54:39
SESS0003006,P00157,상품_상세조회,2026-06-14 14:57:27
SESS0003008,P00084,상품_상세조회,2026-06-08 23:00:19
SESS0003008,P00076,장바구니_담기,2026-06-08 23:01:55
SESS0003008,P00090,구매완료,2026-06-08 23:06:22
SESS0003010,P00054,상품_상세조회,2026-06-20 17:00:38
SESS0003010,P00058,찜하기,2026-06-20 17:01:21
SESS0003010,P00048,장바구니_담기,2026-06-20 17:03:45
SESS0003011,P00001,상품_상세조회,2026-06-28 23:02:53
SESS0003011,P00006,찜하기,2026-06-28 23:04:18
SESS0003012,P00002,상품_상세조회,2026-06-20 21:08:26
SESS0003012,P00015,상품_상세조회,2026-06-20 21:08:49
SESS0003012,P00015,찜하기,2026-06-20 21:09:30
SESS0003012,P00014,상품_상세조회,2026-06-20 21:12:10
SESS0003013,P00140,상품_상세조회,2026-06-10 12:02:17
SESS0003013,P00142,상품_상세조회,2026-06-10 12:03:15
SESS0003013,P00148,상품_상세조회,2026-06-10 12:05:30
SESS0003013,P00140,장바구니_담기,2026-06-10 12:07:56
SESS0003013,P00142,상품_상세조회,2026-06-10 12:09:59
SESS0003014,P00021,상품_상세조회,2026-06-23 22:21:07
SESS0003014,P00029,상품_상세조회,2026-06-23 22:23:59
SESS0003014,P00026,상품_상세조회,2026-06-23 22:26:40
SESS0003015,P00068,상품_상세조회,2026-07-01 17:11:29
SESS0003015,P00128,상품_상세조회,2026-07-01 17:15:59
SESS0003015,P00126,장바구니_담기,2026-07-01 17:17:29
SESS0003015,P00129,구매완료,2026-07-01 17:21:07
SESS0003016,P00071,상품_상세조회,2026-06-25 20:41:12
SESS0003016,P00069,장바구니_담기,2026-06-25 20:41:45
SESS0003016,P00071,구매완료,2026-06-25 20:43:24
SESS0003017,P00093,상품_상세조회,2026-06-09 22:56:42
SESS0003018,P00148,상품_상세조회,2026-06-25 21:26:25
SESS0003018,P00144,찜하기,2026-06-25 21:27:17
SESS0003018,P00136,상품_상세조회,2026-06-25 21:28:40
SESS0003018,P00140,상품_상세조회,2026-06-25 21:30:30
SESS0003019,P00137,상품_상세조회,2026-06-06 23:43:58
SESS0003020,P00080,상품_상세조회,2026-06-20 23:01:11
SESS0003020,P00082,상품_상세조회,2026-06-20 23:01:32
SESS0003022,P00012,상품_상세조회,2026-06-22 13:28:23
SESS0003022,P00078,상품_상세조회,2026-06-22 13:37:27
SESS0003022,P00088,장바구니_담기,2026-06-22 13:37:53
SESS0003022,P00087,상품_상세조회,2026-06-22 13:40:08
SESS0003023,P00113,상품_상세조회,2026-06-27 18:34:29
SESS0003024,P00139,상품_상세조회,2026-06-22 18:28:30
SESS0003024,P00148,상품_상세조회,2026-06-22 18:29:10
SESS0003024,P00140,장바구니_담기,2026-06-22 18:29:46
SESS0003024,P00143,상품_상세조회,2026-06-22 18:32:35
SESS0003026,P00049,상품_상세조회,2026-06-05 13:12:42
SESS0003026,P00052,상품_상세조회,2026-06-05 13:15:29
SESS0003026,P00049,상품_상세조회,2026-06-05 13:16:14
SESS0003026,P00052,찜하기,2026-06-05 13:17:53
SESS0003026,P00058,상품_상세조회,2026-06-05 13:18:42
SESS0003028,P00049,상품_상세조회,2026-06-28 23:55:57
SESS0003029,P00145,상품_상세조회,2026-06-23 19:27:16
SESS0003029,P00138,상품_상세조회,2026-06-23 19:28:24
SESS0003029,P00149,상품_상세조회,2026-06-23 19:30:24
SESS0003029,P00153,상품_상세조회,2026-06-23 19:32:51
SESS0003029,P00164,찜하기,2026-06-23 19:34:52
SESS0003029,P00163,장바구니_담기,2026-06-23 19:35:33
SESS0003029,P00154,상품_상세조회,2026-06-23 19:38:18
SESS0003029,P00155,상품_상세조회,2026-06-23 19:39:07
SESS0003029,P00157,장바구니_담기,2026-06-23 19:41:19
SESS0003029,P00157,구매완료,2026-06-23 19:44:46
SESS0003031,P00042,상품_상세조회,2026-06-21 21:32:20
SESS0003031,P00041,상품_상세조회,2026-06-21 21:33:26
SESS0003031,P00039,장바구니_담기,2026-06-21 21:36:04
SESS0003031,P00044,구매완료,2026-06-21 21:39:22
SESS0003032,P00111,상품_상세조회,2026-06-30 23:13:02
SESS0003032,P00109,장바구니_담기,2026-06-30 23:14:59
SESS0003033,P00133,상품_상세조회,2026-06-22 15:36:20
SESS0003033,P00128,상품_상세조회,2026-06-22 15:39:11
SESS0003033,P00060,상품_상세조회,2026-06-22 15:41:33
SESS0003033,P00060,상품_상세조회,2026-06-22 15:42:40
SESS0003033,P00005,상품_상세조회,2026-06-22 15:46:27
SESS0003034,P00144,상품_상세조회,2026-06-17 15:27:30
SESS0003034,P00141,상품_상세조회,2026-06-17 15:30:17
SESS0003034,P00137,찜하기,2026-06-17 15:31:07
SESS0003035,P00096,상품_상세조회,2026-06-25 18:08:52
SESS0003035,P00104,상품_상세조회,2026-06-25 18:11:17
SESS0003036,P00164,상품_상세조회,2026-06-07 20:37:08
SESS0003036,P00165,상품_상세조회,2026-06-07 20:38:38
SESS0003037,P00146,상품_상세조회,2026-06-23 18:36:49
SESS0003037,P00150,상품_상세조회,2026-06-23 18:39:36
SESS0003037,P00138,상품_상세조회,2026-06-23 18:41:20
SESS0003037,P00146,찜하기,2026-06-23 18:43:20
SESS0003038,P00113,상품_상세조회,2026-06-22 13:09:45
SESS0003038,P00115,상품_상세조회,2026-06-22 13:10:36
SESS0003038,P00116,찜하기,2026-06-22 13:10:54
SESS0003038,P00112,상품_상세조회,2026-06-22 13:11:22
SESS0003038,P00111,상품_상세조회,2026-06-22 13:14:09
SESS0003038,P00109,상품_상세조회,2026-06-22 13:15:52
SESS0003038,P00110,상품_상세조회,2026-06-22 13:17:55
SESS0003038,P00112,상품_상세조회,2026-06-22 13:20:14
SESS0003038,P00109,찜하기,2026-06-22 13:22:20
SESS0003038,P00117,상품_상세조회,2026-06-22 13:23:33
SESS0003039,P00098,상품_상세조회,2026-06-14 16:53:14
SESS0003040,P00006,상품_상세조회,2026-06-25 20:11:25
SESS0003042,P00005,상품_상세조회,2026-06-07 19:17:12
SESS0003042,P00004,상품_상세조회,2026-06-07 19:19:54
SESS0003042,P00006,상품_상세조회,2026-06-07 19:22:30
SESS0003042,P00001,찜하기,2026-06-07 19:23:40
SESS0003044,P00149,상품_상세조회,2026-06-26 14:45:56
SESS0003046,P00072,상품_상세조회,2026-06-05 23:14:03
SESS0003046,P00121,상품_상세조회,2026-06-05 23:17:01
SESS0003046,P00130,상품_상세조회,2026-06-05 23:18:09
SESS0003047,P00108,상품_상세조회,2026-06-27 21:58:21
SESS0003047,P00107,장바구니_담기,2026-06-27 22:00:57
SESS0003047,P00110,상품_상세조회,2026-06-27 22:01:32
SESS0003047,P00086,상품_상세조회,2026-06-27 22:05:09
SESS0003048,P00065,상품_상세조회,2026-06-12 18:36:25
SESS0003048,P00073,상품_상세조회,2026-06-12 18:39:22
SESS0003049,P00137,상품_상세조회,2026-06-16 16:45:48
SESS0003050,P00131,상품_상세조회,2026-06-09 16:49:14
SESS0003050,P00132,상품_상세조회,2026-06-09 16:50:25
SESS0003050,P00130,찜하기,2026-06-09 16:52:42
SESS0003050,P00122,상품_상세조회,2026-06-09 16:54:51
SESS0003050,P00129,상품_상세조회,2026-06-09 16:56:17
SESS0003052,P00147,상품_상세조회,2026-06-09 16:52:04
SESS0003052,P00140,상품_상세조회,2026-06-09 16:52:37
SESS0003052,P00137,상품_상세조회,2026-06-09 16:54:12
SESS0003053,P00039,상품_상세조회,2026-07-03 18:52:50
SESS0003053,P00037,장바구니_담기,2026-07-03 18:55:36
SESS0003053,P00041,구매완료,2026-07-03 18:57:49
SESS0003054,P00079,상품_상세조회,2026-06-23 19:48:27
SESS0003054,P00076,장바구니_담기,2026-06-23 19:51:01
SESS0003054,P00087,구매완료,2026-06-23 19:53:22
SESS0003055,P00150,상품_상세조회,2026-06-13 21:15:24
SESS0003055,P00142,상품_상세조회,2026-06-13 21:16:59
SESS0003055,P00138,장바구니_담기,2026-06-13 21:19:50
SESS0003055,P00140,구매완료,2026-06-13 21:21:27
SESS0003056,P00144,상품_상세조회,2026-06-19 20:41:11
SESS0003057,P00163,상품_상세조회,2026-06-14 18:54:59
SESS0003057,P00125,상품_상세조회,2026-06-14 19:00:00
SESS0003057,P00130,장바구니_담기,2026-06-14 19:00:32
SESS0003058,P00096,상품_상세조회,2026-06-15 17:59:03
SESS0003058,P00101,상품_상세조회,2026-06-15 17:59:37
SESS0003058,P00104,상품_상세조회,2026-06-15 18:00:36
SESS0003058,P00092,장바구니_담기,2026-06-15 18:01:09
SESS0003058,P00103,구매완료,2026-06-15 18:04:38
SESS0003059,P00146,상품_상세조회,2026-07-01 18:36:24
SESS0003059,P00148,장바구니_담기,2026-07-01 18:37:08
SESS0003059,P00138,구매완료,2026-07-01 18:42:29
SESS0003060,P00070,상품_상세조회,2026-06-05 19:35:23
SESS0003061,P00107,상품_상세조회,2026-06-10 17:34:30
SESS0003061,P00113,상품_상세조회,2026-06-10 17:36:05
SESS0003061,P00120,상품_상세조회,2026-06-10 17:38:22
SESS0003061,P00107,상품_상세조회,2026-06-10 17:39:00
SESS0003061,P00115,상품_상세조회,2026-06-10 17:41:04
SESS0003061,P00106,상품_상세조회,2026-06-10 17:43:19
SESS0003063,P00083,상품_상세조회,2026-06-05 20:33:43
SESS0003063,P00085,상품_상세조회,2026-06-05 20:34:57
SESS0003063,P00077,장바구니_담기,2026-06-05 20:36:12
SESS0003063,P00080,상품_상세조회,2026-06-05 20:38:36
SESS0003064,P00103,상품_상세조회,2026-06-16 22:52:17
SESS0003064,P00073,상품_상세조회,2026-06-16 22:56:07
SESS0003065,P00165,상품_상세조회,2026-06-29 17:32:07
SESS0003065,P00157,찜하기,2026-06-29 17:32:56
SESS0003065,P00156,장바구니_담기,2026-06-29 17:34:54
SESS0003066,P00067,상품_상세조회,2026-06-17 19:13:58
SESS0003066,P00071,찜하기,2026-06-17 19:16:28
SESS0003067,P00049,상품_상세조회,2026-07-02 20:13:53
SESS0003067,P00046,장바구니_담기,2026-07-02 20:16:44
SESS0003067,P00048,구매완료,2026-07-02 20:20:17
SESS0003068,P00126,상품_상세조회,2026-06-25 16:25:34
SESS0003068,P00135,상품_상세조회,2026-06-25 16:26:59
SESS0003068,P00135,상품_상세조회,2026-06-25 16:28:54
SESS0003069,P00010,상품_상세조회,2026-06-23 21:50:20
SESS0003069,P00008,상품_상세조회,2026-06-23 21:50:56
SESS0003069,P00009,상품_상세조회,2026-06-23 21:51:40
SESS0003069,P00001,상품_상세조회,2026-06-23 21:52:41
SESS0003069,P00006,상품_상세조회,2026-06-23 21:53:23
SESS0003069,P00007,상품_상세조회,2026-06-23 21:54:55
SESS0003069,P00009,장바구니_담기,2026-06-23 21:56:09
SESS0003070,P00061,상품_상세조회,2026-06-22 20:50:43
SESS0003071,P00084,상품_상세조회,2026-07-03 20:38:14
SESS0003071,P00088,장바구니_담기,2026-07-03 20:38:51
SESS0003073,P00110,상품_상세조회,2026-06-04 13:08:47
SESS0003073,P00119,상품_상세조회,2026-06-04 13:09:04
SESS0003073,P00083,상품_상세조회,2026-06-04 13:11:50
SESS0003074,P00076,상품_상세조회,2026-06-11 19:44:45
SESS0003075,P00101,상품_상세조회,2026-06-24 16:33:36
SESS0003075,P00092,장바구니_담기,2026-06-24 16:35:18
SESS0003075,P00101,구매완료,2026-06-24 16:37:29
SESS0003076,P00103,상품_상세조회,2026-06-05 16:31:52
SESS0003077,P00119,상품_상세조회,2026-06-22 22:57:17
SESS0003077,P00107,상품_상세조회,2026-06-22 22:57:49
SESS0003077,P00112,찜하기,2026-06-22 22:58:50
SESS0003077,P00110,상품_상세조회,2026-06-22 23:01:13
SESS0003078,P00060,상품_상세조회,2026-06-18 21:38:25
SESS0003078,P00055,상품_상세조회,2026-06-18 21:41:23
SESS0003080,P00009,상품_상세조회,2026-06-10 19:14:28
SESS0003080,P00014,상품_상세조회,2026-06-10 19:15:26
SESS0003080,P00006,상품_상세조회,2026-06-10 19:16:22
SESS0003080,P00115,상품_상세조회,2026-06-10 19:20:29
SESS0003080,P00115,장바구니_담기,2026-06-10 19:21:28
SESS0003080,P00120,구매완료,2026-06-10 19:24:03
SESS0003081,P00064,상품_상세조회,2026-06-23 18:33:33
SESS0003081,P00065,상품_상세조회,2026-06-23 18:34:20
SESS0003081,P00062,장바구니_담기,2026-06-23 18:35:09
SESS0003081,P00066,구매완료,2026-06-23 18:39:39
SESS0003082,P00169,상품_상세조회,2026-06-04 22:28:03
SESS0003082,P00177,장바구니_담기,2026-06-04 22:30:05
SESS0003082,P00178,구매완료,2026-06-04 22:31:27
SESS0003083,P00071,상품_상세조회,2026-06-22 23:55:03
SESS0003083,P00073,찜하기,2026-06-22 23:56:45
SESS0003083,P00075,상품_상세조회,2026-06-22 23:57:51
SESS0003083,P00076,상품_상세조회,2026-06-23 00:01:00
SESS0003083,P00085,장바구니_담기,2026-06-23 00:03:42
SESS0003083,P00086,구매완료,2026-06-23 00:07:36
SESS0003084,P00007,상품_상세조회,2026-06-10 16:38:04
SESS0003084,P00014,장바구니_담기,2026-06-10 16:38:19
SESS0003084,P00014,구매완료,2026-06-10 16:41:02
SESS0003086,P00120,상품_상세조회,2026-06-27 21:56:44
SESS0003086,P00112,상품_상세조회,2026-06-27 21:59:30
SESS0003086,P00106,장바구니_담기,2026-06-27 22:01:02
SESS0003087,P00134,상품_상세조회,2026-06-20 15:37:07
SESS0003087,P00123,찜하기,2026-06-20 15:39:03
SESS0003088,P00157,상품_상세조회,2026-06-26 23:56:29
SESS0003088,P00160,상품_상세조회,2026-06-26 23:58:29
SESS0003088,P00165,찜하기,2026-06-27 00:00:29
SESS0003088,P00151,상품_상세조회,2026-06-27 00:02:41
SESS0003089,P00024,상품_상세조회,2026-07-02 16:33:02
SESS0003089,P00025,상품_상세조회,2026-07-02 16:34:06
SESS0003089,P00019,찜하기,2026-07-02 16:36:21
SESS0003090,P00007,상품_상세조회,2026-06-04 18:41:07
SESS0003090,P00015,상품_상세조회,2026-06-04 18:41:23
SESS0003093,P00078,상품_상세조회,2026-07-03 19:03:15
SESS0003093,P00078,상품_상세조회,2026-07-03 19:05:21
SESS0003093,P00079,찜하기,2026-07-03 19:06:51
SESS0003093,P00083,장바구니_담기,2026-07-03 19:08:45
SESS0003094,P00061,상품_상세조회,2026-06-05 18:59:29
SESS0003094,P00071,장바구니_담기,2026-06-05 19:01:27
SESS0003095,P00130,상품_상세조회,2026-06-21 21:45:06
SESS0003096,P00094,상품_상세조회,2026-06-16 20:41:05
SESS0003098,P00131,상품_상세조회,2026-06-26 19:22:51
SESS0003098,P00121,상품_상세조회,2026-06-26 19:23:33
SESS0003098,P00129,상품_상세조회,2026-06-26 19:25:57
SESS0003099,P00014,상품_상세조회,2026-06-25 23:59:15
SESS0003099,P00012,장바구니_담기,2026-06-26 00:01:27
SESS0003099,P00009,구매완료,2026-06-26 00:05:30
SESS0003100,P00038,상품_상세조회,2026-06-15 18:20:50
SESS0003100,P00045,찜하기,2026-06-15 18:23:46
SESS0003100,P00036,장바구니_담기,2026-06-15 18:25:47
SESS0003101,P00052,상품_상세조회,2026-06-19 14:56:57
SESS0003101,P00049,장바구니_담기,2026-06-19 14:57:58
SESS0003101,P00057,상품_상세조회,2026-06-19 14:59:47
SESS0003101,P00047,찜하기,2026-06-19 15:02:40
SESS0003101,P00055,상품_상세조회,2026-06-19 15:04:55
SESS0003101,P00138,상품_상세조회,2026-06-19 15:07:58
SESS0003102,P00121,상품_상세조회,2026-06-23 18:12:05
SESS0003102,P00135,찜하기,2026-06-23 18:12:52
SESS0003102,P00131,상품_상세조회,2026-06-23 18:15:20
SESS0003102,P00123,찜하기,2026-06-23 18:16:00
SESS0003102,P00122,상품_상세조회,2026-06-23 18:17:06
SESS0003102,P00132,찜하기,2026-06-23 18:19:08
SESS0003103,P00137,상품_상세조회,2026-06-20 17:08:47
SESS0003103,P00142,찜하기,2026-06-20 17:10:22
SESS0003104,P00130,상품_상세조회,2026-06-27 21:59:24
SESS0003104,P00134,상품_상세조회,2026-06-27 22:00:22
SESS0003105,P00014,상품_상세조회,2026-06-08 19:58:09
SESS0003105,P00014,장바구니_담기,2026-06-08 19:59:06
SESS0003105,P00015,구매완료,2026-06-08 20:00:33
SESS0003106,P00160,상품_상세조회,2026-06-18 23:02:05
SESS0003106,P00161,상품_상세조회,2026-06-18 23:03:50
SESS0003106,P00159,장바구니_담기,2026-06-18 23:04:52
SESS0003106,P00156,구매완료,2026-06-18 23:09:09
SESS0003107,P00110,상품_상세조회,2026-06-15 23:57:40
SESS0003107,P00107,찜하기,2026-06-15 23:59:43
SESS0003108,P00003,상품_상세조회,2026-06-15 18:36:51
SESS0003108,P00012,상품_상세조회,2026-06-15 18:44:05
SESS0003108,P00001,장바구니_담기,2026-06-15 18:45:22
SESS0003108,P00006,구매완료,2026-06-15 18:50:24
SESS0003109,P00060,상품_상세조회,2026-06-07 16:12:20
SESS0003109,P00052,장바구니_담기,2026-06-07 16:13:38
SESS0003109,P00052,구매완료,2026-06-07 16:17:32
SESS0003111,P00132,상품_상세조회,2026-06-05 19:09:42
SESS0003111,P00132,상품_상세조회,2026-06-05 19:09:57
SESS0003112,P00128,상품_상세조회,2026-06-07 23:06:42
SESS0003112,P00131,장바구니_담기,2026-06-07 23:08:51
SESS0003114,P00042,상품_상세조회,2026-06-29 15:24:30
SESS0003115,P00086,상품_상세조회,2026-06-17 22:55:19
SESS0003115,P00077,장바구니_담기,2026-06-17 22:56:03
SESS0003116,P00049,상품_상세조회,2026-06-04 22:16:22
SESS0003116,P00057,찜하기,2026-06-04 22:17:50
SESS0003116,P00057,상품_상세조회,2026-06-04 22:20:28
SESS0003116,P00135,상품_상세조회,2026-06-04 22:23:43
SESS0003116,P00135,장바구니_담기,2026-06-04 22:25:35
SESS0003116,P00121,상품_상세조회,2026-06-04 22:26:09
SESS0003116,P00129,찜하기,2026-06-04 22:28:31
SESS0003117,P00033,상품_상세조회,2026-06-19 23:13:49
SESS0003118,P00140,상품_상세조회,2026-06-04 20:26:28
SESS0003118,P00143,찜하기,2026-06-04 20:27:20
SESS0003118,P00148,상품_상세조회,2026-06-04 20:29:29
SESS0003118,P00137,장바구니_담기,2026-06-04 20:30:04
SESS0003118,P00141,구매완료,2026-06-04 20:32:58
SESS0003119,P00144,상품_상세조회,2026-06-30 23:58:42
SESS0003120,P00013,상품_상세조회,2026-06-07 20:25:24
SESS0003120,P00004,상품_상세조회,2026-06-07 20:26:13
SESS0003120,P00003,상품_상세조회,2026-06-07 20:27:10
SESS0003121,P00082,상품_상세조회,2026-06-19 17:56:41
SESS0003121,P00076,상품_상세조회,2026-06-19 17:58:11
SESS0003121,P00080,장바구니_담기,2026-06-19 17:59:39
SESS0003122,P00151,상품_상세조회,2026-06-19 14:19:04
SESS0003125,P00096,상품_상세조회,2026-06-09 21:09:28
SESS0003125,P00099,장바구니_담기,2026-06-09 21:11:55
SESS0003126,P00087,상품_상세조회,2026-06-16 19:34:24
SESS0003126,P00089,장바구니_담기,2026-06-16 19:34:43
SESS0003127,P00032,상품_상세조회,2026-06-05 22:06:32
SESS0003127,P00062,상품_상세조회,2026-06-05 22:09:42
SESS0003127,P00072,찜하기,2026-06-05 22:10:51
SESS0003129,P00012,상품_상세조회,2026-06-19 23:37:11
SESS0003130,P00018,상품_상세조회,2026-06-19 16:00:34
SESS0003130,P00029,장바구니_담기,2026-06-19 16:00:59
SESS0003130,P00026,구매완료,2026-06-19 16:05:35
SESS0003131,P00068,상품_상세조회,2026-06-23 19:46:44
SESS0003131,P00064,상품_상세조회,2026-06-23 19:48:38
SESS0003133,P00116,상품_상세조회,2026-06-25 19:27:09
SESS0003134,P00011,상품_상세조회,2026-06-21 21:38:05
SESS0003134,P00014,상품_상세조회,2026-06-21 21:38:28
SESS0003134,P00002,상품_상세조회,2026-06-21 21:41:08
SESS0003135,P00169,상품_상세조회,2026-07-01 13:17:00
SESS0003135,P00174,장바구니_담기,2026-07-01 13:19:11
SESS0003135,P00172,상품_상세조회,2026-07-01 13:19:28
SESS0003135,P00178,장바구니_담기,2026-07-01 13:20:06
SESS0003136,P00108,상품_상세조회,2026-06-10 17:38:55
SESS0003137,P00161,상품_상세조회,2026-06-06 19:36:16
SESS0003138,P00108,상품_상세조회,2026-06-10 18:32:37
SESS0003138,P00108,상품_상세조회,2026-06-10 18:33:48
SESS0003139,P00113,상품_상세조회,2026-06-30 18:36:25
SESS0003140,P00093,상품_상세조회,2026-06-17 22:51:09
SESS0003140,P00104,상품_상세조회,2026-06-17 22:52:48
SESS0003140,P00102,장바구니_담기,2026-06-17 22:53:24
SESS0003141,P00105,상품_상세조회,2026-06-29 15:56:37
SESS0003141,P00007,상품_상세조회,2026-06-29 16:01:08
SESS0003141,P00002,찜하기,2026-06-29 16:01:24
SESS0003142,P00008,상품_상세조회,2026-06-06 23:20:28
SESS0003143,P00007,상품_상세조회,2026-06-10 18:51:35
SESS0003143,P00003,찜하기,2026-06-10 18:52:28
SESS0003143,P00003,장바구니_담기,2026-06-10 18:55:05
SESS0003143,P00010,상품_상세조회,2026-06-10 18:56:30
SESS0003143,P00132,상품_상세조회,2026-06-10 19:00:06
SESS0003144,P00103,상품_상세조회,2026-06-17 21:55:02
SESS0003146,P00132,상품_상세조회,2026-07-02 19:33:43
SESS0003146,P00064,상품_상세조회,2026-07-02 19:38:17
SESS0003147,P00079,상품_상세조회,2026-06-16 20:43:56
SESS0003148,P00150,상품_상세조회,2026-06-25 09:08:49
SESS0003148,P00138,찜하기,2026-06-25 09:09:35
SESS0003149,P00078,상품_상세조회,2026-06-28 18:31:19
SESS0003149,P00076,찜하기,2026-06-28 18:32:18
SESS0003149,P00076,상품_상세조회,2026-06-28 18:34:59
SESS0003150,P00067,상품_상세조회,2026-06-10 15:36:26
SESS0003150,P00064,장바구니_담기,2026-06-10 15:38:21
SESS0003150,P00065,구매완료,2026-06-10 15:40:08
SESS0003151,P00085,상품_상세조회,2026-06-21 18:14:41
SESS0003151,P00079,상품_상세조회,2026-06-21 18:15:43
SESS0003151,P00077,상품_상세조회,2026-06-21 18:18:36
SESS0003151,P00009,상품_상세조회,2026-06-21 18:22:07
SESS0003152,P00076,상품_상세조회,2026-06-18 21:20:45
SESS0003152,P00154,상품_상세조회,2026-06-18 21:23:06
SESS0003152,P00159,찜하기,2026-06-18 21:25:13
SESS0003152,P00156,장바구니_담기,2026-06-18 21:26:18
SESS0003152,P00153,구매완료,2026-06-18 21:29:13
SESS0003153,P00049,상품_상세조회,2026-06-19 22:24:58
SESS0003153,P00054,찜하기,2026-06-19 22:27:23
SESS0003154,P00135,상품_상세조회,2026-06-17 18:41:43
SESS0003155,P00013,상품_상세조회,2026-06-26 21:41:45
SESS0003156,P00088,상품_상세조회,2026-06-05 19:59:26
SESS0003156,P00084,장바구니_담기,2026-06-05 20:00:45
SESS0003156,P00078,구매완료,2026-06-05 20:04:00
SESS0003157,P00083,상품_상세조회,2026-06-09 20:42:16
SESS0003157,P00083,찜하기,2026-06-09 20:42:52
SESS0003157,P00085,상품_상세조회,2026-06-09 20:45:20
SESS0003157,P00086,장바구니_담기,2026-06-09 20:47:18
SESS0003157,P00078,구매완료,2026-06-09 20:50:23
SESS0003158,P00063,상품_상세조회,2026-06-22 21:27:13
SESS0003158,P00062,상품_상세조회,2026-06-22 21:28:17
SESS0003158,P00071,상품_상세조회,2026-06-22 21:29:12
SESS0003159,P00014,상품_상세조회,2026-06-22 18:59:53
SESS0003159,P00011,찜하기,2026-06-22 19:01:15
SESS0003160,P00146,상품_상세조회,2026-07-01 19:58:34
SESS0003161,P00074,상품_상세조회,2026-06-04 14:01:59
SESS0003161,P00065,장바구니_담기,2026-06-04 14:03:15
SESS0003161,P00064,구매완료,2026-06-04 14:05:36
SESS0003162,P00051,상품_상세조회,2026-06-06 16:09:31
SESS0003162,P00056,상품_상세조회,2026-06-06 16:11:56
SESS0003162,P00051,상품_상세조회,2026-06-06 16:13:03
SESS0003162,P00051,상품_상세조회,2026-06-06 16:15:35
SESS0003164,P00127,상품_상세조회,2026-07-02 14:49:53
SESS0003164,P00131,상품_상세조회,2026-07-02 14:51:33
SESS0003164,P00008,상품_상세조회,2026-07-02 14:54:37
SESS0003164,P00003,상품_상세조회,2026-07-02 14:57:06
SESS0003164,P00004,상품_상세조회,2026-07-02 14:57:48
SESS0003164,P00011,찜하기,2026-07-02 14:58:35
SESS0003166,P00067,상품_상세조회,2026-06-10 13:16:16
SESS0003166,P00064,상품_상세조회,2026-06-10 13:19:04
SESS0003166,P00061,찜하기,2026-06-10 13:19:59
SESS0003166,P00063,상품_상세조회,2026-06-10 13:22:14
SESS0003166,P00073,장바구니_담기,2026-06-10 13:22:30
SESS0003167,P00003,상품_상세조회,2026-06-20 20:37:03
SESS0003167,P00010,상품_상세조회,2026-06-20 20:37:55
SESS0003167,P00012,찜하기,2026-06-20 20:38:18
SESS0003168,P00131,상품_상세조회,2026-06-25 17:40:57
SESS0003168,P00164,상품_상세조회,2026-06-25 17:42:26
SESS0003168,P00163,장바구니_담기,2026-06-25 17:45:18
SESS0003168,P00156,상품_상세조회,2026-06-25 17:45:45
SESS0003169,P00037,상품_상세조회,2026-06-13 22:32:24
SESS0003171,P00073,상품_상세조회,2026-06-16 17:42:03
SESS0003171,P00075,상품_상세조회,2026-06-16 17:42:44
SESS0003171,P00065,상품_상세조회,2026-06-16 17:45:25
SESS0003171,P00011,상품_상세조회,2026-06-16 17:48:03
SESS0003171,P00007,상품_상세조회,2026-06-16 17:49:00
SESS0003171,P00005,상품_상세조회,2026-06-16 17:50:30
SESS0003172,P00111,상품_상세조회,2026-06-22 17:31:37
SESS0003172,P00109,상품_상세조회,2026-06-22 17:32:03
SESS0003173,P00063,상품_상세조회,2026-06-06 19:34:58
SESS0003173,P00070,찜하기,2026-06-06 19:37:52
SESS0003173,P00073,상품_상세조회,2026-06-06 19:39:38
SESS0003173,P00069,상품_상세조회,2026-06-06 19:42:09
SESS0003173,P00064,찜하기,2026-06-06 19:43:51
SESS0003174,P00024,상품_상세조회,2026-06-12 21:30:45
SESS0003175,P00067,상품_상세조회,2026-06-16 16:16:20
SESS0003175,P00065,찜하기,2026-06-16 16:17:04
SESS0003175,P00067,상품_상세조회,2026-06-16 16:17:22
SESS0003176,P00093,상품_상세조회,2026-06-29 19:08:30
SESS0003176,P00105,장바구니_담기,2026-06-29 19:09:45
SESS0003176,P00093,구매완료,2026-06-29 19:14:39
SESS0003177,P00116,상품_상세조회,2026-06-27 18:47:44
SESS0003178,P00103,상품_상세조회,2026-06-29 23:16:34
SESS0003178,P00147,상품_상세조회,2026-06-29 23:20:02
SESS0003178,P00149,장바구니_담기,2026-06-29 23:20:36
SESS0003178,P00142,구매완료,2026-06-29 23:23:44
SESS0003179,P00090,상품_상세조회,2026-06-21 16:50:57
SESS0003179,P00088,장바구니_담기,2026-06-21 16:53:24
SESS0003179,P00080,구매완료,2026-06-21 16:56:03
SESS0003180,P00119,상품_상세조회,2026-06-14 20:03:28
SESS0003180,P00118,상품_상세조회,2026-06-14 20:06:20
SESS0003180,P00113,찜하기,2026-06-14 20:06:51
SESS0003181,P00061,상품_상세조회,2026-07-02 16:12:06
SESS0003181,P00075,장바구니_담기,2026-07-02 16:13:30
SESS0003182,P00014,상품_상세조회,2026-06-20 17:07:49
SESS0003182,P00006,장바구니_담기,2026-06-20 17:08:40
SESS0003182,P00013,상품_상세조회,2026-06-20 17:11:11
SESS0003182,P00012,장바구니_담기,2026-06-20 17:11:49
SESS0003182,P00013,상품_상세조회,2026-06-20 17:13:30
SESS0003183,P00155,상품_상세조회,2026-06-16 23:29:19
SESS0003183,P00152,상품_상세조회,2026-06-16 23:32:05
SESS0003183,P00089,상품_상세조회,2026-06-16 23:34:55
SESS0003184,P00119,상품_상세조회,2026-06-17 20:16:53
SESS0003184,P00120,찜하기,2026-06-17 20:19:34
SESS0003184,P00109,상품_상세조회,2026-06-17 20:20:05
SESS0003184,P00117,상품_상세조회,2026-06-17 20:20:46
SESS0003184,P00115,찜하기,2026-06-17 20:22:14
SESS0003185,P00117,상품_상세조회,2026-06-06 22:45:15
SESS0003186,P00122,상품_상세조회,2026-06-20 17:32:01
SESS0003187,P00130,상품_상세조회,2026-06-16 00:01:29
SESS0003187,P00130,상품_상세조회,2026-06-16 00:02:36
SESS0003187,P00135,상품_상세조회,2026-06-16 00:04:36
SESS0003187,P00134,장바구니_담기,2026-06-16 00:07:19
SESS0003187,P00121,구매완료,2026-06-16 00:12:47
SESS0003188,P00017,상품_상세조회,2026-06-25 19:13:41
SESS0003188,P00021,상품_상세조회,2026-06-25 19:15:38
SESS0003188,P00022,상품_상세조회,2026-06-25 19:18:31
SESS0003189,P00100,상품_상세조회,2026-06-28 14:35:32
SESS0003189,P00103,장바구니_담기,2026-06-28 14:38:06
SESS0003191,P00077,상품_상세조회,2026-06-16 21:07:13
SESS0003192,P00118,상품_상세조회,2026-06-27 17:29:31
SESS0003192,P00107,장바구니_담기,2026-06-27 17:30:15
SESS0003193,P00159,상품_상세조회,2026-06-15 19:27:50
SESS0003193,P00164,찜하기,2026-06-15 19:30:05
SESS0003193,P00155,상품_상세조회,2026-06-15 19:32:28
SESS0003194,P00128,상품_상세조회,2026-06-19 18:24:05
SESS0003194,P00123,장바구니_담기,2026-06-19 18:25:57
SESS0003194,P00133,구매완료,2026-06-19 18:28:29
SESS0003195,P00002,상품_상세조회,2026-06-20 22:06:00
SESS0003196,P00093,상품_상세조회,2026-06-05 15:03:15
SESS0003196,P00094,찜하기,2026-06-05 15:05:32
SESS0003196,P00098,상품_상세조회,2026-06-05 15:08:01
SESS0003197,P00132,상품_상세조회,2026-07-03 19:35:29
SESS0003197,P00129,상품_상세조회,2026-07-03 19:36:54
SESS0003197,P00129,상품_상세조회,2026-07-03 19:37:35
SESS0003197,P00132,상품_상세조회,2026-07-03 19:38:43
SESS0003197,P00062,상품_상세조회,2026-07-03 19:41:38
SESS0003199,P00087,상품_상세조회,2026-06-19 21:01:15
SESS0003200,P00118,상품_상세조회,2026-06-19 18:04:44
SESS0003200,P00113,장바구니_담기,2026-06-19 18:06:05
SESS0003202,P00129,상품_상세조회,2026-06-10 19:37:02
SESS0003204,P00160,상품_상세조회,2026-06-06 11:29:10
SESS0003204,P00153,찜하기,2026-06-06 11:32:02
SESS0003204,P00157,장바구니_담기,2026-06-06 11:33:30
SESS0003204,P00155,상품_상세조회,2026-06-06 11:35:15
SESS0003204,P00162,찜하기,2026-06-06 11:37:30
SESS0003205,P00100,상품_상세조회,2026-06-27 19:28:44
SESS0003206,P00151,상품_상세조회,2026-06-19 18:09:25
SESS0003206,P00157,장바구니_담기,2026-06-19 18:11:59
SESS0003206,P00165,상품_상세조회,2026-06-19 18:12:41
SESS0003207,P00041,상품_상세조회,2026-06-25 19:20:14
SESS0003207,P00130,상품_상세조회,2026-06-25 19:22:28
SESS0003207,P00134,찜하기,2026-06-25 19:23:21
SESS0003207,P00131,상품_상세조회,2026-06-25 19:25:45
SESS0003209,P00043,상품_상세조회,2026-06-08 20:20:24
SESS0003209,P00036,찜하기,2026-06-08 20:22:04
SESS0003209,P00035,장바구니_담기,2026-06-08 20:22:37
SESS0003209,P00044,구매완료,2026-06-08 20:25:38
SESS0003210,P00135,상품_상세조회,2026-06-27 18:34:15
SESS0003210,P00126,장바구니_담기,2026-06-27 18:37:02
SESS0003210,P00124,구매완료,2026-06-27 18:39:25
SESS0003211,P00116,상품_상세조회,2026-06-08 15:10:13
SESS0003212,P00113,상품_상세조회,2026-06-21 16:10:57
SESS0003213,P00028,상품_상세조회,2026-06-05 23:07:01
SESS0003213,P00021,상품_상세조회,2026-06-05 23:07:30
SESS0003213,P00026,상품_상세조회,2026-06-05 23:09:12
SESS0003213,P00017,상품_상세조회,2026-06-05 23:11:52
SESS0003213,P00026,상품_상세조회,2026-06-05 23:12:39
SESS0003213,P00016,장바구니_담기,2026-06-05 23:14:48
SESS0003213,P00019,상품_상세조회,2026-06-05 23:15:05
SESS0003213,P00020,상품_상세조회,2026-06-05 23:17:53
SESS0003214,P00119,상품_상세조회,2026-06-12 23:16:04
SESS0003214,P00110,찜하기,2026-06-12 23:17:04
SESS0003215,P00102,상품_상세조회,2026-06-19 23:42:09
SESS0003216,P00097,상품_상세조회,2026-06-26 21:20:46
SESS0003217,P00082,상품_상세조회,2026-06-17 17:57:32
SESS0003218,P00103,상품_상세조회,2026-06-24 19:23:56
SESS0003218,P00102,장바구니_담기,2026-06-24 19:25:30
SESS0003218,P00091,구매완료,2026-06-24 19:28:46
SESS0003220,P00089,상품_상세조회,2026-06-28 10:46:58
SESS0003220,P00089,장바구니_담기,2026-06-28 10:49:48
SESS0003220,P00090,상품_상세조회,2026-06-28 10:51:38
SESS0003221,P00025,상품_상세조회,2026-06-21 17:41:06
SESS0003222,P00071,상품_상세조회,2026-06-23 16:37:37
SESS0003222,P00063,상품_상세조회,2026-06-23 16:39:33
SESS0003222,P00155,상품_상세조회,2026-06-23 16:42:31
SESS0003222,P00153,장바구니_담기,2026-06-23 16:44:43
SESS0003222,P00162,구매완료,2026-06-23 16:47:23
SESS0003224,P00049,상품_상세조회,2026-06-15 14:07:25
SESS0003224,P00049,장바구니_담기,2026-06-15 14:07:52
SESS0003224,P00046,상품_상세조회,2026-06-15 14:08:38
SESS0003224,P00052,상품_상세조회,2026-06-15 14:11:30
SESS0003224,P00053,상품_상세조회,2026-06-15 14:13:45
SESS0003225,P00109,상품_상세조회,2026-06-22 18:02:57
SESS0003226,P00053,상품_상세조회,2026-06-23 18:44:21
SESS0003226,P00047,찜하기,2026-06-23 18:45:11
SESS0003226,P00049,상품_상세조회,2026-06-23 18:47:51
SESS0003226,P00127,상품_상세조회,2026-06-23 18:51:18
SESS0003226,P00126,찜하기,2026-06-23 18:51:49
SESS0003228,P00128,상품_상세조회,2026-06-05 18:42:53
SESS0003228,P00133,찜하기,2026-06-05 18:43:33
SESS0003229,P00046,상품_상세조회,2026-06-18 20:09:52
SESS0003230,P00083,상품_상세조회,2026-06-30 18:14:54
SESS0003230,P00083,찜하기,2026-06-30 18:17:35
SESS0003230,P00089,상품_상세조회,2026-06-30 18:20:15
SESS0003231,P00167,상품_상세조회,2026-06-15 22:12:17
SESS0003232,P00122,상품_상세조회,2026-06-25 17:11:08
SESS0003232,P00131,장바구니_담기,2026-06-25 17:11:54
SESS0003232,P00128,구매완료,2026-06-25 17:14:43
SESS0003234,P00070,상품_상세조회,2026-06-25 21:25:33
SESS0003234,P00063,찜하기,2026-06-25 21:27:01
SESS0003235,P00088,상품_상세조회,2026-06-15 19:02:05
SESS0003236,P00084,상품_상세조회,2026-06-23 13:24:32
SESS0003236,P00078,상품_상세조회,2026-06-23 13:27:03
SESS0003236,P00081,장바구니_담기,2026-06-23 13:29:26
SESS0003236,P00076,상품_상세조회,2026-06-23 13:30:54
SESS0003236,P00086,상품_상세조회,2026-06-23 13:33:38
SESS0003236,P00111,상품_상세조회,2026-06-23 13:37:51
SESS0003236,P00112,장바구니_담기,2026-06-23 13:38:18
SESS0003236,P00112,구매완료,2026-06-23 13:40:19
SESS0003237,P00011,상품_상세조회,2026-06-21 23:57:21
SESS0003237,P00010,장바구니_담기,2026-06-21 23:57:55
SESS0003237,P00009,구매완료,2026-06-21 23:59:48
SESS0003238,P00012,상품_상세조회,2026-06-30 17:08:42
SESS0003238,P00008,상품_상세조회,2026-06-30 17:09:34
SESS0003239,P00131,상품_상세조회,2026-06-08 23:22:52
SESS0003239,P00130,상품_상세조회,2026-06-08 23:24:37
SESS0003240,P00144,상품_상세조회,2026-07-03 19:13:32
SESS0003241,P00066,상품_상세조회,2026-06-26 19:49:40
SESS0003241,P00061,장바구니_담기,2026-06-26 19:51:05
SESS0003241,P00061,구매완료,2026-06-26 19:56:13
SESS0003244,P00145,상품_상세조회,2026-06-05 20:58:10
SESS0003245,P00081,상품_상세조회,2026-06-16 21:29:11
SESS0003245,P00095,상품_상세조회,2026-06-16 21:31:35
SESS0003245,P00099,상품_상세조회,2026-06-16 21:31:53
SESS0003245,P00180,상품_상세조회,2026-06-16 21:33:51
SESS0003246,P00008,상품_상세조회,2026-06-22 22:39:39
SESS0003246,P00004,상품_상세조회,2026-06-22 22:40:16
SESS0003246,P00008,상품_상세조회,2026-06-22 22:47:27
SESS0003246,P00006,장바구니_담기,2026-06-22 22:50:18
SESS0003246,P00007,구매완료,2026-06-22 22:53:43
SESS0003247,P00163,상품_상세조회,2026-06-04 18:14:19
SESS0003248,P00071,상품_상세조회,2026-06-21 12:20:08
SESS0003249,P00014,상품_상세조회,2026-06-06 18:18:32
SESS0003249,P00010,장바구니_담기,2026-06-06 18:20:58
SESS0003249,P00007,상품_상세조회,2026-06-06 18:22:06
SESS0003250,P00086,상품_상세조회,2026-06-21 18:24:55
SESS0003252,P00086,상품_상세조회,2026-06-26 20:33:00
SESS0003252,P00079,상품_상세조회,2026-06-26 20:33:27
SESS0003252,P00080,찜하기,2026-06-26 20:35:10
SESS0003253,P00089,상품_상세조회,2026-06-05 16:08:46
SESS0003254,P00081,상품_상세조회,2026-06-09 19:46:48
SESS0003254,P00090,장바구니_담기,2026-06-09 19:49:25
SESS0003254,P00085,구매완료,2026-06-09 19:52:35
SESS0003255,P00047,상품_상세조회,2026-06-04 23:50:39
SESS0003255,P00057,장바구니_담기,2026-06-04 23:52:20
SESS0003255,P00056,상품_상세조회,2026-06-04 23:53:13
SESS0003255,P00047,상품_상세조회,2026-06-04 23:55:44
SESS0003255,P00048,장바구니_담기,2026-06-04 23:57:25
SESS0003255,P00060,구매완료,2026-06-04 23:59:09
SESS0003256,P00006,상품_상세조회,2026-06-11 19:45:42
SESS0003256,P00002,상품_상세조회,2026-06-11 19:48:27
SESS0003257,P00122,상품_상세조회,2026-06-24 23:40:25
SESS0003257,P00126,상품_상세조회,2026-06-24 23:40:47
SESS0003258,P00057,상품_상세조회,2026-06-12 22:28:30
SESS0003258,P00050,찜하기,2026-06-12 22:29:41
SESS0003258,P00047,장바구니_담기,2026-06-12 22:29:56
SESS0003258,P00053,구매완료,2026-06-12 22:33:29
SESS0003259,P00058,상품_상세조회,2026-07-01 21:35:18
SESS0003261,P00002,상품_상세조회,2026-06-24 14:20:36
SESS0003262,P00106,상품_상세조회,2026-06-08 22:26:51
SESS0003262,P00117,장바구니_담기,2026-06-08 22:28:16
SESS0003264,P00091,상품_상세조회,2026-06-27 20:01:07
SESS0003265,P00106,상품_상세조회,2026-06-16 19:42:08
SESS0003266,P00073,상품_상세조회,2026-06-08 18:34:23
SESS0003267,P00149,상품_상세조회,2026-06-24 20:57:36
SESS0003268,P00100,상품_상세조회,2026-06-21 17:15:12
SESS0003268,P00103,상품_상세조회,2026-06-21 17:15:31
SESS0003269,P00015,상품_상세조회,2026-06-05 23:08:59
SESS0003269,P00010,장바구니_담기,2026-06-05 23:10:10
SESS0003269,P00002,구매완료,2026-06-05 23:12:14
SESS0003270,P00130,상품_상세조회,2026-06-13 16:53:39
SESS0003271,P00096,상품_상세조회,2026-06-12 15:01:13
SESS0003271,P00101,장바구니_담기,2026-06-12 15:03:20
SESS0003273,P00014,상품_상세조회,2026-06-21 16:08:38
SESS0003273,P00001,찜하기,2026-06-21 16:10:07
SESS0003273,P00014,상품_상세조회,2026-06-21 16:12:35
SESS0003273,P00002,찜하기,2026-06-21 16:15:33
SESS0003274,P00141,상품_상세조회,2026-06-11 20:33:27
SESS0003274,P00142,찜하기,2026-06-11 20:35:53
SESS0003275,P00095,상품_상세조회,2026-06-09 15:41:17
SESS0003275,P00099,찜하기,2026-06-09 15:42:04
SESS0003276,P00095,상품_상세조회,2026-06-17 19:53:23
SESS0003276,P00091,상품_상세조회,2026-06-17 19:54:37
SESS0003276,P00104,찜하기,2026-06-17 19:56:03
SESS0003279,P00021,상품_상세조회,2026-06-04 18:31:45
SESS0003279,P00024,장바구니_담기,2026-06-04 18:34:39
SESS0003280,P00063,상품_상세조회,2026-06-06 17:58:54
SESS0003280,P00075,장바구니_담기,2026-06-06 17:59:43
SESS0003280,P00069,구매완료,2026-06-06 18:03:26
SESS0003281,P00007,상품_상세조회,2026-06-16 19:18:12
SESS0003281,P00012,장바구니_담기,2026-06-16 19:18:32
SESS0003281,P00008,구매완료,2026-06-16 19:22:28
SESS0003282,P00165,상품_상세조회,2026-06-19 21:35:57
SESS0003283,P00086,상품_상세조회,2026-06-12 19:46:24
SESS0003283,P00083,상품_상세조회,2026-06-12 19:48:58
SESS0003284,P00091,상품_상세조회,2026-06-04 20:36:55
SESS0003285,P00101,상품_상세조회,2026-07-02 18:38:43
SESS0003285,P00100,장바구니_담기,2026-07-02 18:40:47
SESS0003285,P00095,구매완료,2026-07-02 18:44:06
SESS0003287,P00160,상품_상세조회,2026-06-17 15:27:21
SESS0003288,P00092,상품_상세조회,2026-06-20 18:08:16
SESS0003289,P00082,상품_상세조회,2026-06-10 18:13:16
SESS0003290,P00071,상품_상세조회,2026-06-24 18:48:55
SESS0003290,P00065,상품_상세조회,2026-06-24 18:50:23
SESS0003292,P00001,상품_상세조회,2026-07-01 15:13:02
SESS0003292,P00001,상품_상세조회,2026-07-01 15:14:08
SESS0003292,P00007,상품_상세조회,2026-07-01 15:15:18
SESS0003292,P00012,장바구니_담기,2026-07-01 15:17:07
SESS0003293,P00072,상품_상세조회,2026-06-04 22:50:39
SESS0003294,P00144,상품_상세조회,2026-06-22 23:36:01
SESS0003294,P00146,장바구니_담기,2026-06-22 23:38:37
SESS0003294,P00149,구매완료,2026-06-22 23:39:32
SESS0003295,P00022,상품_상세조회,2026-06-09 22:47:55
SESS0003298,P00157,상품_상세조회,2026-06-11 18:17:54
SESS0003298,P00089,상품_상세조회,2026-06-11 18:22:33
SESS0003298,P00078,상품_상세조회,2026-06-11 18:23:40
SESS0003298,P00083,상품_상세조회,2026-06-11 18:24:25
SESS0003298,P00160,상품_상세조회,2026-06-11 18:27:27
SESS0003298,P00165,찜하기,2026-06-11 18:29:53
SESS0003298,P00157,장바구니_담기,2026-06-11 18:30:57
SESS0003299,P00005,상품_상세조회,2026-06-10 23:26:14
SESS0003299,P00011,장바구니_담기,2026-06-10 23:27:13
SESS0003299,P00011,상품_상세조회,2026-06-10 23:29:36
SESS0003300,P00078,상품_상세조회,2026-06-20 21:34:26
SESS0003300,P00080,장바구니_담기,2026-06-20 21:36:13
SESS0003300,P00088,구매완료,2026-06-20 21:39:35
SESS0003301,P00150,상품_상세조회,2026-06-17 21:21:56
SESS0003301,P00099,상품_상세조회,2026-06-17 21:24:49
SESS0003301,P00096,상품_상세조회,2026-06-17 21:27:46
SESS0003301,P00102,상품_상세조회,2026-06-17 21:30:43
SESS0003301,P00096,상품_상세조회,2026-06-17 21:33:01
SESS0003302,P00146,상품_상세조회,2026-06-19 22:17:17
SESS0003302,P00138,상품_상세조회,2026-06-19 22:18:32
SESS0003304,P00060,상품_상세조회,2026-06-18 18:09:33
SESS0003304,P00050,상품_상세조회,2026-06-18 18:10:20
SESS0003304,P00057,장바구니_담기,2026-06-18 18:12:44
SESS0003305,P00108,상품_상세조회,2026-06-18 23:01:05
SESS0003305,P00106,장바구니_담기,2026-06-18 23:03:22
SESS0003306,P00043,상품_상세조회,2026-06-21 19:50:38
SESS0003306,P00034,상품_상세조회,2026-06-21 19:52:03
SESS0003306,P00034,상품_상세조회,2026-06-21 19:53:28
SESS0003306,P00041,찜하기,2026-06-21 19:55:03
SESS0003307,P00073,상품_상세조회,2026-06-09 21:51:13
SESS0003307,P00147,상품_상세조회,2026-06-09 21:54:05
SESS0003308,P00157,상품_상세조회,2026-06-11 21:44:01
SESS0003308,P00165,장바구니_담기,2026-06-11 21:45:45
SESS0003308,P00155,구매완료,2026-06-11 21:48:41
SESS0003309,P00103,상품_상세조회,2026-06-19 20:32:29
SESS0003309,P00098,장바구니_담기,2026-06-19 20:34:53
SESS0003309,P00100,구매완료,2026-06-19 20:39:06
SESS0003310,P00075,상품_상세조회,2026-06-17 21:23:53
SESS0003310,P00073,상품_상세조회,2026-06-17 21:25:46
SESS0003310,P00068,장바구니_담기,2026-06-17 21:27:49
SESS0003311,P00005,상품_상세조회,2026-06-22 18:37:55
SESS0003312,P00077,상품_상세조회,2026-06-25 20:07:59
SESS0003312,P00076,장바구니_담기,2026-06-25 20:08:31
SESS0003312,P00090,구매완료,2026-06-25 20:10:37
SESS0003313,P00008,상품_상세조회,2026-06-13 17:56:23
SESS0003313,P00007,장바구니_담기,2026-06-13 17:57:30
SESS0003314,P00024,상품_상세조회,2026-06-22 18:38:54
SESS0003315,P00007,상품_상세조회,2026-06-14 22:20:56
SESS0003315,P00098,상품_상세조회,2026-06-14 22:24:07
SESS0003315,P00010,상품_상세조회,2026-06-14 22:28:49
SESS0003315,P00001,찜하기,2026-06-14 22:31:23
SESS0003316,P00170,상품_상세조회,2026-06-17 23:02:35
SESS0003316,P00171,상품_상세조회,2026-06-17 23:03:21
SESS0003317,P00112,상품_상세조회,2026-06-29 11:28:07
SESS0003317,P00001,상품_상세조회,2026-06-29 11:33:38
SESS0003318,P00113,상품_상세조회,2026-06-30 20:14:14
SESS0003318,P00117,장바구니_담기,2026-06-30 20:15:28
SESS0003318,P00109,구매완료,2026-06-30 20:19:13
SESS0003319,P00081,상품_상세조회,2026-06-14 18:42:29
SESS0003319,P00090,상품_상세조회,2026-06-14 18:42:54
SESS0003319,P00080,상품_상세조회,2026-06-14 18:43:41
SESS0003319,P00072,상품_상세조회,2026-06-14 18:48:22
SESS0003319,P00067,찜하기,2026-06-14 18:50:43
SESS0003319,P00073,상품_상세조회,2026-06-14 18:51:26
SESS0003319,P00075,찜하기,2026-06-14 18:52:50
SESS0003320,P00014,상품_상세조회,2026-07-03 20:58:58
SESS0003320,P00086,상품_상세조회,2026-07-03 21:01:55
SESS0003321,P00102,상품_상세조회,2026-07-02 20:32:30
SESS0003321,P00091,찜하기,2026-07-02 20:34:39
SESS0003322,P00130,상품_상세조회,2026-06-11 13:18:00
SESS0003322,P00125,찜하기,2026-06-11 13:20:13
SESS0003322,P00134,상품_상세조회,2026-06-11 13:20:55
SESS0003322,P00065,상품_상세조회,2026-06-11 13:25:28
SESS0003323,P00128,상품_상세조회,2026-06-16 19:29:36
SESS0003323,P00135,장바구니_담기,2026-06-16 19:31:58
SESS0003323,P00123,구매완료,2026-06-16 19:33:12
SESS0003325,P00020,상품_상세조회,2026-06-18 15:58:41
SESS0003325,P00022,장바구니_담기,2026-06-18 16:01:34
SESS0003325,P00029,구매완료,2026-06-18 16:05:00
SESS0003326,P00003,상품_상세조회,2026-06-06 17:28:31
SESS0003326,P00011,장바구니_담기,2026-06-06 17:29:47
SESS0003327,P00090,상품_상세조회,2026-06-24 16:53:07
SESS0003327,P00010,상품_상세조회,2026-06-24 16:55:01
SESS0003327,P00106,상품_상세조회,2026-06-24 16:56:14
SESS0003327,P00108,상품_상세조회,2026-06-24 16:57:56
SESS0003327,P00111,상품_상세조회,2026-06-24 16:59:48
SESS0003327,P00119,상품_상세조회,2026-06-24 17:01:36
SESS0003327,P00106,찜하기,2026-06-24 17:02:37
SESS0003327,P00106,장바구니_담기,2026-06-24 17:04:50
SESS0003327,P00110,상품_상세조회,2026-06-24 17:06:23
SESS0003327,P00081,상품_상세조회,2026-06-24 17:10:12
SESS0003328,P00114,상품_상세조회,2026-06-30 18:51:11
SESS0003329,P00153,상품_상세조회,2026-06-24 18:09:47
SESS0003329,P00153,상품_상세조회,2026-06-24 18:12:27
SESS0003329,P00165,상품_상세조회,2026-06-24 18:15:25
SESS0003329,P00154,장바구니_담기,2026-06-24 18:17:41
SESS0003329,P00154,상품_상세조회,2026-06-24 18:17:57
SESS0003331,P00050,상품_상세조회,2026-06-17 17:43:30
SESS0003332,P00071,상품_상세조회,2026-06-21 21:37:30
SESS0003332,P00067,상품_상세조회,2026-06-21 21:39:01
SESS0003332,P00069,찜하기,2026-06-21 21:40:04
SESS0003332,P00069,상품_상세조회,2026-06-21 21:40:34
SESS0003332,P00065,장바구니_담기,2026-06-21 21:41:15
SESS0003332,P00070,구매완료,2026-06-21 21:45:00
SESS0003333,P00061,상품_상세조회,2026-06-26 19:16:46
SESS0003333,P00040,상품_상세조회,2026-06-26 19:18:45
SESS0003333,P00038,장바구니_담기,2026-06-26 19:20:35
SESS0003333,P00034,구매완료,2026-06-26 19:23:54
SESS0003334,P00071,상품_상세조회,2026-06-26 20:24:02
SESS0003334,P00063,상품_상세조회,2026-06-26 20:28:55
SESS0003334,P00072,장바구니_담기,2026-06-26 20:30:32
SESS0003334,P00061,상품_상세조회,2026-06-26 20:32:55
SESS0003335,P00114,상품_상세조회,2026-06-09 16:52:17
SESS0003335,P00108,찜하기,2026-06-09 16:55:09
SESS0003335,P00108,상품_상세조회,2026-06-09 16:57:12
SESS0003335,P00109,찜하기,2026-06-09 16:58:29
SESS0003336,P00008,상품_상세조회,2026-06-09 23:51:47
SESS0003336,P00012,상품_상세조회,2026-06-09 23:54:02
SESS0003338,P00133,상품_상세조회,2026-07-03 22:22:48
SESS0003340,P00156,상품_상세조회,2026-06-21 18:12:20
SESS0003340,P00165,찜하기,2026-06-21 18:13:10
SESS0003340,P00159,상품_상세조회,2026-06-21 18:14:17
SESS0003341,P00015,상품_상세조회,2026-07-02 20:58:40
SESS0003341,P00009,장바구니_담기,2026-07-02 21:01:38
SESS0003341,P00004,구매완료,2026-07-02 21:04:46
SESS0003343,P00137,상품_상세조회,2026-07-02 22:31:09
SESS0003343,P00145,장바구니_담기,2026-07-02 22:33:27
SESS0003343,P00149,구매완료,2026-07-02 22:36:31
SESS0003344,P00118,상품_상세조회,2026-06-24 11:13:58
SESS0003344,P00117,상품_상세조회,2026-06-24 11:14:22
SESS0003344,P00110,상품_상세조회,2026-06-24 11:14:47
SESS0003345,P00064,상품_상세조회,2026-06-14 17:14:58
SESS0003346,P00006,상품_상세조회,2026-06-21 19:30:48
SESS0003347,P00061,상품_상세조회,2026-06-16 18:01:55
SESS0003347,P00073,장바구니_담기,2026-06-16 18:03:36
SESS0003347,P00063,구매완료,2026-06-16 18:07:31
SESS0003348,P00007,상품_상세조회,2026-07-01 22:26:51
SESS0003349,P00152,상품_상세조회,2026-06-16 21:50:47
SESS0003349,P00156,상품_상세조회,2026-06-16 21:52:10
SESS0003350,P00110,상품_상세조회,2026-07-01 23:25:53
SESS0003350,P00119,상품_상세조회,2026-07-01 23:28:17
SESS0003350,P00120,장바구니_담기,2026-07-01 23:28:35
SESS0003351,P00010,상품_상세조회,2026-06-15 15:10:54
SESS0003351,P00009,상품_상세조회,2026-06-15 15:11:35
SESS0003351,P00008,장바구니_담기,2026-06-15 15:13:39
SESS0003351,P00013,구매완료,2026-06-15 15:16:38
SESS0003352,P00083,상품_상세조회,2026-06-13 19:25:16
SESS0003352,P00106,상품_상세조회,2026-06-13 19:29:40
SESS0003353,P00066,상품_상세조회,2026-06-22 19:17:48
SESS0003354,P00075,상품_상세조회,2026-06-20 17:59:21
SESS0003354,P00072,장바구니_담기,2026-06-20 18:01:41
SESS0003355,P00100,상품_상세조회,2026-06-16 16:57:28
SESS0003355,P00097,상품_상세조회,2026-06-16 17:00:11
SESS0003355,P00103,장바구니_담기,2026-06-16 17:00:45
SESS0003355,P00091,구매완료,2026-06-16 17:05:14
SESS0003356,P00075,상품_상세조회,2026-06-24 16:05:41
SESS0003356,P00066,상품_상세조회,2026-06-24 16:08:38
SESS0003356,P00065,상품_상세조회,2026-06-24 16:10:56
SESS0003357,P00127,상품_상세조회,2026-06-28 17:57:34
SESS0003358,P00140,상품_상세조회,2026-06-09 20:15:13
SESS0003359,P00079,상품_상세조회,2026-06-16 16:40:29
SESS0003359,P00086,장바구니_담기,2026-06-16 16:42:52
SESS0003359,P00086,상품_상세조회,2026-06-16 16:43:40
SESS0003359,P00077,상품_상세조회,2026-06-16 16:44:35
SESS0003359,P00081,찜하기,2026-06-16 16:44:53
SESS0003359,P00079,장바구니_담기,2026-06-16 16:45:36
SESS0003359,P00080,구매완료,2026-06-16 16:47:46
SESS0003360,P00155,상품_상세조회,2026-06-28 16:37:01
SESS0003362,P00026,상품_상세조회,2026-06-26 12:22:28
SESS0003362,P00019,장바구니_담기,2026-06-26 12:25:08
SESS0003362,P00016,구매완료,2026-06-26 12:30:33
SESS0003363,P00074,상품_상세조회,2026-06-28 13:33:48
SESS0003363,P00075,장바구니_담기,2026-06-28 13:34:23
SESS0003363,P00062,구매완료,2026-06-28 13:38:56
SESS0003364,P00140,상품_상세조회,2026-06-26 23:38:56
SESS0003365,P00123,상품_상세조회,2026-06-22 20:36:00
SESS0003365,P00126,상품_상세조회,2026-06-22 20:37:57
SESS0003366,P00065,상품_상세조회,2026-06-14 15:57:11
SESS0003367,P00083,상품_상세조회,2026-06-30 20:19:10
SESS0003367,P00080,장바구니_담기,2026-06-30 20:20:08
SESS0003370,P00012,상품_상세조회,2026-06-09 20:17:35
SESS0003370,P00006,상품_상세조회,2026-06-09 20:19:45
SESS0003370,P00002,장바구니_담기,2026-06-09 20:21:57
SESS0003371,P00013,상품_상세조회,2026-06-21 00:02:25
SESS0003371,P00015,찜하기,2026-06-21 00:05:05
SESS0003371,P00004,장바구니_담기,2026-06-21 00:06:33
SESS0003372,P00118,상품_상세조회,2026-06-26 21:17:20
SESS0003372,P00113,찜하기,2026-06-26 21:18:31
SESS0003374,P00163,상품_상세조회,2026-06-09 16:36:36
SESS0003374,P00164,상품_상세조회,2026-06-09 16:37:27
SESS0003374,P00015,상품_상세조회,2026-06-09 16:41:09
SESS0003374,P00009,상품_상세조회,2026-06-09 16:43:41
SESS0003374,P00014,찜하기,2026-06-09 16:44:17
SESS0003374,P00008,상품_상세조회,2026-06-09 16:47:13
SESS0003375,P00129,상품_상세조회,2026-06-20 23:00:51
SESS0003376,P00161,상품_상세조회,2026-06-21 22:48:53
SESS0003377,P00120,상품_상세조회,2026-06-21 20:04:42
SESS0003377,P00108,찜하기,2026-06-21 20:06:59
SESS0003377,P00120,상품_상세조회,2026-06-21 20:07:35
SESS0003378,P00123,상품_상세조회,2026-06-09 17:54:27
SESS0003378,P00122,찜하기,2026-06-09 17:57:04
SESS0003378,P00125,상품_상세조회,2026-06-09 17:59:45
SESS0003378,P00126,장바구니_담기,2026-06-09 18:02:03
SESS0003378,P00131,구매완료,2026-06-09 18:05:38
SESS0003379,P00129,상품_상세조회,2026-06-19 19:19:58
SESS0003379,P00130,상품_상세조회,2026-06-19 19:21:54
SESS0003379,P00063,상품_상세조회,2026-06-19 19:25:34
SESS0003379,P00072,상품_상세조회,2026-06-19 19:26:46
SESS0003380,P00021,상품_상세조회,2026-07-02 19:04:59
SESS0003380,P00022,장바구니_담기,2026-07-02 19:05:43
SESS0003380,P00029,구매완료,2026-07-02 19:07:21
SESS0003381,P00066,상품_상세조회,2026-06-13 17:15:34
SESS0003381,P00065,상품_상세조회,2026-06-13 17:18:29
SESS0003382,P00102,상품_상세조회,2026-06-08 20:35:23
SESS0003385,P00004,상품_상세조회,2026-06-28 17:50:40
SESS0003387,P00075,상품_상세조회,2026-06-07 23:36:08
SESS0003387,P00069,상품_상세조회,2026-06-07 23:38:17
SESS0003387,P00073,상품_상세조회,2026-06-07 23:40:11
SESS0003387,P00037,상품_상세조회,2026-06-07 23:43:00
SESS0003388,P00128,상품_상세조회,2026-06-28 18:50:39
SESS0003388,P00126,찜하기,2026-06-28 18:52:09
SESS0003388,P00129,상품_상세조회,2026-06-28 18:54:04
SESS0003389,P00014,상품_상세조회,2026-06-12 23:32:12
SESS0003389,P00007,상품_상세조회,2026-06-12 23:32:32
SESS0003389,P00015,장바구니_담기,2026-06-12 23:33:56
SESS0003389,P00007,상품_상세조회,2026-06-12 23:35:00
SESS0003389,P00014,상품_상세조회,2026-06-12 23:37:36
SESS0003390,P00040,상품_상세조회,2026-06-17 22:50:00
SESS0003390,P00037,상품_상세조회,2026-06-17 22:51:07
SESS0003390,P00045,찜하기,2026-06-17 22:52:31
SESS0003390,P00035,장바구니_담기,2026-06-17 22:53:23
SESS0003390,P00040,구매완료,2026-06-17 22:54:29
SESS0003391,P00038,상품_상세조회,2026-06-23 22:13:23
SESS0003391,P00039,상품_상세조회,2026-06-23 22:15:41
SESS0003391,P00034,상품_상세조회,2026-06-23 22:18:24
SESS0003391,P00043,찜하기,2026-06-23 22:20:47
SESS0003391,P00041,상품_상세조회,2026-06-23 22:22:14
SESS0003391,P00041,장바구니_담기,2026-06-23 22:25:02
SESS0003391,P00034,상품_상세조회,2026-06-23 22:27:55
SESS0003391,P00031,장바구니_담기,2026-06-23 22:30:13
SESS0003391,P00037,구매완료,2026-06-23 22:35:39
SESS0003392,P00115,상품_상세조회,2026-06-12 21:31:02
SESS0003392,P00111,찜하기,2026-06-12 21:31:52
SESS0003393,P00114,상품_상세조회,2026-06-25 23:03:23
SESS0003395,P00138,상품_상세조회,2026-06-11 23:38:28
SESS0003395,P00149,장바구니_담기,2026-06-11 23:39:11
SESS0003395,P00141,구매완료,2026-06-11 23:41:18
SESS0003396,P00146,상품_상세조회,2026-06-27 23:37:43
SESS0003396,P00142,찜하기,2026-06-27 23:38:14
SESS0003396,P00141,장바구니_담기,2026-06-27 23:41:06
SESS0003396,P00140,구매완료,2026-06-27 23:44:55
SESS0003397,P00138,상품_상세조회,2026-06-30 23:00:34
SESS0003397,P00138,장바구니_담기,2026-06-30 23:01:42
SESS0003397,P00144,구매완료,2026-06-30 23:03:51
SESS0003398,P00064,상품_상세조회,2026-06-05 16:44:46
SESS0003398,P00065,장바구니_담기,2026-06-05 16:46:07
SESS0003398,P00071,구매완료,2026-06-05 16:48:37
SESS0003399,P00005,상품_상세조회,2026-06-24 22:46:57
SESS0003399,P00013,장바구니_담기,2026-06-24 22:48:47
SESS0003400,P00043,상품_상세조회,2026-06-17 23:18:59
SESS0003401,P00111,상품_상세조회,2026-06-26 21:32:49
SESS0003401,P00129,상품_상세조회,2026-06-26 21:35:38
SESS0003401,P00134,찜하기,2026-06-26 21:36:46
SESS0003402,P00009,상품_상세조회,2026-06-08 23:52:17
SESS0003403,P00101,상품_상세조회,2026-07-03 20:20:51
SESS0003405,P00138,상품_상세조회,2026-06-07 23:22:34
SESS0003405,P00136,상품_상세조회,2026-06-07 23:23:58
SESS0003405,P00146,상품_상세조회,2026-06-07 23:24:49
SESS0003405,P00146,장바구니_담기,2026-06-07 23:27:21
SESS0003405,P00149,구매완료,2026-06-07 23:30:03
SESS0003406,P00105,상품_상세조회,2026-06-21 18:19:32
SESS0003407,P00104,상품_상세조회,2026-07-02 17:02:19
SESS0003407,P00095,상품_상세조회,2026-07-02 17:02:35
SESS0003407,P00101,찜하기,2026-07-02 17:03:27
SESS0003407,P00093,장바구니_담기,2026-07-02 17:04:39
SESS0003408,P00012,상품_상세조회,2026-06-20 19:40:52
SESS0003409,P00012,상품_상세조회,2026-06-19 21:17:09
SESS0003409,P00008,장바구니_담기,2026-06-19 21:19:40
SESS0003409,P00004,구매완료,2026-06-19 21:21:15
SESS0003410,P00011,상품_상세조회,2026-07-02 17:50:00
SESS0003410,P00009,상품_상세조회,2026-07-02 17:50:53
SESS0003410,P00008,장바구니_담기,2026-07-02 17:52:13
SESS0003410,P00012,구매완료,2026-07-02 17:56:04
SESS0003411,P00113,상품_상세조회,2026-06-23 23:35:30
SESS0003411,P00110,상품_상세조회,2026-06-23 23:38:13
SESS0003412,P00128,상품_상세조회,2026-06-26 13:08:20
SESS0003412,P00133,상품_상세조회,2026-06-26 13:10:49
SESS0003412,P00126,상품_상세조회,2026-06-26 13:12:40
SESS0003412,P00126,장바구니_담기,2026-06-26 13:13:04
SESS0003412,P00134,구매완료,2026-06-26 13:14:53
SESS0003413,P00063,상품_상세조회,2026-06-15 23:39:10
SESS0003413,P00069,찜하기,2026-06-15 23:41:22
SESS0003413,P00072,장바구니_담기,2026-06-15 23:42:01
SESS0003413,P00074,구매완료,2026-06-15 23:46:34
SESS0003414,P00147,상품_상세조회,2026-06-23 16:00:05
SESS0003414,P00141,찜하기,2026-06-23 16:01:18
SESS0003414,P00145,상품_상세조회,2026-06-23 16:04:09
SESS0003414,P00140,장바구니_담기,2026-06-23 16:06:37
SESS0003414,P00136,상품_상세조회,2026-06-23 16:08:12
SESS0003414,P00145,상품_상세조회,2026-06-23 16:11:04
SESS0003414,P00139,찜하기,2026-06-23 16:12:06
SESS0003415,P00075,상품_상세조회,2026-06-16 14:21:06
SESS0003415,P00068,상품_상세조회,2026-06-16 14:23:43
SESS0003415,P00072,장바구니_담기,2026-06-16 14:24:14
SESS0003416,P00071,상품_상세조회,2026-06-25 14:33:17
SESS0003418,P00110,상품_상세조회,2026-06-18 17:27:07
SESS0003418,P00113,상품_상세조회,2026-06-18 17:28:24
SESS0003418,P00082,상품_상세조회,2026-06-18 17:32:47
SESS0003418,P00079,상품_상세조회,2026-06-18 17:35:05
SESS0003418,P00077,찜하기,2026-06-18 17:37:13
SESS0003419,P00067,상품_상세조회,2026-06-21 20:42:08
SESS0003420,P00043,상품_상세조회,2026-06-16 21:42:10
SESS0003421,P00055,상품_상세조회,2026-06-04 19:46:22
SESS0003421,P00048,장바구니_담기,2026-06-04 19:47:16
SESS0003421,P00055,구매완료,2026-06-04 19:48:55
SESS0003422,P00132,상품_상세조회,2026-06-25 20:38:00
SESS0003422,P00127,찜하기,2026-06-25 20:40:36
SESS0003422,P00134,상품_상세조회,2026-06-25 20:42:32
SESS0003423,P00002,상품_상세조회,2026-06-06 23:09:25
SESS0003424,P00071,상품_상세조회,2026-06-09 17:34:46
SESS0003424,P00067,상품_상세조회,2026-06-09 17:37:03
SESS0003424,P00073,상품_상세조회,2026-06-09 17:39:02
SESS0003425,P00105,상품_상세조회,2026-06-25 18:16:54
SESS0003425,P00104,찜하기,2026-06-25 18:19:34
SESS0003425,P00105,상품_상세조회,2026-06-25 18:21:56
SESS0003426,P00129,상품_상세조회,2026-06-14 23:02:49
SESS0003426,P00121,상품_상세조회,2026-06-14 23:03:44
SESS0003426,P00126,찜하기,2026-06-14 23:06:09
SESS0003427,P00142,상품_상세조회,2026-06-14 18:09:40
SESS0003427,P00145,장바구니_담기,2026-06-14 18:11:58
SESS0003427,P00145,상품_상세조회,2026-06-14 18:12:51
SESS0003427,P00136,찜하기,2026-06-14 18:15:03
SESS0003427,P00136,상품_상세조회,2026-06-14 18:16:41
SESS0003427,P00140,장바구니_담기,2026-06-14 18:18:35
SESS0003429,P00079,상품_상세조회,2026-06-29 13:17:43
SESS0003430,P00161,상품_상세조회,2026-06-07 23:11:06
SESS0003430,P00164,장바구니_담기,2026-06-07 23:13:32
SESS0003430,P00158,구매완료,2026-06-07 23:15:57
SESS0003432,P00148,상품_상세조회,2026-06-12 16:11:49
SESS0003432,P00145,상품_상세조회,2026-06-12 16:13:09
SESS0003432,P00149,상품_상세조회,2026-06-12 16:14:18
SESS0003432,P00140,장바구니_담기,2026-06-12 16:16:25
SESS0003432,P00136,상품_상세조회,2026-06-12 16:19:16
SESS0003433,P00114,상품_상세조회,2026-06-16 18:15:11
SESS0003433,P00108,상품_상세조회,2026-06-16 18:19:32
SESS0003434,P00045,상품_상세조회,2026-06-20 21:12:52
SESS0003434,P00031,상품_상세조회,2026-06-20 21:13:09
SESS0003434,P00032,장바구니_담기,2026-06-20 21:13:31
SESS0003434,P00038,구매완료,2026-06-20 21:17:07
SESS0003435,P00051,상품_상세조회,2026-06-17 18:26:32
SESS0003435,P00052,장바구니_담기,2026-06-17 18:26:57
SESS0003436,P00121,상품_상세조회,2026-06-21 19:42:27
SESS0003436,P00130,상품_상세조회,2026-06-21 19:44:09
SESS0003436,P00133,찜하기,2026-06-21 19:44:38
SESS0003438,P00162,상품_상세조회,2026-06-20 19:05:32
SESS0003438,P00155,상품_상세조회,2026-06-20 19:08:31
SESS0003438,P00158,찜하기,2026-06-20 19:10:25
SESS0003439,P00145,상품_상세조회,2026-07-02 20:54:20
SESS0003439,P00136,상품_상세조회,2026-07-02 20:57:11
SESS0003439,P00148,장바구니_담기,2026-07-02 20:57:53
SESS0003439,P00138,상품_상세조회,2026-07-02 21:00:22
SESS0003439,P00157,상품_상세조회,2026-07-02 21:09:19
SESS0003439,P00154,상품_상세조회,2026-07-02 21:11:26
SESS0003439,P00160,장바구니_담기,2026-07-02 21:12:19
SESS0003440,P00121,상품_상세조회,2026-06-18 19:19:07
SESS0003440,P00135,상품_상세조회,2026-06-18 19:21:21
SESS0003440,P00127,장바구니_담기,2026-06-18 19:24:09
SESS0003440,P00124,구매완료,2026-06-18 19:27:26
SESS0003441,P00043,상품_상세조회,2026-06-21 20:54:06
SESS0003441,P00044,장바구니_담기,2026-06-21 20:55:27
SESS0003441,P00042,상품_상세조회,2026-06-21 20:56:56
SESS0003442,P00113,상품_상세조회,2026-06-19 14:25:36
SESS0003442,P00106,상품_상세조회,2026-06-19 14:27:09
SESS0003442,P00106,상품_상세조회,2026-06-19 14:28:46
SESS0003442,P00111,장바구니_담기,2026-06-19 14:29:16
SESS0003443,P00034,상품_상세조회,2026-06-07 17:37:08
SESS0003443,P00038,상품_상세조회,2026-06-07 17:38:36
SESS0003443,P00038,상품_상세조회,2026-06-07 17:41:27
SESS0003444,P00144,상품_상세조회,2026-06-09 19:31:47
SESS0003446,P00066,상품_상세조회,2026-06-24 18:43:21
SESS0003447,P00003,상품_상세조회,2026-06-06 19:52:00
SESS0003447,P00012,장바구니_담기,2026-06-06 19:53:42
SESS0003448,P00112,상품_상세조회,2026-06-26 16:13:24
SESS0003448,P00084,상품_상세조회,2026-06-26 16:16:35
SESS0003451,P00111,상품_상세조회,2026-06-09 17:51:39
SESS0003451,P00127,상품_상세조회,2026-06-09 17:58:47
SESS0003451,P00134,상품_상세조회,2026-06-09 17:59:52
SESS0003451,P00135,찜하기,2026-06-09 18:00:18
SESS0003452,P00133,상품_상세조회,2026-06-30 23:48:34
SESS0003452,P00131,장바구니_담기,2026-06-30 23:50:40
SESS0003452,P00122,상품_상세조회,2026-06-30 23:52:22
SESS0003453,P00163,상품_상세조회,2026-06-11 16:47:17
SESS0003453,P00157,상품_상세조회,2026-06-11 16:48:33
SESS0003454,P00154,상품_상세조회,2026-06-13 19:52:02
SESS0003455,P00137,상품_상세조회,2026-06-13 21:40:58
SESS0003455,P00143,상품_상세조회,2026-06-13 21:43:22
SESS0003455,P00008,상품_상세조회,2026-06-13 21:46:45
SESS0003455,P00011,상품_상세조회,2026-06-13 21:49:38
SESS0003456,P00135,상품_상세조회,2026-06-16 19:26:00
SESS0003456,P00121,장바구니_담기,2026-06-16 19:27:07
SESS0003456,P00128,상품_상세조회,2026-06-16 19:28:51
SESS0003456,P00135,찜하기,2026-06-16 19:29:35
SESS0003456,P00131,상품_상세조회,2026-06-16 19:30:25
SESS0003456,P00124,찜하기,2026-06-16 19:31:56
SESS0003457,P00031,상품_상세조회,2026-06-26 17:30:49
SESS0003457,P00036,상품_상세조회,2026-06-26 17:31:52
SESS0003457,P00032,장바구니_담기,2026-06-26 17:34:18
SESS0003457,P00036,상품_상세조회,2026-06-26 17:34:35
SESS0003458,P00039,상품_상세조회,2026-06-14 19:15:29
SESS0003458,P00111,상품_상세조회,2026-06-14 19:19:31
SESS0003458,P00109,상품_상세조회,2026-06-14 19:20:35
SESS0003458,P00115,장바구니_담기,2026-06-14 19:21:11
SESS0003458,P00109,구매완료,2026-06-14 19:25:11
SESS0003459,P00060,상품_상세조회,2026-06-24 23:29:43
SESS0003459,P00060,상품_상세조회,2026-06-24 23:32:37
SESS0003459,P00051,상품_상세조회,2026-06-24 23:33:05
SESS0003459,P00047,장바구니_담기,2026-06-24 23:34:22
SESS0003459,P00056,구매완료,2026-06-24 23:37:15
SESS0003460,P00130,상품_상세조회,2026-06-23 22:18:00
SESS0003461,P00005,상품_상세조회,2026-06-16 23:10:54
SESS0003461,P00006,장바구니_담기,2026-06-16 23:13:14
SESS0003461,P00013,구매완료,2026-06-16 23:16:26
SESS0003462,P00143,상품_상세조회,2026-06-05 16:29:42
SESS0003462,P00141,장바구니_담기,2026-06-05 16:32:01
SESS0003462,P00148,상품_상세조회,2026-06-05 16:32:58
SESS0003462,P00143,찜하기,2026-06-05 16:35:07
SESS0003463,P00169,상품_상세조회,2026-06-14 16:47:07
SESS0003464,P00066,상품_상세조회,2026-06-21 17:01:13
SESS0003464,P00125,상품_상세조회,2026-06-21 17:05:01
SESS0003464,P00126,장바구니_담기,2026-06-21 17:06:55
SESS0003465,P00007,상품_상세조회,2026-06-23 17:11:43
SESS0003466,P00074,상품_상세조회,2026-07-02 18:13:27
SESS0003466,P00073,장바구니_담기,2026-07-02 18:14:53
SESS0003466,P00063,구매완료,2026-07-02 18:18:43
SESS0003467,P00107,상품_상세조회,2026-06-12 20:18:28
SESS0003468,P00086,상품_상세조회,2026-06-19 19:01:22
SESS0003468,P00087,상품_상세조회,2026-06-19 19:02:16
SESS0003468,P00080,찜하기,2026-06-19 19:04:47
SESS0003468,P00083,장바구니_담기,2026-06-19 19:06:29
SESS0003469,P00024,상품_상세조회,2026-06-18 23:56:21
SESS0003470,P00069,상품_상세조회,2026-06-27 15:46:11
SESS0003470,P00075,장바구니_담기,2026-06-27 15:47:02
SESS0003470,P00072,구매완료,2026-06-27 15:49:56
SESS0003471,P00064,상품_상세조회,2026-06-22 17:42:16
SESS0003471,P00073,장바구니_담기,2026-06-22 17:43:58
SESS0003471,P00073,구매완료,2026-06-22 17:47:13
SESS0003472,P00050,상품_상세조회,2026-06-19 14:22:08
SESS0003472,P00046,상품_상세조회,2026-06-19 14:24:10
SESS0003473,P00010,상품_상세조회,2026-06-20 23:20:51
SESS0003474,P00011,상품_상세조회,2026-07-03 19:53:24
SESS0003474,P00004,장바구니_담기,2026-07-03 19:54:07
SESS0003475,P00049,상품_상세조회,2026-06-21 16:22:52
SESS0003476,P00035,상품_상세조회,2026-06-28 22:47:18
SESS0003477,P00039,상품_상세조회,2026-06-12 18:34:33
SESS0003478,P00014,상품_상세조회,2026-06-24 19:27:47
SESS0003478,P00011,찜하기,2026-06-24 19:29:00
SESS0003478,P00002,상품_상세조회,2026-06-24 19:29:16
SESS0003478,P00008,상품_상세조회,2026-06-24 19:30:25
SESS0003478,P00010,상품_상세조회,2026-06-24 19:32:33
SESS0003478,P00001,장바구니_담기,2026-06-24 19:34:53
SESS0003478,P00009,구매완료,2026-06-24 19:35:45
SESS0003480,P00081,상품_상세조회,2026-06-19 20:04:04
SESS0003480,P00086,장바구니_담기,2026-06-19 20:05:56
SESS0003480,P00087,상품_상세조회,2026-06-19 20:06:18
SESS0003481,P00025,상품_상세조회,2026-06-14 11:54:44
SESS0003482,P00090,상품_상세조회,2026-07-01 19:23:16
SESS0003482,P00085,찜하기,2026-07-01 19:24:43
SESS0003482,P00080,장바구니_담기,2026-07-01 19:25:40
SESS0003482,P00083,구매완료,2026-07-01 19:30:28
SESS0003483,P00084,상품_상세조회,2026-07-02 20:11:58
SESS0003484,P00002,상품_상세조회,2026-06-10 23:26:17
SESS0003484,P00010,장바구니_담기,2026-06-10 23:27:10
SESS0003485,P00159,상품_상세조회,2026-06-20 16:22:15
SESS0003485,P00106,상품_상세조회,2026-06-20 16:30:41
SESS0003486,P00006,상품_상세조회,2026-06-15 18:42:40
SESS0003486,P00006,찜하기,2026-06-15 18:43:06
SESS0003486,P00001,장바구니_담기,2026-06-15 18:43:28
SESS0003486,P00011,구매완료,2026-06-15 18:47:13
SESS0003487,P00061,상품_상세조회,2026-06-12 18:32:07
SESS0003487,P00074,상품_상세조회,2026-06-12 18:34:16
SESS0003487,P00070,찜하기,2026-06-12 18:36:25
SESS0003488,P00163,상품_상세조회,2026-06-15 19:31:56
SESS0003489,P00094,상품_상세조회,2026-06-18 16:42:03
SESS0003491,P00086,상품_상세조회,2026-07-01 20:18:49
SESS0003492,P00111,상품_상세조회,2026-06-07 20:34:54
SESS0003492,P00107,상품_상세조회,2026-06-07 20:37:41
SESS0003492,P00110,상품_상세조회,2026-06-07 20:40:10
SESS0003493,P00132,상품_상세조회,2026-06-27 18:35:01
SESS0003494,P00163,상품_상세조회,2026-06-07 22:34:48
SESS0003494,P00165,상품_상세조회,2026-06-07 22:37:35
SESS0003494,P00108,상품_상세조회,2026-06-07 22:42:14
SESS0003494,P00118,장바구니_담기,2026-06-07 22:44:03
SESS0003495,P00129,상품_상세조회,2026-06-25 22:36:22
SESS0003495,P00134,찜하기,2026-06-25 22:38:42
SESS0003496,P00111,상품_상세조회,2026-06-18 19:57:24
SESS0003497,P00071,상품_상세조회,2026-06-22 19:09:57
SESS0003498,P00128,상품_상세조회,2026-06-15 16:38:10
SESS0003499,P00121,상품_상세조회,2026-06-18 17:09:40
SESS0003499,P00131,찜하기,2026-06-18 17:12:08
SESS0003499,P00123,장바구니_담기,2026-06-18 17:13:52
SESS0003499,P00122,상품_상세조회,2026-06-18 17:15:00
SESS0003499,P00122,장바구니_담기,2026-06-18 17:16:50
SESS0003500,P00055,상품_상세조회,2026-06-10 15:07:22
SESS0003500,P00052,장바구니_담기,2026-06-10 15:09:42
SESS0003501,P00175,상품_상세조회,2026-06-27 23:38:22
SESS0003501,P00169,상품_상세조회,2026-06-27 23:40:41
SESS0003501,P00179,장바구니_담기,2026-06-27 23:43:17
SESS0003502,P00067,상품_상세조회,2026-06-18 18:31:51
SESS0003504,P00138,상품_상세조회,2026-06-18 23:55:55
SESS0003505,P00023,상품_상세조회,2026-06-11 18:18:02
SESS0003505,P00028,장바구니_담기,2026-06-11 18:18:49
SESS0003505,P00019,상품_상세조회,2026-06-11 18:20:44
SESS0003506,P00004,상품_상세조회,2026-06-29 15:32:04
SESS0003506,P00008,찜하기,2026-06-29 15:32:44
SESS0003506,P00001,상품_상세조회,2026-06-29 15:35:28
SESS0003508,P00129,상품_상세조회,2026-06-07 21:50:35
SESS0003508,P00125,찜하기,2026-06-07 21:51:31
SESS0003508,P00124,상품_상세조회,2026-06-07 21:52:23
SESS0003510,P00131,상품_상세조회,2026-06-22 12:24:00
SESS0003510,P00132,찜하기,2026-06-22 12:24:43
SESS0003510,P00128,상품_상세조회,2026-06-22 12:25:19
SESS0003511,P00107,상품_상세조회,2026-06-06 16:09:14
SESS0003511,P00044,상품_상세조회,2026-06-06 16:13:36
SESS0003511,P00180,상품_상세조회,2026-06-06 16:19:00
SESS0003511,P00175,상품_상세조회,2026-06-06 16:24:15
SESS0003512,P00075,상품_상세조회,2026-06-13 21:17:53
SESS0003512,P00063,찜하기,2026-06-13 21:20:41
SESS0003513,P00092,상품_상세조회,2026-06-30 22:35:27
SESS0003514,P00144,상품_상세조회,2026-06-07 17:28:16
SESS0003515,P00136,상품_상세조회,2026-06-14 16:30:36
SESS0003517,P00077,상품_상세조회,2026-06-28 13:06:17
SESS0003517,P00086,상품_상세조회,2026-06-28 13:07:30
SESS0003518,P00104,상품_상세조회,2026-06-20 21:45:21
SESS0003518,P00098,상품_상세조회,2026-06-20 21:47:02
SESS0003518,P00101,상품_상세조회,2026-06-20 21:48:35
SESS0003519,P00021,상품_상세조회,2026-06-22 20:55:24
SESS0003519,P00021,상품_상세조회,2026-06-22 20:57:28
SESS0003520,P00006,상품_상세조회,2026-06-07 15:18:34
SESS0003520,P00014,장바구니_담기,2026-06-07 15:18:59
SESS0003520,P00009,구매완료,2026-06-07 15:22:09
SESS0003521,P00140,상품_상세조회,2026-06-11 16:59:54
SESS0003521,P00142,찜하기,2026-06-11 17:00:49
SESS0003521,P00138,상품_상세조회,2026-06-11 17:03:31
SESS0003521,P00147,장바구니_담기,2026-06-11 17:04:26
SESS0003521,P00141,구매완료,2026-06-11 17:08:14
SESS0003522,P00158,상품_상세조회,2026-06-17 20:32:07
SESS0003522,P00163,상품_상세조회,2026-06-17 20:34:12
SESS0003522,P00154,장바구니_담기,2026-06-17 20:36:04
SESS0003523,P00005,상품_상세조회,2026-06-12 16:37:38
SESS0003524,P00092,상품_상세조회,2026-07-02 14:17:15
SESS0003524,P00095,장바구니_담기,2026-07-02 14:17:48
SESS0003524,P00103,구매완료,2026-07-02 14:22:31
SESS0003525,P00074,상품_상세조회,2026-06-25 00:05:02
SESS0003525,P00061,찜하기,2026-06-25 00:05:32
SESS0003525,P00075,장바구니_담기,2026-06-25 00:07:14
SESS0003525,P00064,상품_상세조회,2026-06-25 00:09:50
SESS0003525,P00089,상품_상세조회,2026-06-25 00:16:59
SESS0003525,P00086,상품_상세조회,2026-06-25 00:17:26
SESS0003525,P00084,장바구니_담기,2026-06-25 00:18:52
SESS0003526,P00085,상품_상세조회,2026-06-07 18:44:13
SESS0003527,P00095,상품_상세조회,2026-06-21 19:45:16
SESS0003528,P00106,상품_상세조회,2026-07-02 18:22:43
SESS0003529,P00064,상품_상세조회,2026-06-26 17:58:30
SESS0003529,P00067,상품_상세조회,2026-06-26 18:01:11
SESS0003530,P00012,상품_상세조회,2026-07-02 15:17:16
SESS0003530,P00001,장바구니_담기,2026-07-02 15:19:32
SESS0003530,P00008,상품_상세조회,2026-07-02 15:22:02
SESS0003530,P00013,찜하기,2026-07-02 15:23:04
SESS0003530,P00015,상품_상세조회,2026-07-02 15:24:46
SESS0003530,P00029,상품_상세조회,2026-07-02 15:30:21
SESS0003530,P00030,장바구니_담기,2026-07-02 15:31:22
SESS0003531,P00061,상품_상세조회,2026-06-27 21:46:19
SESS0003533,P00118,상품_상세조회,2026-06-29 19:45:11
SESS0003533,P00117,상품_상세조회,2026-06-29 19:47:20
SESS0003533,P00154,상품_상세조회,2026-06-29 19:52:30
SESS0003533,P00162,장바구니_담기,2026-06-29 19:52:51
SESS0003533,P00157,구매완료,2026-06-29 19:54:30
SESS0003534,P00110,상품_상세조회,2026-06-27 21:57:41
SESS0003534,P00120,상품_상세조회,2026-06-27 21:59:29
SESS0003534,P00044,상품_상세조회,2026-06-27 22:03:26
SESS0003534,P00044,상품_상세조회,2026-06-27 22:05:13
SESS0003534,P00042,상품_상세조회,2026-06-27 22:07:34
SESS0003535,P00008,상품_상세조회,2026-06-09 17:40:50
SESS0003535,P00005,상품_상세조회,2026-06-09 17:42:43
SESS0003536,P00005,상품_상세조회,2026-07-01 17:03:12
SESS0003536,P00009,장바구니_담기,2026-07-01 17:05:07
SESS0003536,P00014,상품_상세조회,2026-07-01 17:05:40
SESS0003537,P00053,상품_상세조회,2026-06-06 17:20:09
SESS0003537,P00054,장바구니_담기,2026-06-06 17:23:01
SESS0003537,P00050,구매완료,2026-06-06 17:27:06
SESS0003538,P00149,상품_상세조회,2026-06-06 22:14:15
SESS0003538,P00137,찜하기,2026-06-06 22:15:03
SESS0003538,P00144,장바구니_담기,2026-06-06 22:17:26
SESS0003538,P00146,구매완료,2026-06-06 22:21:41
SESS0003539,P00059,상품_상세조회,2026-06-27 21:34:31
SESS0003539,P00054,상품_상세조회,2026-06-27 21:36:57
SESS0003539,P00060,상품_상세조회,2026-06-27 21:38:03
SESS0003539,P00054,장바구니_담기,2026-06-27 21:40:45
SESS0003539,P00057,구매완료,2026-06-27 21:44:06
SESS0003540,P00131,상품_상세조회,2026-06-21 20:33:04
SESS0003540,P00128,장바구니_담기,2026-06-21 20:33:46
SESS0003540,P00125,구매완료,2026-06-21 20:36:28
SESS0003541,P00070,상품_상세조회,2026-07-01 21:05:40
SESS0003541,P00065,찜하기,2026-07-01 21:06:25
SESS0003541,P00071,상품_상세조회,2026-07-01 21:07:21
SESS0003542,P00107,상품_상세조회,2026-07-03 21:13:22
SESS0003542,P00117,장바구니_담기,2026-07-03 21:14:26
SESS0003542,P00114,구매완료,2026-07-03 21:15:18
SESS0003543,P00020,상품_상세조회,2026-06-12 17:09:26
SESS0003543,P00026,상품_상세조회,2026-06-12 17:10:13
SESS0003544,P00071,상품_상세조회,2026-06-11 15:12:33
SESS0003544,P00071,장바구니_담기,2026-06-11 15:14:09
SESS0003544,P00072,상품_상세조회,2026-06-11 15:16:40
SESS0003545,P00054,상품_상세조회,2026-07-03 18:06:42
SESS0003545,P00053,장바구니_담기,2026-07-03 18:08:11
SESS0003545,P00054,상품_상세조회,2026-07-03 18:09:04
SESS0003545,P00051,상품_상세조회,2026-07-03 18:14:28
SESS0003546,P00070,상품_상세조회,2026-06-16 23:48:05
SESS0003546,P00059,상품_상세조회,2026-06-16 23:51:15
SESS0003546,P00058,상품_상세조회,2026-06-16 23:52:03
SESS0003546,P00003,상품_상세조회,2026-06-16 23:56:48
SESS0003548,P00084,상품_상세조회,2026-06-24 21:17:30
SESS0003549,P00162,상품_상세조회,2026-06-30 18:37:56
SESS0003551,P00106,상품_상세조회,2026-06-21 20:20:40
SESS0003551,P00117,상품_상세조회,2026-06-21 20:21:28
SESS0003551,P00113,찜하기,2026-06-21 20:24:09
SESS0003551,P00119,상품_상세조회,2026-06-21 20:25:22
SESS0003551,P00120,상품_상세조회,2026-06-21 20:26:24
SESS0003552,P00007,상품_상세조회,2026-07-01 20:41:59
SESS0003552,P00015,상품_상세조회,2026-07-01 20:44:51
SESS0003552,P00012,상품_상세조회,2026-07-01 20:46:37
SESS0003553,P00129,상품_상세조회,2026-06-21 20:36:52
SESS0003553,P00128,상품_상세조회,2026-06-21 20:38:43
SESS0003553,P00122,장바구니_담기,2026-06-21 20:41:32
SESS0003554,P00113,상품_상세조회,2026-06-27 18:13:32
SESS0003555,P00153,상품_상세조회,2026-06-22 16:11:45
SESS0003555,P00165,상품_상세조회,2026-06-22 16:13:08
SESS0003555,P00151,찜하기,2026-06-22 16:15:34
SESS0003557,P00162,상품_상세조회,2026-06-07 14:36:29
SESS0003557,P00153,찜하기,2026-06-07 14:39:20
SESS0003558,P00156,상품_상세조회,2026-07-01 18:34:24
SESS0003558,P00083,상품_상세조회,2026-07-01 18:37:37
SESS0003559,P00035,상품_상세조회,2026-07-01 21:21:38
SESS0003559,P00040,찜하기,2026-07-01 21:22:35
SESS0003559,P00037,장바구니_담기,2026-07-01 21:23:00
SESS0003559,P00041,구매완료,2026-07-01 21:27:14
SESS0003560,P00071,상품_상세조회,2026-06-18 23:00:29
SESS0003562,P00010,상품_상세조회,2026-07-01 21:11:34
SESS0003563,P00094,상품_상세조회,2026-06-12 20:45:48
SESS0003563,P00093,장바구니_담기,2026-06-12 20:46:21
SESS0003563,P00099,구매완료,2026-06-12 20:50:11
SESS0003564,P00153,상품_상세조회,2026-06-21 00:01:19
SESS0003564,P00161,찜하기,2026-06-21 00:02:47
SESS0003564,P00155,상품_상세조회,2026-06-21 00:03:58
SESS0003564,P00158,찜하기,2026-06-21 00:06:49
SESS0003564,P00158,상품_상세조회,2026-06-21 00:07:36
SESS0003564,P00154,상품_상세조회,2026-06-21 00:09:54
SESS0003564,P00158,상품_상세조회,2026-06-21 00:10:37
SESS0003564,P00156,장바구니_담기,2026-06-21 00:11:53
SESS0003564,P00163,구매완료,2026-06-21 00:15:59
SESS0003565,P00101,상품_상세조회,2026-06-27 19:53:32
SESS0003565,P00104,찜하기,2026-06-27 19:56:02
SESS0003566,P00165,상품_상세조회,2026-06-10 18:32:46
SESS0003567,P00001,상품_상세조회,2026-06-26 17:05:16
SESS0003567,P00009,상품_상세조회,2026-06-26 17:07:21
SESS0003567,P00005,장바구니_담기,2026-06-26 17:07:36
SESS0003568,P00065,상품_상세조회,2026-06-29 20:40:16
SESS0003568,P00074,상품_상세조회,2026-06-29 20:41:11
SESS0003569,P00148,상품_상세조회,2026-06-04 17:43:05
SESS0003570,P00142,상품_상세조회,2026-06-04 22:09:28
SESS0003570,P00138,상품_상세조회,2026-06-04 22:10:27
SESS0003570,P00141,장바구니_담기,2026-06-04 22:11:35
SESS0003570,P00139,구매완료,2026-06-04 22:13:37
SESS0003571,P00032,상품_상세조회,2026-06-29 14:25:38
SESS0003571,P00044,상품_상세조회,2026-06-29 14:27:21
SESS0003571,P00041,상품_상세조회,2026-06-29 14:29:17
SESS0003571,P00041,상품_상세조회,2026-06-29 14:30:53
SESS0003571,P00035,상품_상세조회,2026-06-29 14:32:49
SESS0003571,P00045,찜하기,2026-06-29 14:33:50
SESS0003571,P00039,상품_상세조회,2026-06-29 14:35:18
SESS0003571,P00038,찜하기,2026-06-29 14:35:39
SESS0003571,P00042,상품_상세조회,2026-06-29 14:37:23
SESS0003571,P00045,상품_상세조회,2026-06-29 14:40:10
SESS0003571,P00031,장바구니_담기,2026-06-29 14:40:41
SESS0003572,P00109,상품_상세조회,2026-06-28 00:04:06
SESS0003572,P00004,상품_상세조회,2026-06-28 00:09:10
SESS0003572,P00012,상품_상세조회,2026-06-28 00:11:20
SESS0003572,P00014,상품_상세조회,2026-06-28 00:12:17
SESS0003572,P00005,상품_상세조회,2026-06-28 00:13:32
SESS0003572,P00002,장바구니_담기,2026-06-28 00:14:25
SESS0003572,P00007,상품_상세조회,2026-06-28 00:16:29
SESS0003572,P00006,상품_상세조회,2026-06-28 00:16:52
SESS0003572,P00013,상품_상세조회,2026-06-28 00:19:05
SESS0003572,P00008,상품_상세조회,2026-06-28 00:21:21
SESS0003572,P00015,장바구니_담기,2026-06-28 00:22:14
SESS0003573,P00150,상품_상세조회,2026-06-12 14:17:11
SESS0003574,P00109,상품_상세조회,2026-06-17 21:34:06
SESS0003575,P00067,상품_상세조회,2026-06-09 18:26:54
SESS0003576,P00009,상품_상세조회,2026-06-12 13:15:13
SESS0003576,P00008,장바구니_담기,2026-06-12 13:16:32
SESS0003576,P00004,구매완료,2026-06-12 13:20:41
SESS0003577,P00026,상품_상세조회,2026-06-10 18:50:53
SESS0003577,P00030,상품_상세조회,2026-06-10 18:52:54
SESS0003577,P00021,상품_상세조회,2026-06-10 18:54:33
SESS0003579,P00071,상품_상세조회,2026-06-20 18:58:01
SESS0003579,P00061,장바구니_담기,2026-06-20 18:59:48
SESS0003580,P00091,상품_상세조회,2026-06-19 20:51:16
SESS0003581,P00095,상품_상세조회,2026-06-20 23:37:50
SESS0003581,P00095,찜하기,2026-06-20 23:39:49
SESS0003581,P00095,상품_상세조회,2026-06-20 23:40:44
SESS0003582,P00077,상품_상세조회,2026-06-23 17:40:08
SESS0003583,P00083,상품_상세조회,2026-06-13 14:59:14
SESS0003583,P00089,상품_상세조회,2026-06-13 15:01:19
SESS0003583,P00082,찜하기,2026-06-13 15:02:11
SESS0003583,P00088,장바구니_담기,2026-06-13 15:03:27
SESS0003583,P00083,상품_상세조회,2026-06-13 15:04:16
SESS0003583,P00078,상품_상세조회,2026-06-13 15:06:08
SESS0003583,P00083,장바구니_담기,2026-06-13 15:08:09
SESS0003583,P00082,구매완료,2026-06-13 15:11:41
SESS0003584,P00062,상품_상세조회,2026-06-09 15:09:47
SESS0003585,P00084,상품_상세조회,2026-06-10 15:32:26
SESS0003585,P00082,찜하기,2026-06-10 15:33:53
SESS0003585,P00079,상품_상세조회,2026-06-10 15:35:56
SESS0003585,P00078,상품_상세조회,2026-06-10 15:36:52
SESS0003585,P00079,상품_상세조회,2026-06-10 15:38:24
SESS0003585,P00076,상품_상세조회,2026-06-10 15:40:59
SESS0003586,P00071,상품_상세조회,2026-06-20 20:39:04
SESS0003587,P00014,상품_상세조회,2026-06-26 17:35:13
SESS0003587,P00007,장바구니_담기,2026-06-26 17:36:53
SESS0003587,P00006,구매완료,2026-06-26 17:39:28
SESS0003588,P00137,상품_상세조회,2026-06-13 21:26:22
SESS0003588,P00149,장바구니_담기,2026-06-13 21:27:40
SESS0003588,P00150,구매완료,2026-06-13 21:29:10
SESS0003590,P00032,상품_상세조회,2026-06-10 19:34:34
SESS0003590,P00036,장바구니_담기,2026-06-10 19:35:26
SESS0003590,P00045,상품_상세조회,2026-06-10 19:35:53
SESS0003590,P00037,장바구니_담기,2026-06-10 19:36:16
SESS0003590,P00032,구매완료,2026-06-10 19:40:33
SESS0003591,P00137,상품_상세조회,2026-07-03 16:24:21
SESS0003592,P00071,상품_상세조회,2026-06-16 14:31:57
SESS0003593,P00146,상품_상세조회,2026-06-13 23:48:01
SESS0003593,P00146,장바구니_담기,2026-06-13 23:50:42
SESS0003593,P00148,구매완료,2026-06-13 23:53:12
SESS0003594,P00163,상품_상세조회,2026-06-09 16:29:12
SESS0003594,P00157,상품_상세조회,2026-06-09 16:30:45
SESS0003594,P00161,상품_상세조회,2026-06-09 16:32:00
SESS0003594,P00160,상품_상세조회,2026-06-09 16:34:16
SESS0003594,P00155,장바구니_담기,2026-06-09 16:35:47
SESS0003595,P00004,상품_상세조회,2026-06-22 16:56:51
SESS0003596,P00164,상품_상세조회,2026-07-03 17:17:34
SESS0003596,P00088,상품_상세조회,2026-07-03 17:22:50
SESS0003596,P00087,찜하기,2026-07-03 17:24:14
SESS0003596,P00085,장바구니_담기,2026-07-03 17:25:06
SESS0003596,P00080,구매완료,2026-07-03 17:27:40
SESS0003597,P00147,상품_상세조회,2026-06-27 18:54:18
SESS0003597,P00142,상품_상세조회,2026-06-27 18:54:42
SESS0003597,P00144,장바구니_담기,2026-06-27 18:57:11
SESS0003597,P00148,상품_상세조회,2026-06-27 18:58:03
SESS0003598,P00178,상품_상세조회,2026-06-10 21:50:59
SESS0003598,P00180,찜하기,2026-06-10 21:52:57
SESS0003598,P00172,상품_상세조회,2026-06-10 21:54:47
SESS0003598,P00168,장바구니_담기,2026-06-10 21:56:08
SESS0003599,P00077,상품_상세조회,2026-06-20 20:39:22
SESS0003599,P00077,상품_상세조회,2026-06-20 20:42:35
SESS0003599,P00086,장바구니_담기,2026-06-20 20:43:03
SESS0003600,P00083,상품_상세조회,2026-06-17 17:37:12
SESS0003600,P00154,상품_상세조회,2026-06-17 17:40:20
SESS0003600,P00014,상품_상세조회,2026-06-17 17:43:01
SESS0003600,P00007,상품_상세조회,2026-06-17 17:45:41
SESS0003600,P00004,찜하기,2026-06-17 17:47:28
SESS0003600,P00008,상품_상세조회,2026-06-17 17:48:05
SESS0003600,P00013,장바구니_담기,2026-06-17 17:50:49
SESS0003601,P00006,상품_상세조회,2026-06-09 15:58:49
SESS0003601,P00007,찜하기,2026-06-09 16:00:30
SESS0003601,P00013,상품_상세조회,2026-06-09 16:02:02
SESS0003602,P00161,상품_상세조회,2026-06-08 22:04:01
SESS0003602,P00165,찜하기,2026-06-08 22:04:20
SESS0003602,P00161,상품_상세조회,2026-06-08 22:06:43
SESS0003603,P00010,상품_상세조회,2026-06-19 18:53:52
SESS0003603,P00012,상품_상세조회,2026-06-19 18:56:36
SESS0003603,P00006,찜하기,2026-06-19 18:58:51
SESS0003603,P00013,상품_상세조회,2026-06-19 19:00:23
SESS0003603,P00001,장바구니_담기,2026-06-19 19:03:22
SESS0003603,P00009,구매완료,2026-06-19 19:05:13
SESS0003604,P00076,상품_상세조회,2026-06-04 18:47:59
SESS0003604,P00090,장바구니_담기,2026-06-04 18:49:10
SESS0003605,P00154,상품_상세조회,2026-06-04 20:33:28
SESS0003606,P00134,상품_상세조회,2026-06-28 19:24:52
SESS0003606,P00135,찜하기,2026-06-28 19:27:43
SESS0003606,P00134,장바구니_담기,2026-06-28 19:29:24
SESS0003606,P00121,구매완료,2026-06-28 19:33:05
SESS0003607,P00005,상품_상세조회,2026-06-20 17:28:34
SESS0003607,P00008,장바구니_담기,2026-06-20 17:31:01
SESS0003607,P00014,구매완료,2026-06-20 17:34:50
SESS0003608,P00019,상품_상세조회,2026-06-24 12:33:40
SESS0003608,P00019,상품_상세조회,2026-06-24 12:35:33
SESS0003608,P00024,상품_상세조회,2026-06-24 12:36:34
SESS0003608,P00028,찜하기,2026-06-24 12:38:40
SESS0003608,P00018,장바구니_담기,2026-06-24 12:39:45
SESS0003608,P00023,상품_상세조회,2026-06-24 12:40:03
SESS0003608,P00029,상품_상세조회,2026-06-24 12:40:31
SESS0003608,P00022,장바구니_담기,2026-06-24 12:42:01
SESS0003608,P00026,구매완료,2026-06-24 12:44:27
SESS0003609,P00084,상품_상세조회,2026-06-25 23:52:08
SESS0003609,P00077,찜하기,2026-06-25 23:53:10
SESS0003610,P00076,상품_상세조회,2026-06-13 23:50:31
SESS0003610,P00152,상품_상세조회,2026-06-13 23:53:55
SESS0003611,P00093,상품_상세조회,2026-07-01 22:04:14
SESS0003611,P00092,상품_상세조회,2026-07-01 22:06:41
SESS0003611,P00092,상품_상세조회,2026-07-01 22:08:18
SESS0003611,P00103,장바구니_담기,2026-07-01 22:11:15
SESS0003612,P00008,상품_상세조회,2026-06-23 21:38:19
SESS0003612,P00004,찜하기,2026-06-23 21:40:23
SESS0003612,P00012,상품_상세조회,2026-06-23 21:42:59
SESS0003613,P00120,상품_상세조회,2026-07-03 17:43:14
SESS0003616,P00075,상품_상세조회,2026-06-08 13:29:18
SESS0003616,P00065,장바구니_담기,2026-06-08 13:30:29
SESS0003616,P00063,구매완료,2026-06-08 13:33:06
SESS0003617,P00119,상품_상세조회,2026-06-19 21:00:58
SESS0003618,P00149,상품_상세조회,2026-06-05 20:06:56
SESS0003618,P00141,상품_상세조회,2026-06-05 20:08:49
SESS0003618,P00047,상품_상세조회,2026-06-05 20:13:55
SESS0003619,P00069,상품_상세조회,2026-06-15 18:05:56
SESS0003619,P00069,장바구니_담기,2026-06-15 18:08:42
SESS0003620,P00065,상품_상세조회,2026-06-29 23:52:04
SESS0003620,P00071,장바구니_담기,2026-06-29 23:52:44
SESS0003620,P00071,구매완료,2026-06-29 23:55:01
SESS0003621,P00001,상품_상세조회,2026-06-06 15:06:08
SESS0003622,P00155,상품_상세조회,2026-06-09 19:26:30
SESS0003623,P00083,상품_상세조회,2026-06-14 15:32:46
SESS0003623,P00087,장바구니_담기,2026-06-14 15:35:33
SESS0003623,P00086,구매완료,2026-06-14 15:39:02
SESS0003624,P00097,상품_상세조회,2026-06-10 23:18:09
SESS0003624,P00098,찜하기,2026-06-10 23:20:45
SESS0003625,P00155,상품_상세조회,2026-06-14 14:38:20
SESS0003626,P00009,상품_상세조회,2026-06-11 23:30:14
SESS0003627,P00141,상품_상세조회,2026-06-11 22:17:11
SESS0003628,P00047,상품_상세조회,2026-07-03 14:47:32
SESS0003628,P00125,상품_상세조회,2026-07-03 14:50:11
SESS0003629,P00104,상품_상세조회,2026-06-06 19:54:15
SESS0003629,P00080,상품_상세조회,2026-06-06 19:58:07
SESS0003629,P00078,상품_상세조회,2026-06-06 20:00:12
SESS0003629,P00085,장바구니_담기,2026-06-06 20:02:21
SESS0003629,P00087,상품_상세조회,2026-06-06 20:02:42
SESS0003630,P00114,상품_상세조회,2026-06-16 18:49:52
SESS0003632,P00008,상품_상세조회,2026-06-14 18:37:56
SESS0003632,P00004,장바구니_담기,2026-06-14 18:40:29
SESS0003633,P00161,상품_상세조회,2026-06-29 21:45:54
SESS0003633,P00159,상품_상세조회,2026-06-29 21:46:39
SESS0003633,P00107,상품_상세조회,2026-06-29 21:48:40
SESS0003633,P00111,장바구니_담기,2026-06-29 21:51:07
SESS0003633,P00116,구매완료,2026-06-29 21:55:09
SESS0003634,P00108,상품_상세조회,2026-06-23 19:45:18
SESS0003634,P00118,장바구니_담기,2026-06-23 19:46:06
SESS0003635,P00078,상품_상세조회,2026-06-24 23:33:30
SESS0003635,P00082,상품_상세조회,2026-06-24 23:34:53
SESS0003635,P00083,상품_상세조회,2026-06-24 23:35:28
SESS0003635,P00086,상품_상세조회,2026-06-24 23:36:57
SESS0003635,P00078,상품_상세조회,2026-06-24 23:39:03
SESS0003635,P00085,찜하기,2026-06-24 23:40:15
SESS0003635,P00076,장바구니_담기,2026-06-24 23:40:41
SESS0003635,P00086,구매완료,2026-06-24 23:42:38
SESS0003636,P00004,상품_상세조회,2026-06-24 22:31:00
SESS0003637,P00153,상품_상세조회,2026-06-18 17:10:25
SESS0003637,P00010,상품_상세조회,2026-06-18 17:15:21
SESS0003638,P00072,상품_상세조회,2026-07-02 12:52:57
SESS0003638,P00072,상품_상세조회,2026-07-02 12:55:08
SESS0003638,P00061,상품_상세조회,2026-07-02 12:57:15
SESS0003639,P00094,상품_상세조회,2026-07-01 15:11:05
SESS0003640,P00037,상품_상세조회,2026-06-25 22:57:24
SESS0003640,P00039,찜하기,2026-06-25 22:58:56
SESS0003640,P00042,장바구니_담기,2026-06-25 23:01:54
SESS0003640,P00043,구매완료,2026-06-25 23:05:32
SESS0003641,P00125,상품_상세조회,2026-06-05 14:53:13
SESS0003641,P00126,장바구니_담기,2026-06-05 14:55:55
SESS0003643,P00106,상품_상세조회,2026-07-03 22:21:09
SESS0003643,P00114,상품_상세조회,2026-07-03 22:23:06
SESS0003643,P00112,찜하기,2026-07-03 22:24:55
SESS0003643,P00106,상품_상세조회,2026-07-03 22:26:27
SESS0003643,P00119,상품_상세조회,2026-07-03 22:28:19
SESS0003644,P00057,상품_상세조회,2026-06-29 22:59:35
SESS0003644,P00048,상품_상세조회,2026-06-29 23:02:06
SESS0003644,P00060,찜하기,2026-06-29 23:03:29
SESS0003645,P00015,상품_상세조회,2026-07-01 18:20:35
SESS0003645,P00007,상품_상세조회,2026-07-01 18:22:02
SESS0003646,P00126,상품_상세조회,2026-06-09 17:36:46
SESS0003646,P00131,찜하기,2026-06-09 17:37:01
SESS0003647,P00154,상품_상세조회,2026-06-23 18:40:19
SESS0003647,P00164,상품_상세조회,2026-06-23 18:41:03
SESS0003648,P00033,상품_상세조회,2026-06-22 18:39:02
SESS0003649,P00133,상품_상세조회,2026-06-11 21:00:48
SESS0003649,P00134,상품_상세조회,2026-06-11 21:01:37
SESS0003650,P00162,상품_상세조회,2026-06-07 23:51:59
SESS0003650,P00161,상품_상세조회,2026-06-07 23:54:27
SESS0003650,P00161,장바구니_담기,2026-06-07 23:56:38
SESS0003651,P00123,상품_상세조회,2026-06-09 22:07:49
SESS0003652,P00094,상품_상세조회,2026-06-23 16:37:28
SESS0003652,P00101,장바구니_담기,2026-06-23 16:38:05
SESS0003652,P00095,상품_상세조회,2026-06-23 16:38:34
SESS0003652,P00094,상품_상세조회,2026-06-23 16:40:19
SESS0003652,P00105,장바구니_담기,2026-06-23 16:42:14
SESS0003652,P00091,구매완료,2026-06-23 16:44:58
SESS0003654,P00134,상품_상세조회,2026-06-12 15:53:24
SESS0003655,P00023,상품_상세조회,2026-06-15 22:14:11
SESS0003656,P00075,상품_상세조회,2026-06-08 22:03:36
SESS0003656,P00075,장바구니_담기,2026-06-08 22:03:52
SESS0003657,P00142,상품_상세조회,2026-06-04 21:20:50
SESS0003658,P00144,상품_상세조회,2026-06-28 17:57:41
SESS0003658,P00147,상품_상세조회,2026-06-28 18:00:23
SESS0003658,P00146,상품_상세조회,2026-06-28 18:01:31
SESS0003658,P00136,찜하기,2026-06-28 18:03:43
SESS0003658,P00145,상품_상세조회,2026-06-28 18:05:34
SESS0003658,P00140,상품_상세조회,2026-06-28 18:07:50
SESS0003658,P00146,장바구니_담기,2026-06-28 18:10:18
SESS0003658,P00149,구매완료,2026-06-28 18:12:42
SESS0003659,P00107,상품_상세조회,2026-06-05 16:50:21
SESS0003659,P00109,상품_상세조회,2026-06-05 16:52:13
SESS0003659,P00010,상품_상세조회,2026-06-05 16:57:17
SESS0003659,P00066,상품_상세조회,2026-06-05 17:06:41
SESS0003659,P00061,상품_상세조회,2026-06-05 17:07:35
SESS0003661,P00091,상품_상세조회,2026-06-14 19:07:09
SESS0003661,P00103,상품_상세조회,2026-06-14 19:08:23
SESS0003661,P00094,찜하기,2026-06-14 19:09:58
SESS0003661,P00103,상품_상세조회,2026-06-14 19:12:20
SESS0003661,P00160,상품_상세조회,2026-06-14 19:14:47
SESS0003661,P00156,장바구니_담기,2026-06-14 19:16:31
SESS0003661,P00151,구매완료,2026-06-14 19:17:56
SESS0003662,P00049,상품_상세조회,2026-07-03 16:03:49
SESS0003664,P00062,상품_상세조회,2026-06-16 23:22:18
SESS0003664,P00066,장바구니_담기,2026-06-16 23:23:59
SESS0003664,P00075,구매완료,2026-06-16 23:27:06
SESS0003665,P00080,상품_상세조회,2026-06-16 21:39:54
SESS0003665,P00081,상품_상세조회,2026-06-16 21:40:29
SESS0003665,P00080,장바구니_담기,2026-06-16 21:41:58
SESS0003665,P00081,구매완료,2026-06-16 21:45:12
SESS0003666,P00116,상품_상세조회,2026-06-20 14:31:04
SESS0003666,P00117,찜하기,2026-06-20 14:31:27
SESS0003666,P00114,상품_상세조회,2026-06-20 14:31:46
SESS0003666,P00109,찜하기,2026-06-20 14:32:44
SESS0003667,P00064,상품_상세조회,2026-06-11 15:28:13
SESS0003667,P00061,상품_상세조회,2026-06-11 15:28:59
SESS0003667,P00124,상품_상세조회,2026-06-11 15:32:17
SESS0003668,P00100,상품_상세조회,2026-07-03 19:58:16
SESS0003668,P00091,상품_상세조회,2026-07-03 19:58:48
SESS0003668,P00118,상품_상세조회,2026-07-03 20:02:08
SESS0003668,P00114,상품_상세조회,2026-07-03 20:04:47
SESS0003668,P00120,장바구니_담기,2026-07-03 20:06:34
SESS0003668,P00111,구매완료,2026-07-03 20:12:25
SESS0003669,P00107,상품_상세조회,2026-06-29 22:00:37
SESS0003670,P00107,상품_상세조회,2026-06-07 17:13:09
SESS0003670,P00120,상품_상세조회,2026-06-07 17:14:55
SESS0003670,P00112,상품_상세조회,2026-06-07 17:15:47
SESS0003670,P00120,장바구니_담기,2026-06-07 17:17:21
SESS0003670,P00119,구매완료,2026-06-07 17:21:02
SESS0003671,P00159,상품_상세조회,2026-06-09 17:36:09
SESS0003672,P00155,상품_상세조회,2026-06-28 19:53:01
SESS0003672,P00154,장바구니_담기,2026-06-28 19:54:39
SESS0003673,P00008,상품_상세조회,2026-06-30 20:14:11
SESS0003673,P00002,장바구니_담기,2026-06-30 20:15:53
SESS0003673,P00015,구매완료,2026-06-30 20:19:25
SESS0003676,P00110,상품_상세조회,2026-06-14 12:29:01
SESS0003676,P00106,상품_상세조회,2026-06-14 12:31:28
SESS0003677,P00070,상품_상세조회,2026-06-07 15:30:50
SESS0003678,P00123,상품_상세조회,2026-06-26 13:07:25
SESS0003678,P00133,찜하기,2026-06-26 13:09:27
SESS0003678,P00129,장바구니_담기,2026-06-26 13:10:34
SESS0003678,P00132,상품_상세조회,2026-06-26 13:13:17
SESS0003678,P00132,장바구니_담기,2026-06-26 13:13:59
SESS0003678,P00121,구매완료,2026-06-26 13:16:49
SESS0003679,P00031,상품_상세조회,2026-06-14 19:44:45
SESS0003679,P00150,상품_상세조회,2026-06-14 19:48:38
SESS0003679,P00147,장바구니_담기,2026-06-14 19:50:27
SESS0003680,P00007,상품_상세조회,2026-06-26 18:33:11
SESS0003680,P00002,찜하기,2026-06-26 18:35:24
SESS0003682,P00156,상품_상세조회,2026-06-16 21:24:28
SESS0003682,P00152,상품_상세조회,2026-06-16 21:25:04
SESS0003682,P00165,장바구니_담기,2026-06-16 21:26:09
SESS0003683,P00011,상품_상세조회,2026-07-02 23:17:05
SESS0003683,P00008,장바구니_담기,2026-07-02 23:18:59
SESS0003684,P00175,상품_상세조회,2026-06-04 21:16:47
SESS0003685,P00008,상품_상세조회,2026-06-26 19:40:51
SESS0003685,P00010,찜하기,2026-06-26 19:41:33
SESS0003685,P00003,장바구니_담기,2026-06-26 19:41:49
SESS0003686,P00090,상품_상세조회,2026-06-23 23:31:48
SESS0003686,P00088,상품_상세조회,2026-06-23 23:33:28
SESS0003687,P00111,상품_상세조회,2026-06-13 00:01:16
SESS0003687,P00119,상품_상세조회,2026-06-13 00:02:41
SESS0003687,P00114,상품_상세조회,2026-06-13 00:04:18
SESS0003687,P00115,상품_상세조회,2026-06-13 00:06:06
SESS0003687,P00108,찜하기,2026-06-13 00:08:28
SESS0003688,P00064,상품_상세조회,2026-06-10 16:52:57
SESS0003688,P00073,장바구니_담기,2026-06-10 16:55:51
SESS0003688,P00061,구매완료,2026-06-10 17:00:35
SESS0003689,P00163,상품_상세조회,2026-06-14 15:12:58
SESS0003689,P00157,장바구니_담기,2026-06-14 15:14:30
SESS0003690,P00048,상품_상세조회,2026-06-15 23:36:18
SESS0003690,P00058,찜하기,2026-06-15 23:36:59
SESS0003691,P00070,상품_상세조회,2026-06-20 21:19:31
SESS0003691,P00066,장바구니_담기,2026-06-20 21:20:24
SESS0003691,P00067,상품_상세조회,2026-06-20 21:23:09
SESS0003692,P00004,상품_상세조회,2026-06-11 16:10:36
SESS0003692,P00008,장바구니_담기,2026-06-11 16:12:57
SESS0003693,P00112,상품_상세조회,2026-06-21 17:27:32
SESS0003694,P00073,상품_상세조회,2026-07-03 20:25:35
SESS0003695,P00160,상품_상세조회,2026-07-01 10:07:06
SESS0003696,P00113,상품_상세조회,2026-06-28 16:56:57
SESS0003697,P00068,상품_상세조회,2026-06-26 09:38:18
SESS0003697,P00066,장바구니_담기,2026-06-26 09:39:56
SESS0003698,P00073,상품_상세조회,2026-07-02 23:00:49
SESS0003698,P00061,상품_상세조회,2026-07-02 23:02:22
SESS0003698,P00070,상품_상세조회,2026-07-02 23:03:58
SESS0003698,P00067,상품_상세조회,2026-07-02 23:04:56
SESS0003699,P00081,상품_상세조회,2026-06-10 16:36:19
SESS0003699,P00079,상품_상세조회,2026-06-10 16:39:06
SESS0003699,P00078,찜하기,2026-06-10 16:40:21
SESS0003699,P00080,상품_상세조회,2026-06-10 16:41:06
SESS0003699,P00090,찜하기,2026-06-10 16:43:04
SESS0003699,P00077,상품_상세조회,2026-06-10 16:43:57
SESS0003700,P00108,상품_상세조회,2026-06-23 21:35:31
SESS0003700,P00115,상품_상세조회,2026-06-23 21:36:14
SESS0003701,P00165,상품_상세조회,2026-06-22 12:42:24
SESS0003701,P00157,상품_상세조회,2026-06-22 12:43:50
SESS0003701,P00163,상품_상세조회,2026-06-22 12:44:19
SESS0003701,P00152,상품_상세조회,2026-06-22 12:47:10
SESS0003701,P00162,상품_상세조회,2026-06-22 12:49:02
SESS0003701,P00005,상품_상세조회,2026-06-22 12:53:10
SESS0003702,P00025,상품_상세조회,2026-06-21 20:25:23
SESS0003702,P00017,찜하기,2026-06-21 20:26:15
SESS0003702,P00016,상품_상세조회,2026-06-21 20:28:20
SESS0003702,P00026,장바구니_담기,2026-06-21 20:30:00
SESS0003702,P00019,구매완료,2026-06-21 20:33:40
SESS0003703,P00127,상품_상세조회,2026-06-26 16:00:54
SESS0003703,P00126,장바구니_담기,2026-06-26 16:01:19
SESS0003703,P00135,구매완료,2026-06-26 16:04:51
SESS0003704,P00010,상품_상세조회,2026-06-23 19:59:23
SESS0003705,P00063,상품_상세조회,2026-06-25 17:47:49
SESS0003706,P00014,상품_상세조회,2026-06-04 16:37:54
SESS0003706,P00005,찜하기,2026-06-04 16:39:12
SESS0003706,P00004,장바구니_담기,2026-06-04 16:40:32
SESS0003706,P00002,구매완료,2026-06-04 16:41:47
SESS0003707,P00102,상품_상세조회,2026-06-13 20:36:58
SESS0003708,P00011,상품_상세조회,2026-06-23 19:47:41
SESS0003708,P00047,상품_상세조회,2026-06-23 19:51:44
SESS0003708,P00052,장바구니_담기,2026-06-23 19:53:30
SESS0003708,P00057,상품_상세조회,2026-06-23 19:54:59
SESS0003710,P00082,상품_상세조회,2026-06-06 21:41:05
SESS0003710,P00077,찜하기,2026-06-06 21:42:03
SESS0003710,P00081,장바구니_담기,2026-06-06 21:44:26
SESS0003711,P00154,상품_상세조회,2026-06-17 17:26:34
SESS0003712,P00004,상품_상세조회,2026-06-13 21:39:07
SESS0003713,P00094,상품_상세조회,2026-06-12 21:25:25
SESS0003713,P00102,상품_상세조회,2026-06-12 21:27:15
SESS0003714,P00132,상품_상세조회,2026-06-24 23:24:48
SESS0003714,P00132,상품_상세조회,2026-06-24 23:26:04
SESS0003714,P00066,상품_상세조회,2026-06-24 23:28:28
SESS0003715,P00163,상품_상세조회,2026-06-28 23:52:55
SESS0003716,P00082,상품_상세조회,2026-06-10 16:44:21
SESS0003718,P00133,상품_상세조회,2026-06-05 20:07:57
SESS0003719,P00101,상품_상세조회,2026-06-28 16:34:29
SESS0003720,P00114,상품_상세조회,2026-06-12 20:06:03
SESS0003721,P00073,상품_상세조회,2026-07-02 22:10:30
SESS0003721,P00065,상품_상세조회,2026-07-02 22:13:18
SESS0003721,P00061,장바구니_담기,2026-07-02 22:14:32
SESS0003722,P00015,상품_상세조회,2026-07-02 16:33:44
SESS0003722,P00006,상품_상세조회,2026-07-02 16:35:49
SESS0003723,P00080,상품_상세조회,2026-06-08 23:32:45
SESS0003723,P00080,상품_상세조회,2026-06-08 23:34:59
SESS0003724,P00009,상품_상세조회,2026-06-28 18:10:43
SESS0003724,P00062,상품_상세조회,2026-06-28 18:15:08
SESS0003724,P00075,찜하기,2026-06-28 18:18:05
SESS0003726,P00070,상품_상세조회,2026-06-23 19:05:12
SESS0003727,P00020,상품_상세조회,2026-06-24 20:36:12
SESS0003727,P00105,상품_상세조회,2026-06-24 20:39:18
SESS0003727,P00105,상품_상세조회,2026-06-24 20:39:35
SESS0003728,P00006,상품_상세조회,2026-06-29 23:19:48
SESS0003728,P00067,상품_상세조회,2026-06-29 23:22:26
SESS0003728,P00067,장바구니_담기,2026-06-29 23:23:26
SESS0003729,P00090,상품_상세조회,2026-07-03 23:39:22
SESS0003729,P00079,상품_상세조회,2026-07-03 23:41:22
SESS0003729,P00078,찜하기,2026-07-03 23:42:01
SESS0003729,P00076,상품_상세조회,2026-07-03 23:43:25
SESS0003730,P00113,상품_상세조회,2026-06-06 23:42:01
SESS0003730,P00036,상품_상세조회,2026-06-06 23:45:04
SESS0003731,P00001,상품_상세조회,2026-06-27 18:09:33
SESS0003731,P00011,장바구니_담기,2026-06-27 18:11:52
SESS0003731,P00008,구매완료,2026-06-27 18:16:00
SESS0003732,P00132,상품_상세조회,2026-07-03 17:38:34
SESS0003732,P00124,장바구니_담기,2026-07-03 17:39:12
SESS0003732,P00127,구매완료,2026-07-03 17:40:27
SESS0003733,P00048,상품_상세조회,2026-06-26 16:52:06
SESS0003733,P00056,장바구니_담기,2026-06-26 16:53:50
SESS0003734,P00114,상품_상세조회,2026-07-02 16:11:18
SESS0003735,P00046,상품_상세조회,2026-07-03 17:19:42
SESS0003735,P00055,상품_상세조회,2026-07-03 17:20:40
SESS0003735,P00050,상품_상세조회,2026-07-03 17:22:30
SESS0003735,P00052,상품_상세조회,2026-07-03 17:25:20
SESS0003735,P00058,상품_상세조회,2026-07-03 17:26:53
SESS0003735,P00060,찜하기,2026-07-03 17:29:26
SESS0003737,P00180,상품_상세조회,2026-06-24 21:04:22
SESS0003738,P00097,상품_상세조회,2026-06-05 19:07:57
SESS0003738,P00099,상품_상세조회,2026-06-05 19:10:46
SESS0003738,P00101,상품_상세조회,2026-06-05 19:12:13
SESS0003738,P00101,찜하기,2026-06-05 19:13:11
SESS0003739,P00011,상품_상세조회,2026-06-08 13:37:35
SESS0003739,P00003,장바구니_담기,2026-06-08 13:38:24
SESS0003739,P00003,구매완료,2026-06-08 13:40:13
SESS0003740,P00142,상품_상세조회,2026-06-16 17:00:34
SESS0003740,P00137,장바구니_담기,2026-06-16 17:02:15
SESS0003741,P00136,상품_상세조회,2026-06-22 17:39:56
SESS0003741,P00142,찜하기,2026-06-22 17:42:34
SESS0003741,P00138,상품_상세조회,2026-06-22 17:45:27
SESS0003741,P00142,상품_상세조회,2026-06-22 17:48:25
SESS0003742,P00017,상품_상세조회,2026-06-27 18:57:06
SESS0003742,P00017,상품_상세조회,2026-06-27 18:58:04
SESS0003742,P00023,장바구니_담기,2026-06-27 18:59:01
SESS0003742,P00025,구매완료,2026-06-27 19:03:00
SESS0003743,P00066,상품_상세조회,2026-06-11 21:35:06
SESS0003743,P00066,상품_상세조회,2026-06-11 21:35:33
SESS0003743,P00074,상품_상세조회,2026-06-11 21:37:20
SESS0003743,P00065,상품_상세조회,2026-06-11 21:39:33
SESS0003744,P00165,상품_상세조회,2026-06-16 19:43:21
SESS0003745,P00087,상품_상세조회,2026-06-15 14:20:49
SESS0003747,P00131,상품_상세조회,2026-07-02 18:39:36
SESS0003747,P00126,장바구니_담기,2026-07-02 18:42:06
SESS0003747,P00129,구매완료,2026-07-02 18:46:43
SESS0003748,P00115,상품_상세조회,2026-06-17 16:04:45
SESS0003748,P00111,찜하기,2026-06-17 16:07:38
SESS0003748,P00111,상품_상세조회,2026-06-17 16:08:54
SESS0003748,P00119,장바구니_담기,2026-06-17 16:11:29
SESS0003749,P00095,상품_상세조회,2026-06-06 23:34:32
SESS0003749,P00104,상품_상세조회,2026-06-06 23:36:52
SESS0003749,P00095,찜하기,2026-06-06 23:37:13
SESS0003749,P00091,상품_상세조회,2026-06-06 23:39:29
SESS0003749,P00091,상품_상세조회,2026-06-06 23:41:07
SESS0003749,P00100,상품_상세조회,2026-06-06 23:43:55
SESS0003751,P00120,상품_상세조회,2026-07-02 15:30:27
SESS0003751,P00119,상품_상세조회,2026-07-02 15:32:04
SESS0003751,P00108,장바구니_담기,2026-07-02 15:34:54
SESS0003751,P00115,상품_상세조회,2026-07-02 15:37:09
SESS0003752,P00165,상품_상세조회,2026-06-22 17:52:57
SESS0003752,P00153,장바구니_담기,2026-06-22 17:54:31
SESS0003753,P00084,상품_상세조회,2026-06-21 22:45:22
SESS0003754,P00111,상품_상세조회,2026-06-22 18:34:05
SESS0003754,P00108,장바구니_담기,2026-06-22 18:34:27
SESS0003754,P00119,상품_상세조회,2026-06-22 18:35:05
SESS0003754,P00109,상품_상세조회,2026-06-22 18:36:32
SESS0003754,P00111,찜하기,2026-06-22 18:37:56
SESS0003754,P00106,장바구니_담기,2026-06-22 18:40:11
SESS0003754,P00108,구매완료,2026-06-22 18:42:35
SESS0003755,P00143,상품_상세조회,2026-06-25 21:27:27
SESS0003755,P00136,상품_상세조회,2026-06-25 21:29:55
SESS0003755,P00147,상품_상세조회,2026-06-25 21:31:49
SESS0003755,P00064,상품_상세조회,2026-06-25 21:36:41
SESS0003755,P00067,찜하기,2026-06-25 21:39:06
SESS0003755,P00067,장바구니_담기,2026-06-25 21:39:49
SESS0003755,P00064,구매완료,2026-06-25 21:42:36
SESS0003756,P00067,상품_상세조회,2026-06-27 15:58:15
SESS0003758,P00079,상품_상세조회,2026-06-17 21:59:23
SESS0003758,P00090,장바구니_담기,2026-06-17 22:01:50
SESS0003758,P00082,상품_상세조회,2026-06-17 22:03:12
SESS0003758,P00079,찜하기,2026-06-17 22:05:47
SESS0003759,P00018,상품_상세조회,2026-06-14 22:47:33
SESS0003759,P00023,상품_상세조회,2026-06-14 22:48:50
SESS0003760,P00141,상품_상세조회,2026-06-20 21:26:24
SESS0003760,P00146,찜하기,2026-06-20 21:28:03
SESS0003760,P00147,장바구니_담기,2026-06-20 21:29:29
SESS0003760,P00149,상품_상세조회,2026-06-20 21:29:50
SESS0003760,P00144,상품_상세조회,2026-06-20 21:31:40
SESS0003760,P00150,찜하기,2026-06-20 21:32:48
SESS0003761,P00003,상품_상세조회,2026-06-19 18:22:47
SESS0003761,P00014,상품_상세조회,2026-06-19 18:24:20
SESS0003761,P00010,상품_상세조회,2026-06-19 18:26:32
SESS0003761,P00015,상품_상세조회,2026-06-19 18:29:07
SESS0003762,P00068,상품_상세조회,2026-06-08 23:22:15
SESS0003762,P00152,상품_상세조회,2026-06-08 23:24:35
SESS0003763,P00127,상품_상세조회,2026-06-07 15:48:40
SESS0003763,P00129,장바구니_담기,2026-06-07 15:49:39
SESS0003763,P00131,구매완료,2026-06-07 15:52:21
SESS0003764,P00006,상품_상세조회,2026-06-21 20:22:06
SESS0003764,P00015,찜하기,2026-06-21 20:24:30
SESS0003765,P00068,상품_상세조회,2026-06-30 17:59:35
SESS0003765,P00007,상품_상세조회,2026-06-30 18:01:16
SESS0003766,P00038,상품_상세조회,2026-06-14 22:49:39
SESS0003766,P00041,상품_상세조회,2026-06-14 22:52:27
SESS0003768,P00144,상품_상세조회,2026-06-13 17:55:45
SESS0003768,P00146,찜하기,2026-06-13 17:56:44
SESS0003768,P00147,장바구니_담기,2026-06-13 17:59:02
SESS0003769,P00005,상품_상세조회,2026-06-07 23:27:56
SESS0003769,P00006,찜하기,2026-06-07 23:28:15
SESS0003769,P00005,상품_상세조회,2026-06-07 23:30:06
SESS0003769,P00007,상품_상세조회,2026-06-07 23:31:36
SESS0003770,P00033,상품_상세조회,2026-06-19 22:22:56
SESS0003770,P00042,찜하기,2026-06-19 22:23:46
SESS0003770,P00033,상품_상세조회,2026-06-19 22:24:12
SESS0003770,P00043,상품_상세조회,2026-06-19 22:25:22
SESS0003771,P00141,상품_상세조회,2026-06-24 18:38:53
SESS0003772,P00035,상품_상세조회,2026-06-23 22:46:42
SESS0003772,P00040,장바구니_담기,2026-06-23 22:47:10
SESS0003772,P00042,상품_상세조회,2026-06-23 22:48:24
SESS0003772,P00038,찜하기,2026-06-23 22:49:18
SESS0003772,P00042,상품_상세조회,2026-06-23 22:52:13
SESS0003772,P00038,장바구니_담기,2026-06-23 22:52:44
SESS0003773,P00055,상품_상세조회,2026-06-12 17:07:00
SESS0003773,P00144,상품_상세조회,2026-06-12 17:09:41
SESS0003773,P00146,찜하기,2026-06-12 17:10:59
SESS0003773,P00145,상품_상세조회,2026-06-12 17:12:47
SESS0003773,P00147,상품_상세조회,2026-06-12 17:13:44
SESS0003773,P00137,찜하기,2026-06-12 17:15:39
SESS0003773,P00140,장바구니_담기,2026-06-12 17:17:26
SESS0003773,P00144,구매완료,2026-06-12 17:20:27
SESS0003774,P00011,상품_상세조회,2026-06-06 19:29:08
SESS0003775,P00119,상품_상세조회,2026-06-19 17:29:07
SESS0003775,P00106,상품_상세조회,2026-06-19 17:30:56
SESS0003775,P00113,찜하기,2026-06-19 17:33:49
SESS0003775,P00118,상품_상세조회,2026-06-19 17:34:42
SESS0003775,P00159,상품_상세조회,2026-06-19 17:38:15
SESS0003775,P00162,장바구니_담기,2026-06-19 17:39:40
SESS0003775,P00158,구매완료,2026-06-19 17:43:11
SESS0003776,P00133,상품_상세조회,2026-06-23 13:13:47
SESS0003777,P00056,상품_상세조회,2026-06-05 15:11:09
SESS0003778,P00014,상품_상세조회,2026-07-01 20:13:46
SESS0003778,P00003,상품_상세조회,2026-07-01 20:15:28
SESS0003778,P00014,상품_상세조회,2026-07-01 20:18:11
SESS0003778,P00009,상품_상세조회,2026-07-01 20:18:35
SESS0003778,P00011,상품_상세조회,2026-07-01 20:20:58
SESS0003779,P00113,상품_상세조회,2026-07-01 15:22:07
SESS0003779,P00111,찜하기,2026-07-01 15:24:53
SESS0003779,P00113,상품_상세조회,2026-07-01 15:27:19
SESS0003779,P00120,장바구니_담기,2026-07-01 15:29:06
SESS0003779,P00114,구매완료,2026-07-01 15:32:33
SESS0003780,P00071,상품_상세조회,2026-06-27 20:02:24
SESS0003781,P00079,상품_상세조회,2026-06-10 14:47:12
SESS0003782,P00080,상품_상세조회,2026-06-19 12:56:26
SESS0003783,P00081,상품_상세조회,2026-06-14 20:15:50
SESS0003783,P00078,찜하기,2026-06-14 20:16:18
SESS0003783,P00079,상품_상세조회,2026-06-14 20:18:12
SESS0003783,P00076,상품_상세조회,2026-06-14 20:18:29
SESS0003784,P00118,상품_상세조회,2026-06-17 20:27:00
SESS0003784,P00112,찜하기,2026-06-17 20:29:05
SESS0003785,P00148,상품_상세조회,2026-06-19 16:23:26
SESS0003785,P00147,상품_상세조회,2026-06-19 16:25:23
SESS0003785,P00136,상품_상세조회,2026-06-19 16:28:21
SESS0003785,P00147,상품_상세조회,2026-06-19 16:28:39
SESS0003786,P00012,상품_상세조회,2026-06-04 16:39:50
SESS0003787,P00059,상품_상세조회,2026-06-30 23:36:55
SESS0003788,P00135,상품_상세조회,2026-06-18 19:43:57
SESS0003788,P00126,장바구니_담기,2026-06-18 19:46:33
SESS0003788,P00131,구매완료,2026-06-18 19:49:25
SESS0003790,P00071,상품_상세조회,2026-07-02 23:08:08
SESS0003791,P00150,상품_상세조회,2026-06-13 22:55:51
SESS0003792,P00009,상품_상세조회,2026-06-30 20:33:56
SESS0003793,P00063,상품_상세조회,2026-06-25 19:07:31
SESS0003793,P00070,상품_상세조회,2026-06-25 19:07:54
SESS0003793,P00065,장바구니_담기,2026-06-25 19:10:31
SESS0003794,P00068,상품_상세조회,2026-06-12 22:39:55
SESS0003795,P00114,상품_상세조회,2026-06-26 20:39:33
SESS0003797,P00074,상품_상세조회,2026-06-27 22:47:47
SESS0003797,P00068,찜하기,2026-06-27 22:49:17
SESS0003797,P00069,상품_상세조회,2026-06-27 22:51:02
SESS0003797,P00069,장바구니_담기,2026-06-27 22:52:44
SESS0003797,P00063,구매완료,2026-06-27 22:56:21
SESS0003798,P00163,상품_상세조회,2026-06-05 20:19:06
SESS0003798,P00157,장바구니_담기,2026-06-05 20:19:56
SESS0003798,P00158,구매완료,2026-06-05 20:22:22
SESS0003799,P00049,상품_상세조회,2026-07-03 17:51:59
SESS0003799,P00052,찜하기,2026-07-03 17:53:32
SESS0003799,P00056,상품_상세조회,2026-07-03 17:56:15
SESS0003799,P00123,상품_상세조회,2026-07-03 17:59:24
SESS0003799,P00122,찜하기,2026-07-03 18:02:10
SESS0003799,P00125,상품_상세조회,2026-07-03 18:04:15
SESS0003799,P00131,상품_상세조회,2026-07-03 18:05:38
SESS0003799,P00126,상품_상세조회,2026-07-03 18:07:02
SESS0003799,P00132,상품_상세조회,2026-07-03 18:08:51
SESS0003799,P00129,장바구니_담기,2026-07-03 18:10:45
SESS0003799,P00130,구매완료,2026-07-03 18:12:01
SESS0003800,P00001,상품_상세조회,2026-06-30 23:06:31
SESS0003800,P00009,상품_상세조회,2026-06-30 23:08:45
SESS0003800,P00010,찜하기,2026-06-30 23:10:31
SESS0003800,P00003,상품_상세조회,2026-06-30 23:12:39
SESS0003800,P00013,찜하기,2026-06-30 23:15:10
SESS0003801,P00058,상품_상세조회,2026-06-26 16:06:28
SESS0003802,P00031,상품_상세조회,2026-06-25 20:12:09
SESS0003802,P00041,장바구니_담기,2026-06-25 20:14:48
SESS0003802,P00040,상품_상세조회,2026-06-25 20:16:57
SESS0003802,P00035,상품_상세조회,2026-06-25 20:19:33
SESS0003802,P00041,장바구니_담기,2026-06-25 20:21:23
SESS0003802,P00044,상품_상세조회,2026-06-25 20:24:12
SESS0003802,P00033,장바구니_담기,2026-06-25 20:26:13
SESS0003802,P00044,상품_상세조회,2026-06-25 20:27:30
SESS0003802,P00144,상품_상세조회,2026-06-25 20:31:41
SESS0003803,P00009,상품_상세조회,2026-06-07 21:34:35
SESS0003804,P00064,상품_상세조회,2026-06-12 21:42:12
SESS0003804,P00066,상품_상세조회,2026-06-12 21:42:34
SESS0003804,P00066,찜하기,2026-06-12 21:45:01
SESS0003805,P00109,상품_상세조회,2026-06-30 17:59:19
SESS0003805,P00115,찜하기,2026-06-30 18:00:10
SESS0003805,P00117,상품_상세조회,2026-06-30 18:01:45
SESS0003806,P00122,상품_상세조회,2026-06-16 14:04:35
SESS0003806,P00133,상품_상세조회,2026-06-16 14:06:30
SESS0003807,P00102,상품_상세조회,2026-06-21 16:16:29
SESS0003807,P00095,찜하기,2026-06-21 16:18:31
SESS0003808,P00095,상품_상세조회,2026-06-11 18:52:37
SESS0003808,P00169,상품_상세조회,2026-06-11 18:59:29
SESS0003808,P00178,상품_상세조회,2026-06-11 19:01:37
SESS0003808,P00003,상품_상세조회,2026-06-11 19:04:42
SESS0003808,P00015,상품_상세조회,2026-06-11 19:06:12
SESS0003810,P00011,상품_상세조회,2026-06-04 17:07:42
SESS0003810,P00011,상품_상세조회,2026-06-04 17:09:47
SESS0003810,P00015,상품_상세조회,2026-06-04 17:10:35
SESS0003810,P00001,상품_상세조회,2026-06-04 17:11:09
SESS0003811,P00088,상품_상세조회,2026-06-12 21:05:35
SESS0003813,P00068,상품_상세조회,2026-06-05 21:58:10
SESS0003814,P00018,상품_상세조회,2026-06-04 19:06:54
SESS0003816,P00144,상품_상세조회,2026-06-26 22:05:25
SESS0003816,P00141,찜하기,2026-06-26 22:05:59
SESS0003816,P00148,장바구니_담기,2026-06-26 22:06:42
SESS0003816,P00138,상품_상세조회,2026-06-26 22:08:30
SESS0003816,P00138,찜하기,2026-06-26 22:09:54
SESS0003818,P00067,상품_상세조회,2026-06-25 15:37:01
SESS0003818,P00066,장바구니_담기,2026-06-25 15:37:30
SESS0003818,P00066,구매완료,2026-06-25 15:40:52
SESS0003819,P00006,상품_상세조회,2026-06-11 17:35:10
SESS0003819,P00013,상품_상세조회,2026-06-11 17:36:54
SESS0003819,P00009,장바구니_담기,2026-06-11 17:37:29
SESS0003819,P00010,상품_상세조회,2026-06-11 17:39:34
SESS0003819,P00106,상품_상세조회,2026-06-11 17:41:54
SESS0003819,P00117,상품_상세조회,2026-06-11 17:44:24
SESS0003819,P00110,상품_상세조회,2026-06-11 17:46:10
SESS0003819,P00084,상품_상세조회,2026-06-11 17:49:16
SESS0003819,P00081,찜하기,2026-06-11 17:49:57
SESS0003819,P00076,상품_상세조회,2026-06-11 17:52:02
SESS0003819,P00089,상품_상세조회,2026-06-11 17:53:17
SESS0003820,P00090,상품_상세조회,2026-06-05 19:22:04
SESS0003821,P00078,상품_상세조회,2026-06-30 20:16:34
SESS0003822,P00079,상품_상세조회,2026-06-12 23:53:05
SESS0003822,P00077,상품_상세조회,2026-06-12 23:55:51
SESS0003822,P00087,상품_상세조회,2026-06-12 23:58:34
SESS0003822,P00078,장바구니_담기,2026-06-13 00:01:20
SESS0003822,P00079,구매완료,2026-06-13 00:03:56
SESS0003824,P00075,상품_상세조회,2026-06-17 21:25:06
SESS0003824,P00068,상품_상세조회,2026-06-17 21:26:21
SESS0003824,P00063,장바구니_담기,2026-06-17 21:27:00
SESS0003824,P00075,상품_상세조회,2026-06-17 21:29:36
SESS0003824,P00146,상품_상세조회,2026-06-17 21:32:17
SESS0003824,P00149,찜하기,2026-06-17 21:34:52
SESS0003824,P00143,장바구니_담기,2026-06-17 21:36:48
SESS0003824,P00150,상품_상세조회,2026-06-17 21:39:22
SESS0003825,P00062,상품_상세조회,2026-06-20 17:38:18
SESS0003826,P00098,상품_상세조회,2026-06-19 18:19:21
SESS0003826,P00100,장바구니_담기,2026-06-19 18:21:09
SESS0003827,P00013,상품_상세조회,2026-06-06 17:39:57
SESS0003827,P00009,장바구니_담기,2026-06-06 17:40:28
SESS0003827,P00013,구매완료,2026-06-06 17:44:21
SESS0003828,P00090,상품_상세조회,2026-06-16 18:16:18
SESS0003828,P00088,찜하기,2026-06-16 18:18:42
SESS0003829,P00014,상품_상세조회,2026-06-28 20:58:10
SESS0003829,P00003,장바구니_담기,2026-06-28 20:58:25
SESS0003831,P00099,상품_상세조회,2026-06-24 20:31:50
SESS0003833,P00140,상품_상세조회,2026-06-10 13:29:40
SESS0003833,P00137,상품_상세조회,2026-06-10 13:31:30
SESS0003833,P00136,장바구니_담기,2026-06-10 13:33:06
SESS0003833,P00144,구매완료,2026-06-10 13:36:51
SESS0003834,P00106,상품_상세조회,2026-06-09 18:20:59
SESS0003834,P00118,장바구니_담기,2026-06-09 18:21:58
SESS0003835,P00073,상품_상세조회,2026-06-14 18:07:16
SESS0003836,P00158,상품_상세조회,2026-06-05 17:27:07
SESS0003836,P00159,찜하기,2026-06-05 17:30:02
SESS0003836,P00152,장바구니_담기,2026-06-05 17:31:17
SESS0003836,P00164,상품_상세조회,2026-06-05 17:34:01
SESS0003836,P00155,찜하기,2026-06-05 17:34:32
SESS0003836,P00163,상품_상세조회,2026-06-05 17:35:28
SESS0003838,P00041,상품_상세조회,2026-06-11 19:19:36
SESS0003838,P00044,장바구니_담기,2026-06-11 19:20:44
SESS0003838,P00045,구매완료,2026-06-11 19:23:03
SESS0003839,P00040,상품_상세조회,2026-06-08 22:55:29
SESS0003839,P00035,찜하기,2026-06-08 22:57:47
SESS0003839,P00035,상품_상세조회,2026-06-08 22:58:19
SESS0003839,P00043,상품_상세조회,2026-06-08 22:59:55
SESS0003839,P00051,상품_상세조회,2026-06-08 23:04:19
SESS0003839,P00059,상품_상세조회,2026-06-08 23:05:42
SESS0003840,P00126,상품_상세조회,2026-06-14 20:33:58
SESS0003840,P00133,상품_상세조회,2026-06-14 20:34:21
SESS0003840,P00132,상품_상세조회,2026-06-14 20:35:53
SESS0003840,P00127,상품_상세조회,2026-06-14 20:36:25
SESS0003840,P00129,상품_상세조회,2026-06-14 20:37:48
SESS0003840,P00128,장바구니_담기,2026-06-14 20:40:33
SESS0003840,P00132,상품_상세조회,2026-06-14 20:41:14
SESS0003841,P00053,상품_상세조회,2026-07-03 21:00:15
SESS0003842,P00032,상품_상세조회,2026-06-25 21:40:03
SESS0003842,P00041,상품_상세조회,2026-06-25 21:41:50
SESS0003842,P00031,장바구니_담기,2026-06-25 21:42:12
SESS0003842,P00041,구매완료,2026-06-25 21:45:45
SESS0003843,P00036,상품_상세조회,2026-06-28 23:35:54
SESS0003843,P00031,찜하기,2026-06-28 23:38:46
SESS0003844,P00034,상품_상세조회,2026-06-30 20:25:04
SESS0003844,P00139,상품_상세조회,2026-06-30 20:28:54
SESS0003845,P00140,상품_상세조회,2026-06-20 00:00:07
SESS0003845,P00070,상품_상세조회,2026-06-20 00:03:05
SESS0003845,P00064,찜하기,2026-06-20 00:05:49
SESS0003845,P00063,상품_상세조회,2026-06-20 00:08:02
SESS0003845,P00134,상품_상세조회,2026-06-20 00:09:36
SESS0003845,P00130,상품_상세조회,2026-06-20 00:10:18
SESS0003845,P00134,찜하기,2026-06-20 00:13:09
SESS0003846,P00164,상품_상세조회,2026-06-06 12:54:15
SESS0003846,P00159,찜하기,2026-06-06 12:56:18
SESS0003846,P00164,상품_상세조회,2026-06-06 12:58:10
SESS0003846,P00156,상품_상세조회,2026-06-06 13:00:54
SESS0003846,P00158,장바구니_담기,2026-06-06 13:01:10
SESS0003846,P00157,구매완료,2026-06-06 13:03:43
SESS0003847,P00087,상품_상세조회,2026-06-23 20:08:39
SESS0003848,P00149,상품_상세조회,2026-06-17 19:24:19
SESS0003848,P00142,찜하기,2026-06-17 19:25:52
SESS0003848,P00143,상품_상세조회,2026-06-17 19:28:41
SESS0003849,P00094,상품_상세조회,2026-06-04 22:17:01
SESS0003849,P00091,장바구니_담기,2026-06-04 22:20:00
SESS0003850,P00153,상품_상세조회,2026-06-25 20:42:26
SESS0003850,P00155,상품_상세조회,2026-06-25 20:45:02
SESS0003850,P00123,상품_상세조회,2026-06-25 20:47:14
SESS0003850,P00129,상품_상세조회,2026-06-25 20:48:55
SESS0003850,P00121,상품_상세조회,2026-06-25 20:51:54
SESS0003850,P00122,찜하기,2026-06-25 20:54:50
SESS0003850,P00134,상품_상세조회,2026-06-25 20:57:47
SESS0003851,P00061,상품_상세조회,2026-06-04 16:36:00
SESS0003851,P00072,상품_상세조회,2026-06-04 16:36:30
SESS0003851,P00072,상품_상세조회,2026-06-04 16:37:58
SESS0003851,P00074,상품_상세조회,2026-06-04 16:38:34
SESS0003852,P00027,상품_상세조회,2026-06-20 19:26:47
SESS0003853,P00146,상품_상세조회,2026-06-27 20:28:00
SESS0003854,P00119,상품_상세조회,2026-06-26 20:33:22
SESS0003854,P00106,상품_상세조회,2026-06-26 20:34:22
SESS0003855,P00062,상품_상세조회,2026-06-17 23:11:09
SESS0003856,P00115,상품_상세조회,2026-06-12 16:23:48
SESS0003857,P00001,상품_상세조회,2026-06-18 15:48:05
SESS0003857,P00011,찜하기,2026-06-18 15:49:35
SESS0003857,P00014,상품_상세조회,2026-06-18 15:51:41
SESS0003858,P00013,상품_상세조회,2026-06-13 16:24:14
SESS0003858,P00009,장바구니_담기,2026-06-13 16:26:07
SESS0003859,P00007,상품_상세조회,2026-06-08 16:08:49
SESS0003859,P00005,상품_상세조회,2026-06-08 16:09:40
SESS0003859,P00015,찜하기,2026-06-08 16:11:08
SESS0003859,P00002,상품_상세조회,2026-06-08 16:13:14
SESS0003859,P00014,상품_상세조회,2026-06-08 16:15:10
SESS0003859,P00013,상품_상세조회,2026-06-08 16:15:55
SESS0003859,P00003,찜하기,2026-06-08 16:17:26
SESS0003859,P00006,장바구니_담기,2026-06-08 16:19:18
SESS0003859,P00013,구매완료,2026-06-08 16:22:40
SESS0003860,P00119,상품_상세조회,2026-06-19 17:10:37
SESS0003860,P00107,상품_상세조회,2026-06-19 17:13:25
SESS0003860,P00111,찜하기,2026-06-19 17:16:20
SESS0003863,P00126,상품_상세조회,2026-06-19 16:51:49
SESS0003864,P00172,상품_상세조회,2026-06-17 20:03:29
SESS0003864,P00173,찜하기,2026-06-17 20:05:46
SESS0003864,P00180,장바구니_담기,2026-06-17 20:06:31
SESS0003864,P00178,상품_상세조회,2026-06-17 20:08:38
SESS0003864,P00170,상품_상세조회,2026-06-17 20:10:54
SESS0003864,P00111,상품_상세조회,2026-06-17 20:15:10
SESS0003864,P00116,상품_상세조회,2026-06-17 20:17:20
SESS0003864,P00118,상품_상세조회,2026-06-17 20:17:42
SESS0003864,P00156,상품_상세조회,2026-06-17 20:20:10
SESS0003864,P00162,상품_상세조회,2026-06-17 20:22:16
SESS0003865,P00009,상품_상세조회,2026-06-22 19:40:26
SESS0003865,P00005,찜하기,2026-06-22 19:42:45
SESS0003865,P00007,장바구니_담기,2026-06-22 19:43:47
SESS0003865,P00015,상품_상세조회,2026-06-22 19:44:41
SESS0003865,P00010,상품_상세조회,2026-06-22 19:46:19
SESS0003865,P00014,상품_상세조회,2026-06-22 19:47:36
SESS0003865,P00007,찜하기,2026-06-22 19:48:44
SESS0003865,P00013,장바구니_담기,2026-06-22 19:51:15
SESS0003865,P00002,상품_상세조회,2026-06-22 19:52:10
SESS0003865,P00004,장바구니_담기,2026-06-22 19:54:59
SESS0003865,P00013,구매완료,2026-06-22 19:59:29
SESS0003866,P00142,상품_상세조회,2026-06-14 19:18:00
SESS0003866,P00150,장바구니_담기,2026-06-14 19:19:45
SESS0003866,P00143,구매완료,2026-06-14 19:24:41
SESS0003867,P00119,상품_상세조회,2026-06-16 19:07:39
SESS0003867,P00110,상품_상세조회,2026-06-16 19:09:04
SESS0003868,P00131,상품_상세조회,2026-06-06 17:07:40
SESS0003868,P00123,장바구니_담기,2026-06-06 17:10:24
SESS0003869,P00117,상품_상세조회,2026-06-04 23:37:01
SESS0003869,P00108,상품_상세조회,2026-06-04 23:37:50
SESS0003871,P00118,상품_상세조회,2026-06-23 21:27:22
SESS0003872,P00116,상품_상세조회,2026-06-09 23:52:19
SESS0003872,P00106,찜하기,2026-06-09 23:53:55
SESS0003872,P00113,상품_상세조회,2026-06-09 23:55:31
SESS0003872,P00108,찜하기,2026-06-09 23:57:04
SESS0003872,P00115,상품_상세조회,2026-06-09 23:59:06
SESS0003872,P00107,장바구니_담기,2026-06-10 00:01:21
SESS0003872,P00112,구매완료,2026-06-10 00:04:54
SESS0003873,P00133,상품_상세조회,2026-06-13 19:31:01
SESS0003873,P00129,장바구니_담기,2026-06-13 19:33:32
SESS0003873,P00123,상품_상세조회,2026-06-13 19:35:08
SESS0003873,P00125,상품_상세조회,2026-06-13 19:35:57
SESS0003873,P00133,상품_상세조회,2026-06-13 19:38:15
SESS0003873,P00131,상품_상세조회,2026-06-13 19:40:27
SESS0003873,P00127,상품_상세조회,2026-06-13 19:40:50
SESS0003874,P00159,상품_상세조회,2026-07-03 13:05:03
SESS0003874,P00160,상품_상세조회,2026-07-03 13:06:51
SESS0003875,P00156,상품_상세조회,2026-06-16 21:35:15
SESS0003876,P00077,상품_상세조회,2026-06-16 17:02:42
SESS0003876,P00086,장바구니_담기,2026-06-16 17:04:45
SESS0003876,P00083,상품_상세조회,2026-06-16 17:06:24
SESS0003876,P00082,상품_상세조회,2026-06-16 17:08:37
SESS0003876,P00077,찜하기,2026-06-16 17:10:57
SESS0003877,P00090,상품_상세조회,2026-06-22 16:19:48
SESS0003877,P00087,장바구니_담기,2026-06-22 16:21:51
SESS0003878,P00088,상품_상세조회,2026-06-20 19:07:30
SESS0003878,P00087,장바구니_담기,2026-06-20 19:08:14
SESS0003878,P00080,구매완료,2026-06-20 19:11:17
SESS0003879,P00145,상품_상세조회,2026-07-02 16:31:27
SESS0003880,P00114,상품_상세조회,2026-07-03 15:27:23
SESS0003880,P00112,상품_상세조회,2026-07-03 15:27:59
SESS0003880,P00109,상품_상세조회,2026-07-03 15:30:07
SESS0003880,P00108,상품_상세조회,2026-07-03 15:33:01
SESS0003880,P00115,찜하기,2026-07-03 15:35:02
SESS0003880,P00119,장바구니_담기,2026-07-03 15:36:42
SESS0003881,P00117,상품_상세조회,2026-06-06 17:41:22
SESS0003881,P00110,장바구니_담기,2026-06-06 17:44:15
SESS0003881,P00114,구매완료,2026-06-06 17:47:37
SESS0003882,P00071,상품_상세조회,2026-06-20 22:07:44
SESS0003882,P00069,상품_상세조회,2026-06-20 22:08:24
SESS0003884,P00011,상품_상세조회,2026-06-26 18:35:22
SESS0003884,P00002,상품_상세조회,2026-06-26 18:35:46
SESS0003885,P00109,상품_상세조회,2026-07-03 15:22:18
SESS0003885,P00133,상품_상세조회,2026-07-03 15:26:51
SESS0003886,P00003,상품_상세조회,2026-06-16 16:11:07
SESS0003886,P00005,장바구니_담기,2026-06-16 16:13:35
SESS0003887,P00119,상품_상세조회,2026-06-20 23:00:05
SESS0003888,P00170,상품_상세조회,2026-06-18 21:38:54
SESS0003888,P00168,찜하기,2026-06-18 21:40:23
SESS0003888,P00169,상품_상세조회,2026-06-18 21:41:30
SESS0003888,P00155,상품_상세조회,2026-06-18 21:45:28
SESS0003888,P00165,찜하기,2026-06-18 21:48:09
SESS0003888,P00161,상품_상세조회,2026-06-18 21:48:46
SESS0003888,P00163,상품_상세조회,2026-06-18 21:50:34
SESS0003888,P00156,상품_상세조회,2026-06-18 21:51:24
SESS0003889,P00152,상품_상세조회,2026-06-14 21:34:58
SESS0003889,P00162,장바구니_담기,2026-06-14 21:37:36
SESS0003889,P00155,상품_상세조회,2026-06-14 21:39:37
SESS0003889,P00153,상품_상세조회,2026-06-14 21:41:29
SESS0003889,P00156,상품_상세조회,2026-06-14 21:44:01
SESS0003890,P00009,상품_상세조회,2026-06-13 16:20:41
SESS0003890,P00003,상품_상세조회,2026-06-13 16:22:19
SESS0003890,P00014,장바구니_담기,2026-06-13 16:25:10
SESS0003891,P00074,상품_상세조회,2026-06-12 14:29:33
SESS0003891,P00072,찜하기,2026-06-12 14:31:06
SESS0003891,P00071,상품_상세조회,2026-06-12 14:31:36
SESS0003891,P00065,찜하기,2026-06-12 14:32:17
SESS0003892,P00011,상품_상세조회,2026-06-12 20:57:42
SESS0003892,P00011,찜하기,2026-06-12 20:58:21
SESS0003892,P00012,장바구니_담기,2026-06-12 20:59:59
SESS0003894,P00073,상품_상세조회,2026-06-18 17:32:00
SESS0003894,P00075,상품_상세조회,2026-06-18 17:32:58
SESS0003894,P00065,상품_상세조회,2026-06-18 17:34:43
SESS0003894,P00062,상품_상세조회,2026-06-18 17:36:22
SESS0003894,P00064,장바구니_담기,2026-06-18 17:38:21
SESS0003894,P00071,구매완료,2026-06-18 17:41:59
SESS0003895,P00071,상품_상세조회,2026-06-09 20:45:51
SESS0003896,P00122,상품_상세조회,2026-06-11 21:53:56
SESS0003896,P00130,장바구니_담기,2026-06-11 21:55:32
SESS0003896,P00133,구매완료,2026-06-11 21:58:41
SESS0003897,P00071,상품_상세조회,2026-06-29 16:09:51
SESS0003897,P00075,장바구니_담기,2026-06-29 16:11:11
SESS0003897,P00063,구매완료,2026-06-29 16:14:53
SESS0003898,P00160,상품_상세조회,2026-06-29 16:21:33
SESS0003898,P00158,찜하기,2026-06-29 16:21:49
SESS0003898,P00154,장바구니_담기,2026-06-29 16:23:02
SESS0003899,P00111,상품_상세조회,2026-06-20 16:53:54
SESS0003899,P00115,찜하기,2026-06-20 16:55:24
SESS0003899,P00107,장바구니_담기,2026-06-20 16:55:41
SESS0003900,P00094,상품_상세조회,2026-06-27 16:45:11
SESS0003900,P00100,장바구니_담기,2026-06-27 16:47:21
SESS0003900,P00104,구매완료,2026-06-27 16:50:44
SESS0003901,P00107,상품_상세조회,2026-06-24 22:32:21
SESS0003901,P00118,상품_상세조회,2026-06-24 22:34:52
SESS0003901,P00107,장바구니_담기,2026-06-24 22:36:23
SESS0003902,P00016,상품_상세조회,2026-06-15 23:08:50
SESS0003902,P00025,찜하기,2026-06-15 23:10:21
SESS0003903,P00143,상품_상세조회,2026-07-03 19:35:49
SESS0003903,P00148,장바구니_담기,2026-07-03 19:38:07
SESS0003904,P00138,상품_상세조회,2026-06-25 19:46:05
SESS0003904,P00149,상품_상세조회,2026-06-25 19:48:03
SESS0003904,P00143,상품_상세조회,2026-06-25 19:49:00
SESS0003904,P00146,상품_상세조회,2026-06-25 19:49:43
SESS0003905,P00112,상품_상세조회,2026-06-09 15:32:59
SESS0003905,P00111,찜하기,2026-06-09 15:35:16
SESS0003906,P00077,상품_상세조회,2026-06-25 16:57:03
SESS0003906,P00077,상품_상세조회,2026-06-25 16:58:53
SESS0003906,P00078,장바구니_담기,2026-06-25 16:59:27
SESS0003906,P00088,상품_상세조회,2026-06-25 17:02:23
SESS0003906,P00077,상품_상세조회,2026-06-25 17:04:53
SESS0003906,P00088,장바구니_담기,2026-06-25 17:07:19
SESS0003906,P00078,구매완료,2026-06-25 17:08:11
SESS0003908,P00109,상품_상세조회,2026-06-04 18:47:00
SESS0003909,P00001,상품_상세조회,2026-06-08 15:28:31
SESS0003909,P00007,찜하기,2026-06-08 15:31:16
SESS0003910,P00142,상품_상세조회,2026-06-29 19:26:08
SESS0003910,P00150,장바구니_담기,2026-06-29 19:28:22
SESS0003910,P00138,구매완료,2026-06-29 19:31:46
SESS0003914,P00072,상품_상세조회,2026-06-17 22:36:58
SESS0003914,P00062,장바구니_담기,2026-06-17 22:38:14
SESS0003914,P00071,상품_상세조회,2026-06-17 22:40:08
SESS0003914,P00071,장바구니_담기,2026-06-17 22:40:36
SESS0003914,P00068,상품_상세조회,2026-06-17 22:41:08
SESS0003915,P00020,상품_상세조회,2026-06-17 23:40:02
SESS0003915,P00017,찜하기,2026-06-17 23:42:55
SESS0003915,P00026,장바구니_담기,2026-06-17 23:43:57
SESS0003915,P00030,구매완료,2026-06-17 23:47:14
SESS0003916,P00110,상품_상세조회,2026-06-26 18:17:15
SESS0003916,P00114,상품_상세조회,2026-06-26 18:17:59
SESS0003916,P00116,상품_상세조회,2026-06-26 18:19:48
SESS0003918,P00057,상품_상세조회,2026-06-22 21:01:30
SESS0003918,P00059,장바구니_담기,2026-06-22 21:03:56
SESS0003918,P00052,구매완료,2026-06-22 21:06:12
SESS0003919,P00162,상품_상세조회,2026-06-26 17:42:17
SESS0003919,P00162,장바구니_담기,2026-06-26 17:43:06
SESS0003920,P00054,상품_상세조회,2026-06-30 14:59:36
SESS0003920,P00053,장바구니_담기,2026-06-30 15:01:52
SESS0003920,P00058,상품_상세조회,2026-06-30 15:03:16
SESS0003921,P00113,상품_상세조회,2026-07-01 00:00:23
SESS0003921,P00120,찜하기,2026-07-01 00:02:22
SESS0003921,P00118,상품_상세조회,2026-07-01 00:05:10
SESS0003921,P00112,상품_상세조회,2026-07-01 00:06:15
SESS0003921,P00107,상품_상세조회,2026-07-01 00:07:56
SESS0003921,P00115,상품_상세조회,2026-07-01 00:09:23
SESS0003921,P00110,찜하기,2026-07-01 00:11:39
SESS0003921,P00115,상품_상세조회,2026-07-01 00:12:46
SESS0003921,P00106,찜하기,2026-07-01 00:14:28
SESS0003922,P00160,상품_상세조회,2026-06-26 16:08:46
SESS0003922,P00154,장바구니_담기,2026-06-26 16:10:42
SESS0003922,P00157,구매완료,2026-06-26 16:12:41
SESS0003923,P00157,상품_상세조회,2026-06-27 23:54:38
SESS0003924,P00105,상품_상세조회,2026-06-30 13:08:21
SESS0003925,P00011,상품_상세조회,2026-06-04 20:27:09
SESS0003925,P00002,상품_상세조회,2026-06-04 20:28:37
SESS0003925,P00015,장바구니_담기,2026-06-04 20:31:32
SESS0003925,P00005,상품_상세조회,2026-06-04 20:34:20
SESS0003925,P00009,상품_상세조회,2026-06-04 20:36:36
SESS0003925,P00010,상품_상세조회,2026-06-04 20:38:19
SESS0003925,P00004,찜하기,2026-06-04 20:40:30
SESS0003925,P00005,상품_상세조회,2026-06-04 20:41:14
SESS0003925,P00011,상품_상세조회,2026-06-04 20:43:19
SESS0003926,P00153,상품_상세조회,2026-07-02 17:08:54
SESS0003927,P00101,상품_상세조회,2026-06-14 16:14:48
SESS0003927,P00100,찜하기,2026-06-14 16:16:55
SESS0003927,P00092,장바구니_담기,2026-06-14 16:18:06
SESS0003928,P00005,상품_상세조회,2026-06-12 16:38:17
SESS0003928,P00004,상품_상세조회,2026-06-12 16:40:56
SESS0003928,P00005,장바구니_담기,2026-06-12 16:41:18
SESS0003928,P00009,구매완료,2026-06-12 16:43:24
SESS0003929,P00028,상품_상세조회,2026-06-08 18:01:41
SESS0003929,P00116,상품_상세조회,2026-06-08 18:04:11
SESS0003929,P00111,상품_상세조회,2026-06-08 18:10:09
SESS0003930,P00079,상품_상세조회,2026-06-22 23:02:02
SESS0003931,P00068,상품_상세조회,2026-06-26 23:34:32
SESS0003931,P00066,상품_상세조회,2026-06-26 23:35:30
SESS0003931,P00067,찜하기,2026-06-26 23:37:28
SESS0003931,P00061,상품_상세조회,2026-06-26 23:38:48
SESS0003932,P00054,상품_상세조회,2026-06-28 17:11:14
SESS0003932,P00059,장바구니_담기,2026-06-28 17:12:28
SESS0003932,P00060,구매완료,2026-06-28 17:15:07
SESS0003933,P00118,상품_상세조회,2026-06-14 15:37:19
SESS0003933,P00110,찜하기,2026-06-14 15:39:22
SESS0003933,P00112,상품_상세조회,2026-06-14 15:39:52
SESS0003934,P00007,상품_상세조회,2026-06-12 18:57:47
SESS0003935,P00043,상품_상세조회,2026-06-17 19:42:56
SESS0003935,P00038,장바구니_담기,2026-06-17 19:45:29
SESS0003935,P00039,구매완료,2026-06-17 19:49:11
SESS0003936,P00106,상품_상세조회,2026-06-10 17:55:11
SESS0003936,P00119,상품_상세조회,2026-06-10 17:55:52
SESS0003937,P00064,상품_상세조회,2026-06-26 12:08:27
SESS0003937,P00072,장바구니_담기,2026-06-26 12:09:51
SESS0003938,P00090,상품_상세조회,2026-06-11 16:10:11
SESS0003938,P00065,상품_상세조회,2026-06-11 16:15:28
SESS0003938,P00074,상품_상세조회,2026-06-11 16:17:56
SESS0003939,P00007,상품_상세조회,2026-07-01 17:14:34
SESS0003939,P00002,장바구니_담기,2026-07-01 17:16:03
SESS0003939,P00010,상품_상세조회,2026-07-01 17:16:26
SESS0003939,P00003,상품_상세조회,2026-07-01 17:17:53
SESS0003939,P00011,장바구니_담기,2026-07-01 17:19:49
SESS0003939,P00011,상품_상세조회,2026-07-01 17:20:22
SESS0003939,P00010,찜하기,2026-07-01 17:21:42
SESS0003939,P00005,장바구니_담기,2026-07-01 17:24:39
SESS0003940,P00115,상품_상세조회,2026-06-14 18:51:32
SESS0003940,P00116,상품_상세조회,2026-06-14 18:52:09
SESS0003940,P00119,찜하기,2026-06-14 18:54:01
SESS0003940,P00119,장바구니_담기,2026-06-14 18:56:58
SESS0003940,P00112,구매완료,2026-06-14 19:01:50
SESS0003942,P00018,상품_상세조회,2026-06-20 20:35:55
SESS0003943,P00105,상품_상세조회,2026-06-20 20:30:00
SESS0003943,P00101,찜하기,2026-06-20 20:32:08
SESS0003943,P00091,상품_상세조회,2026-06-20 20:34:56
SESS0003943,P00004,상품_상세조회,2026-06-20 20:37:43
SESS0003943,P00012,장바구니_담기,2026-06-20 20:39:52
SESS0003943,P00014,구매완료,2026-06-20 20:45:08
SESS0003944,P00108,상품_상세조회,2026-06-09 21:25:53
SESS0003944,P00108,찜하기,2026-06-09 21:26:46
SESS0003945,P00134,상품_상세조회,2026-06-30 21:41:07
SESS0003946,P00073,상품_상세조회,2026-06-26 21:42:05
SESS0003946,P00070,찜하기,2026-06-26 21:44:11
SESS0003946,P00067,상품_상세조회,2026-06-26 21:46:44
SESS0003946,P00075,장바구니_담기,2026-06-26 21:49:13
SESS0003946,P00071,상품_상세조회,2026-06-26 21:51:31
SESS0003946,P00074,상품_상세조회,2026-06-26 21:52:08
SESS0003946,P00074,장바구니_담기,2026-06-26 21:54:58
SESS0003947,P00025,상품_상세조회,2026-06-10 19:45:32
SESS0003947,P00021,찜하기,2026-06-10 19:47:10
SESS0003948,P00077,상품_상세조회,2026-06-11 18:56:35
SESS0003948,P00082,찜하기,2026-06-11 18:59:31
SESS0003948,P00082,상품_상세조회,2026-06-11 19:00:50
SESS0003948,P00076,찜하기,2026-06-11 19:03:09
SESS0003948,P00088,장바구니_담기,2026-06-11 19:05:07
SESS0003949,P00070,상품_상세조회,2026-06-11 18:14:53
SESS0003950,P00015,상품_상세조회,2026-06-26 16:51:18
SESS0003951,P00030,상품_상세조회,2026-06-10 17:52:17
SESS0003951,P00016,상품_상세조회,2026-06-10 17:53:13
SESS0003951,P00021,상품_상세조회,2026-06-10 17:54:16
SESS0003952,P00094,상품_상세조회,2026-06-22 20:40:31
SESS0003953,P00086,상품_상세조회,2026-07-01 20:37:09
SESS0003953,P00084,상품_상세조회,2026-07-01 20:37:49
SESS0003953,P00090,상품_상세조회,2026-07-01 20:39:30
SESS0003953,P00076,상품_상세조회,2026-07-01 20:39:52
SESS0003953,P00088,장바구니_담기,2026-07-01 20:42:17
SESS0003954,P00153,상품_상세조회,2026-06-28 14:06:11
SESS0003955,P00131,상품_상세조회,2026-06-30 19:34:42
SESS0003955,P00124,장바구니_담기,2026-06-30 19:36:35
SESS0003956,P00133,상품_상세조회,2026-07-03 15:16:16
SESS0003956,P00124,장바구니_담기,2026-07-03 15:16:45
SESS0003957,P00138,상품_상세조회,2026-06-08 14:12:21
SESS0003958,P00163,상품_상세조회,2026-06-19 21:51:10
SESS0003959,P00166,상품_상세조회,2026-06-17 16:37:23
SESS0003959,P00178,장바구니_담기,2026-06-17 16:37:40
SESS0003960,P00165,상품_상세조회,2026-06-07 21:35:25
SESS0003961,P00066,상품_상세조회,2026-07-03 18:42:55
SESS0003961,P00061,장바구니_담기,2026-07-03 18:44:53
SESS0003962,P00086,상품_상세조회,2026-06-18 15:41:16
SESS0003962,P00087,장바구니_담기,2026-06-18 15:42:18
SESS0003963,P00039,상품_상세조회,2026-06-08 22:42:11
SESS0003964,P00127,상품_상세조회,2026-06-26 16:23:43
SESS0003965,P00134,상품_상세조회,2026-06-12 19:00:04
SESS0003965,P00123,상품_상세조회,2026-06-12 19:02:57
SESS0003965,P00129,상품_상세조회,2026-06-12 19:03:36
SESS0003965,P00144,상품_상세조회,2026-06-12 19:05:06
SESS0003965,P00147,장바구니_담기,2026-06-12 19:05:27
SESS0003966,P00138,상품_상세조회,2026-06-14 18:43:54
SESS0003967,P00045,상품_상세조회,2026-06-15 16:07:09
SESS0003967,P00045,찜하기,2026-06-15 16:07:32
SESS0003967,P00036,장바구니_담기,2026-06-15 16:10:16
SESS0003967,P00042,구매완료,2026-06-15 16:14:14
SESS0003968,P00033,상품_상세조회,2026-06-13 22:00:36
SESS0003969,P00034,상품_상세조회,2026-06-25 22:42:02
SESS0003969,P00040,상품_상세조회,2026-06-25 22:42:59
SESS0003970,P00142,상품_상세조회,2026-06-17 16:18:46
SESS0003970,P00142,상품_상세조회,2026-06-17 16:21:32
SESS0003970,P00150,상품_상세조회,2026-06-17 16:22:43
SESS0003970,P00142,장바구니_담기,2026-06-17 16:23:15
SESS0003970,P00141,구매완료,2026-06-17 16:27:27
SESS0003971,P00085,상품_상세조회,2026-06-15 09:32:03
SESS0003971,P00086,장바구니_담기,2026-06-15 09:32:27
SESS0003971,P00086,구매완료,2026-06-15 09:36:00
SESS0003972,P00099,상품_상세조회,2026-06-12 17:07:42
SESS0003972,P00092,상품_상세조회,2026-06-12 17:09:38
SESS0003973,P00110,상품_상세조회,2026-06-09 15:46:44
SESS0003974,P00128,상품_상세조회,2026-06-29 19:58:42
SESS0003974,P00125,상품_상세조회,2026-06-29 20:00:15
SESS0003974,P00133,장바구니_담기,2026-06-29 20:02:48
SESS0003974,P00128,구매완료,2026-06-29 20:04:52
SESS0003975,P00004,상품_상세조회,2026-06-09 21:20:36
SESS0003975,P00006,상품_상세조회,2026-06-09 21:22:45
SESS0003977,P00003,상품_상세조회,2026-06-12 21:49:20
SESS0003977,P00010,상품_상세조회,2026-06-12 21:50:56
SESS0003977,P00008,장바구니_담기,2026-06-12 21:51:33
SESS0003977,P00001,상품_상세조회,2026-06-12 21:52:51
SESS0003977,P00004,찜하기,2026-06-12 21:55:11
SESS0003977,P00005,상품_상세조회,2026-06-12 21:56:23
SESS0003977,P00001,상품_상세조회,2026-06-12 21:57:13
SESS0003977,P00010,장바구니_담기,2026-06-12 21:57:54
SESS0003977,P00010,구매완료,2026-06-12 22:01:55
SESS0003979,P00005,상품_상세조회,2026-06-16 23:13:41
SESS0003979,P00002,상품_상세조회,2026-06-16 23:15:30
SESS0003979,P00015,상품_상세조회,2026-06-16 23:17:42
SESS0003979,P00013,장바구니_담기,2026-06-16 23:19:04
SESS0003979,P00003,상품_상세조회,2026-06-16 23:20:30
SESS0003979,P00011,상품_상세조회,2026-06-16 23:22:05
SESS0003979,P00005,상품_상세조회,2026-06-16 23:24:08
SESS0003980,P00002,상품_상세조회,2026-06-17 22:20:59
SESS0003980,P00015,상품_상세조회,2026-06-17 22:22:53
SESS0003980,P00011,장바구니_담기,2026-06-17 22:23:47
SESS0003980,P00011,구매완료,2026-06-17 22:28:13
SESS0003981,P00126,상품_상세조회,2026-06-23 00:03:51
SESS0003981,P00128,찜하기,2026-06-23 00:05:55
SESS0003981,P00131,장바구니_담기,2026-06-23 00:07:03
SESS0003982,P00067,상품_상세조회,2026-06-27 20:48:01
SESS0003982,P00075,상품_상세조회,2026-06-27 20:48:19
SESS0003982,P00071,장바구니_담기,2026-06-27 20:50:14
SESS0003983,P00072,상품_상세조회,2026-06-26 22:01:34
SESS0003984,P00095,상품_상세조회,2026-06-24 19:12:29
SESS0003984,P00104,상품_상세조회,2026-06-24 19:13:17
SESS0003986,P00074,상품_상세조회,2026-06-07 23:25:13
SESS0003986,P00057,상품_상세조회,2026-06-07 23:28:26
SESS0003986,P00054,상품_상세조회,2026-06-07 23:29:50
SESS0003988,P00151,상품_상세조회,2026-06-12 23:43:07
SESS0003989,P00045,상품_상세조회,2026-06-20 18:35:48
SESS0003989,P00033,상품_상세조회,2026-06-20 18:38:24
SESS0003989,P00044,장바구니_담기,2026-06-20 18:40:26
SESS0003989,P00034,구매완료,2026-06-20 18:42:49
SESS0003990,P00049,상품_상세조회,2026-06-07 17:58:47
SESS0003990,P00054,상품_상세조회,2026-06-07 18:01:00
SESS0003990,P00058,장바구니_담기,2026-06-07 18:01:55
SESS0003992,P00051,상품_상세조회,2026-06-19 20:22:37
SESS0003992,P00056,장바구니_담기,2026-06-19 20:23:26
SESS0003992,P00046,구매완료,2026-06-19 20:24:37
SESS0003994,P00032,상품_상세조회,2026-06-23 17:08:06
SESS0003994,P00041,상품_상세조회,2026-06-23 17:09:41
SESS0003994,P00038,상품_상세조회,2026-06-23 17:12:39
SESS0003994,P00044,장바구니_담기,2026-06-23 17:15:12
SESS0003994,P00031,구매완료,2026-06-23 17:18:51
SESS0003995,P00071,상품_상세조회,2026-06-19 19:39:16
SESS0003996,P00083,상품_상세조회,2026-06-22 19:30:58
SESS0003996,P00078,상품_상세조회,2026-06-22 19:33:56
SESS0003996,P00090,상품_상세조회,2026-06-22 19:35:33
SESS0003997,P00002,상품_상세조회,2026-06-06 19:11:03
SESS0003997,P00001,상품_상세조회,2026-06-06 19:12:09
SESS0003997,P00005,장바구니_담기,2026-06-06 19:12:32
SESS0003998,P00100,상품_상세조회,2026-06-13 11:19:35
SESS0003998,P00102,찜하기,2026-06-13 11:20:32
SESS0003998,P00103,상품_상세조회,2026-06-13 11:21:03
SESS0003999,P00164,상품_상세조회,2026-06-10 14:32:38
SESS0003999,P00160,찜하기,2026-06-10 14:35:07
SESS0003999,P00159,상품_상세조회,2026-06-10 14:37:36
SESS0003999,P00154,찜하기,2026-06-10 14:39:42
SESS0004000,P00014,상품_상세조회,2026-06-15 17:51:19
SESS0004000,P00010,찜하기,2026-06-15 17:51:55
SESS0004000,P00004,상품_상세조회,2026-06-15 17:54:01
SESS0004000,P00003,찜하기,2026-06-15 17:54:35
SESS0004002,P00080,상품_상세조회,2026-06-27 17:50:04
SESS0004003,P00137,상품_상세조회,2026-06-25 18:12:50
SESS0004003,P00147,장바구니_담기,2026-06-25 18:15:43
SESS0004005,P00150,상품_상세조회,2026-06-14 18:32:37
SESS0004006,P00087,상품_상세조회,2026-06-07 23:07:41
SESS0004007,P00076,상품_상세조회,2026-06-11 18:14:08
SESS0004007,P00083,찜하기,2026-06-11 18:16:35
SESS0004007,P00089,장바구니_담기,2026-06-11 18:17:47
SESS0004007,P00078,상품_상세조회,2026-06-11 18:19:06
SESS0004007,P00160,상품_상세조회,2026-06-11 18:22:58
SESS0004007,P00161,상품_상세조회,2026-06-11 18:24:09
SESS0004007,P00165,찜하기,2026-06-11 18:26:19
SESS0004011,P00064,상품_상세조회,2026-06-28 22:58:40
SESS0004011,P00078,상품_상세조회,2026-06-28 23:00:39
SESS0004011,P00165,상품_상세조회,2026-06-28 23:05:27
SESS0004013,P00097,상품_상세조회,2026-06-11 23:55:31
SESS0004013,P00097,찜하기,2026-06-11 23:56:26
SESS0004014,P00081,상품_상세조회,2026-06-08 18:42:18
SESS0004014,P00079,장바구니_담기,2026-06-08 18:44:33
SESS0004014,P00090,구매완료,2026-06-08 18:48:38
SESS0004015,P00126,상품_상세조회,2026-06-14 18:42:30
SESS0004016,P00116,상품_상세조회,2026-06-07 15:09:31
SESS0004016,P00118,상품_상세조회,2026-06-07 15:11:56
SESS0004016,P00109,장바구니_담기,2026-06-07 15:13:43
SESS0004017,P00004,상품_상세조회,2026-06-26 18:05:50
SESS0004017,P00007,찜하기,2026-06-26 18:06:28
SESS0004017,P00014,상품_상세조회,2026-06-26 18:08:30
SESS0004018,P00144,상품_상세조회,2026-06-09 15:20:40
SESS0004018,P00137,상품_상세조회,2026-06-09 15:21:06
SESS0004018,P00140,상품_상세조회,2026-06-09 15:23:22
SESS0004019,P00091,상품_상세조회,2026-06-18 19:01:39
SESS0004020,P00009,상품_상세조회,2026-06-22 17:10:19
SESS0004020,P00003,상품_상세조회,2026-06-22 17:12:36
SESS0004021,P00006,상품_상세조회,2026-06-14 21:11:27
SESS0004021,P00009,상품_상세조회,2026-06-14 21:12:20
SESS0004021,P00008,찜하기,2026-06-14 21:15:01
SESS0004021,P00008,상품_상세조회,2026-06-14 21:18:00
SESS0004021,P00003,장바구니_담기,2026-06-14 21:20:32
SESS0004021,P00001,구매완료,2026-06-14 21:23:51
SESS0004022,P00145,상품_상세조회,2026-07-02 19:50:46
SESS0004023,P00011,상품_상세조회,2026-06-04 19:01:20
SESS0004023,P00005,상품_상세조회,2026-06-04 19:01:50
SESS0004023,P00007,장바구니_담기,2026-06-04 19:03:11
SESS0004025,P00129,상품_상세조회,2026-06-26 12:43:36
SESS0004025,P00122,장바구니_담기,2026-06-26 12:45:21
SESS0004026,P00174,상품_상세조회,2026-06-06 18:53:45
SESS0004026,P00173,상품_상세조회,2026-06-06 18:56:36
SESS0004026,P00173,상품_상세조회,2026-06-06 18:56:52
SESS0004027,P00077,상품_상세조회,2026-06-17 16:12:56
SESS0004027,P00011,상품_상세조회,2026-06-17 16:16:00
SESS0004027,P00003,찜하기,2026-06-17 16:18:31
SESS0004027,P00007,상품_상세조회,2026-06-17 16:19:39
SESS0004027,P00001,상품_상세조회,2026-06-17 16:20:48
SESS0004027,P00015,찜하기,2026-06-17 16:22:47
SESS0004027,P00001,장바구니_담기,2026-06-17 16:25:29
SESS0004027,P00008,구매완료,2026-06-17 16:30:30
SESS0004029,P00147,상품_상세조회,2026-06-08 23:08:17
SESS0004029,P00149,상품_상세조회,2026-06-08 23:10:09
SESS0004029,P00148,찜하기,2026-06-08 23:11:52
SESS0004029,P00143,상품_상세조회,2026-06-08 23:12:07
SESS0004029,P00140,장바구니_담기,2026-06-08 23:12:39
SESS0004029,P00147,상품_상세조회,2026-06-08 23:13:02
SESS0004030,P00013,상품_상세조회,2026-06-14 14:00:02
SESS0004031,P00069,상품_상세조회,2026-06-19 17:36:21
SESS0004031,P00098,상품_상세조회,2026-06-19 17:40:18
SESS0004032,P00007,상품_상세조회,2026-06-08 21:01:14
SESS0004032,P00012,찜하기,2026-06-08 21:02:34
SESS0004032,P00012,장바구니_담기,2026-06-08 21:04:28
SESS0004032,P00003,상품_상세조회,2026-06-08 21:06:38
SESS0004033,P00064,상품_상세조회,2026-06-20 21:30:46
SESS0004033,P00139,상품_상세조회,2026-06-20 21:35:41
SESS0004033,P00148,상품_상세조회,2026-06-20 21:38:20
SESS0004033,P00147,상품_상세조회,2026-06-20 21:38:45
SESS0004033,P00145,찜하기,2026-06-20 21:39:27
SESS0004034,P00155,상품_상세조회,2026-07-02 22:06:04
SESS0004034,P00153,상품_상세조회,2026-07-02 22:07:49
SESS0004034,P00162,장바구니_담기,2026-07-02 22:09:56
SESS0004035,P00052,상품_상세조회,2026-06-28 17:51:19
SESS0004035,P00048,장바구니_담기,2026-06-28 17:54:00
SESS0004035,P00047,상품_상세조회,2026-06-28 17:55:23
SESS0004035,P00050,찜하기,2026-06-28 17:55:55
SESS0004035,P00049,장바구니_담기,2026-06-28 17:58:34
SESS0004035,P00051,상품_상세조회,2026-06-28 18:00:45
SESS0004035,P00057,장바구니_담기,2026-06-28 18:03:04
SESS0004036,P00148,상품_상세조회,2026-06-23 20:57:37
SESS0004036,P00140,상품_상세조회,2026-06-23 20:58:02
SESS0004036,P00143,장바구니_담기,2026-06-23 21:00:29
SESS0004037,P00107,상품_상세조회,2026-06-06 20:13:44
SESS0004037,P00119,장바구니_담기,2026-06-06 20:16:06
SESS0004037,P00118,구매완료,2026-06-06 20:18:41
SESS0004038,P00124,상품_상세조회,2026-06-08 20:38:48
SESS0004038,P00131,상품_상세조회,2026-06-08 20:40:17
SESS0004039,P00136,상품_상세조회,2026-06-24 23:16:12
SESS0004039,P00146,장바구니_담기,2026-06-24 23:17:40
SESS0004040,P00021,상품_상세조회,2026-06-19 17:15:50
SESS0004040,P00016,상품_상세조회,2026-06-19 17:17:44
SESS0004040,P00022,장바구니_담기,2026-06-19 17:19:09
SESS0004040,P00028,구매완료,2026-06-19 17:23:02
SESS0004041,P00155,상품_상세조회,2026-06-26 21:00:18
SESS0004041,P00153,상품_상세조회,2026-06-26 21:02:41
SESS0004041,P00151,상품_상세조회,2026-06-26 21:04:03
SESS0004041,P00163,상품_상세조회,2026-06-26 21:06:13
SESS0004041,P00159,상품_상세조회,2026-06-26 21:06:58
SESS0004042,P00081,상품_상세조회,2026-06-28 21:52:04
SESS0004044,P00013,상품_상세조회,2026-06-06 22:57:10
SESS0004044,P00002,상품_상세조회,2026-06-06 22:57:31
SESS0004044,P00001,상품_상세조회,2026-06-06 22:59:46
SESS0004044,P00014,장바구니_담기,2026-06-06 23:01:35
SESS0004044,P00003,상품_상세조회,2026-06-06 23:04:01
SESS0004044,P00006,상품_상세조회,2026-06-06 23:06:45
SESS0004044,P00009,찜하기,2026-06-06 23:07:06
SESS0004044,P00010,장바구니_담기,2026-06-06 23:08:39
SESS0004045,P00090,상품_상세조회,2026-06-17 19:35:23
SESS0004045,P00090,찜하기,2026-06-17 19:37:06
SESS0004046,P00012,상품_상세조회,2026-06-16 23:24:54
SESS0004046,P00010,상품_상세조회,2026-06-16 23:25:30
SESS0004046,P00013,상품_상세조회,2026-06-16 23:26:08
SESS0004046,P00013,상품_상세조회,2026-06-16 23:28:11
SESS0004046,P00001,장바구니_담기,2026-06-16 23:29:08
SESS0004046,P00002,구매완료,2026-06-16 23:33:58
SESS0004047,P00008,상품_상세조회,2026-06-18 21:51:04
SESS0004047,P00013,장바구니_담기,2026-06-18 21:52:57
SESS0004048,P00021,상품_상세조회,2026-06-22 20:21:05
SESS0004048,P00019,상품_상세조회,2026-06-22 20:21:37
SESS0004048,P00114,상품_상세조회,2026-06-22 20:24:18
SESS0004048,P00118,상품_상세조회,2026-06-22 20:24:50
SESS0004048,P00106,상품_상세조회,2026-06-22 20:26:48
SESS0004048,P00120,상품_상세조회,2026-06-22 20:27:10
SESS0004048,P00115,상품_상세조회,2026-06-22 20:28:59
SESS0004048,P00116,상품_상세조회,2026-06-22 20:31:55
SESS0004050,P00071,상품_상세조회,2026-06-26 20:22:32
SESS0004050,P00069,장바구니_담기,2026-06-26 20:23:48
SESS0004051,P00164,상품_상세조회,2026-06-25 12:54:17
SESS0004052,P00009,상품_상세조회,2026-06-13 18:37:16
SESS0004052,P00013,상품_상세조회,2026-06-13 18:38:41
SESS0004052,P00011,상품_상세조회,2026-06-13 18:39:04
SESS0004052,P00008,상품_상세조회,2026-06-13 18:39:24
SESS0004052,P00006,찜하기,2026-06-13 18:42:13
SESS0004052,P00013,상품_상세조회,2026-06-13 18:45:01
SESS0004052,P00011,장바구니_담기,2026-06-13 18:45:53
SESS0004052,P00009,구매완료,2026-06-13 18:49:57
SESS0004053,P00062,상품_상세조회,2026-07-02 15:29:03
SESS0004053,P00069,찜하기,2026-07-02 15:31:43
SESS0004053,P00068,장바구니_담기,2026-07-02 15:33:12
SESS0004053,P00062,구매완료,2026-07-02 15:36:20
SESS0004054,P00108,상품_상세조회,2026-07-02 19:20:17
SESS0004055,P00051,상품_상세조회,2026-06-05 20:32:32
SESS0004055,P00117,상품_상세조회,2026-06-05 20:38:34
SESS0004055,P00108,상품_상세조회,2026-06-05 20:39:29
SESS0004056,P00066,상품_상세조회,2026-06-28 18:12:21
SESS0004057,P00069,상품_상세조회,2026-06-13 23:24:52
SESS0004057,P00062,상품_상세조회,2026-06-13 23:27:01
SESS0004058,P00084,상품_상세조회,2026-06-19 23:04:29
SESS0004058,P00083,상품_상세조회,2026-06-19 23:06:01
SESS0004058,P00086,찜하기,2026-06-19 23:07:42
SESS0004058,P00090,상품_상세조회,2026-06-19 23:08:28
SESS0004058,P00079,찜하기,2026-06-19 23:09:19
SESS0004058,P00076,장바구니_담기,2026-06-19 23:09:45
SESS0004059,P00089,상품_상세조회,2026-06-09 15:03:36
SESS0004059,P00084,장바구니_담기,2026-06-09 15:04:07
SESS0004059,P00088,상품_상세조회,2026-06-09 15:04:46
SESS0004059,P00089,찜하기,2026-06-09 15:07:17
SESS0004059,P00089,상품_상세조회,2026-06-09 15:09:40
SESS0004060,P00150,상품_상세조회,2026-06-21 17:06:21
SESS0004060,P00139,상품_상세조회,2026-06-21 17:07:24
SESS0004060,P00150,상품_상세조회,2026-06-21 17:07:57
SESS0004060,P00150,찜하기,2026-06-21 17:10:56
SESS0004061,P00115,상품_상세조회,2026-06-23 17:10:09
SESS0004061,P00106,상품_상세조회,2026-06-23 17:11:29
SESS0004062,P00015,상품_상세조회,2026-06-14 22:35:27
SESS0004062,P00011,상품_상세조회,2026-06-14 22:36:33
SESS0004063,P00081,상품_상세조회,2026-07-03 16:50:14
SESS0004064,P00086,상품_상세조회,2026-06-28 21:13:31
SESS0004064,P00084,장바구니_담기,2026-06-28 21:14:10
SESS0004064,P00076,구매완료,2026-06-28 21:17:15
SESS0004065,P00020,상품_상세조회,2026-06-15 19:01:12
SESS0004066,P00051,상품_상세조회,2026-06-10 20:42:00
SESS0004066,P00149,상품_상세조회,2026-06-10 20:43:16
SESS0004067,P00055,상품_상세조회,2026-06-07 15:27:36
SESS0004068,P00051,상품_상세조회,2026-06-08 23:02:02
SESS0004068,P00060,찜하기,2026-06-08 23:03:13
SESS0004068,P00049,상품_상세조회,2026-06-08 23:03:50
SESS0004068,P00046,상품_상세조회,2026-06-08 23:04:52
SESS0004068,P00052,찜하기,2026-06-08 23:07:40
SESS0004071,P00003,상품_상세조회,2026-06-16 15:45:52
SESS0004072,P00097,상품_상세조회,2026-06-05 14:30:32
SESS0004072,P00094,상품_상세조회,2026-06-05 14:31:07
SESS0004073,P00153,상품_상세조회,2026-06-16 18:01:10
SESS0004073,P00156,장바구니_담기,2026-06-16 18:03:53
SESS0004073,P00152,구매완료,2026-06-16 18:05:39
SESS0004074,P00108,상품_상세조회,2026-06-06 17:39:00
SESS0004075,P00152,상품_상세조회,2026-06-16 18:07:01
SESS0004075,P00159,상품_상세조회,2026-06-16 18:09:23
SESS0004076,P00013,상품_상세조회,2026-06-28 18:36:18
SESS0004076,P00012,장바구니_담기,2026-06-28 18:39:06
SESS0004076,P00001,구매완료,2026-06-28 18:44:17
SESS0004077,P00053,상품_상세조회,2026-06-19 22:32:35
SESS0004077,P00056,찜하기,2026-06-19 22:34:20
SESS0004078,P00141,상품_상세조회,2026-06-30 17:47:27
SESS0004079,P00040,상품_상세조회,2026-06-05 22:11:31
SESS0004080,P00110,상품_상세조회,2026-06-15 23:00:04
SESS0004080,P00110,상품_상세조회,2026-06-15 23:00:48
SESS0004081,P00005,상품_상세조회,2026-06-27 20:21:57
SESS0004082,P00056,상품_상세조회,2026-06-07 20:57:17
SESS0004083,P00105,상품_상세조회,2026-06-14 17:42:46
SESS0004085,P00110,상품_상세조회,2026-06-15 20:19:57
SESS0004085,P00119,장바구니_담기,2026-06-15 20:22:14
SESS0004085,P00119,상품_상세조회,2026-06-15 20:24:06
SESS0004085,P00115,찜하기,2026-06-15 20:24:22
SESS0004086,P00074,상품_상세조회,2026-06-20 18:19:36
SESS0004086,P00064,상품_상세조회,2026-06-20 18:21:24
SESS0004086,P00075,찜하기,2026-06-20 18:24:20
SESS0004086,P00069,상품_상세조회,2026-06-20 18:25:00
SESS0004087,P00112,상품_상세조회,2026-06-29 14:06:17
SESS0004087,P00116,상품_상세조회,2026-06-29 14:08:53
SESS0004087,P00114,상품_상세조회,2026-06-29 14:10:00
SESS0004087,P00118,상품_상세조회,2026-06-29 14:12:34
SESS0004087,P00113,찜하기,2026-06-29 14:13:25
SESS0004088,P00082,상품_상세조회,2026-06-17 15:35:34
SESS0004088,P00087,상품_상세조회,2026-06-17 15:37:27
SESS0004089,P00012,상품_상세조회,2026-06-30 16:26:35
SESS0004089,P00001,찜하기,2026-06-30 16:29:10
SESS0004090,P00139,상품_상세조회,2026-06-24 16:56:11
SESS0004090,P00148,장바구니_담기,2026-06-24 16:58:41
SESS0004090,P00137,구매완료,2026-06-24 17:02:22
SESS0004091,P00130,상품_상세조회,2026-06-22 20:45:21
SESS0004091,P00127,찜하기,2026-06-22 20:46:53
SESS0004091,P00125,장바구니_담기,2026-06-22 20:48:44
SESS0004092,P00002,상품_상세조회,2026-06-05 16:05:44
SESS0004092,P00008,상품_상세조회,2026-06-05 16:06:31
SESS0004092,P00005,상품_상세조회,2026-06-05 16:08:47
SESS0004092,P00015,찜하기,2026-06-05 16:11:15
SESS0004093,P00114,상품_상세조회,2026-06-18 19:14:02
SESS0004093,P00107,찜하기,2026-06-18 19:14:54
SESS0004093,P00112,상품_상세조회,2026-06-18 19:15:38
SESS0004095,P00150,상품_상세조회,2026-06-15 22:44:40
SESS0004095,P00140,상품_상세조회,2026-06-15 22:46:59
SESS0004096,P00092,상품_상세조회,2026-06-06 23:42:46
SESS0004097,P00042,상품_상세조회,2026-06-16 18:36:06
SESS0004097,P00031,장바구니_담기,2026-06-16 18:37:16
SESS0004097,P00044,상품_상세조회,2026-06-16 18:37:40
SESS0004097,P00043,찜하기,2026-06-16 18:40:11
SESS0004097,P00036,상품_상세조회,2026-06-16 18:41:15
SESS0004097,P00034,장바구니_담기,2026-06-16 18:43:15
SESS0004097,P00031,구매완료,2026-06-16 18:46:25
SESS0004098,P00110,상품_상세조회,2026-06-16 21:36:11
SESS0004099,P00055,상품_상세조회,2026-06-09 16:43:35
SESS0004099,P00060,상품_상세조회,2026-06-09 16:46:03
SESS0004099,P00046,상품_상세조회,2026-06-09 16:47:54
SESS0004099,P00047,상품_상세조회,2026-06-09 16:48:43
SESS0004099,P00057,찜하기,2026-06-09 16:50:03
SESS0004099,P00048,상품_상세조회,2026-06-09 16:52:56
SESS0004099,P00046,상품_상세조회,2026-06-09 16:54:33
SESS0004099,P00124,상품_상세조회,2026-06-09 16:57:21
SESS0004099,P00130,상품_상세조회,2026-06-09 16:59:53
SESS0004099,P00129,찜하기,2026-06-09 17:00:29
SESS0004099,P00127,장바구니_담기,2026-06-09 17:01:02
SESS0004100,P00112,상품_상세조회,2026-06-15 23:06:37
SESS0004100,P00113,상품_상세조회,2026-06-15 23:07:06
SESS0004101,P00050,상품_상세조회,2026-06-10 15:47:41
SESS0004101,P00052,상품_상세조회,2026-06-10 15:50:26
SESS0004101,P00014,상품_상세조회,2026-06-10 15:57:24
SESS0004102,P00176,상품_상세조회,2026-06-14 18:59:54
SESS0004103,P00003,상품_상세조회,2026-06-06 18:56:57
SESS0004103,P00076,상품_상세조회,2026-06-06 19:01:28
SESS0004104,P00083,상품_상세조회,2026-06-20 15:55:20
SESS0004104,P00087,상품_상세조회,2026-06-20 15:56:15
SESS0004104,P00085,상품_상세조회,2026-06-20 15:58:35
SESS0004104,P00077,찜하기,2026-06-20 16:00:47
SESS0004106,P00155,상품_상세조회,2026-06-16 19:28:31
SESS0004107,P00102,상품_상세조회,2026-06-16 21:39:52
SESS0004107,P00101,찜하기,2026-06-16 21:41:12
SESS0004107,P00093,상품_상세조회,2026-06-16 21:42:32
SESS0004107,P00092,상품_상세조회,2026-06-16 21:44:59
SESS0004108,P00175,상품_상세조회,2026-06-07 17:28:50
SESS0004108,P00171,상품_상세조회,2026-06-07 17:29:15
SESS0004108,P00095,상품_상세조회,2026-06-07 17:32:34
SESS0004110,P00136,상품_상세조회,2026-06-19 21:08:14
SESS0004110,P00149,상품_상세조회,2026-06-19 21:10:57
SESS0004110,P00150,찜하기,2026-06-19 21:12:05
SESS0004111,P00116,상품_상세조회,2026-06-16 23:06:37
SESS0004111,P00113,장바구니_담기,2026-06-16 23:08:45
SESS0004111,P00120,구매완료,2026-06-16 23:12:10
SESS0004112,P00053,상품_상세조회,2026-06-25 20:26:06
SESS0004112,P00057,상품_상세조회,2026-06-25 20:27:30
SESS0004112,P00048,상품_상세조회,2026-06-25 20:28:34
SESS0004112,P00058,상품_상세조회,2026-06-25 20:30:51
SESS0004113,P00117,상품_상세조회,2026-06-29 17:55:33
SESS0004113,P00120,찜하기,2026-06-29 17:57:23
SESS0004113,P00114,상품_상세조회,2026-06-29 17:59:35
SESS0004113,P00106,상품_상세조회,2026-06-29 18:00:05
SESS0004113,P00109,상품_상세조회,2026-06-29 18:01:19
SESS0004113,P00109,찜하기,2026-06-29 18:02:50
SESS0004113,P00108,상품_상세조회,2026-06-29 18:04:15
SESS0004114,P00171,상품_상세조회,2026-07-03 20:30:59
SESS0004114,P00179,상품_상세조회,2026-07-03 20:32:51
SESS0004114,P00168,상품_상세조회,2026-07-03 20:34:27
SESS0004114,P00179,상품_상세조회,2026-07-03 20:36:51
SESS0004114,P00171,상품_상세조회,2026-07-03 20:39:43
SESS0004114,P00104,상품_상세조회,2026-07-03 20:44:54
SESS0004114,P00105,찜하기,2026-07-03 20:46:18
SESS0004114,P00099,상품_상세조회,2026-07-03 20:49:05
SESS0004114,P00101,상품_상세조회,2026-07-03 20:49:43
SESS0004116,P00084,상품_상세조회,2026-06-21 17:12:24
SESS0004116,P00115,상품_상세조회,2026-06-21 17:15:26
SESS0004116,P00111,상품_상세조회,2026-06-21 17:17:29
SESS0004116,P00119,장바구니_담기,2026-06-21 17:18:58
SESS0004117,P00127,상품_상세조회,2026-06-11 15:43:30
SESS0004118,P00075,상품_상세조회,2026-07-02 20:26:03
SESS0004118,P00073,장바구니_담기,2026-07-02 20:27:51
SESS0004118,P00073,구매완료,2026-07-02 20:30:12
SESS0004120,P00101,상품_상세조회,2026-07-01 17:23:13
SESS0004120,P00092,상품_상세조회,2026-07-01 17:24:00
SESS0004120,P00098,찜하기,2026-07-01 17:24:32
SESS0004121,P00066,상품_상세조회,2026-06-25 21:47:42
SESS0004121,P00072,찜하기,2026-06-25 21:49:36
SESS0004121,P00070,장바구니_담기,2026-06-25 21:50:27
SESS0004121,P00068,구매완료,2026-06-25 21:54:22
SESS0004122,P00004,상품_상세조회,2026-06-15 15:24:19
SESS0004122,P00012,찜하기,2026-06-15 15:26:33
SESS0004122,P00013,상품_상세조회,2026-06-15 15:26:52
SESS0004123,P00007,상품_상세조회,2026-06-18 18:43:53
SESS0004124,P00093,상품_상세조회,2026-07-03 10:27:48
SESS0004125,P00080,상품_상세조회,2026-06-29 19:07:32
SESS0004126,P00168,상품_상세조회,2026-06-25 22:46:30
SESS0004126,P00168,상품_상세조회,2026-06-25 22:49:13
SESS0004126,P00171,상품_상세조회,2026-06-25 22:50:53
SESS0004126,P00005,상품_상세조회,2026-06-25 22:54:39
SESS0004126,P00013,찜하기,2026-06-25 22:55:32
SESS0004126,P00005,상품_상세조회,2026-06-25 22:58:24
SESS0004126,P00014,찜하기,2026-06-25 23:01:23
SESS0004126,P00013,상품_상세조회,2026-06-25 23:02:50
SESS0004127,P00083,상품_상세조회,2026-06-12 22:28:25
SESS0004127,P00089,상품_상세조회,2026-06-12 22:30:52
SESS0004127,P00098,상품_상세조회,2026-06-12 22:36:05
SESS0004128,P00125,상품_상세조회,2026-06-11 14:51:19
SESS0004129,P00110,상품_상세조회,2026-06-19 22:31:12
SESS0004129,P00111,상품_상세조회,2026-06-19 22:31:43
SESS0004129,P00107,찜하기,2026-06-19 22:32:44
SESS0004129,P00110,상품_상세조회,2026-06-19 22:34:15
SESS0004129,P00111,찜하기,2026-06-19 22:35:55
SESS0004130,P00134,상품_상세조회,2026-06-08 16:48:10
SESS0004130,P00129,장바구니_담기,2026-06-08 16:48:37
SESS0004130,P00127,상품_상세조회,2026-06-08 16:50:18
SESS0004130,P00130,장바구니_담기,2026-06-08 16:51:34
SESS0004130,P00121,상품_상세조회,2026-06-08 16:52:14
SESS0004132,P00090,상품_상세조회,2026-06-28 18:46:56
SESS0004132,P00080,상품_상세조회,2026-06-28 18:49:46
SESS0004133,P00137,상품_상세조회,2026-06-08 20:54:31
SESS0004133,P00150,상품_상세조회,2026-06-08 20:54:48
SESS0004133,P00136,장바구니_담기,2026-06-08 20:55:53
SESS0004133,P00150,구매완료,2026-06-08 20:58:23
SESS0004135,P00035,상품_상세조회,2026-06-27 19:45:39
SESS0004135,P00127,상품_상세조회,2026-06-27 19:48:22
SESS0004135,P00041,상품_상세조회,2026-06-27 19:50:51
SESS0004135,P00044,상품_상세조회,2026-06-27 19:51:58
SESS0004135,P00042,상품_상세조회,2026-06-27 19:55:44
SESS0004135,P00044,장바구니_담기,2026-06-27 19:58:35
SESS0004135,P00034,구매완료,2026-06-27 20:01:00
SESS0004136,P00004,상품_상세조회,2026-06-26 17:06:29
SESS0004136,P00002,상품_상세조회,2026-06-26 17:07:41
SESS0004136,P00006,상품_상세조회,2026-06-26 17:09:02
SESS0004136,P00013,장바구니_담기,2026-06-26 17:09:19
SESS0004136,P00002,구매완료,2026-06-26 17:14:06
SESS0004137,P00159,상품_상세조회,2026-06-05 17:26:50
SESS0004137,P00164,상품_상세조회,2026-06-05 17:28:53
SESS0004137,P00159,찜하기,2026-06-05 17:30:31
SESS0004137,P00156,상품_상세조회,2026-06-05 17:33:11
SESS0004137,P00162,찜하기,2026-06-05 17:35:18
SESS0004137,P00162,상품_상세조회,2026-06-05 17:37:29
SESS0004138,P00008,상품_상세조회,2026-06-27 15:37:54
SESS0004139,P00117,상품_상세조회,2026-06-12 22:07:45
SESS0004139,P00109,장바구니_담기,2026-06-12 22:08:30
SESS0004139,P00112,상품_상세조회,2026-06-12 22:08:58
SESS0004140,P00081,상품_상세조회,2026-06-26 16:38:45
SESS0004140,P00076,상품_상세조회,2026-06-26 16:40:53
SESS0004140,P00078,상품_상세조회,2026-06-26 16:42:33
SESS0004140,P00084,장바구니_담기,2026-06-26 16:45:06
SESS0004140,P00080,구매완료,2026-06-26 16:49:24
SESS0004141,P00084,상품_상세조회,2026-06-24 15:58:56
SESS0004141,P00085,장바구니_담기,2026-06-24 16:00:22
SESS0004141,P00085,구매완료,2026-06-24 16:03:45
SESS0004142,P00084,상품_상세조회,2026-06-16 17:48:27
SESS0004142,P00079,상품_상세조회,2026-06-16 17:48:46
SESS0004142,P00078,찜하기,2026-06-16 17:49:46
SESS0004142,P00089,상품_상세조회,2026-06-16 17:51:22
SESS0004142,P00085,찜하기,2026-06-16 17:53:22
SESS0004142,P00090,상품_상세조회,2026-06-16 17:53:49
SESS0004142,P00088,장바구니_담기,2026-06-16 17:54:57
SESS0004142,P00087,구매완료,2026-06-16 17:57:33
SESS0004143,P00119,상품_상세조회,2026-07-03 23:12:01
SESS0004143,P00111,장바구니_담기,2026-07-03 23:13:08
SESS0004143,P00107,구매완료,2026-07-03 23:17:38
SESS0004144,P00101,상품_상세조회,2026-06-25 17:20:44
SESS0004144,P00097,장바구니_담기,2026-06-25 17:21:22
SESS0004144,P00093,상품_상세조회,2026-06-25 17:21:46
SESS0004144,P00103,상품_상세조회,2026-06-25 17:22:05
SESS0004145,P00143,상품_상세조회,2026-06-25 19:16:22
SESS0004145,P00143,찜하기,2026-06-25 19:18:48
SESS0004145,P00145,상품_상세조회,2026-06-25 19:20:37
SESS0004145,P00142,장바구니_담기,2026-06-25 19:22:39
SESS0004145,P00147,상품_상세조회,2026-06-25 19:23:24
SESS0004145,P00144,장바구니_담기,2026-06-25 19:23:58
SESS0004146,P00010,상품_상세조회,2026-06-10 23:51:10
SESS0004147,P00111,상품_상세조회,2026-06-13 22:59:25
SESS0004147,P00115,상품_상세조회,2026-06-13 23:00:41
SESS0004147,P00116,찜하기,2026-06-13 23:01:53
SESS0004148,P00090,상품_상세조회,2026-06-20 22:10:10
SESS0004148,P00082,장바구니_담기,2026-06-20 22:12:19
SESS0004148,P00085,구매완료,2026-06-20 22:15:14
SESS0004149,P00102,상품_상세조회,2026-06-07 20:10:03
SESS0004149,P00103,장바구니_담기,2026-06-07 20:12:25
SESS0004149,P00103,상품_상세조회,2026-06-07 20:14:47
SESS0004149,P00091,상품_상세조회,2026-06-07 20:17:15
SESS0004149,P00096,장바구니_담기,2026-06-07 20:18:56
SESS0004149,P00101,구매완료,2026-06-07 20:23:29
SESS0004150,P00001,상품_상세조회,2026-06-18 17:20:16
SESS0004150,P00001,찜하기,2026-06-18 17:20:31
SESS0004150,P00007,상품_상세조회,2026-06-18 17:22:33
SESS0004151,P00061,상품_상세조회,2026-06-12 16:47:59
SESS0004151,P00072,상품_상세조회,2026-06-12 16:49:06
SESS0004152,P00012,상품_상세조회,2026-06-13 17:56:02
SESS0004152,P00010,상품_상세조회,2026-06-13 17:56:45
SESS0004153,P00088,상품_상세조회,2026-06-17 16:33:22
SESS0004153,P00073,상품_상세조회,2026-06-17 16:38:04
SESS0004153,P00066,찜하기,2026-06-17 16:40:58
SESS0004154,P00006,상품_상세조회,2026-06-30 18:08:59
SESS0004154,P00007,찜하기,2026-06-30 18:10:00
SESS0004154,P00007,상품_상세조회,2026-06-30 18:12:36
SESS0004154,P00173,상품_상세조회,2026-06-30 18:15:05
SESS0004154,P00110,상품_상세조회,2026-06-30 18:17:51
SESS0004154,P00115,상품_상세조회,2026-06-30 18:20:11
SESS0004155,P00010,상품_상세조회,2026-06-20 18:30:29
SESS0004155,P00003,찜하기,2026-06-20 18:33:23
SESS0004155,P00014,상품_상세조회,2026-06-20 18:34:24
SESS0004156,P00101,상품_상세조회,2026-07-03 23:48:58
SESS0004156,P00093,장바구니_담기,2026-07-03 23:51:38
SESS0004156,P00100,구매완료,2026-07-03 23:54:54
SESS0004157,P00074,상품_상세조회,2026-06-18 16:33:39
SESS0004158,P00088,상품_상세조회,2026-06-17 23:12:33
SESS0004158,P00079,장바구니_담기,2026-06-17 23:15:06
SESS0004158,P00085,구매완료,2026-06-17 23:18:27
SESS0004159,P00149,상품_상세조회,2026-06-14 19:45:56
SESS0004160,P00076,상품_상세조회,2026-06-29 19:53:57
SESS0004161,P00144,상품_상세조회,2026-06-24 18:12:57
SESS0004161,P00150,상품_상세조회,2026-06-24 18:14:23
SESS0004161,P00137,찜하기,2026-06-24 18:16:40
SESS0004162,P00066,상품_상세조회,2026-06-05 19:21:47
SESS0004162,P00075,찜하기,2026-06-05 19:23:38
SESS0004162,P00065,상품_상세조회,2026-06-05 19:25:28
SESS0004162,P00066,상품_상세조회,2026-06-05 19:27:34
SESS0004162,P00066,찜하기,2026-06-05 19:28:00
SESS0004162,P00062,상품_상세조회,2026-06-05 19:28:51
SESS0004162,P00071,상품_상세조회,2026-06-05 19:29:51
SESS0004162,P00069,찜하기,2026-06-05 19:32:18
SESS0004162,P00064,상품_상세조회,2026-06-05 19:32:33
SESS0004162,P00135,상품_상세조회,2026-06-05 19:36:37
SESS0004163,P00002,상품_상세조회,2026-06-24 18:58:56
SESS0004163,P00009,상품_상세조회,2026-06-24 19:01:13
SESS0004163,P00008,상품_상세조회,2026-06-24 19:05:30
SESS0004163,P00145,상품_상세조회,2026-06-24 19:13:45
SESS0004163,P00141,장바구니_담기,2026-06-24 19:15:05
SESS0004163,P00147,상품_상세조회,2026-06-24 19:17:35
SESS0004165,P00014,상품_상세조회,2026-06-29 23:02:58
SESS0004166,P00075,상품_상세조회,2026-06-09 20:40:35
SESS0004167,P00177,상품_상세조회,2026-07-01 20:39:58
SESS0004168,P00177,상품_상세조회,2026-06-21 19:48:21
SESS0004168,P00171,장바구니_담기,2026-06-21 19:49:49
SESS0004169,P00116,상품_상세조회,2026-07-03 00:00:04
SESS0004169,P00110,상품_상세조회,2026-07-03 00:02:32
SESS0004170,P00023,상품_상세조회,2026-07-03 18:09:04
SESS0004170,P00020,상품_상세조회,2026-07-03 18:10:21
SESS0004171,P00112,상품_상세조회,2026-06-22 18:16:34
SESS0004172,P00068,상품_상세조회,2026-06-07 19:52:57
SESS0004173,P00069,상품_상세조회,2026-06-19 16:19:02
SESS0004173,P00072,장바구니_담기,2026-06-19 16:21:31
SESS0004173,P00062,상품_상세조회,2026-06-19 16:22:00
SESS0004173,P00049,상품_상세조회,2026-06-19 16:24:04
SESS0004174,P00001,상품_상세조회,2026-06-13 20:15:43
SESS0004174,P00007,상품_상세조회,2026-06-13 20:18:17
SESS0004174,P00008,찜하기,2026-06-13 20:21:01
SESS0004175,P00070,상품_상세조회,2026-07-04 00:02:14
SESS0004175,P00069,장바구니_담기,2026-07-04 00:02:44
SESS0004176,P00152,상품_상세조회,2026-06-11 16:36:56
SESS0004176,P00162,상품_상세조회,2026-06-11 16:39:13
SESS0004176,P00156,상품_상세조회,2026-06-11 16:40:45
SESS0004176,P00160,상품_상세조회,2026-06-11 16:42:51
SESS0004176,P00162,장바구니_담기,2026-06-11 16:43:41
SESS0004176,P00165,구매완료,2026-06-11 16:45:07
SESS0004177,P00153,상품_상세조회,2026-06-04 23:00:30
SESS0004178,P00052,상품_상세조회,2026-06-23 22:53:05
SESS0004178,P00051,상품_상세조회,2026-06-23 22:55:19
SESS0004179,P00128,상품_상세조회,2026-07-01 23:39:12
SESS0004179,P00121,상품_상세조회,2026-07-01 23:39:44
SESS0004179,P00038,상품_상세조회,2026-07-01 23:47:56
SESS0004179,P00045,상품_상세조회,2026-07-01 23:50:54
SESS0004180,P00065,상품_상세조회,2026-06-10 23:41:33
SESS0004180,P00062,상품_상세조회,2026-06-10 23:42:05
SESS0004181,P00139,상품_상세조회,2026-06-19 15:51:15
SESS0004181,P00142,장바구니_담기,2026-06-19 15:51:52
SESS0004182,P00014,상품_상세조회,2026-06-14 21:28:56
SESS0004182,P00006,상품_상세조회,2026-06-14 21:30:26
SESS0004182,P00015,상품_상세조회,2026-06-14 21:31:15
SESS0004183,P00100,상품_상세조회,2026-06-21 11:45:49
SESS0004183,P00096,장바구니_담기,2026-06-21 11:46:21
SESS0004183,P00105,구매완료,2026-06-21 11:50:07
SESS0004184,P00166,상품_상세조회,2026-06-27 22:27:10
SESS0004185,P00065,상품_상세조회,2026-06-12 15:35:39
SESS0004185,P00065,상품_상세조회,2026-06-12 15:37:19
SESS0004186,P00122,상품_상세조회,2026-06-19 19:13:39
SESS0004186,P00127,상품_상세조회,2026-06-19 19:15:11
SESS0004186,P00128,상품_상세조회,2026-06-19 19:16:11
SESS0004186,P00125,찜하기,2026-06-19 19:16:31
SESS0004187,P00005,상품_상세조회,2026-06-20 19:31:04
SESS0004187,P00014,상품_상세조회,2026-06-20 19:31:54
SESS0004187,P00013,장바구니_담기,2026-06-20 19:34:39
SESS0004188,P00089,상품_상세조회,2026-06-19 19:32:40
SESS0004188,P00080,상품_상세조회,2026-06-19 19:32:55
SESS0004188,P00090,상품_상세조회,2026-06-19 19:35:27
SESS0004188,P00089,찜하기,2026-06-19 19:35:58
SESS0004189,P00083,상품_상세조회,2026-06-05 22:08:07
SESS0004189,P00089,장바구니_담기,2026-06-05 22:08:55
SESS0004189,P00086,상품_상세조회,2026-06-05 22:10:32
SESS0004189,P00079,장바구니_담기,2026-06-05 22:12:11
SESS0004191,P00003,상품_상세조회,2026-06-04 20:57:02
SESS0004191,P00006,상품_상세조회,2026-06-04 20:59:42
SESS0004192,P00105,상품_상세조회,2026-07-01 22:47:43
SESS0004192,P00102,상품_상세조회,2026-07-01 22:48:01
SESS0004193,P00013,상품_상세조회,2026-07-03 22:10:27
SESS0004194,P00005,상품_상세조회,2026-06-23 22:11:36
SESS0004194,P00008,상품_상세조회,2026-06-23 22:12:41
SESS0004194,P00015,장바구니_담기,2026-06-23 22:13:48
SESS0004194,P00003,구매완료,2026-06-23 22:17:25
SESS0004195,P00156,상품_상세조회,2026-06-15 20:46:04
SESS0004196,P00158,상품_상세조회,2026-06-30 19:30:59
SESS0004196,P00156,찜하기,2026-06-30 19:33:20
SESS0004196,P00154,상품_상세조회,2026-06-30 19:34:21
SESS0004197,P00012,상품_상세조회,2026-06-28 18:18:25
SESS0004198,P00095,상품_상세조회,2026-06-07 21:44:44
SESS0004198,P00102,찜하기,2026-06-07 21:45:47
SESS0004199,P00132,상품_상세조회,2026-06-25 17:35:22
SESS0004199,P00134,상품_상세조회,2026-06-25 17:35:43
SESS0004199,P00131,상품_상세조회,2026-06-25 17:38:42
SESS0004199,P00130,상품_상세조회,2026-06-25 17:41:38
SESS0004199,P00133,장바구니_담기,2026-06-25 17:42:47
SESS0004199,P00127,구매완료,2026-06-25 17:44:10
SESS0004200,P00011,상품_상세조회,2026-06-12 23:40:03
SESS0004200,P00003,상품_상세조회,2026-06-12 23:42:34
SESS0004200,P00008,상품_상세조회,2026-06-12 23:44:31
SESS0004201,P00087,상품_상세조회,2026-06-16 14:58:01
SESS0004201,P00086,상품_상세조회,2026-06-16 15:00:04
SESS0004201,P00077,장바구니_담기,2026-06-16 15:02:19
SESS0004202,P00106,상품_상세조회,2026-06-21 20:32:07
SESS0004204,P00150,상품_상세조회,2026-06-20 18:08:02
SESS0004204,P00150,찜하기,2026-06-20 18:08:23
SESS0004205,P00101,상품_상세조회,2026-07-02 14:40:39
SESS0004205,P00171,상품_상세조회,2026-07-02 14:42:18
SESS0004205,P00168,상품_상세조회,2026-07-02 14:45:07
SESS0004206,P00150,상품_상세조회,2026-06-05 16:12:47
SESS0004206,P00149,찜하기,2026-06-05 16:15:27
SESS0004206,P00140,장바구니_담기,2026-06-05 16:17:21
SESS0004206,P00150,상품_상세조회,2026-06-05 16:18:46
SESS0004207,P00106,상품_상세조회,2026-06-13 23:39:36
SESS0004207,P00116,상품_상세조회,2026-06-13 23:40:26
SESS0004207,P00111,장바구니_담기,2026-06-13 23:40:44
SESS0004207,P00116,구매완료,2026-06-13 23:44:03
SESS0004208,P00120,상품_상세조회,2026-06-14 20:42:01
SESS0004208,P00112,찜하기,2026-06-14 20:44:56
SESS0004208,P00114,상품_상세조회,2026-06-14 20:46:16
SESS0004210,P00001,상품_상세조회,2026-06-21 23:44:38
SESS0004212,P00159,상품_상세조회,2026-06-23 19:05:08
SESS0004213,P00117,상품_상세조회,2026-06-21 18:09:08
SESS0004213,P00107,찜하기,2026-06-21 18:11:20
SESS0004213,P00109,상품_상세조회,2026-06-21 18:12:44
SESS0004214,P00130,상품_상세조회,2026-06-28 16:09:54
SESS0004214,P00003,상품_상세조회,2026-06-28 16:15:29
SESS0004214,P00107,상품_상세조회,2026-06-28 16:18:53
SESS0004214,P00114,장바구니_담기,2026-06-28 16:19:18
SESS0004214,P00117,구매완료,2026-06-28 16:23:43
SESS0004215,P00035,상품_상세조회,2026-06-13 18:26:21
SESS0004215,P00034,찜하기,2026-06-13 18:28:57
SESS0004215,P00038,상품_상세조회,2026-06-13 18:30:09
SESS0004216,P00065,상품_상세조회,2026-06-28 18:27:43
SESS0004216,P00071,상품_상세조회,2026-06-28 18:30:12
SESS0004216,P00070,상품_상세조회,2026-06-28 18:33:10
SESS0004218,P00172,상품_상세조회,2026-06-20 21:24:10
SESS0004218,P00171,상품_상세조회,2026-06-20 21:25:50
SESS0004218,P00168,상품_상세조회,2026-06-20 21:26:15
SESS0004219,P00143,상품_상세조회,2026-06-06 23:04:56
SESS0004220,P00006,상품_상세조회,2026-06-23 15:14:35
SESS0004220,P00009,상품_상세조회,2026-06-23 15:15:32
SESS0004220,P00015,찜하기,2026-06-23 15:18:20
SESS0004220,P00002,상품_상세조회,2026-06-23 15:20:26
SESS0004221,P00085,상품_상세조회,2026-06-29 20:32:43
SESS0004222,P00055,상품_상세조회,2026-06-24 21:35:13
SESS0004223,P00056,상품_상세조회,2026-06-12 16:29:57
SESS0004223,P00107,상품_상세조회,2026-06-12 16:32:12
SESS0004224,P00085,상품_상세조회,2026-06-23 17:41:16
SESS0004224,P00082,장바구니_담기,2026-06-23 17:43:09
SESS0004224,P00085,상품_상세조회,2026-06-23 17:43:38
SESS0004225,P00137,상품_상세조회,2026-06-29 18:05:26
SESS0004226,P00132,상품_상세조회,2026-07-02 18:07:00
SESS0004226,P00133,찜하기,2026-07-02 18:09:17
SESS0004226,P00131,장바구니_담기,2026-07-02 18:10:14
SESS0004226,P00128,구매완료,2026-07-02 18:14:04
SESS0004227,P00150,상품_상세조회,2026-06-29 19:03:09
SESS0004227,P00141,상품_상세조회,2026-06-29 19:03:32
SESS0004228,P00011,상품_상세조회,2026-07-02 19:53:47
SESS0004229,P00015,상품_상세조회,2026-07-02 17:20:08
SESS0004230,P00123,상품_상세조회,2026-06-10 16:53:18
SESS0004230,P00012,상품_상세조회,2026-06-10 16:57:34
SESS0004231,P00001,상품_상세조회,2026-06-20 19:25:38
SESS0004231,P00011,상품_상세조회,2026-06-20 19:27:49
SESS0004231,P00003,장바구니_담기,2026-06-20 19:28:24
SESS0004231,P00001,구매완료,2026-06-20 19:29:44
SESS0004232,P00010,상품_상세조회,2026-06-27 22:27:10
SESS0004234,P00131,상품_상세조회,2026-06-21 22:36:09
SESS0004234,P00123,장바구니_담기,2026-06-21 22:37:15
SESS0004234,P00121,구매완료,2026-06-21 22:40:45
SESS0004235,P00063,상품_상세조회,2026-06-08 21:02:58
SESS0004235,P00073,찜하기,2026-06-08 21:04:07
SESS0004235,P00075,장바구니_담기,2026-06-08 21:06:12
SESS0004236,P00100,상품_상세조회,2026-06-11 17:58:33
SESS0004236,P00103,장바구니_담기,2026-06-11 18:00:24
SESS0004237,P00013,상품_상세조회,2026-06-05 19:51:07
SESS0004237,P00008,장바구니_담기,2026-06-05 19:53:28
SESS0004237,P00003,구매완료,2026-06-05 19:57:01
SESS0004238,P00115,상품_상세조회,2026-06-12 23:37:39
SESS0004238,P00107,찜하기,2026-06-12 23:39:13
SESS0004239,P00052,상품_상세조회,2026-06-07 20:31:07
SESS0004240,P00074,상품_상세조회,2026-06-24 13:57:06
SESS0004240,P00061,장바구니_담기,2026-06-24 13:58:27
SESS0004241,P00128,상품_상세조회,2026-06-06 21:09:42
SESS0004241,P00131,상품_상세조회,2026-06-06 21:12:32
SESS0004241,P00127,장바구니_담기,2026-06-06 21:13:29
SESS0004242,P00045,상품_상세조회,2026-06-12 18:09:41
SESS0004243,P00160,상품_상세조회,2026-06-18 21:56:39
SESS0004244,P00132,상품_상세조회,2026-06-21 19:25:49
SESS0004244,P00128,상품_상세조회,2026-06-21 19:27:10
SESS0004245,P00004,상품_상세조회,2026-07-01 19:40:58
SESS0004245,P00142,상품_상세조회,2026-07-01 19:44:03
SESS0004245,P00049,상품_상세조회,2026-07-01 19:51:28
SESS0004246,P00032,상품_상세조회,2026-06-30 19:17:20
SESS0004247,P00089,상품_상세조회,2026-06-21 19:56:06
SESS0004248,P00169,상품_상세조회,2026-06-06 16:21:35
SESS0004248,P00170,상품_상세조회,2026-06-06 16:23:54
SESS0004249,P00095,상품_상세조회,2026-06-13 16:46:48
SESS0004250,P00098,상품_상세조회,2026-06-13 22:12:32
SESS0004250,P00101,장바구니_담기,2026-06-13 22:13:05
SESS0004250,P00103,구매완료,2026-06-13 22:17:00
SESS0004251,P00093,상품_상세조회,2026-06-18 19:01:46
SESS0004253,P00097,상품_상세조회,2026-06-09 18:46:24
SESS0004253,P00096,찜하기,2026-06-09 18:48:15
SESS0004254,P00172,상품_상세조회,2026-06-20 18:35:59
SESS0004256,P00156,상품_상세조회,2026-06-04 22:16:28
SESS0004256,P00158,상품_상세조회,2026-06-04 22:18:02
SESS0004256,P00162,상품_상세조회,2026-06-04 22:19:46
SESS0004257,P00154,상품_상세조회,2026-06-26 18:00:04
SESS0004257,P00162,찜하기,2026-06-26 18:02:26
SESS0004257,P00155,장바구니_담기,2026-06-26 18:03:28
SESS0004257,P00152,상품_상세조회,2026-06-26 18:05:27
SESS0004257,P00152,장바구니_담기,2026-06-26 18:06:43
SESS0004258,P00145,상품_상세조회,2026-06-10 17:06:10
SESS0004258,P00147,상품_상세조회,2026-06-10 17:06:44
SESS0004258,P00136,찜하기,2026-06-10 17:07:14
SESS0004258,P00145,상품_상세조회,2026-06-10 17:08:41
SESS0004258,P00139,상품_상세조회,2026-06-10 17:10:16
SESS0004258,P00137,찜하기,2026-06-10 17:10:40
SESS0004259,P00098,상품_상세조회,2026-06-22 18:18:54
SESS0004260,P00099,상품_상세조회,2026-07-01 16:34:13
SESS0004260,P00096,장바구니_담기,2026-07-01 16:36:38
SESS0004261,P00098,상품_상세조회,2026-06-11 23:07:04
SESS0004261,P00103,찜하기,2026-06-11 23:09:34
SESS0004261,P00094,상품_상세조회,2026-06-11 23:11:33
SESS0004261,P00104,장바구니_담기,2026-06-11 23:12:23
SESS0004262,P00073,상품_상세조회,2026-06-08 21:50:20
SESS0004262,P00066,상품_상세조회,2026-06-08 21:50:42
SESS0004262,P00062,상품_상세조회,2026-06-08 21:52:26
SESS0004263,P00099,상품_상세조회,2026-06-07 19:26:59
SESS0004264,P00055,상품_상세조회,2026-06-04 12:24:38
SESS0004265,P00147,상품_상세조회,2026-06-21 21:53:30
SESS0004265,P00065,상품_상세조회,2026-06-21 21:56:45
SESS0004265,P00072,찜하기,2026-06-21 21:57:36
SESS0004266,P00036,상품_상세조회,2026-06-26 18:33:37
SESS0004267,P00003,상품_상세조회,2026-06-18 19:01:30
SESS0004268,P00166,상품_상세조회,2026-06-26 21:13:50
SESS0004268,P00174,장바구니_담기,2026-06-26 21:15:22
SESS0004269,P00087,상품_상세조회,2026-06-15 11:01:13
SESS0004269,P00088,상품_상세조회,2026-06-15 11:02:16
SESS0004270,P00026,상품_상세조회,2026-06-08 21:55:48
SESS0004270,P00028,장바구니_담기,2026-06-08 21:56:03
SESS0004270,P00030,구매완료,2026-06-08 21:59:27
SESS0004271,P00093,상품_상세조회,2026-06-22 22:24:44
SESS0004271,P00093,장바구니_담기,2026-06-22 22:26:06
SESS0004271,P00103,구매완료,2026-06-22 22:29:43
SESS0004272,P00082,상품_상세조회,2026-06-11 22:38:53
SESS0004272,P00082,상품_상세조회,2026-06-11 22:41:35
SESS0004272,P00085,장바구니_담기,2026-06-11 22:42:08
SESS0004272,P00077,상품_상세조회,2026-06-11 22:44:21
SESS0004273,P00120,상품_상세조회,2026-06-28 12:09:09
SESS0004273,P00106,상품_상세조회,2026-06-28 12:11:23
SESS0004273,P00110,장바구니_담기,2026-06-28 12:12:24
SESS0004273,P00114,상품_상세조회,2026-06-28 12:14:42
SESS0004273,P00119,상품_상세조회,2026-06-28 12:15:21
SESS0004273,P00106,찜하기,2026-06-28 12:16:50
SESS0004274,P00061,상품_상세조회,2026-06-24 17:30:13
SESS0004274,P00061,찜하기,2026-06-24 17:30:29
SESS0004274,P00070,상품_상세조회,2026-06-24 17:31:33
SESS0004275,P00151,상품_상세조회,2026-06-13 17:32:13
SESS0004275,P00137,상품_상세조회,2026-06-13 17:36:18
SESS0004275,P00150,상품_상세조회,2026-06-13 17:37:16
SESS0004275,P00147,상품_상세조회,2026-06-13 17:38:03
SESS0004275,P00014,상품_상세조회,2026-06-13 17:41:00
SESS0004275,P00015,상품_상세조회,2026-06-13 17:41:28
SESS0004276,P00155,상품_상세조회,2026-06-09 21:21:47
SESS0004276,P00164,상품_상세조회,2026-06-09 21:23:28
SESS0004277,P00069,상품_상세조회,2026-06-26 19:45:36
SESS0004277,P00074,상품_상세조회,2026-06-26 19:46:33
SESS0004277,P00074,장바구니_담기,2026-06-26 19:47:52
SESS0004277,P00072,구매완료,2026-06-26 19:50:32
SESS0004278,P00117,상품_상세조회,2026-06-22 16:57:16
SESS0004278,P00119,찜하기,2026-06-22 16:58:38
SESS0004279,P00123,상품_상세조회,2026-06-23 20:59:51
SESS0004279,P00121,장바구니_담기,2026-06-23 21:00:17
SESS0004279,P00133,상품_상세조회,2026-06-23 21:02:36
SESS0004279,P00127,찜하기,2026-06-23 21:05:21
SESS0004279,P00133,장바구니_담기,2026-06-23 21:06:04
SESS0004279,P00127,상품_상세조회,2026-06-23 21:07:15
SESS0004279,P00130,상품_상세조회,2026-06-23 21:09:22
SESS0004280,P00126,상품_상세조회,2026-06-22 21:05:26
SESS0004280,P00110,상품_상세조회,2026-06-22 21:13:01
SESS0004280,P00117,찜하기,2026-06-22 21:14:10
SESS0004282,P00064,상품_상세조회,2026-06-30 17:47:49
SESS0004282,P00070,상품_상세조회,2026-06-30 17:48:11
SESS0004283,P00156,상품_상세조회,2026-06-26 18:10:36
SESS0004284,P00005,상품_상세조회,2026-06-25 16:38:01
SESS0004284,P00004,찜하기,2026-06-25 16:39:39
SESS0004284,P00006,상품_상세조회,2026-06-25 16:40:24
SESS0004285,P00076,상품_상세조회,2026-06-14 19:50:11
SESS0004285,P00080,장바구니_담기,2026-06-14 19:53:03
SESS0004285,P00083,상품_상세조회,2026-06-14 19:55:37
SESS0004286,P00088,상품_상세조회,2026-06-05 21:28:36
SESS0004286,P00090,장바구니_담기,2026-06-05 21:31:04
SESS0004286,P00081,상품_상세조회,2026-06-05 21:32:00
SESS0004286,P00079,장바구니_담기,2026-06-05 21:32:41
SESS0004286,P00087,구매완료,2026-06-05 21:37:12
SESS0004288,P00070,상품_상세조회,2026-06-19 16:50:48
SESS0004288,P00065,상품_상세조회,2026-06-19 16:53:27
SESS0004289,P00107,상품_상세조회,2026-06-06 15:54:35
SESS0004289,P00108,찜하기,2026-06-06 15:57:28
SESS0004289,P00120,상품_상세조회,2026-06-06 15:59:51
SESS0004289,P00111,상품_상세조회,2026-06-06 16:00:55
SESS0004289,P00119,장바구니_담기,2026-06-06 16:02:53
SESS0004289,P00109,상품_상세조회,2026-06-06 16:03:51
SESS0004289,P00116,찜하기,2026-06-06 16:05:23
SESS0004289,P00114,상품_상세조회,2026-06-06 16:07:32
SESS0004289,P00111,상품_상세조회,2026-06-06 16:08:43
SESS0004289,P00116,상품_상세조회,2026-06-06 16:09:30
SESS0004289,P00108,상품_상세조회,2026-06-06 16:12:13
SESS0004289,P00116,상품_상세조회,2026-06-06 16:12:28
SESS0004291,P00003,상품_상세조회,2026-06-27 20:20:36
SESS0004291,P00007,찜하기,2026-06-27 20:22:39
SESS0004291,P00002,장바구니_담기,2026-06-27 20:23:35
SESS0004291,P00013,상품_상세조회,2026-06-27 20:24:49
SESS0004291,P00004,장바구니_담기,2026-06-27 20:26:32
SESS0004291,P00012,구매완료,2026-06-27 20:29:35
SESS0004292,P00150,상품_상세조회,2026-06-14 18:52:24
SESS0004292,P00144,장바구니_담기,2026-06-14 18:53:38
SESS0004292,P00139,구매완료,2026-06-14 18:54:48
SESS0004293,P00006,상품_상세조회,2026-06-21 17:45:34
SESS0004294,P00035,상품_상세조회,2026-06-05 23:40:59
SESS0004294,P00040,상품_상세조회,2026-06-05 23:42:13
SESS0004295,P00042,상품_상세조회,2026-06-30 18:54:40
SESS0004296,P00147,상품_상세조회,2026-06-25 15:40:27
SESS0004297,P00149,상품_상세조회,2026-06-20 22:15:22
SESS0004297,P00146,찜하기,2026-06-20 22:16:45
SESS0004298,P00136,상품_상세조회,2026-06-30 18:28:43
SESS0004299,P00179,상품_상세조회,2026-06-08 15:30:28
SESS0004300,P00156,상품_상세조회,2026-06-24 15:57:59
SESS0004301,P00166,상품_상세조회,2026-06-08 21:42:05
SESS0004301,P00177,찜하기,2026-06-08 21:45:03
SESS0004301,P00170,장바구니_담기,2026-06-08 21:45:55
SESS0004302,P00071,상품_상세조회,2026-06-19 17:00:42
SESS0004302,P00073,상품_상세조회,2026-06-19 17:02:23
SESS0004303,P00070,상품_상세조회,2026-06-14 18:39:12
SESS0004303,P00093,상품_상세조회,2026-06-14 18:42:25
SESS0004303,P00097,찜하기,2026-06-14 18:44:56
SESS0004304,P00105,상품_상세조회,2026-06-22 14:15:48
SESS0004304,P00091,장바구니_담기,2026-06-22 14:17:22
SESS0004304,P00103,구매완료,2026-06-22 14:22:00
SESS0004305,P00074,상품_상세조회,2026-06-10 20:14:01
SESS0004305,P00067,장바구니_담기,2026-06-10 20:15:42
SESS0004305,P00072,구매완료,2026-06-10 20:18:55
SESS0004306,P00077,상품_상세조회,2026-06-12 18:05:04
SESS0004306,P00090,찜하기,2026-06-12 18:06:24
SESS0004306,P00083,장바구니_담기,2026-06-12 18:08:04
SESS0004306,P00080,구매완료,2026-06-12 18:11:07
SESS0004307,P00097,상품_상세조회,2026-06-11 21:03:44
SESS0004308,P00160,상품_상세조회,2026-06-09 21:24:48
SESS0004308,P00156,장바구니_담기,2026-06-09 21:25:04
SESS0004308,P00157,구매완료,2026-06-09 21:30:10
SESS0004310,P00069,상품_상세조회,2026-06-18 21:22:35
SESS0004310,P00064,장바구니_담기,2026-06-18 21:24:43
SESS0004310,P00068,구매완료,2026-06-18 21:27:37
SESS0004311,P00162,상품_상세조회,2026-06-04 22:09:37
SESS0004312,P00133,상품_상세조회,2026-06-19 15:46:06
SESS0004312,P00128,장바구니_담기,2026-06-19 15:48:07
SESS0004312,P00133,구매완료,2026-06-19 15:51:10
SESS0004314,P00127,상품_상세조회,2026-06-24 18:47:54
SESS0004314,P00005,상품_상세조회,2026-06-24 18:51:54
SESS0004314,P00010,상품_상세조회,2026-06-24 18:53:41
SESS0004314,P00007,상품_상세조회,2026-06-24 18:54:33
SESS0004314,P00009,상품_상세조회,2026-06-24 18:55:12
SESS0004314,P00009,장바구니_담기,2026-06-24 18:55:51
SESS0004315,P00044,상품_상세조회,2026-06-06 23:54:37
SESS0004315,P00042,장바구니_담기,2026-06-06 23:57:25
SESS0004316,P00008,상품_상세조회,2026-06-27 19:54:41
SESS0004316,P00015,상품_상세조회,2026-06-27 19:57:16
SESS0004316,P00007,상품_상세조회,2026-06-27 19:58:27
SESS0004317,P00033,상품_상세조회,2026-06-12 18:07:28
SESS0004317,P00042,상품_상세조회,2026-06-12 18:09:03
SESS0004318,P00002,상품_상세조회,2026-07-03 21:37:09
SESS0004318,P00002,찜하기,2026-07-03 21:38:32
SESS0004318,P00012,상품_상세조회,2026-07-03 21:40:34
SESS0004318,P00002,장바구니_담기,2026-07-03 21:42:07
SESS0004319,P00041,상품_상세조회,2026-06-09 20:29:15
SESS0004319,P00044,찜하기,2026-06-09 20:30:23
SESS0004319,P00038,상품_상세조회,2026-06-09 20:31:08
SESS0004319,P00036,상품_상세조회,2026-06-09 20:32:22
SESS0004319,P00037,찜하기,2026-06-09 20:34:19
SESS0004319,P00037,장바구니_담기,2026-06-09 20:34:45
SESS0004319,P00035,상품_상세조회,2026-06-09 20:35:20
SESS0004319,P00065,상품_상세조회,2026-06-09 20:37:51
SESS0004319,P00061,찜하기,2026-06-09 20:40:00
SESS0004320,P00110,상품_상세조회,2026-06-26 21:17:56
SESS0004320,P00111,상품_상세조회,2026-06-26 21:18:35
SESS0004321,P00135,상품_상세조회,2026-06-17 17:12:49
SESS0004321,P00126,장바구니_담기,2026-06-17 17:15:20
SESS0004321,P00134,상품_상세조회,2026-06-17 17:16:17
SESS0004321,P00133,장바구니_담기,2026-06-17 17:17:27
SESS0004321,P00122,상품_상세조회,2026-06-17 17:18:15
SESS0004322,P00150,상품_상세조회,2026-07-03 19:36:48
SESS0004323,P00039,상품_상세조회,2026-06-17 21:57:10
SESS0004323,P00039,찜하기,2026-06-17 21:59:19
SESS0004323,P00032,상품_상세조회,2026-06-17 22:00:17
SESS0004323,P00033,상품_상세조회,2026-06-17 22:03:05
SESS0004324,P00113,상품_상세조회,2026-06-30 15:06:14
SESS0004324,P00012,상품_상세조회,2026-06-30 15:11:04
SESS0004324,P00009,상품_상세조회,2026-06-30 15:11:30
SESS0004324,P00003,상품_상세조회,2026-06-30 15:11:49
SESS0004324,P00004,상품_상세조회,2026-06-30 15:13:52
SESS0004324,P00009,상품_상세조회,2026-06-30 15:15:12
SESS0004324,P00009,찜하기,2026-06-30 15:16:13
SESS0004325,P00134,상품_상세조회,2026-06-28 21:13:39
SESS0004325,P00132,상품_상세조회,2026-06-28 21:15:48
SESS0004325,P00122,찜하기,2026-06-28 21:18:07
SESS0004325,P00126,상품_상세조회,2026-06-28 21:18:31
SESS0004326,P00006,상품_상세조회,2026-06-19 22:34:17
SESS0004327,P00124,상품_상세조회,2026-06-18 23:06:58
SESS0004327,P00132,찜하기,2026-06-18 23:09:12
SESS0004327,P00122,상품_상세조회,2026-06-18 23:11:37
SESS0004327,P00121,장바구니_담기,2026-06-18 23:12:53
SESS0004327,P00134,상품_상세조회,2026-06-18 23:14:29
SESS0004327,P00121,상품_상세조회,2026-06-18 23:16:24
SESS0004328,P00036,상품_상세조회,2026-06-14 19:43:51
SESS0004328,P00127,상품_상세조회,2026-06-14 19:51:46
SESS0004329,P00003,상품_상세조회,2026-06-09 18:51:32
SESS0004329,P00014,장바구니_담기,2026-06-09 18:52:21
SESS0004329,P00013,상품_상세조회,2026-06-09 18:54:06
SESS0004330,P00106,상품_상세조회,2026-06-08 20:30:35
SESS0004330,P00117,장바구니_담기,2026-06-08 20:32:10
SESS0004330,P00111,구매완료,2026-06-08 20:37:14
SESS0004331,P00118,상품_상세조회,2026-06-19 21:34:47
SESS0004331,P00107,장바구니_담기,2026-06-19 21:37:06
SESS0004331,P00106,구매완료,2026-06-19 21:41:20
SESS0004332,P00059,상품_상세조회,2026-06-12 16:21:40
SESS0004334,P00150,상품_상세조회,2026-06-18 21:45:35
SESS0004334,P00142,상품_상세조회,2026-06-18 21:45:58
SESS0004335,P00121,상품_상세조회,2026-06-06 19:56:16
SESS0004335,P00122,찜하기,2026-06-06 19:58:43
SESS0004335,P00123,장바구니_담기,2026-06-06 19:58:59
SESS0004335,P00128,상품_상세조회,2026-06-06 20:01:01
SESS0004336,P00080,상품_상세조회,2026-06-15 16:26:57
SESS0004336,P00152,상품_상세조회,2026-06-15 16:29:37
SESS0004336,P00172,상품_상세조회,2026-06-15 16:34:17
SESS0004336,P00112,상품_상세조회,2026-06-15 16:36:25
SESS0004336,P00110,상품_상세조회,2026-06-15 16:37:02
SESS0004336,P00164,상품_상세조회,2026-06-15 16:40:05
SESS0004336,P00153,장바구니_담기,2026-06-15 16:41:42
SESS0004337,P00106,상품_상세조회,2026-06-21 18:30:03
SESS0004338,P00011,상품_상세조회,2026-06-18 21:41:55
SESS0004338,P00008,상품_상세조회,2026-06-18 21:42:22
SESS0004338,P00005,찜하기,2026-06-18 21:44:55
SESS0004339,P00094,상품_상세조회,2026-06-26 17:27:19
SESS0004339,P00103,상품_상세조회,2026-06-26 17:29:51
SESS0004339,P00101,장바구니_담기,2026-06-26 17:31:43
SESS0004339,P00104,상품_상세조회,2026-06-26 17:34:03
SESS0004339,P00105,찜하기,2026-06-26 17:35:23
SESS0004339,P00100,상품_상세조회,2026-06-26 17:38:20
SESS0004339,P00098,상품_상세조회,2026-06-26 17:39:57
SESS0004339,P00098,찜하기,2026-06-26 17:42:19
SESS0004339,P00098,장바구니_담기,2026-06-26 17:44:55
SESS0004340,P00012,상품_상세조회,2026-06-15 21:35:34
SESS0004341,P00013,상품_상세조회,2026-06-18 23:31:27
SESS0004341,P00006,장바구니_담기,2026-06-18 23:33:17
SESS0004341,P00003,상품_상세조회,2026-06-18 23:33:41
SESS0004341,P00015,장바구니_담기,2026-06-18 23:36:36
SESS0004341,P00010,구매완료,2026-06-18 23:39:12
SESS0004343,P00014,상품_상세조회,2026-06-26 17:50:11
SESS0004344,P00166,상품_상세조회,2026-06-12 19:06:46
SESS0004344,P00174,상품_상세조회,2026-06-12 19:09:31
SESS0004345,P00114,상품_상세조회,2026-06-24 00:02:11
SESS0004345,P00108,상품_상세조회,2026-06-24 00:05:02
SESS0004345,P00080,상품_상세조회,2026-06-24 00:08:34
SESS0004345,P00089,상품_상세조회,2026-06-24 00:10:30
SESS0004347,P00016,상품_상세조회,2026-06-13 17:09:28
SESS0004347,P00022,찜하기,2026-06-13 17:10:52
SESS0004348,P00076,상품_상세조회,2026-06-17 12:11:24
SESS0004348,P00082,찜하기,2026-06-17 12:12:41
SESS0004348,P00079,상품_상세조회,2026-06-17 12:14:33
SESS0004349,P00094,상품_상세조회,2026-06-07 15:57:33
SESS0004349,P00100,찜하기,2026-06-07 15:59:23
SESS0004349,P00105,상품_상세조회,2026-06-07 15:59:44
SESS0004349,P00103,상품_상세조회,2026-06-07 16:02:32
SESS0004349,P00096,장바구니_담기,2026-06-07 16:04:52
SESS0004349,P00097,상품_상세조회,2026-06-07 16:05:53
SESS0004350,P00072,상품_상세조회,2026-06-18 19:32:43
SESS0004350,P00061,상품_상세조회,2026-06-18 19:33:36
SESS0004350,P00066,상품_상세조회,2026-06-18 19:34:28
SESS0004350,P00150,상품_상세조회,2026-06-18 19:36:28
SESS0004350,P00150,상품_상세조회,2026-06-18 19:36:46
SESS0004351,P00084,상품_상세조회,2026-06-14 22:12:50
SESS0004353,P00006,상품_상세조회,2026-06-21 19:36:52
SESS0004354,P00013,상품_상세조회,2026-06-15 14:38:23
SESS0004354,P00110,상품_상세조회,2026-06-15 14:40:47
SESS0004354,P00107,상품_상세조회,2026-06-15 14:43:13
SESS0004355,P00002,상품_상세조회,2026-06-28 21:55:51
SESS0004356,P00151,상품_상세조회,2026-06-22 16:38:48
SESS0004356,P00158,상품_상세조회,2026-06-22 16:39:14
SESS0004357,P00094,상품_상세조회,2026-07-03 15:13:19
SESS0004357,P00113,상품_상세조회,2026-07-03 15:16:39
SESS0004357,P00106,상품_상세조회,2026-07-03 15:19:09
SESS0004357,P00110,장바구니_담기,2026-07-03 15:19:25
SESS0004359,P00067,상품_상세조회,2026-06-22 17:55:50
SESS0004359,P00075,상품_상세조회,2026-06-22 17:56:31
SESS0004360,P00147,상품_상세조회,2026-06-16 19:46:45
SESS0004360,P00142,장바구니_담기,2026-06-16 19:48:10
SESS0004362,P00085,상품_상세조회,2026-06-06 17:50:16
SESS0004362,P00077,상품_상세조회,2026-06-06 17:51:33
SESS0004362,P00089,상품_상세조회,2026-06-06 17:52:50
SESS0004363,P00109,상품_상세조회,2026-06-30 19:47:04
SESS0004363,P00110,상품_상세조회,2026-06-30 19:48:54
SESS0004364,P00017,상품_상세조회,2026-06-16 21:30:55
SESS0004364,P00028,상품_상세조회,2026-06-16 21:32:38
SESS0004365,P00010,상품_상세조회,2026-06-11 14:25:15
SESS0004365,P00008,상품_상세조회,2026-06-11 14:27:35
SESS0004365,P00014,상품_상세조회,2026-06-11 14:30:00
SESS0004365,P00108,상품_상세조회,2026-06-11 14:34:05
SESS0004366,P00064,상품_상세조회,2026-06-15 16:22:27
SESS0004366,P00069,장바구니_담기,2026-06-15 16:25:18
SESS0004366,P00064,구매완료,2026-06-15 16:26:32
SESS0004367,P00007,상품_상세조회,2026-06-27 18:31:04
SESS0004370,P00148,상품_상세조회,2026-06-06 22:42:53
SESS0004370,P00141,상품_상세조회,2026-06-06 22:44:39
SESS0004370,P00137,상품_상세조회,2026-06-06 22:47:37
SESS0004370,P00140,찜하기,2026-06-06 22:48:17
SESS0004370,P00137,장바구니_담기,2026-06-06 22:48:50
SESS0004371,P00088,상품_상세조회,2026-06-15 17:21:48
SESS0004371,P00080,장바구니_담기,2026-06-15 17:23:50
SESS0004371,P00076,상품_상세조회,2026-06-15 17:25:04
SESS0004371,P00130,상품_상세조회,2026-06-15 17:27:34
SESS0004371,P00127,장바구니_담기,2026-06-15 17:29:41
SESS0004372,P00086,상품_상세조회,2026-06-10 20:19:18
SESS0004373,P00161,상품_상세조회,2026-06-29 17:43:51
SESS0004373,P00158,찜하기,2026-06-29 17:45:46
SESS0004373,P00157,상품_상세조회,2026-06-29 17:47:07
SESS0004373,P00155,장바구니_담기,2026-06-29 17:50:02
SESS0004373,P00164,구매완료,2026-06-29 17:53:20
SESS0004374,P00028,상품_상세조회,2026-07-02 20:18:23
SESS0004376,P00069,상품_상세조회,2026-06-09 22:17:24
SESS0004376,P00073,찜하기,2026-06-09 22:17:56
SESS0004376,P00070,상품_상세조회,2026-06-09 22:19:40
SESS0004376,P00071,상품_상세조회,2026-06-09 22:20:46
SESS0004376,P00075,장바구니_담기,2026-06-09 22:21:48
SESS0004377,P00088,상품_상세조회,2026-06-05 20:45:15
SESS0004378,P00006,상품_상세조회,2026-06-12 17:51:01
SESS0004378,P00010,상품_상세조회,2026-06-12 17:51:44
SESS0004378,P00003,상품_상세조회,2026-06-12 17:52:46
SESS0004378,P00007,찜하기,2026-06-12 17:53:07
SESS0004379,P00009,상품_상세조회,2026-06-05 18:51:48
SESS0004380,P00064,상품_상세조회,2026-06-24 15:08:53
SESS0004380,P00068,상품_상세조회,2026-06-24 15:09:26
SESS0004380,P00068,상품_상세조회,2026-06-24 15:10:23
SESS0004380,P00070,상품_상세조회,2026-06-24 15:14:34
SESS0004380,P00073,상품_상세조회,2026-06-24 15:14:53
SESS0004383,P00150,상품_상세조회,2026-06-29 18:58:42
SESS0004383,P00051,상품_상세조회,2026-06-29 19:03:25
SESS0004384,P00036,상품_상세조회,2026-07-02 18:26:56
SESS0004384,P00073,상품_상세조회,2026-07-02 18:32:29
SESS0004384,P00035,상품_상세조회,2026-07-02 18:37:16
SESS0004384,P00037,장바구니_담기,2026-07-02 18:39:45
SESS0004384,P00036,상품_상세조회,2026-07-02 18:42:12
SESS0004384,P00033,장바구니_담기,2026-07-02 18:44:02
SESS0004384,P00031,상품_상세조회,2026-07-02 18:46:25
SESS0004384,P00040,장바구니_담기,2026-07-02 18:48:48
SESS0004385,P00156,상품_상세조회,2026-07-03 20:20:29
SESS0004386,P00008,상품_상세조회,2026-06-30 18:09:06
SESS0004386,P00015,장바구니_담기,2026-06-30 18:09:40
SESS0004386,P00005,상품_상세조회,2026-06-30 18:10:28
SESS0004387,P00114,상품_상세조회,2026-06-13 19:01:25
SESS0004387,P00120,상품_상세조회,2026-06-13 19:04:23
SESS0004387,P00106,찜하기,2026-06-13 19:06:11
SESS0004387,P00113,상품_상세조회,2026-06-13 19:07:05
SESS0004387,P00117,상품_상세조회,2026-06-13 19:08:11
SESS0004387,P00107,장바구니_담기,2026-06-13 19:09:17
SESS0004387,P00118,상품_상세조회,2026-06-13 19:10:32
SESS0004387,P00111,장바구니_담기,2026-06-13 19:11:23
SESS0004387,P00108,구매완료,2026-06-13 19:13:48
SESS0004388,P00010,상품_상세조회,2026-06-07 15:09:11
SESS0004388,P00009,찜하기,2026-06-07 15:11:48
SESS0004388,P00012,상품_상세조회,2026-06-07 15:13:05
SESS0004388,P00011,상품_상세조회,2026-06-07 15:15:01
SESS0004388,P00005,찜하기,2026-06-07 15:15:35
SESS0004388,P00011,장바구니_담기,2026-06-07 15:17:28
SESS0004388,P00003,구매완료,2026-06-07 15:20:28
SESS0004389,P00157,상품_상세조회,2026-06-24 23:43:07
SESS0004390,P00065,상품_상세조회,2026-06-15 18:54:39
SESS0004390,P00063,상품_상세조회,2026-06-15 18:57:12
SESS0004390,P00066,장바구니_담기,2026-06-15 19:00:00
SESS0004390,P00074,상품_상세조회,2026-06-15 19:02:03
SESS0004390,P00071,장바구니_담기,2026-06-15 19:04:42
SESS0004391,P00147,상품_상세조회,2026-06-12 19:45:25
SESS0004392,P00116,상품_상세조회,2026-06-05 23:15:32
SESS0004393,P00152,상품_상세조회,2026-06-19 17:49:51
SESS0004393,P00157,상품_상세조회,2026-06-19 17:51:02
SESS0004393,P00163,상품_상세조회,2026-06-19 17:53:49
SESS0004393,P00164,상품_상세조회,2026-06-19 17:55:49
SESS0004393,P00164,장바구니_담기,2026-06-19 17:57:00
SESS0004393,P00162,구매완료,2026-06-19 17:58:19
SESS0004395,P00074,상품_상세조회,2026-06-16 20:11:41
SESS0004396,P00068,상품_상세조회,2026-06-29 19:31:28
SESS0004396,P00068,상품_상세조회,2026-06-29 19:32:38
SESS0004396,P00124,상품_상세조회,2026-06-29 19:35:56
SESS0004396,P00127,상품_상세조회,2026-06-29 19:38:29
SESS0004396,P00129,상품_상세조회,2026-06-29 19:40:15
SESS0004397,P00091,상품_상세조회,2026-07-02 15:25:29
SESS0004397,P00096,상품_상세조회,2026-07-02 15:26:04
SESS0004397,P00112,상품_상세조회,2026-07-02 15:30:02
SESS0004397,P00109,상품_상세조회,2026-07-02 15:31:04
SESS0004397,P00114,상품_상세조회,2026-07-02 15:32:47
SESS0004398,P00157,상품_상세조회,2026-06-21 16:38:23
SESS0004398,P00162,상품_상세조회,2026-06-21 16:41:03
SESS0004398,P00164,장바구니_담기,2026-06-21 16:41:35
SESS0004398,P00161,구매완료,2026-06-21 16:44:13
SESS0004399,P00064,상품_상세조회,2026-06-29 21:05:32
SESS0004399,P00064,상품_상세조회,2026-06-29 21:05:51
SESS0004399,P00062,상품_상세조회,2026-06-29 21:08:27
SESS0004400,P00088,상품_상세조회,2026-06-26 23:17:02
SESS0004400,P00098,상품_상세조회,2026-06-26 23:19:21
SESS0004400,P00101,상품_상세조회,2026-06-26 23:22:07
SESS0004401,P00114,상품_상세조회,2026-06-30 18:32:38
SESS0004401,P00112,찜하기,2026-06-30 18:34:54
SESS0004401,P00114,상품_상세조회,2026-06-30 18:36:44
SESS0004401,P00112,상품_상세조회,2026-06-30 18:38:53
SESS0004401,P00119,상품_상세조회,2026-06-30 18:39:52
SESS0004401,P00106,찜하기,2026-06-30 18:41:00
SESS0004401,P00120,장바구니_담기,2026-06-30 18:42:09
SESS0004402,P00023,상품_상세조회,2026-06-18 16:36:16
SESS0004403,P00148,상품_상세조회,2026-06-17 22:39:17
SESS0004403,P00145,장바구니_담기,2026-06-17 22:41:28
SESS0004403,P00136,구매완료,2026-06-17 22:46:16
SESS0004405,P00142,상품_상세조회,2026-06-08 22:26:32
SESS0004406,P00076,상품_상세조회,2026-06-04 21:18:29
SESS0004407,P00149,상품_상세조회,2026-06-24 20:55:03
SESS0004407,P00143,상품_상세조회,2026-06-24 20:56:49
SESS0004408,P00137,상품_상세조회,2026-07-01 15:48:04
SESS0004408,P00143,장바구니_담기,2026-07-01 15:50:53
SESS0004408,P00150,구매완료,2026-07-01 15:55:47
SESS0004409,P00075,상품_상세조회,2026-06-05 18:24:59
SESS0004409,P00153,상품_상세조회,2026-06-05 18:29:13
SESS0004411,P00064,상품_상세조회,2026-06-28 23:48:09
SESS0004412,P00028,상품_상세조회,2026-06-25 19:59:41
SESS0004413,P00137,상품_상세조회,2026-06-17 20:37:10
SESS0004414,P00075,상품_상세조회,2026-06-20 16:07:50
SESS0004414,P00069,장바구니_담기,2026-06-20 16:09:37
SESS0004414,P00071,구매완료,2026-06-20 16:12:14
SESS0004416,P00084,상품_상세조회,2026-06-08 20:27:59
SESS0004416,P00083,찜하기,2026-06-08 20:29:05
SESS0004416,P00089,장바구니_담기,2026-06-08 20:31:36
SESS0004417,P00129,상품_상세조회,2026-06-07 16:34:13
SESS0004417,P00131,장바구니_담기,2026-06-07 16:36:16
SESS0004417,P00121,상품_상세조회,2026-06-07 16:36:39
SESS0004418,P00132,상품_상세조회,2026-06-18 23:58:13
SESS0004418,P00122,상품_상세조회,2026-06-18 23:59:36
SESS0004418,P00072,상품_상세조회,2026-06-19 00:04:15
SESS0004419,P00156,상품_상세조회,2026-06-23 22:10:04
SESS0004420,P00165,상품_상세조회,2026-06-29 14:57:53
SESS0004420,P00154,상품_상세조회,2026-06-29 14:59:55
SESS0004421,P00047,상품_상세조회,2026-06-29 18:55:15
SESS0004421,P00060,상품_상세조회,2026-06-29 18:56:45
SESS0004421,P00048,찜하기,2026-06-29 18:57:35
SESS0004422,P00071,상품_상세조회,2026-06-19 19:35:30
SESS0004423,P00056,상품_상세조회,2026-06-09 21:10:46
SESS0004424,P00103,상품_상세조회,2026-06-16 15:53:17
SESS0004424,P00094,상품_상세조회,2026-06-16 15:54:59
SESS0004424,P00093,상품_상세조회,2026-06-16 15:57:20
SESS0004424,P00097,상품_상세조회,2026-06-16 15:58:45
SESS0004424,P00092,찜하기,2026-06-16 16:00:17
SESS0004424,P00093,상품_상세조회,2026-06-16 16:00:46
SESS0004425,P00002,상품_상세조회,2026-06-05 18:25:33
SESS0004426,P00005,상품_상세조회,2026-06-26 18:19:16
SESS0004426,P00009,찜하기,2026-06-26 18:20:20
SESS0004427,P00012,상품_상세조회,2026-06-24 23:25:18
SESS0004428,P00073,상품_상세조회,2026-07-01 19:37:25
SESS0004428,P00067,장바구니_담기,2026-07-01 19:38:33
SESS0004428,P00074,구매완료,2026-07-01 19:41:23
SESS0004429,P00102,상품_상세조회,2026-06-10 20:30:57
SESS0004429,P00097,찜하기,2026-06-10 20:32:16
SESS0004429,P00094,상품_상세조회,2026-06-10 20:33:55
SESS0004429,P00102,찜하기,2026-06-10 20:34:55
SESS0004429,P00104,장바구니_담기,2026-06-10 20:37:43
SESS0004431,P00137,상품_상세조회,2026-06-12 19:42:17
SESS0004432,P00067,상품_상세조회,2026-06-30 18:04:53
SESS0004432,P00072,장바구니_담기,2026-06-30 18:06:57
SESS0004433,P00058,상품_상세조회,2026-06-15 22:30:29
SESS0004433,P00046,상품_상세조회,2026-06-15 22:31:46
SESS0004434,P00069,상품_상세조회,2026-06-05 17:59:32
SESS0004434,P00072,찜하기,2026-06-05 18:00:14
SESS0004434,P00066,상품_상세조회,2026-06-05 18:01:56
SESS0004434,P00072,찜하기,2026-06-05 18:04:53
SESS0004435,P00134,상품_상세조회,2026-06-17 23:07:03
SESS0004435,P00127,찜하기,2026-06-17 23:08:33
SESS0004435,P00121,상품_상세조회,2026-06-17 23:10:50
SESS0004435,P00129,상품_상세조회,2026-06-17 23:11:08
SESS0004436,P00164,상품_상세조회,2026-06-17 15:10:47
SESS0004436,P00162,상품_상세조회,2026-06-17 15:13:15
SESS0004436,P00157,찜하기,2026-06-17 15:13:45
SESS0004436,P00164,상품_상세조회,2026-06-17 15:15:35
SESS0004436,P00157,상품_상세조회,2026-06-17 15:18:04
SESS0004436,P00082,상품_상세조회,2026-06-17 15:21:54
SESS0004436,P00081,상품_상세조회,2026-06-17 15:24:43
SESS0004437,P00062,상품_상세조회,2026-06-22 21:10:33
SESS0004438,P00141,상품_상세조회,2026-06-29 19:55:00
SESS0004439,P00044,상품_상세조회,2026-06-10 14:40:06
SESS0004440,P00143,상품_상세조회,2026-07-02 21:44:42
SESS0004440,P00137,찜하기,2026-07-02 21:47:08
SESS0004440,P00148,상품_상세조회,2026-07-02 21:49:07
SESS0004440,P00147,상품_상세조회,2026-07-02 21:49:30
SESS0004440,P00148,상품_상세조회,2026-07-02 21:50:52
SESS0004440,P00139,상품_상세조회,2026-07-02 21:52:51
SESS0004442,P00129,상품_상세조회,2026-06-09 17:39:41
SESS0004443,P00049,상품_상세조회,2026-06-21 22:50:13
SESS0004443,P00047,찜하기,2026-06-21 22:51:41
SESS0004443,P00060,상품_상세조회,2026-06-21 22:53:30
SESS0004445,P00109,상품_상세조회,2026-06-05 18:13:37
SESS0004445,P00108,장바구니_담기,2026-06-05 18:16:07
SESS0004446,P00165,상품_상세조회,2026-06-16 15:51:51
SESS0004446,P00165,찜하기,2026-06-16 15:54:49
SESS0004446,P00154,상품_상세조회,2026-06-16 15:56:23
SESS0004447,P00062,상품_상세조회,2026-06-26 20:53:47
SESS0004447,P00063,상품_상세조회,2026-06-26 20:54:35
SESS0004447,P00069,상품_상세조회,2026-06-26 20:57:20
SESS0004447,P00071,상품_상세조회,2026-06-26 21:00:18
SESS0004447,P00061,상품_상세조회,2026-06-26 21:01:42
SESS0004447,P00071,장바구니_담기,2026-06-26 21:02:47
SESS0004448,P00141,상품_상세조회,2026-06-09 15:51:44
SESS0004449,P00122,상품_상세조회,2026-06-05 17:21:07
SESS0004449,P00130,장바구니_담기,2026-06-05 17:23:03
SESS0004449,P00123,구매완료,2026-06-05 17:27:42
SESS0004450,P00082,상품_상세조회,2026-06-21 16:34:30
SESS0004450,P00083,찜하기,2026-06-21 16:37:14
SESS0004450,P00084,장바구니_담기,2026-06-21 16:37:51
SESS0004450,P00078,구매완료,2026-06-21 16:41:55
SESS0004452,P00098,상품_상세조회,2026-06-29 14:49:15
SESS0004452,P00089,상품_상세조회,2026-06-29 14:54:12
SESS0004453,P00066,상품_상세조회,2026-06-15 21:55:45
SESS0004453,P00129,상품_상세조회,2026-06-15 22:02:17
SESS0004453,P00133,상품_상세조회,2026-06-15 22:04:55
SESS0004453,P00121,상품_상세조회,2026-06-15 22:07:24
SESS0004453,P00122,장바구니_담기,2026-06-15 22:08:11
SESS0004453,P00121,구매완료,2026-06-15 22:11:12
SESS0004454,P00063,상품_상세조회,2026-07-03 20:45:14
SESS0004454,P00064,장바구니_담기,2026-07-03 20:47:10
SESS0004454,P00075,구매완료,2026-07-03 20:51:15
SESS0004455,P00011,상품_상세조회,2026-06-15 15:36:39
SESS0004456,P00163,상품_상세조회,2026-06-10 21:40:28
SESS0004456,P00159,찜하기,2026-06-10 21:42:38
SESS0004457,P00085,상품_상세조회,2026-06-05 18:58:13
SESS0004457,P00084,찜하기,2026-06-05 19:00:31
SESS0004458,P00093,상품_상세조회,2026-06-07 16:28:51
SESS0004458,P00092,상품_상세조회,2026-06-07 16:31:10
SESS0004458,P00095,상품_상세조회,2026-06-07 16:33:13
SESS0004458,P00100,상품_상세조회,2026-06-07 16:34:45
SESS0004458,P00081,상품_상세조회,2026-06-07 16:38:00
SESS0004458,P00079,장바구니_담기,2026-06-07 16:40:20
SESS0004458,P00083,구매완료,2026-06-07 16:43:22
SESS0004459,P00080,상품_상세조회,2026-06-10 18:52:13
SESS0004459,P00098,상품_상세조회,2026-06-10 18:57:14
SESS0004459,P00100,상품_상세조회,2026-06-10 18:58:15
SESS0004459,P00097,상품_상세조회,2026-06-10 19:00:07
SESS0004460,P00015,상품_상세조회,2026-07-01 15:30:47
SESS0004462,P00112,상품_상세조회,2026-06-08 16:45:52
SESS0004462,P00120,상품_상세조회,2026-06-08 16:47:32
SESS0004463,P00061,상품_상세조회,2026-06-10 23:56:15
SESS0004463,P00065,장바구니_담기,2026-06-10 23:57:31
SESS0004464,P00122,상품_상세조회,2026-06-26 23:49:19
SESS0004465,P00089,상품_상세조회,2026-06-21 20:53:31
SESS0004465,P00080,찜하기,2026-06-21 20:56:21
SESS0004466,P00061,상품_상세조회,2026-06-05 21:17:20
SESS0004467,P00065,상품_상세조회,2026-06-23 22:15:43
SESS0004468,P00084,상품_상세조회,2026-06-17 14:37:15
SESS0004468,P00079,장바구니_담기,2026-06-17 14:39:47
SESS0004468,P00081,구매완료,2026-06-17 14:40:43
SESS0004469,P00095,상품_상세조회,2026-06-15 22:59:50
SESS0004469,P00092,찜하기,2026-06-15 23:00:42
SESS0004469,P00094,상품_상세조회,2026-06-15 23:03:38
SESS0004469,P00092,찜하기,2026-06-15 23:06:13
SESS0004469,P00101,장바구니_담기,2026-06-15 23:06:47
SESS0004470,P00069,상품_상세조회,2026-06-19 18:18:42
SESS0004470,P00061,찜하기,2026-06-19 18:20:48
SESS0004470,P00069,상품_상세조회,2026-06-19 18:21:31
SESS0004471,P00074,상품_상세조회,2026-06-12 15:11:38
SESS0004471,P00074,상품_상세조회,2026-06-12 15:13:20
SESS0004471,P00061,찜하기,2026-06-12 15:15:29
SESS0004471,P00070,장바구니_담기,2026-06-12 15:17:47
SESS0004472,P00064,상품_상세조회,2026-06-18 23:45:37
SESS0004473,P00084,상품_상세조회,2026-06-18 00:01:05
SESS0004473,P00083,상품_상세조회,2026-06-18 00:04:33
SESS0004473,P00085,장바구니_담기,2026-06-18 00:07:26
SESS0004473,P00083,구매완료,2026-06-18 00:08:40
SESS0004474,P00137,상품_상세조회,2026-06-24 21:52:33
SESS0004474,P00147,찜하기,2026-06-24 21:55:22
SESS0004475,P00072,상품_상세조회,2026-06-17 19:29:21
SESS0004475,P00067,상품_상세조회,2026-06-17 19:29:51
SESS0004476,P00081,상품_상세조회,2026-06-18 17:48:22
SESS0004476,P00085,상품_상세조회,2026-06-18 17:51:03
SESS0004476,P00085,상품_상세조회,2026-06-18 17:51:52
SESS0004478,P00147,상품_상세조회,2026-07-01 17:44:54
SESS0004478,P00065,상품_상세조회,2026-07-01 17:47:33
SESS0004478,P00067,상품_상세조회,2026-07-01 17:48:17
SESS0004478,P00068,장바구니_담기,2026-07-01 17:49:56
SESS0004478,P00073,상품_상세조회,2026-07-01 17:52:11
SESS0004479,P00121,상품_상세조회,2026-06-22 19:00:30
SESS0004479,P00130,찜하기,2026-06-22 19:02:35
SESS0004480,P00100,상품_상세조회,2026-06-05 20:25:20
SESS0004483,P00070,상품_상세조회,2026-06-30 15:56:17
SESS0004483,P00065,찜하기,2026-06-30 15:57:26
SESS0004484,P00071,상품_상세조회,2026-06-05 17:31:43
SESS0004485,P00122,상품_상세조회,2026-06-29 16:56:35
SESS0004486,P00002,상품_상세조회,2026-06-04 15:11:07
SESS0004486,P00001,장바구니_담기,2026-06-04 15:12:21
SESS0004486,P00013,상품_상세조회,2026-06-04 15:15:08
SESS0004487,P00004,상품_상세조회,2026-06-19 14:10:36
SESS0004487,P00002,상품_상세조회,2026-06-19 14:13:09
SESS0004491,P00100,상품_상세조회,2026-06-08 17:04:48
SESS0004491,P00100,상품_상세조회,2026-06-08 17:05:32
SESS0004492,P00131,상품_상세조회,2026-06-20 17:51:46
SESS0004494,P00017,상품_상세조회,2026-06-15 20:54:24
SESS0004495,P00093,상품_상세조회,2026-06-21 18:47:25
SESS0004495,P00098,찜하기,2026-06-21 18:49:15
SESS0004495,P00095,상품_상세조회,2026-06-21 18:51:10
SESS0004495,P00101,상품_상세조회,2026-06-21 18:53:46
SESS0004495,P00098,장바구니_담기,2026-06-21 18:54:16
SESS0004496,P00108,상품_상세조회,2026-07-02 19:27:00
SESS0004497,P00089,상품_상세조회,2026-06-21 18:36:42
SESS0004497,P00078,장바구니_담기,2026-06-21 18:38:57
SESS0004497,P00076,구매완료,2026-06-21 18:42:55
SESS0004498,P00068,상품_상세조회,2026-06-18 16:17:43
SESS0004498,P00071,장바구니_담기,2026-06-18 16:20:16
SESS0004499,P00111,상품_상세조회,2026-06-18 17:42:10
SESS0004499,P00118,찜하기,2026-06-18 17:42:51
SESS0004499,P00118,상품_상세조회,2026-06-18 17:44:51
SESS0004499,P00118,상품_상세조회,2026-06-18 17:45:41
SESS0004499,P00115,상품_상세조회,2026-06-18 17:46:59
SESS0004499,P00117,장바구니_담기,2026-06-18 17:48:20
SESS0004500,P00008,상품_상세조회,2026-06-30 18:02:11
SESS0004500,P00012,상품_상세조회,2026-06-30 18:05:03
SESS0004500,P00006,상품_상세조회,2026-06-30 18:07:17
SESS0004502,P00067,상품_상세조회,2026-06-30 15:50:54
SESS0004502,P00064,상품_상세조회,2026-06-30 15:51:54
SESS0004502,P00074,상품_상세조회,2026-06-30 15:53:07
SESS0004502,P00069,상품_상세조회,2026-06-30 15:55:14
SESS0004502,P00065,장바구니_담기,2026-06-30 15:57:30
SESS0004502,P00075,구매완료,2026-06-30 16:00:27
SESS0004503,P00143,상품_상세조회,2026-06-14 19:55:36
SESS0004503,P00146,상품_상세조회,2026-06-14 19:58:27
SESS0004503,P00146,상품_상세조회,2026-06-14 20:00:28
SESS0004503,P00136,장바구니_담기,2026-06-14 20:02:49
SESS0004503,P00145,구매완료,2026-06-14 20:04:04
SESS0004504,P00083,상품_상세조회,2026-07-02 19:46:55
SESS0004504,P00079,상품_상세조회,2026-07-02 19:47:37
SESS0004504,P00086,장바구니_담기,2026-07-02 19:48:26
SESS0004504,P00083,상품_상세조회,2026-07-02 19:50:04
SESS0004504,P00084,찜하기,2026-07-02 19:50:36
SESS0004504,P00077,장바구니_담기,2026-07-02 19:52:08
SESS0004504,P00076,상품_상세조회,2026-07-02 19:55:03
SESS0004504,P00090,상품_상세조회,2026-07-02 19:58:01
SESS0004505,P00079,상품_상세조회,2026-06-15 22:07:04
SESS0004505,P00087,상품_상세조회,2026-06-15 22:07:57
SESS0004505,P00078,찜하기,2026-06-15 22:10:42
SESS0004506,P00068,상품_상세조회,2026-06-25 21:00:59
SESS0004506,P00068,장바구니_담기,2026-06-25 21:03:01
SESS0004508,P00120,상품_상세조회,2026-06-13 20:29:55
SESS0004508,P00116,찜하기,2026-06-13 20:31:55
SESS0004508,P00117,상품_상세조회,2026-06-13 20:32:14
SESS0004508,P00115,상품_상세조회,2026-06-13 20:33:01
SESS0004508,P00113,찜하기,2026-06-13 20:35:29
SESS0004508,P00113,장바구니_담기,2026-06-13 20:36:10
SESS0004509,P00080,상품_상세조회,2026-06-29 21:18:20
SESS0004509,P00088,찜하기,2026-06-29 21:19:28
SESS0004509,P00086,상품_상세조회,2026-06-29 21:21:01
SESS0004509,P00081,상품_상세조회,2026-06-29 21:22:49
SESS0004509,P00092,상품_상세조회,2026-06-29 21:25:22
SESS0004509,P00092,찜하기,2026-06-29 21:26:59
SESS0004510,P00101,상품_상세조회,2026-06-14 20:08:47
SESS0004510,P00091,상품_상세조회,2026-06-14 20:11:39
SESS0004511,P00066,상품_상세조회,2026-06-25 16:58:09
SESS0004511,P00062,장바구니_담기,2026-06-25 16:59:33
SESS0004511,P00071,구매완료,2026-06-25 17:02:30
SESS0004512,P00008,상품_상세조회,2026-06-28 17:34:22
SESS0004512,P00011,장바구니_담기,2026-06-28 17:36:49
SESS0004512,P00009,구매완료,2026-06-28 17:39:20
SESS0004513,P00163,상품_상세조회,2026-06-16 23:17:55
SESS0004514,P00074,상품_상세조회,2026-06-19 15:16:20
SESS0004514,P00062,상품_상세조회,2026-06-19 15:17:47
SESS0004515,P00161,상품_상세조회,2026-06-07 19:21:15
SESS0004516,P00120,상품_상세조회,2026-06-05 18:49:08
SESS0004516,P00107,상품_상세조회,2026-06-05 18:49:28
SESS0004516,P00113,장바구니_담기,2026-06-05 18:51:49
SESS0004517,P00008,상품_상세조회,2026-06-07 18:44:33
SESS0004517,P00008,상품_상세조회,2026-06-07 18:46:06
SESS0004517,P00013,장바구니_담기,2026-06-07 18:46:59
SESS0004517,P00007,구매완료,2026-06-07 18:49:32
SESS0004518,P00143,상품_상세조회,2026-06-29 20:40:14
SESS0004519,P00069,상품_상세조회,2026-06-19 19:00:01
SESS0004519,P00065,찜하기,2026-06-19 19:01:57
SESS0004520,P00130,상품_상세조회,2026-06-22 09:13:33
SESS0004521,P00022,상품_상세조회,2026-06-05 18:53:06
SESS0004521,P00020,장바구니_담기,2026-06-05 18:55:31
SESS0004523,P00035,상품_상세조회,2026-06-13 19:33:22
SESS0004523,P00041,상품_상세조회,2026-06-13 19:33:57
SESS0004523,P00040,상품_상세조회,2026-06-13 19:36:42
SESS0004523,P00031,상품_상세조회,2026-06-13 19:38:19
SESS0004523,P00031,상품_상세조회,2026-06-13 19:39:52
SESS0004524,P00042,상품_상세조회,2026-07-01 18:09:28
SESS0004524,P00031,상품_상세조회,2026-07-01 18:11:10
SESS0004524,P00135,상품_상세조회,2026-07-01 18:15:12
SESS0004524,P00075,상품_상세조회,2026-07-01 18:19:56
SESS0004524,P00068,상품_상세조회,2026-07-01 18:20:51
SESS0004525,P00035,상품_상세조회,2026-06-20 21:48:35
SESS0004527,P00144,상품_상세조회,2026-07-03 15:51:03
SESS0004527,P00138,찜하기,2026-07-03 15:53:30
SESS0004527,P00139,상품_상세조회,2026-07-03 15:54:31
SESS0004527,P00141,상품_상세조회,2026-07-03 15:56:43
SESS0004528,P00037,상품_상세조회,2026-06-23 14:46:13
SESS0004528,P00042,상품_상세조회,2026-06-23 14:46:40
SESS0004528,P00033,찜하기,2026-06-23 14:48:26
SESS0004529,P00053,상품_상세조회,2026-06-05 23:19:55
SESS0004529,P00050,장바구니_담기,2026-06-05 23:22:53
SESS0004529,P00046,상품_상세조회,2026-06-05 23:23:30
SESS0004529,P00049,찜하기,2026-06-05 23:24:35
SESS0004529,P00052,장바구니_담기,2026-06-05 23:27:12
SESS0004529,P00051,구매완료,2026-06-05 23:29:34
SESS0004530,P00047,상품_상세조회,2026-06-17 16:31:19
SESS0004531,P00106,상품_상세조회,2026-07-03 16:05:42
SESS0004531,P00111,상품_상세조회,2026-07-03 16:06:51
SESS0004531,P00107,장바구니_담기,2026-07-03 16:08:08
SESS0004532,P00155,상품_상세조회,2026-06-30 23:42:03
SESS0004532,P00165,상품_상세조회,2026-06-30 23:42:48
SESS0004532,P00161,찜하기,2026-06-30 23:45:27
SESS0004532,P00155,상품_상세조회,2026-06-30 23:47:55
SESS0004532,P00165,찜하기,2026-06-30 23:50:15
SESS0004533,P00109,상품_상세조회,2026-06-19 19:09:32
SESS0004534,P00106,상품_상세조회,2026-06-25 18:03:56
SESS0004534,P00112,찜하기,2026-06-25 18:04:48
SESS0004534,P00117,상품_상세조회,2026-06-25 18:06:19
SESS0004534,P00107,장바구니_담기,2026-06-25 18:09:14
SESS0004534,P00117,구매완료,2026-06-25 18:11:13
SESS0004535,P00075,상품_상세조회,2026-06-16 20:15:17
SESS0004535,P00145,상품_상세조회,2026-06-16 20:21:35
SESS0004536,P00084,상품_상세조회,2026-07-02 17:29:57
SESS0004536,P00084,상품_상세조회,2026-07-02 17:30:58
SESS0004538,P00172,상품_상세조회,2026-06-28 16:18:25
SESS0004538,P00092,상품_상세조회,2026-06-28 16:20:49
SESS0004538,P00103,찜하기,2026-06-28 16:21:37
SESS0004539,P00153,상품_상세조회,2026-06-08 15:42:24
SESS0004539,P00164,장바구니_담기,2026-06-08 15:43:30
SESS0004539,P00162,구매완료,2026-06-08 15:45:48
SESS0004540,P00150,상품_상세조회,2026-06-15 17:52:15
SESS0004540,P00140,장바구니_담기,2026-06-15 17:53:59
SESS0004540,P00139,구매완료,2026-06-15 17:58:19
SESS0004541,P00134,상품_상세조회,2026-06-11 15:29:59
SESS0004541,P00125,장바구니_담기,2026-06-11 15:31:39
SESS0004542,P00012,상품_상세조회,2026-06-05 20:11:01
SESS0004543,P00124,상품_상세조회,2026-07-02 22:33:34
SESS0004544,P00162,상품_상세조회,2026-06-25 18:37:34
SESS0004544,P00161,찜하기,2026-06-25 18:38:58
SESS0004545,P00061,상품_상세조회,2026-06-21 19:03:56
SESS0004545,P00011,상품_상세조회,2026-06-21 19:07:28
SESS0004546,P00064,상품_상세조회,2026-06-04 20:01:13
SESS0004547,P00066,상품_상세조회,2026-06-11 15:09:52
SESS0004548,P00126,상품_상세조회,2026-06-08 18:42:54
SESS0004549,P00081,상품_상세조회,2026-06-17 22:46:22
SESS0004549,P00086,장바구니_담기,2026-06-17 22:48:56
SESS0004550,P00163,상품_상세조회,2026-06-09 21:46:39
SESS0004550,P00024,상품_상세조회,2026-06-09 21:49:32
SESS0004550,P00018,찜하기,2026-06-09 21:50:30
SESS0004550,P00028,상품_상세조회,2026-06-09 21:52:52
SESS0004550,P00028,찜하기,2026-06-09 21:55:32
SESS0004550,P00030,상품_상세조회,2026-06-09 21:56:49
SESS0004550,P00030,찜하기,2026-06-09 21:57:42
SESS0004550,P00022,장바구니_담기,2026-06-09 22:00:33
SESS0004550,P00020,구매완료,2026-06-09 22:05:01
SESS0004551,P00099,상품_상세조회,2026-07-01 17:30:06
SESS0004552,P00108,상품_상세조회,2026-06-28 23:58:57
SESS0004553,P00084,상품_상세조회,2026-06-16 21:54:25
SESS0004553,P00082,상품_상세조회,2026-06-16 21:56:10
SESS0004554,P00154,상품_상세조회,2026-06-15 14:15:24
SESS0004554,P00152,상품_상세조회,2026-06-15 14:17:15
SESS0004554,P00155,상품_상세조회,2026-06-15 14:19:38
SESS0004554,P00161,찜하기,2026-06-15 14:19:56
SESS0004554,P00155,상품_상세조회,2026-06-15 14:20:42
SESS0004554,P00154,상품_상세조회,2026-06-15 14:21:20
SESS0004554,P00162,찜하기,2026-06-15 14:22:21
SESS0004555,P00001,상품_상세조회,2026-06-11 19:02:48
SESS0004555,P00002,장바구니_담기,2026-06-11 19:05:37
SESS0004555,P00006,구매완료,2026-06-11 19:08:09
SESS0004556,P00126,상품_상세조회,2026-06-15 21:28:04
SESS0004556,P00122,상품_상세조회,2026-06-15 21:29:50
SESS0004556,P00131,찜하기,2026-06-15 21:31:06
SESS0004556,P00135,상품_상세조회,2026-06-15 21:32:12
SESS0004556,P00126,상품_상세조회,2026-06-15 21:34:04
SESS0004556,P00129,장바구니_담기,2026-06-15 21:36:14
SESS0004556,P00132,상품_상세조회,2026-06-15 21:37:50
SESS0004557,P00105,상품_상세조회,2026-06-16 20:14:33
SESS0004557,P00095,찜하기,2026-06-16 20:16:59
SESS0004558,P00155,상품_상세조회,2026-06-30 18:48:07
SESS0004559,P00085,상품_상세조회,2026-06-26 21:29:27
SESS0004559,P00090,찜하기,2026-06-26 21:30:33
SESS0004559,P00079,상품_상세조회,2026-06-26 21:32:00
SESS0004559,P00086,장바구니_담기,2026-06-26 21:34:39
SESS0004559,P00078,구매완료,2026-06-26 21:38:41
SESS0004560,P00115,상품_상세조회,2026-06-16 20:48:15
SESS0004560,P00111,상품_상세조회,2026-06-16 20:48:59
SESS0004560,P00106,찜하기,2026-06-16 20:49:25
SESS0004560,P00116,상품_상세조회,2026-06-16 20:52:01
SESS0004561,P00163,상품_상세조회,2026-06-07 17:15:00
SESS0004561,P00128,상품_상세조회,2026-06-07 17:19:17
SESS0004561,P00130,상품_상세조회,2026-06-07 17:21:15
SESS0004561,P00131,상품_상세조회,2026-06-07 17:23:50
SESS0004562,P00080,상품_상세조회,2026-06-14 19:54:27
SESS0004562,P00079,장바구니_담기,2026-06-14 19:57:16
SESS0004562,P00090,상품_상세조회,2026-06-14 19:58:27
SESS0004562,P00078,찜하기,2026-06-14 20:00:06
SESS0004562,P00077,상품_상세조회,2026-06-14 20:01:23
SESS0004564,P00076,상품_상세조회,2026-06-10 22:35:29
SESS0004564,P00076,장바구니_담기,2026-06-10 22:38:15
SESS0004565,P00117,상품_상세조회,2026-06-09 19:42:30
SESS0004565,P00110,상품_상세조회,2026-06-09 19:44:44
SESS0004565,P00040,상품_상세조회,2026-06-09 19:47:16
SESS0004565,P00035,찜하기,2026-06-09 19:50:02
SESS0004565,P00039,장바구니_담기,2026-06-09 19:50:36
SESS0004565,P00031,구매완료,2026-06-09 19:55:28
SESS0004566,P00153,상품_상세조회,2026-07-03 20:52:20
SESS0004566,P00022,상품_상세조회,2026-07-03 20:55:39
SESS0004567,P00142,상품_상세조회,2026-06-22 16:49:02
SESS0004567,P00137,상품_상세조회,2026-06-22 16:50:24
SESS0004567,P00142,상품_상세조회,2026-06-22 16:52:34
SESS0004567,P00149,상품_상세조회,2026-06-22 16:54:54
SESS0004567,P00147,장바구니_담기,2026-06-22 16:56:00
SESS0004568,P00073,상품_상세조회,2026-07-02 20:28:04
SESS0004568,P00061,상품_상세조회,2026-07-02 20:30:13
SESS0004570,P00053,상품_상세조회,2026-06-07 21:53:25
SESS0004570,P00148,상품_상세조회,2026-06-07 21:57:46
SESS0004571,P00085,상품_상세조회,2026-06-15 17:27:36
SESS0004571,P00085,찜하기,2026-06-15 17:29:38
SESS0004571,P00077,장바구니_담기,2026-06-15 17:32:23
SESS0004571,P00080,구매완료,2026-06-15 17:37:09
SESS0004572,P00079,상품_상세조회,2026-06-17 17:26:17
SESS0004574,P00145,상품_상세조회,2026-06-17 19:31:59
SESS0004576,P00122,상품_상세조회,2026-06-15 19:07:00
SESS0004576,P00134,찜하기,2026-06-15 19:08:42
SESS0004576,P00132,장바구니_담기,2026-06-15 19:11:06
SESS0004577,P00156,상품_상세조회,2026-06-10 18:59:16
SESS0004577,P00152,상품_상세조회,2026-06-10 19:01:15
SESS0004577,P00161,상품_상세조회,2026-06-10 19:03:55
SESS0004577,P00152,찜하기,2026-06-10 19:04:37
SESS0004578,P00072,상품_상세조회,2026-06-30 21:25:41
SESS0004578,P00069,찜하기,2026-06-30 21:26:39
SESS0004578,P00072,상품_상세조회,2026-06-30 21:27:02
SESS0004579,P00156,상품_상세조회,2026-06-30 19:39:18
SESS0004580,P00151,상품_상세조회,2026-06-15 18:09:26
SESS0004581,P00094,상품_상세조회,2026-06-17 22:24:05
SESS0004581,P00105,상품_상세조회,2026-06-17 22:25:05
SESS0004582,P00165,상품_상세조회,2026-06-29 14:47:18
SESS0004582,P00152,장바구니_담기,2026-06-29 14:49:32
SESS0004583,P00078,상품_상세조회,2026-06-16 18:51:40
SESS0004583,P00088,상품_상세조회,2026-06-16 18:54:19
SESS0004583,P00076,상품_상세조회,2026-06-16 18:54:55
SESS0004583,P00079,장바구니_담기,2026-06-16 18:57:06
SESS0004583,P00083,상품_상세조회,2026-06-16 18:58:26
SESS0004584,P00062,상품_상세조회,2026-06-10 18:29:23
SESS0004584,P00075,장바구니_담기,2026-06-10 18:31:38
SESS0004584,P00067,구매완료,2026-06-10 18:34:27
SESS0004585,P00065,상품_상세조회,2026-07-03 19:41:25
SESS0004585,P00075,장바구니_담기,2026-07-03 19:43:28
SESS0004585,P00072,상품_상세조회,2026-07-03 19:45:19
SESS0004585,P00088,상품_상세조회,2026-07-03 19:49:35
SESS0004585,P00086,장바구니_담기,2026-07-03 19:49:58
SESS0004585,P00089,구매완료,2026-07-03 19:51:53
SESS0004586,P00134,상품_상세조회,2026-06-29 18:53:52
SESS0004586,P00129,상품_상세조회,2026-06-29 18:54:09
SESS0004588,P00120,상품_상세조회,2026-06-14 20:16:21
SESS0004589,P00097,상품_상세조회,2026-06-21 19:44:04
SESS0004589,P00100,상품_상세조회,2026-06-21 19:47:03
SESS0004589,P00096,상품_상세조회,2026-06-21 19:49:32
SESS0004589,P00105,상품_상세조회,2026-06-21 19:52:23
SESS0004590,P00158,상품_상세조회,2026-06-21 17:16:45
SESS0004590,P00163,장바구니_담기,2026-06-21 17:17:29
SESS0004591,P00101,상품_상세조회,2026-06-25 09:05:19
SESS0004591,P00105,상품_상세조회,2026-06-25 09:08:20
SESS0004591,P00092,상품_상세조회,2026-06-25 09:08:36
SESS0004592,P00009,상품_상세조회,2026-06-27 18:17:46
SESS0004592,P00010,상품_상세조회,2026-06-27 18:20:38
SESS0004592,P00015,상품_상세조회,2026-06-27 18:21:59
SESS0004592,P00003,장바구니_담기,2026-06-27 18:22:58
SESS0004592,P00014,구매완료,2026-06-27 18:25:51
SESS0004593,P00010,상품_상세조회,2026-06-06 21:42:20
SESS0004594,P00147,상품_상세조회,2026-06-28 19:15:41
SESS0004594,P00147,상품_상세조회,2026-06-28 19:17:39
SESS0004594,P00144,상품_상세조회,2026-06-28 19:19:32
SESS0004594,P00150,찜하기,2026-06-28 19:21:21
SESS0004595,P00080,상품_상세조회,2026-06-12 14:46:22
SESS0004595,P00085,상품_상세조회,2026-06-12 14:47:47
SESS0004596,P00007,상품_상세조회,2026-07-03 15:15:27
SESS0004596,P00014,찜하기,2026-07-03 15:17:08
SESS0004597,P00112,상품_상세조회,2026-06-21 15:15:21
SESS0004597,P00014,상품_상세조회,2026-06-21 15:16:44
SESS0004599,P00084,상품_상세조회,2026-06-10 18:40:49
SESS0004599,P00087,상품_상세조회,2026-06-10 18:43:33
SESS0004600,P00097,상품_상세조회,2026-06-21 17:02:43
SESS0004601,P00064,상품_상세조회,2026-06-12 18:57:12
SESS0004601,P00063,상품_상세조회,2026-06-12 18:58:00
SESS0004602,P00093,상품_상세조회,2026-06-19 16:38:03
SESS0004602,P00093,찜하기,2026-06-19 16:38:54
SESS0004603,P00087,상품_상세조회,2026-06-08 23:48:31
SESS0004603,P00078,장바구니_담기,2026-06-08 23:49:00
SESS0004604,P00162,상품_상세조회,2026-06-27 17:32:51
SESS0004605,P00121,상품_상세조회,2026-06-10 16:42:47
SESS0004605,P00129,상품_상세조회,2026-06-10 16:43:53
SESS0004605,P00122,상품_상세조회,2026-06-10 16:46:25
SESS0004605,P00131,장바구니_담기,2026-06-10 16:47:01
SESS0004605,P00133,구매완료,2026-06-10 16:50:36
SESS0004606,P00150,상품_상세조회,2026-07-02 16:17:33
SESS0004607,P00110,상품_상세조회,2026-06-09 20:15:17
SESS0004608,P00131,상품_상세조회,2026-06-20 18:25:29
SESS0004609,P00166,상품_상세조회,2026-06-19 18:38:03
SESS0004609,P00171,찜하기,2026-06-19 18:40:26
SESS0004610,P00171,상품_상세조회,2026-06-20 19:23:19
SESS0004610,P00167,상품_상세조회,2026-06-20 19:25:50
SESS0004610,P00166,찜하기,2026-06-20 19:27:01
SESS0004611,P00104,상품_상세조회,2026-06-14 20:33:09
SESS0004611,P00100,찜하기,2026-06-14 20:33:39
SESS0004611,P00097,장바구니_담기,2026-06-14 20:36:34
SESS0004611,P00104,상품_상세조회,2026-06-14 20:38:14
SESS0004611,P00103,찜하기,2026-06-14 20:40:20
SESS0004611,P00105,상품_상세조회,2026-06-14 20:40:48
SESS0004612,P00097,상품_상세조회,2026-06-10 22:27:43
SESS0004613,P00074,상품_상세조회,2026-07-01 20:07:40
SESS0004613,P00063,상품_상세조회,2026-07-01 20:08:07
SESS0004613,P00083,상품_상세조회,2026-07-01 20:11:41
SESS0004613,P00085,찜하기,2026-07-01 20:12:17
SESS0004613,P00087,상품_상세조회,2026-07-01 20:13:07
SESS0004613,P00012,상품_상세조회,2026-07-01 20:15:56
SESS0004613,P00007,장바구니_담기,2026-07-01 20:16:54
SESS0004613,P00015,구매완료,2026-07-01 20:21:49
SESS0004614,P00134,상품_상세조회,2026-06-18 18:20:00
SESS0004615,P00093,상품_상세조회,2026-06-29 20:35:17
SESS0004615,P00077,상품_상세조회,2026-06-29 20:41:23
SESS0004615,P00078,상품_상세조회,2026-06-29 20:43:59
SESS0004615,P00090,상품_상세조회,2026-06-29 20:45:57
SESS0004615,P00089,상품_상세조회,2026-06-29 20:46:35
SESS0004615,P00085,찜하기,2026-06-29 20:47:36
SESS0004616,P00064,상품_상세조회,2026-06-10 17:23:18
SESS0004616,P00067,상품_상세조회,2026-06-10 17:25:35
SESS0004617,P00087,상품_상세조회,2026-06-06 22:39:52
SESS0004617,P00065,상품_상세조회,2026-06-06 22:47:42
SESS0004617,P00075,찜하기,2026-06-06 22:49:27
SESS0004617,P00063,상품_상세조회,2026-06-06 22:50:45
SESS0004617,P00075,찜하기,2026-06-06 22:52:15
SESS0004617,P00070,상품_상세조회,2026-06-06 22:54:21
SESS0004618,P00077,상품_상세조회,2026-06-11 15:33:34
SESS0004618,P00087,찜하기,2026-06-11 15:34:48
SESS0004618,P00076,상품_상세조회,2026-06-11 15:37:18
SESS0004618,P00080,찜하기,2026-06-11 15:38:42
SESS0004618,P00085,상품_상세조회,2026-06-11 15:40:18
SESS0004618,P00084,상품_상세조회,2026-06-11 15:42:13
SESS0004619,P00010,상품_상세조회,2026-06-22 20:06:28
SESS0004619,P00006,상품_상세조회,2026-06-22 20:07:28
SESS0004619,P00008,장바구니_담기,2026-06-22 20:08:32
SESS0004619,P00002,구매완료,2026-06-22 20:12:08
SESS0004620,P00103,상품_상세조회,2026-06-18 17:23:17
SESS0004620,P00094,장바구니_담기,2026-06-18 17:25:10
SESS0004621,P00102,상품_상세조회,2026-06-12 21:45:01
SESS0004621,P00068,상품_상세조회,2026-06-12 21:50:19
SESS0004621,P00069,상품_상세조회,2026-06-12 21:50:47
SESS0004621,P00063,상품_상세조회,2026-06-12 21:53:29
SESS0004621,P00074,장바구니_담기,2026-06-12 21:54:33
SESS0004621,P00067,상품_상세조회,2026-06-12 21:57:20
SESS0004621,P00061,상품_상세조회,2026-06-12 21:59:25
SESS0004621,P00069,상품_상세조회,2026-06-12 22:02:01
SESS0004621,P00067,상품_상세조회,2026-06-12 22:03:11
SESS0004621,P00064,상품_상세조회,2026-06-12 22:05:09
SESS0004622,P00021,상품_상세조회,2026-06-27 19:57:59
SESS0004623,P00068,상품_상세조회,2026-06-08 20:02:00
SESS0004623,P00066,상품_상세조회,2026-06-08 20:03:31
SESS0004624,P00149,상품_상세조회,2026-06-26 18:28:14
SESS0004624,P00136,장바구니_담기,2026-06-26 18:30:36
SESS0004625,P00077,상품_상세조회,2026-06-11 23:08:59
SESS0004626,P00097,상품_상세조회,2026-06-27 22:52:29
SESS0004626,P00103,상품_상세조회,2026-06-27 22:53:09
SESS0004626,P00103,찜하기,2026-06-27 22:54:41
SESS0004626,P00098,상품_상세조회,2026-06-27 22:55:15
SESS0004627,P00074,상품_상세조회,2026-07-03 16:39:58
SESS0004627,P00070,찜하기,2026-07-03 16:41:21
SESS0004627,P00066,장바구니_담기,2026-07-03 16:42:48
SESS0004627,P00075,구매완료,2026-07-03 16:45:35
SESS0004628,P00063,상품_상세조회,2026-06-16 14:12:26
SESS0004628,P00068,상품_상세조회,2026-06-16 14:14:28
SESS0004628,P00063,상품_상세조회,2026-06-16 14:16:17
SESS0004628,P00065,상품_상세조회,2026-06-16 14:18:26
SESS0004628,P00061,장바구니_담기,2026-06-16 14:20:30
SESS0004629,P00077,상품_상세조회,2026-06-19 18:58:16
SESS0004629,P00078,상품_상세조회,2026-06-19 19:00:51
SESS0004630,P00088,상품_상세조회,2026-06-26 18:30:17
SESS0004630,P00087,상품_상세조회,2026-06-26 18:30:45
SESS0004630,P00087,찜하기,2026-06-26 18:32:35
SESS0004631,P00140,상품_상세조회,2026-06-22 23:24:46
SESS0004631,P00137,찜하기,2026-06-22 23:25:25
SESS0004631,P00147,장바구니_담기,2026-06-22 23:28:10
SESS0004632,P00121,상품_상세조회,2026-06-25 15:41:53
SESS0004632,P00125,상품_상세조회,2026-06-25 15:43:52
SESS0004632,P00130,장바구니_담기,2026-06-25 15:46:39
SESS0004632,P00134,구매완료,2026-06-25 15:48:47
SESS0004633,P00082,상품_상세조회,2026-06-06 15:23:08
SESS0004633,P00088,상품_상세조회,2026-06-06 15:24:26
SESS0004633,P00089,상품_상세조회,2026-06-06 15:26:21
SESS0004633,P00098,상품_상세조회,2026-06-06 15:29:12
SESS0004633,P00095,장바구니_담기,2026-06-06 15:29:51
SESS0004633,P00103,구매완료,2026-06-06 15:34:12
SESS0004636,P00069,상품_상세조회,2026-06-15 23:54:46
SESS0004636,P00061,상품_상세조회,2026-06-15 23:56:07
SESS0004636,P00064,장바구니_담기,2026-06-15 23:58:28
SESS0004636,P00068,상품_상세조회,2026-06-15 23:58:54
SESS0004637,P00075,상품_상세조회,2026-06-24 21:00:44
SESS0004637,P00071,장바구니_담기,2026-06-24 21:03:12
SESS0004637,P00065,상품_상세조회,2026-06-24 21:03:57
SESS0004637,P00030,상품_상세조회,2026-06-24 21:08:14
SESS0004638,P00143,상품_상세조회,2026-06-30 23:36:13
SESS0004640,P00157,상품_상세조회,2026-06-23 12:15:05
SESS0004640,P00153,찜하기,2026-06-23 12:17:51
SESS0004640,P00161,상품_상세조회,2026-06-23 12:19:34
SESS0004642,P00140,상품_상세조회,2026-06-07 19:46:25
SESS0004642,P00145,상품_상세조회,2026-06-07 19:47:00
SESS0004642,P00150,장바구니_담기,2026-06-07 19:49:46
SESS0004642,P00150,구매완료,2026-06-07 19:53:23
SESS0004643,P00134,상품_상세조회,2026-06-13 19:33:35
SESS0004643,P00122,장바구니_담기,2026-06-13 19:36:32
SESS0004643,P00135,구매완료,2026-06-13 19:39:25
SESS0004644,P00064,상품_상세조회,2026-07-01 20:24:27
SESS0004645,P00003,상품_상세조회,2026-06-29 19:18:23
SESS0004645,P00004,상품_상세조회,2026-06-29 19:19:04
SESS0004645,P00005,장바구니_담기,2026-06-29 19:19:47
SESS0004646,P00133,상품_상세조회,2026-06-04 19:03:01
SESS0004646,P00122,찜하기,2026-06-04 19:04:10
SESS0004647,P00006,상품_상세조회,2026-06-07 15:41:27
SESS0004648,P00126,상품_상세조회,2026-06-16 20:23:20
SESS0004648,P00135,장바구니_담기,2026-06-16 20:25:44
SESS0004651,P00081,상품_상세조회,2026-06-11 16:43:24
SESS0004651,P00083,장바구니_담기,2026-06-11 16:46:05
SESS0004651,P00084,상품_상세조회,2026-06-11 16:48:05
SESS0004651,P00076,상품_상세조회,2026-06-11 16:50:01
SESS0004652,P00006,상품_상세조회,2026-07-02 13:37:48
SESS0004652,P00005,상품_상세조회,2026-07-02 13:38:07
SESS0004652,P00003,장바구니_담기,2026-07-02 13:39:43
SESS0004652,P00003,구매완료,2026-07-02 13:42:57
SESS0004653,P00086,상품_상세조회,2026-06-12 16:53:57
SESS0004654,P00109,상품_상세조회,2026-06-15 20:05:39
SESS0004655,P00159,상품_상세조회,2026-06-04 18:05:57
SESS0004656,P00099,상품_상세조회,2026-06-08 23:31:44
SESS0004657,P00081,상품_상세조회,2026-07-01 23:13:31
SESS0004657,P00119,상품_상세조회,2026-07-01 23:16:51
SESS0004657,P00112,장바구니_담기,2026-07-01 23:17:06
SESS0004657,P00111,상품_상세조회,2026-07-01 23:18:57
SESS0004657,P00118,상품_상세조회,2026-07-01 23:20:07
SESS0004658,P00012,상품_상세조회,2026-06-12 13:47:26
SESS0004658,P00005,찜하기,2026-06-12 13:48:49
SESS0004658,P00011,상품_상세조회,2026-06-12 13:51:24
SESS0004658,P00003,장바구니_담기,2026-06-12 13:53:40
SESS0004659,P00075,상품_상세조회,2026-07-03 23:57:19
SESS0004659,P00067,장바구니_담기,2026-07-03 23:58:43
SESS0004659,P00065,상품_상세조회,2026-07-03 23:59:57
SESS0004659,P00068,상품_상세조회,2026-07-04 00:01:21
SESS0004659,P00070,찜하기,2026-07-04 00:04:08
SESS0004659,P00071,장바구니_담기,2026-07-04 00:05:58
SESS0004659,P00066,구매완료,2026-07-04 00:08:12
SESS0004660,P00163,상품_상세조회,2026-06-20 17:13:41
SESS0004660,P00158,찜하기,2026-06-20 17:15:30
SESS0004661,P00141,상품_상세조회,2026-06-22 19:46:30
SESS0004665,P00080,상품_상세조회,2026-06-22 16:11:59
SESS0004665,P00143,상품_상세조회,2026-06-22 16:15:13
SESS0004666,P00141,상품_상세조회,2026-06-17 22:45:09
SESS0004666,P00139,장바구니_담기,2026-06-17 22:47:59
SESS0004667,P00070,상품_상세조회,2026-06-05 23:50:12
SESS0004667,P00073,상품_상세조회,2026-06-05 23:58:16
SESS0004667,P00062,상품_상세조회,2026-06-06 00:00:08
SESS0004667,P00071,찜하기,2026-06-06 00:01:49
SESS0004667,P00073,상품_상세조회,2026-06-06 00:02:18
SESS0004667,P00062,상품_상세조회,2026-06-06 00:05:11
SESS0004667,P00145,상품_상세조회,2026-06-06 00:09:48
SESS0004667,P00147,장바구니_담기,2026-06-06 00:11:21
SESS0004668,P00165,상품_상세조회,2026-06-20 20:16:39
SESS0004668,P00163,찜하기,2026-06-20 20:18:48
SESS0004669,P00095,상품_상세조회,2026-07-01 16:42:56
SESS0004670,P00084,상품_상세조회,2026-06-11 16:08:20
SESS0004671,P00061,상품_상세조회,2026-07-01 20:22:45
SESS0004671,P00068,장바구니_담기,2026-07-01 20:25:09
SESS0004671,P00071,구매완료,2026-07-01 20:28:25
SESS0004672,P00014,상품_상세조회,2026-06-26 14:23:57
SESS0004672,P00147,상품_상세조회,2026-06-26 14:25:06
SESS0004672,P00054,상품_상세조회,2026-06-26 14:29:57
SESS0004673,P00007,상품_상세조회,2026-06-14 20:15:49
SESS0004675,P00122,상품_상세조회,2026-07-01 15:29:49
SESS0004675,P00129,상품_상세조회,2026-07-01 15:30:19
SESS0004676,P00045,상품_상세조회,2026-06-27 22:45:46
SESS0004677,P00106,상품_상세조회,2026-06-04 16:19:13
SESS0004678,P00042,상품_상세조회,2026-06-09 18:36:58
SESS0004678,P00036,상품_상세조회,2026-06-09 18:37:22
SESS0004679,P00107,상품_상세조회,2026-06-27 17:41:13
SESS0004681,P00114,상품_상세조회,2026-06-29 23:32:02
SESS0004681,P00113,상품_상세조회,2026-06-29 23:33:58
SESS0004681,P00114,상품_상세조회,2026-06-29 23:34:16
SESS0004681,P00107,상품_상세조회,2026-06-29 23:35:56
SESS0004681,P00116,장바구니_담기,2026-06-29 23:38:55
SESS0004682,P00064,상품_상세조회,2026-07-02 22:07:30
SESS0004682,P00062,찜하기,2026-07-02 22:08:08
SESS0004683,P00134,상품_상세조회,2026-06-30 15:17:23
SESS0004683,P00129,상품_상세조회,2026-06-30 15:19:28
SESS0004683,P00131,상품_상세조회,2026-06-30 15:22:12
SESS0004683,P00128,찜하기,2026-06-30 15:24:37
SESS0004683,P00133,장바구니_담기,2026-06-30 15:25:51
SESS0004684,P00016,상품_상세조회,2026-07-01 20:15:50
SESS0004685,P00080,상품_상세조회,2026-06-05 17:59:07
SESS0004685,P00088,찜하기,2026-06-05 17:59:27
SESS0004685,P00082,상품_상세조회,2026-06-05 18:00:37
SESS0004685,P00083,상품_상세조회,2026-06-05 18:01:57
SESS0004686,P00008,상품_상세조회,2026-06-05 16:52:40
SESS0004687,P00085,상품_상세조회,2026-06-09 21:57:04
SESS0004688,P00064,상품_상세조회,2026-06-11 18:34:19
SESS0004690,P00057,상품_상세조회,2026-06-06 22:43:26
SESS0004690,P00123,상품_상세조회,2026-06-06 22:48:45
SESS0004690,P00122,장바구니_담기,2026-06-06 22:51:13
SESS0004690,P00132,상품_상세조회,2026-06-06 22:54:01
SESS0004690,P00130,장바구니_담기,2026-06-06 22:55:10
SESS0004690,P00135,구매완료,2026-06-06 22:59:22
SESS0004691,P00161,상품_상세조회,2026-07-03 23:07:01
SESS0004693,P00082,상품_상세조회,2026-06-29 14:25:28
SESS0004693,P00083,상품_상세조회,2026-06-29 14:28:03
SESS0004693,P00089,찜하기,2026-06-29 14:30:44
SESS0004694,P00093,상품_상세조회,2026-06-20 23:28:18
SESS0004694,P00091,장바구니_담기,2026-06-20 23:29:34
SESS0004694,P00103,구매완료,2026-06-20 23:34:15
SESS0004695,P00012,상품_상세조회,2026-06-16 22:32:33
SESS0004696,P00145,상품_상세조회,2026-07-03 18:51:32
SESS0004696,P00140,찜하기,2026-07-03 18:53:07
SESS0004696,P00147,상품_상세조회,2026-07-03 18:54:30
SESS0004696,P00140,상품_상세조회,2026-07-03 18:56:18
SESS0004697,P00080,상품_상세조회,2026-06-18 20:25:04
SESS0004697,P00087,상품_상세조회,2026-06-18 20:29:26
SESS0004698,P00067,상품_상세조회,2026-06-10 23:23:23
SESS0004699,P00072,상품_상세조회,2026-07-01 19:44:49
SESS0004699,P00074,상품_상세조회,2026-07-01 19:45:31
SESS0004699,P00074,상품_상세조회,2026-07-01 19:47:34
SESS0004700,P00007,상품_상세조회,2026-06-24 20:46:53
SESS0004700,P00012,상품_상세조회,2026-06-24 20:47:54
SESS0004700,P00006,장바구니_담기,2026-06-24 20:50:27
SESS0004700,P00008,구매완료,2026-06-24 20:52:30
SESS0004701,P00091,상품_상세조회,2026-06-04 18:37:15
SESS0004702,P00148,상품_상세조회,2026-06-05 19:47:50
SESS0004703,P00138,상품_상세조회,2026-06-14 19:43:56
SESS0004703,P00141,장바구니_담기,2026-06-14 19:44:45
SESS0004703,P00144,상품_상세조회,2026-06-14 19:46:05
SESS0004703,P00148,상품_상세조회,2026-06-14 19:46:40
SESS0004703,P00141,상품_상세조회,2026-06-14 19:48:57
SESS0004704,P00006,상품_상세조회,2026-06-16 13:07:02
SESS0004704,P00009,장바구니_담기,2026-06-16 13:09:51
SESS0004704,P00004,상품_상세조회,2026-06-16 13:10:10
SESS0004705,P00090,상품_상세조회,2026-06-22 19:43:28
SESS0004705,P00076,찜하기,2026-06-22 19:44:58
SESS0004705,P00087,장바구니_담기,2026-06-22 19:45:49
SESS0004705,P00080,구매완료,2026-06-22 19:50:14
SESS0004706,P00067,상품_상세조회,2026-06-17 21:01:10
SESS0004706,P00074,상품_상세조회,2026-06-17 21:03:19
SESS0004706,P00068,장바구니_담기,2026-06-17 21:04:48
SESS0004707,P00151,상품_상세조회,2026-06-07 16:13:04
SESS0004707,P00156,상품_상세조회,2026-06-07 16:15:20
SESS0004707,P00153,상품_상세조회,2026-06-07 16:17:12
SESS0004708,P00012,상품_상세조회,2026-06-19 17:57:58
SESS0004709,P00055,상품_상세조회,2026-06-17 16:55:51
SESS0004710,P00082,상품_상세조회,2026-06-15 20:15:51
SESS0004710,P00082,상품_상세조회,2026-06-15 20:17:44
SESS0004710,P00117,상품_상세조회,2026-06-15 20:19:47
SESS0004710,P00006,상품_상세조회,2026-06-15 20:22:56
SESS0004711,P00159,상품_상세조회,2026-06-26 17:14:16
SESS0004712,P00006,상품_상세조회,2026-06-21 23:08:06
SESS0004712,P00015,장바구니_담기,2026-06-21 23:09:16
SESS0004712,P00009,상품_상세조회,2026-06-21 23:11:43
SESS0004712,P00004,장바구니_담기,2026-06-21 23:12:35
SESS0004712,P00008,상품_상세조회,2026-06-21 23:14:05
SESS0004712,P00009,상품_상세조회,2026-06-21 23:15:15
SESS0004713,P00142,상품_상세조회,2026-06-07 17:00:04
SESS0004713,P00145,찜하기,2026-06-07 17:01:04
SESS0004713,P00144,상품_상세조회,2026-06-07 17:02:08
SESS0004713,P00138,장바구니_담기,2026-06-07 17:05:05
SESS0004714,P00160,상품_상세조회,2026-06-08 21:16:06
SESS0004714,P00164,장바구니_담기,2026-06-08 21:16:25
SESS0004714,P00153,상품_상세조회,2026-06-08 21:17:22
SESS0004714,P00165,찜하기,2026-06-08 21:19:12
SESS0004714,P00163,상품_상세조회,2026-06-08 21:19:58
SESS0004715,P00087,상품_상세조회,2026-07-01 12:56:48
SESS0004715,P00076,장바구니_담기,2026-07-01 12:59:40
SESS0004715,P00086,구매완료,2026-07-01 13:03:39
SESS0004717,P00096,상품_상세조회,2026-06-04 14:15:58
SESS0004718,P00162,상품_상세조회,2026-06-13 17:42:31
SESS0004719,P00106,상품_상세조회,2026-06-17 22:12:00
SESS0004719,P00115,찜하기,2026-06-17 22:13:46
SESS0004721,P00117,상품_상세조회,2026-06-12 14:14:58
SESS0004721,P00108,장바구니_담기,2026-06-12 14:17:57
SESS0004721,P00106,구매완료,2026-06-12 14:19:12
SESS0004722,P00068,상품_상세조회,2026-06-08 15:21:29
SESS0004722,P00072,상품_상세조회,2026-06-08 15:22:59
SESS0004722,P00073,상품_상세조회,2026-06-08 15:25:13
SESS0004723,P00071,상품_상세조회,2026-06-20 20:35:05
SESS0004723,P00062,상품_상세조회,2026-06-20 20:37:13
SESS0004723,P00071,상품_상세조회,2026-06-20 20:38:58
SESS0004724,P00069,상품_상세조회,2026-06-20 17:52:04
SESS0004725,P00115,상품_상세조회,2026-07-01 20:34:45
SESS0004725,P00106,상품_상세조회,2026-07-01 20:36:56
SESS0004726,P00076,상품_상세조회,2026-06-25 21:26:13
SESS0004726,P00082,장바구니_담기,2026-06-25 21:28:45
SESS0004726,P00076,구매완료,2026-06-25 21:33:37
SESS0004727,P00133,상품_상세조회,2026-06-16 20:38:09
SESS0004727,P00133,장바구니_담기,2026-06-16 20:39:01
SESS0004727,P00130,구매완료,2026-06-16 20:42:30
SESS0004728,P00142,상품_상세조회,2026-06-20 17:12:00
SESS0004728,P00136,장바구니_담기,2026-06-20 17:12:54
SESS0004728,P00141,구매완료,2026-06-20 17:16:36
SESS0004729,P00162,상품_상세조회,2026-07-01 23:39:57
SESS0004729,P00152,찜하기,2026-07-01 23:40:59
SESS0004730,P00150,상품_상세조회,2026-06-20 20:08:30
SESS0004730,P00143,장바구니_담기,2026-06-20 20:10:10
SESS0004730,P00147,구매완료,2026-06-20 20:12:37
SESS0004731,P00140,상품_상세조회,2026-06-21 21:35:32
SESS0004731,P00143,상품_상세조회,2026-06-21 21:36:12
SESS0004731,P00147,찜하기,2026-06-21 21:37:59
SESS0004731,P00146,장바구니_담기,2026-06-21 21:40:58
SESS0004731,P00140,상품_상세조회,2026-06-21 21:42:07
SESS0004731,P00144,상품_상세조회,2026-06-21 21:44:13
SESS0004732,P00012,상품_상세조회,2026-06-05 20:18:25
SESS0004732,P00011,상품_상세조회,2026-06-05 20:21:17
SESS0004732,P00001,장바구니_담기,2026-06-05 20:21:49
SESS0004732,P00002,상품_상세조회,2026-06-05 20:22:54
SESS0004732,P00012,장바구니_담기,2026-06-05 20:25:15
SESS0004732,P00013,구매완료,2026-06-05 20:27:19
SESS0004733,P00140,상품_상세조회,2026-06-15 14:29:12
SESS0004733,P00149,상품_상세조회,2026-06-15 14:30:31
SESS0004734,P00068,상품_상세조회,2026-06-28 17:49:59
SESS0004734,P00071,상품_상세조회,2026-06-28 17:51:03
SESS0004735,P00139,상품_상세조회,2026-07-03 12:28:56
SESS0004735,P00150,찜하기,2026-07-03 12:30:47
SESS0004735,P00137,상품_상세조회,2026-07-03 12:32:08
SESS0004735,P00143,상품_상세조회,2026-07-03 12:32:32
SESS0004735,P00100,상품_상세조회,2026-07-03 12:36:30
SESS0004735,P00102,상품_상세조회,2026-07-03 12:37:52
SESS0004735,P00002,상품_상세조회,2026-07-03 12:39:31
SESS0004735,P00011,장바구니_담기,2026-07-03 12:41:29
SESS0004736,P00168,상품_상세조회,2026-06-11 17:11:37
SESS0004738,P00070,상품_상세조회,2026-07-03 18:04:41
SESS0004739,P00051,상품_상세조회,2026-06-23 18:23:19
SESS0004741,P00001,상품_상세조회,2026-07-01 18:43:09
SESS0004743,P00069,상품_상세조회,2026-06-14 20:51:53
SESS0004744,P00156,상품_상세조회,2026-06-11 17:40:20
SESS0004744,P00155,찜하기,2026-06-11 17:41:17
SESS0004744,P00161,상품_상세조회,2026-06-11 17:43:29
SESS0004744,P00155,장바구니_담기,2026-06-11 17:45:56
SESS0004744,P00159,구매완료,2026-06-11 17:49:54
SESS0004745,P00116,상품_상세조회,2026-06-09 19:17:32
SESS0004745,P00115,장바구니_담기,2026-06-09 19:18:36
SESS0004745,P00112,구매완료,2026-06-09 19:19:54
SESS0004746,P00013,상품_상세조회,2026-06-26 19:55:48
SESS0004747,P00141,상품_상세조회,2026-06-08 18:55:46
SESS0004747,P00150,찜하기,2026-06-08 18:56:52
SESS0004747,P00143,상품_상세조회,2026-06-08 18:59:08
SESS0004747,P00147,찜하기,2026-06-08 19:00:15
SESS0004747,P00142,상품_상세조회,2026-06-08 19:01:58
SESS0004747,P00140,상품_상세조회,2026-06-08 19:04:28
SESS0004747,P00145,장바구니_담기,2026-06-08 19:05:09
SESS0004748,P00091,상품_상세조회,2026-06-25 14:11:58
SESS0004748,P00096,장바구니_담기,2026-06-25 14:12:34
SESS0004748,P00103,구매완료,2026-06-25 14:16:12
SESS0004749,P00002,상품_상세조회,2026-06-17 15:05:31
SESS0004750,P00004,상품_상세조회,2026-06-21 20:28:18
SESS0004751,P00089,상품_상세조회,2026-06-04 22:57:11
SESS0004752,P00083,상품_상세조회,2026-06-13 21:24:44
SESS0004752,P00077,상품_상세조회,2026-06-13 21:25:06
SESS0004752,P00078,상품_상세조회,2026-06-13 21:27:52
SESS0004753,P00147,상품_상세조회,2026-06-22 19:21:10
SESS0004753,P00149,상품_상세조회,2026-06-22 19:23:54
SESS0004754,P00033,상품_상세조회,2026-06-19 23:48:23
SESS0004754,P00040,장바구니_담기,2026-06-19 23:49:48
SESS0004754,P00032,구매완료,2026-06-19 23:52:17
SESS0004755,P00142,상품_상세조회,2026-06-21 17:19:19
SESS0004755,P00142,상품_상세조회,2026-06-21 17:21:00
SESS0004755,P00142,상품_상세조회,2026-06-21 17:22:51
SESS0004755,P00140,장바구니_담기,2026-06-21 17:24:51
SESS0004755,P00142,구매완료,2026-06-21 17:28:04
SESS0004756,P00125,상품_상세조회,2026-06-22 22:22:40
SESS0004758,P00131,상품_상세조회,2026-06-24 22:52:54
SESS0004758,P00043,상품_상세조회,2026-06-24 22:55:12
SESS0004759,P00012,상품_상세조회,2026-06-15 20:48:06
SESS0004759,P00008,상품_상세조회,2026-06-15 20:49:19
SESS0004760,P00061,상품_상세조회,2026-06-26 19:18:04
SESS0004761,P00160,상품_상세조회,2026-06-28 19:34:41
SESS0004761,P00158,장바구니_담기,2026-06-28 19:35:55
SESS0004761,P00159,상품_상세조회,2026-06-28 19:36:28
SESS0004761,P00154,장바구니_담기,2026-06-28 19:37:11
SESS0004762,P00141,상품_상세조회,2026-06-08 20:45:36
SESS0004763,P00009,상품_상세조회,2026-06-18 14:43:16
SESS0004763,P00005,장바구니_담기,2026-06-18 14:46:04
SESS0004763,P00009,구매완료,2026-06-18 14:49:59
SESS0004764,P00071,상품_상세조회,2026-06-12 18:18:05
SESS0004764,P00137,상품_상세조회,2026-06-12 18:21:22
SESS0004764,P00004,상품_상세조회,2026-06-12 18:23:39
SESS0004765,P00066,상품_상세조회,2026-06-20 20:10:21
SESS0004765,P00066,찜하기,2026-06-20 20:12:13
SESS0004765,P00065,장바구니_담기,2026-06-20 20:12:49
SESS0004766,P00078,상품_상세조회,2026-06-23 19:30:15
SESS0004766,P00082,상품_상세조회,2026-06-23 19:33:09
SESS0004767,P00095,상품_상세조회,2026-06-21 19:49:18
SESS0004771,P00059,상품_상세조회,2026-06-26 20:42:23
SESS0004771,P00122,상품_상세조회,2026-06-26 20:46:19
SESS0004771,P00075,상품_상세조회,2026-06-26 20:47:51
SESS0004771,P00133,상품_상세조회,2026-06-26 20:49:47
SESS0004771,P00127,찜하기,2026-06-26 20:51:57
SESS0004771,P00133,상품_상세조회,2026-06-26 20:54:14
SESS0004772,P00056,상품_상세조회,2026-06-30 22:34:48
SESS0004772,P00051,찜하기,2026-06-30 22:37:41
SESS0004773,P00117,상품_상세조회,2026-06-13 23:28:26
SESS0004774,P00157,상품_상세조회,2026-06-30 17:56:15
SESS0004774,P00162,상품_상세조회,2026-06-30 17:58:47
SESS0004774,P00155,장바구니_담기,2026-06-30 18:01:18
SESS0004774,P00155,상품_상세조회,2026-06-30 18:02:13
SESS0004775,P00043,상품_상세조회,2026-06-11 19:26:38
SESS0004776,P00008,상품_상세조회,2026-06-29 22:31:55
SESS0004776,P00004,찜하기,2026-06-29 22:33:13
SESS0004776,P00007,장바구니_담기,2026-06-29 22:36:09
SESS0004776,P00011,구매완료,2026-06-29 22:39:41
SESS0004777,P00118,상품_상세조회,2026-06-09 22:07:13
SESS0004778,P00007,상품_상세조회,2026-06-23 18:51:17
SESS0004778,P00015,상품_상세조회,2026-06-23 18:52:06
SESS0004778,P00108,상품_상세조회,2026-06-23 18:54:07
SESS0004778,P00108,장바구니_담기,2026-06-23 18:56:41
SESS0004778,P00113,구매완료,2026-06-23 18:57:38
SESS0004779,P00118,상품_상세조회,2026-06-15 22:09:37
SESS0004780,P00106,상품_상세조회,2026-06-11 18:56:23
SESS0004781,P00088,상품_상세조회,2026-06-20 16:22:53
SESS0004782,P00107,상품_상세조회,2026-06-09 21:24:50
SESS0004782,P00120,상품_상세조회,2026-06-09 21:27:05
SESS0004782,P00111,찜하기,2026-06-09 21:28:35
SESS0004782,P00117,상품_상세조회,2026-06-09 21:29:34
SESS0004782,P00114,상품_상세조회,2026-06-09 21:31:40
SESS0004782,P00106,장바구니_담기,2026-06-09 21:34:03
SESS0004782,P00113,구매완료,2026-06-09 21:35:42
SESS0004783,P00116,상품_상세조회,2026-06-22 16:50:29
SESS0004785,P00127,상품_상세조회,2026-06-18 23:19:20
SESS0004786,P00147,상품_상세조회,2026-06-21 22:58:31
SESS0004786,P00150,찜하기,2026-06-21 22:59:35
SESS0004786,P00143,장바구니_담기,2026-06-21 23:00:51
SESS0004786,P00148,상품_상세조회,2026-06-21 23:02:44
SESS0004786,P00147,장바구니_담기,2026-06-21 23:04:04
SESS0004786,P00147,상품_상세조회,2026-06-21 23:05:49
SESS0004787,P00164,상품_상세조회,2026-06-28 23:24:51
SESS0004787,P00154,상품_상세조회,2026-06-28 23:26:38
SESS0004787,P00159,상품_상세조회,2026-06-28 23:26:57
SESS0004787,P00154,찜하기,2026-06-28 23:29:20
SESS0004788,P00092,상품_상세조회,2026-06-26 23:01:29
SESS0004788,P00092,장바구니_담기,2026-06-26 23:03:14
SESS0004788,P00103,구매완료,2026-06-26 23:09:06
SESS0004789,P00028,상품_상세조회,2026-06-29 18:21:35
SESS0004790,P00027,상품_상세조회,2026-07-02 23:27:35
SESS0004790,P00030,상품_상세조회,2026-07-02 23:28:30
SESS0004790,P00022,상품_상세조회,2026-07-02 23:30:11
SESS0004790,P00021,장바구니_담기,2026-07-02 23:32:02
SESS0004790,P00028,구매완료,2026-07-02 23:36:23
SESS0004791,P00015,상품_상세조회,2026-06-13 22:40:32
SESS0004791,P00002,상품_상세조회,2026-06-13 22:42:49
SESS0004792,P00014,상품_상세조회,2026-06-21 23:21:03
SESS0004793,P00111,상품_상세조회,2026-06-06 19:23:52
SESS0004793,P00113,상품_상세조회,2026-06-06 19:24:36
SESS0004793,P00111,장바구니_담기,2026-06-06 19:27:07
SESS0004794,P00124,상품_상세조회,2026-06-15 17:28:22
SESS0004794,P00128,상품_상세조회,2026-06-15 17:31:47
SESS0004794,P00126,상품_상세조회,2026-06-15 17:33:06
SESS0004797,P00125,상품_상세조회,2026-06-26 20:11:50
SESS0004797,P00123,상품_상세조회,2026-06-26 20:13:35
SESS0004797,P00130,상품_상세조회,2026-06-26 20:14:15
SESS0004797,P00121,찜하기,2026-06-26 20:17:03
SESS0004797,P00127,장바구니_담기,2026-06-26 20:19:48
SESS0004797,P00130,구매완료,2026-06-26 20:22:54
SESS0004798,P00012,상품_상세조회,2026-06-29 23:26:53
SESS0004798,P00007,찜하기,2026-06-29 23:29:51
SESS0004798,P00013,상품_상세조회,2026-06-29 23:32:48
SESS0004798,P00002,장바구니_담기,2026-06-29 23:35:42
SESS0004798,P00001,상품_상세조회,2026-06-29 23:36:58
SESS0004799,P00010,상품_상세조회,2026-06-24 21:47:16
SESS0004799,P00004,상품_상세조회,2026-06-24 21:48:44
SESS0004799,P00012,상품_상세조회,2026-06-24 21:49:37
SESS0004799,P00006,상품_상세조회,2026-06-24 21:51:01
SESS0004799,P00153,상품_상세조회,2026-06-24 21:54:46
SESS0004799,P00153,상품_상세조회,2026-06-24 21:55:16
SESS0004800,P00078,상품_상세조회,2026-06-08 23:25:22
SESS0004801,P00155,상품_상세조회,2026-06-13 20:08:50
SESS0004801,P00158,장바구니_담기,2026-06-13 20:09:51
SESS0004801,P00162,구매완료,2026-06-13 20:11:58
SESS0004802,P00123,상품_상세조회,2026-06-07 17:55:48
SESS0004803,P00075,상품_상세조회,2026-06-15 16:02:10
SESS0004803,P00067,상품_상세조회,2026-06-15 16:04:57
SESS0004803,P00073,장바구니_담기,2026-06-15 16:06:18
SESS0004803,P00074,구매완료,2026-06-15 16:08:48
SESS0004804,P00070,상품_상세조회,2026-06-12 18:00:53
SESS0004804,P00066,찜하기,2026-06-12 18:02:23
SESS0004804,P00071,상품_상세조회,2026-06-12 18:03:43
SESS0004804,P00073,찜하기,2026-06-12 18:05:24
SESS0004804,P00064,상품_상세조회,2026-06-12 18:06:19
SESS0004804,P00066,찜하기,2026-06-12 18:08:30
SESS0004804,P00073,상품_상세조회,2026-06-12 18:10:11
SESS0004805,P00109,상품_상세조회,2026-06-08 20:37:17
SESS0004805,P00080,상품_상세조회,2026-06-08 20:39:36
SESS0004805,P00081,상품_상세조회,2026-06-08 20:41:45
SESS0004805,P00078,상품_상세조회,2026-06-08 20:43:28
SESS0004805,P00172,상품_상세조회,2026-06-08 20:47:40
SESS0004806,P00066,상품_상세조회,2026-06-14 21:38:22
SESS0004806,P00073,찜하기,2026-06-14 21:40:17
SESS0004806,P00061,장바구니_담기,2026-06-14 21:41:55
SESS0004806,P00071,상품_상세조회,2026-06-14 21:43:35
SESS0004807,P00041,상품_상세조회,2026-07-02 17:29:44
SESS0004808,P00045,상품_상세조회,2026-06-23 23:44:31
SESS0004809,P00138,상품_상세조회,2026-06-10 18:18:12
SESS0004809,P00143,장바구니_담기,2026-06-10 18:20:20
SESS0004809,P00136,구매완료,2026-06-10 18:22:57
SESS0004810,P00056,상품_상세조회,2026-06-09 19:45:15
SESS0004810,P00133,상품_상세조회,2026-06-09 19:47:55
SESS0004810,P00031,상품_상세조회,2026-06-09 19:51:02
SESS0004810,P00040,상품_상세조회,2026-06-09 19:52:03
SESS0004811,P00159,상품_상세조회,2026-06-08 23:15:40
SESS0004811,P00155,상품_상세조회,2026-06-08 23:18:21
SESS0004811,P00165,장바구니_담기,2026-06-08 23:20:09
SESS0004811,P00158,구매완료,2026-06-08 23:23:54
SESS0004812,P00121,상품_상세조회,2026-06-07 19:34:22
SESS0004813,P00124,상품_상세조회,2026-06-26 19:42:02
SESS0004814,P00056,상품_상세조회,2026-06-16 19:25:59
SESS0004816,P00061,상품_상세조회,2026-06-06 23:53:18
SESS0004816,P00075,상품_상세조회,2026-06-06 23:55:55
SESS0004817,P00068,상품_상세조회,2026-06-22 21:32:31
SESS0004817,P00071,상품_상세조회,2026-06-22 21:32:50
SESS0004817,P00065,상품_상세조회,2026-06-22 21:35:45
SESS0004817,P00067,장바구니_담기,2026-06-22 21:36:53
SESS0004817,P00061,구매완료,2026-06-22 21:39:41
SESS0004818,P00002,상품_상세조회,2026-06-10 17:26:44
SESS0004819,P00108,상품_상세조회,2026-06-26 16:05:12
SESS0004819,P00109,상품_상세조회,2026-06-26 16:05:57
SESS0004820,P00095,상품_상세조회,2026-06-20 19:52:13
SESS0004821,P00013,상품_상세조회,2026-06-28 19:00:17
SESS0004821,P00009,상품_상세조회,2026-06-28 19:00:54
SESS0004823,P00092,상품_상세조회,2026-06-06 16:24:29
SESS0004823,P00100,장바구니_담기,2026-06-06 16:27:22
SESS0004823,P00093,구매완료,2026-06-06 16:30:46
SESS0004824,P00136,상품_상세조회,2026-06-13 22:05:03
SESS0004825,P00026,상품_상세조회,2026-06-10 16:33:44
SESS0004825,P00078,상품_상세조회,2026-06-10 16:36:26
SESS0004825,P00079,찜하기,2026-06-10 16:38:54
SESS0004826,P00143,상품_상세조회,2026-06-07 20:45:02
SESS0004827,P00132,상품_상세조회,2026-06-10 23:14:46
SESS0004827,P00121,장바구니_담기,2026-06-10 23:17:37
SESS0004827,P00132,구매완료,2026-06-10 23:19:45
SESS0004828,P00084,상품_상세조회,2026-07-01 19:28:58
SESS0004828,P00084,상품_상세조회,2026-07-01 19:30:53
SESS0004828,P00078,상품_상세조회,2026-07-01 19:31:28
SESS0004828,P00086,장바구니_담기,2026-07-01 19:33:53
SESS0004828,P00089,구매완료,2026-07-01 19:35:59
SESS0004829,P00088,상품_상세조회,2026-06-29 22:01:36
SESS0004829,P00084,상품_상세조회,2026-06-29 22:02:29
SESS0004830,P00132,상품_상세조회,2026-06-26 12:18:51
SESS0004830,P00132,장바구니_담기,2026-06-26 12:21:24
SESS0004831,P00008,상품_상세조회,2026-06-22 16:33:14
SESS0004832,P00137,상품_상세조회,2026-06-30 17:25:28
SESS0004832,P00138,장바구니_담기,2026-06-30 17:26:40
SESS0004833,P00069,상품_상세조회,2026-06-25 12:16:42
SESS0004835,P00070,상품_상세조회,2026-06-13 20:04:00
SESS0004835,P00066,상품_상세조회,2026-06-13 20:04:16
SESS0004837,P00150,상품_상세조회,2026-06-10 16:20:10
SESS0004837,P00127,상품_상세조회,2026-06-10 16:22:58
SESS0004837,P00121,찜하기,2026-06-10 16:23:53
SESS0004837,P00134,상품_상세조회,2026-06-10 16:24:51
SESS0004837,P00126,상품_상세조회,2026-06-10 16:26:19
SESS0004837,P00124,장바구니_담기,2026-06-10 16:28:30
SESS0004837,P00135,구매완료,2026-06-10 16:31:52
SESS0004838,P00062,상품_상세조회,2026-07-01 18:35:43
SESS0004839,P00110,상품_상세조회,2026-06-19 20:02:27
SESS0004839,P00006,상품_상세조회,2026-06-19 20:07:51
SESS0004839,P00001,상품_상세조회,2026-06-19 20:10:46
SESS0004840,P00003,상품_상세조회,2026-06-05 22:19:37
SESS0004840,P00003,상품_상세조회,2026-06-05 22:20:50
SESS0004840,P00002,찜하기,2026-06-05 22:21:48
SESS0004840,P00012,장바구니_담기,2026-06-05 22:24:25
SESS0004840,P00011,구매완료,2026-06-05 22:27:09
SESS0004841,P00102,상품_상세조회,2026-06-04 20:16:43
SESS0004841,P00096,상품_상세조회,2026-06-04 20:19:35
SESS0004843,P00071,상품_상세조회,2026-06-22 16:49:06
SESS0004843,P00072,장바구니_담기,2026-06-22 16:51:31
SESS0004844,P00112,상품_상세조회,2026-06-25 16:27:07
SESS0004844,P00115,상품_상세조회,2026-06-25 16:28:02
SESS0004845,P00068,상품_상세조회,2026-06-25 21:50:20
SESS0004845,P00073,장바구니_담기,2026-06-25 21:51:49
SESS0004846,P00068,상품_상세조회,2026-06-22 20:28:12
SESS0004847,P00101,상품_상세조회,2026-06-23 21:57:27
SESS0004847,P00091,상품_상세조회,2026-06-23 21:59:23
SESS0004847,P00102,상품_상세조회,2026-06-23 22:00:38
SESS0004848,P00028,상품_상세조회,2026-06-04 20:53:26
SESS0004848,P00019,상품_상세조회,2026-06-04 20:55:15
SESS0004848,P00016,상품_상세조회,2026-06-04 20:58:11
SESS0004849,P00150,상품_상세조회,2026-06-30 17:04:12
SESS0004849,P00105,상품_상세조회,2026-06-30 17:08:52
SESS0004849,P00097,상품_상세조회,2026-06-30 17:11:20
SESS0004849,P00100,상품_상세조회,2026-06-30 17:13:21
SESS0004851,P00123,상품_상세조회,2026-06-07 16:40:38
SESS0004852,P00101,상품_상세조회,2026-06-15 16:39:29
SESS0004853,P00061,상품_상세조회,2026-06-15 16:01:43
SESS0004853,P00063,상품_상세조회,2026-06-15 16:04:35
SESS0004853,P00096,상품_상세조회,2026-06-15 16:08:43
SESS0004854,P00006,상품_상세조회,2026-06-21 17:01:04
SESS0004854,P00008,상품_상세조회,2026-06-21 17:03:04
SESS0004855,P00155,상품_상세조회,2026-06-20 18:58:22
SESS0004857,P00068,상품_상세조회,2026-06-07 15:08:33
SESS0004858,P00019,상품_상세조회,2026-06-26 22:16:38
SESS0004858,P00019,찜하기,2026-06-26 22:17:20
SESS0004858,P00022,상품_상세조회,2026-06-26 22:18:44
SESS0004859,P00079,상품_상세조회,2026-06-09 17:01:25
SESS0004859,P00069,상품_상세조회,2026-06-09 17:06:58
SESS0004859,P00065,찜하기,2026-06-09 17:09:55
SESS0004859,P00066,상품_상세조회,2026-06-09 17:10:34
SESS0004859,P00068,장바구니_담기,2026-06-09 17:13:07
SESS0004860,P00076,상품_상세조회,2026-07-01 23:10:03
SESS0004860,P00086,상품_상세조회,2026-07-01 23:10:45
SESS0004860,P00084,상품_상세조회,2026-07-01 23:11:37
SESS0004860,P00085,찜하기,2026-07-01 23:11:55
SESS0004861,P00167,상품_상세조회,2026-06-24 20:37:01
SESS0004861,P00167,상품_상세조회,2026-06-24 20:38:15
SESS0004861,P00115,상품_상세조회,2026-06-24 20:39:27
SESS0004862,P00154,상품_상세조회,2026-06-09 14:34:07
SESS0004862,P00152,장바구니_담기,2026-06-09 14:36:27
SESS0004862,P00164,구매완료,2026-06-09 14:38:38
SESS0004863,P00030,상품_상세조회,2026-06-08 16:29:10
SESS0004863,P00112,상품_상세조회,2026-06-08 16:30:32
SESS0004864,P00096,상품_상세조회,2026-06-04 18:36:33
SESS0004864,P00103,장바구니_담기,2026-06-04 18:39:25
SESS0004864,P00091,구매완료,2026-06-04 18:44:30
SESS0004866,P00019,상품_상세조회,2026-06-07 21:32:19
SESS0004866,P00026,상품_상세조회,2026-06-07 21:32:35
SESS0004866,P00030,찜하기,2026-06-07 21:33:21
SESS0004866,P00026,장바구니_담기,2026-06-07 21:35:01
SESS0004867,P00092,상품_상세조회,2026-06-25 18:11:37
SESS0004867,P00100,장바구니_담기,2026-06-25 18:12:38
SESS0004868,P00094,상품_상세조회,2026-06-08 17:48:02
SESS0004868,P00022,상품_상세조회,2026-06-08 17:51:55
SESS0004868,P00016,상품_상세조회,2026-06-08 17:52:21
SESS0004868,P00020,상품_상세조회,2026-06-08 17:55:07
SESS0004868,P00026,상품_상세조회,2026-06-08 17:57:52
SESS0004869,P00076,상품_상세조회,2026-06-18 17:55:31
SESS0004870,P00066,상품_상세조회,2026-06-24 17:09:05
SESS0004871,P00089,상품_상세조회,2026-06-08 17:25:48
SESS0004871,P00078,상품_상세조회,2026-06-08 17:27:49
SESS0004871,P00102,상품_상세조회,2026-06-08 17:30:15
SESS0004871,P00101,상품_상세조회,2026-06-08 17:30:30
SESS0004871,P00097,상품_상세조회,2026-06-08 17:31:53
SESS0004871,P00093,상품_상세조회,2026-06-08 17:32:20
SESS0004871,P00103,상품_상세조회,2026-06-08 17:35:16
SESS0004872,P00148,상품_상세조회,2026-06-10 21:24:37
SESS0004872,P00142,상품_상세조회,2026-06-10 21:27:31
SESS0004872,P00149,장바구니_담기,2026-06-10 21:28:08
SESS0004872,P00150,구매완료,2026-06-10 21:31:13
SESS0004873,P00071,상품_상세조회,2026-06-15 23:32:26
SESS0004874,P00090,상품_상세조회,2026-06-13 23:24:27
SESS0004876,P00072,상품_상세조회,2026-06-11 18:31:19
SESS0004877,P00144,상품_상세조회,2026-06-09 20:03:33
SESS0004877,P00140,찜하기,2026-06-09 20:05:29
SESS0004878,P00150,상품_상세조회,2026-07-02 17:08:22
SESS0004878,P00138,찜하기,2026-07-02 17:09:52
SESS0004878,P00136,장바구니_담기,2026-07-02 17:10:27
SESS0004878,P00148,구매완료,2026-07-02 17:12:44
SESS0004880,P00113,상품_상세조회,2026-06-25 23:16:23
SESS0004880,P00108,찜하기,2026-06-25 23:18:04
SESS0004880,P00113,상품_상세조회,2026-06-25 23:20:49
SESS0004880,P00108,찜하기,2026-06-25 23:23:03
SESS0004880,P00120,장바구니_담기,2026-06-25 23:24:16
SESS0004880,P00109,구매완료,2026-06-25 23:28:22
SESS0004881,P00050,상품_상세조회,2026-06-07 22:52:11
SESS0004881,P00056,찜하기,2026-06-07 22:53:52
SESS0004882,P00119,상품_상세조회,2026-06-09 23:44:40
SESS0004882,P00107,장바구니_담기,2026-06-09 23:46:03
SESS0004883,P00005,상품_상세조회,2026-07-02 23:08:07
SESS0004884,P00118,상품_상세조회,2026-06-07 18:24:30
SESS0004884,P00114,장바구니_담기,2026-06-07 18:26:37
SESS0004884,P00111,구매완료,2026-06-07 18:28:19
SESS0004885,P00118,상품_상세조회,2026-06-20 17:05:10
SESS0004885,P00119,장바구니_담기,2026-06-20 17:08:05
SESS0004885,P00106,상품_상세조회,2026-06-20 17:10:38
SESS0004886,P00163,상품_상세조회,2026-06-04 14:31:47
SESS0004887,P00107,상품_상세조회,2026-06-05 17:44:33
SESS0004888,P00098,상품_상세조회,2026-06-11 21:03:04
SESS0004888,P00093,상품_상세조회,2026-06-11 21:03:31
SESS0004889,P00001,상품_상세조회,2026-06-08 22:19:29
SESS0004889,P00177,상품_상세조회,2026-06-08 22:24:37
SESS0004889,P00177,장바구니_담기,2026-06-08 22:26:31
SESS0004889,P00177,상품_상세조회,2026-06-08 22:27:32
SESS0004889,P00173,상품_상세조회,2026-06-08 22:30:16
SESS0004889,P00171,장바구니_담기,2026-06-08 22:32:17
SESS0004889,P00173,상품_상세조회,2026-06-08 22:33:49
SESS0004890,P00149,상품_상세조회,2026-07-02 16:21:33
SESS0004891,P00053,상품_상세조회,2026-06-17 22:54:44
SESS0004891,P00046,상품_상세조회,2026-06-17 22:55:48
SESS0004892,P00005,상품_상세조회,2026-06-08 17:13:41
SESS0004893,P00012,상품_상세조회,2026-06-06 22:21:58
SESS0004893,P00005,찜하기,2026-06-06 22:23:07
SESS0004894,P00008,상품_상세조회,2026-06-25 20:40:36
SESS0004895,P00127,상품_상세조회,2026-06-17 17:01:30
SESS0004895,P00125,상품_상세조회,2026-06-17 17:02:28
SESS0004895,P00129,장바구니_담기,2026-06-17 17:04:27
SESS0004895,P00132,구매완료,2026-06-17 17:07:33
SESS0004896,P00110,상품_상세조회,2026-07-02 16:34:33
SESS0004897,P00110,상품_상세조회,2026-06-18 20:40:19
SESS0004897,P00113,장바구니_담기,2026-06-18 20:43:08
SESS0004897,P00110,상품_상세조회,2026-06-18 20:44:23
SESS0004897,P00107,찜하기,2026-06-18 20:45:20
SESS0004897,P00115,장바구니_담기,2026-06-18 20:47:37
SESS0004898,P00099,상품_상세조회,2026-06-20 20:02:48
SESS0004898,P00092,상품_상세조회,2026-06-20 20:03:29
SESS0004898,P00096,상품_상세조회,2026-06-20 20:04:00
SESS0004898,P00071,상품_상세조회,2026-06-20 20:14:35
SESS0004898,P00075,상품_상세조회,2026-06-20 20:14:51
SESS0004899,P00003,상품_상세조회,2026-06-29 15:10:11
SESS0004899,P00011,장바구니_담기,2026-06-29 15:11:27
SESS0004900,P00075,상품_상세조회,2026-06-17 18:15:06
SESS0004901,P00019,상품_상세조회,2026-06-07 19:26:18
SESS0004901,P00030,찜하기,2026-06-07 19:27:00
SESS0004901,P00026,상품_상세조회,2026-06-07 19:27:45
SESS0004901,P00028,장바구니_담기,2026-06-07 19:30:03
SESS0004901,P00030,구매완료,2026-06-07 19:33:28
SESS0004902,P00079,상품_상세조회,2026-07-01 19:25:18
SESS0004902,P00083,찜하기,2026-07-01 19:28:15
SESS0004903,P00111,상품_상세조회,2026-06-24 20:14:05
SESS0004904,P00004,상품_상세조회,2026-06-28 19:23:57
SESS0004904,P00006,상품_상세조회,2026-06-28 19:25:58
SESS0004906,P00003,상품_상세조회,2026-07-02 16:48:59
